2009.08.24,00:00,5494.5,5526.0,5471.0,5486.5,6810
2009.08.25,00:00,5467.0,5578.0,5460.5,5556.5,18729
2009.08.26,00:00,5550.5,5574.0,5500.5,5527.5,45079
2009.08.27,00:00,5514.0,5543.5,5428.0,5472.0,54918
2009.08.28,00:00,5506.0,5555.0,5499.5,5516.0,50918
2009.08.31,00:00,5463.5,5485.0,5433.5,5465.0,27906
2009.09.01,00:00,5477.0,5479.5,5299.0,5309.5,54168
2009.09.02,00:00,5325.5,5340.5,5268.5,5291.0,65524
2009.09.03,00:00,5309.0,5367.0,5273.0,5326.0,47208
2009.09.04,00:00,5323.0,5420.8,5321.5,5417.5,56126
2009.09.07,00:00,5364.8,5469.0,5364.8,5449.5,20061
2009.09.08,00:00,5469.0,5493.5,5451.0,5477.8,40719
2009.09.09,00:00,5458.0,5582.0,5446.0,5569.3,55251
2009.09.10,00:00,5588.5,5625.0,5548.0,5588.3,54973
2009.09.11,00:00,5607.0,5649.5,5603.5,5620.3,45203
2009.09.14,00:00,5620.0,5639.5,5549.5,5614.3,48394
2009.09.15,00:00,5622.0,5645.5,5586.5,5616.8,52612
2009.09.16,00:00,5646.0,5725.0,5637.5,5690.3,61585
2009.09.17,00:00,5731.0,5746.0,5703.5,5735.3,78018
2009.09.18,00:00,5721.3,5747.0,5698.5,5714.3,64191
2009.09.21,00:00,5705.8,5709.3,5613.0,5670.8,41909
2009.09.22,00:00,5700.3,5750.3,5688.0,5704.8,32651
2009.09.23,00:00,5713.8,5752.8,5667.5,5692.3,38104
2009.09.24,00:00,5672.3,5740.3,5581.5,5609.8,59004
2009.09.25,00:00,5618.8,5626.3,5556.5,5585.8,46063
2009.09.28,00:00,5562.3,5750.3,5550.0,5718.3,52026
2009.09.29,00:00,5727.3,5755.3,5686.5,5715.8,42383
2009.09.30,00:00,5711.8,5742.8,5615.0,5670.8,45693
2009.10.01,00:00,5675.3,5725.3,5528.3,5555.8,52184
2009.10.02,00:00,5511.3,5534.3,5439.5,5480.3,52925
2009.10.05,00:00,5466.8,5545.3,5438.5,5504.8,44878
2009.10.06,00:00,5516.3,5661.3,5515.0,5647.8,46180
2009.10.07,00:00,5636.3,5691.3,5624.0,5649.8,42626
2009.10.08,00:00,5655.3,5728.8,5655.3,5708.8,43459
2009.10.09,00:00,5709.8,5747.3,5672.0,5725.8,38420
2009.10.12,00:00,5729.3,5814.8,5729.3,5776.3,31470
2009.10.13,00:00,5763.3,5788.3,5693.5,5718.3,38371
2009.10.14,00:00,5739.8,5863.8,5739.8,5843.3,40231
2009.10.15,00:00,5858.0,5869.3,5805.0,5832.8,38228
2009.10.16,00:00,5861.3,5886.3,5728.5,5758.3,46219
2009.10.19,00:00,5765.5,5857.3,5758.5,5837.8,29956
2009.10.20,00:00,5853.8,5889.3,5781.5,5815.3,45770
2009.10.21,00:00,5824.3,5858.0,5735.5,5836.3,50084
2009.10.22,00:00,5768.8,5819.8,5710.3,5770.8,49517
2009.10.23,00:00,5828.3,5848.3,5723.5,5747.3,43900
2009.10.26,00:00,5743.8,5800.0,5622.0,5640.8,21044
2009.10.27,00:00,5652.0,5673.3,5597.0,5636.8,43823
2009.10.28,00:00,5617.0,5628.3,5458.0,5508.3,51229
2009.10.29,00:00,5462.3,5612.3,5459.0,5589.8,43873
2009.10.30,00:00,5596.0,5599.8,5379.0,5388.8,52746
2009.11.02,00:00,5390.8,5472.3,5333.0,5421.8,61356
2009.11.03,00:00,5394.8,5394.8,5312.5,5364.8,55588
2009.11.04,00:00,5381.3,5470.8,5378.8,5443.8,49829
2009.11.05,00:00,5379.0,5512.8,5354.3,5486.8,49059
2009.11.06,00:00,5478.8,5526.8,5407.0,5485.3,55905
2009.11.09,00:00,5524.8,5653.8,5524.8,5616.3,36141
2009.11.10,00:00,5631.3,5650.3,5593.0,5615.3,36242
2009.11.11,00:00,5653.0,5704.8,5642.0,5665.8,38707
2009.11.12,00:00,5650.8,5726.8,5631.5,5669.3,46027
2009.11.13,00:00,5667.5,5699.8,5612.5,5686.3,37364
2009.11.16,00:00,5691.3,5812.3,5691.3,5798.8,31977
2009.11.17,00:00,5783.3,5808.3,5759.0,5778.8,30817
2009.11.18,00:00,5805.8,5843.8,5768.0,5794.8,30668
2009.11.19,00:00,5796.3,5796.3,5686.0,5709.8,38723
2009.11.20,00:00,5729.3,5742.8,5633.8,5660.3,36280
2009.11.23,00:00,5707.3,5823.3,5707.0,5792.8,31395
2009.11.24,00:00,5755.3,5815.3,5743.5,5772.3,36324
2009.11.25,00:00,5826.0,5832.0,5750.5,5799.3,35489
2009.11.26,00:00,5771.0,5774.3,5592.0,5625.8,40553
2009.11.27,00:00,5557.0,5718.8,5505.5,5691.3,59372
2009.11.30,00:00,5690.3,5719.8,5604.0,5632.8,54182
2009.12.01,00:00,5671.3,5788.3,5669.0,5767.3,36700
2009.12.02,00:00,5771.3,5812.3,5749.5,5773.3,36197
2009.12.03,00:00,5783.3,5852.3,5720.0,5768.3,40457
2009.12.04,00:00,5729.8,5858.3,5720.8,5813.8,45545
2009.12.07,00:00,5799.8,5810.8,5740.0,5780.3,32622
2009.12.08,00:00,5789.3,5808.3,5653.5,5691.3,54343
2009.12.09,00:00,5667.5,5715.3,5600.8,5661.8,52591
2009.12.10,00:00,5644.0,5739.8,5633.0,5701.8,41947
2009.12.11,00:00,5716.3,5794.3,5714.0,5757.3,38814
2009.12.14,00:00,5820.0,5836.8,5774.5,5793.8,27931
2009.12.15,00:00,5824.0,5826.8,5747.5,5802.3,32845
2009.12.16,00:00,5809.5,5920.3,5800.0,5889.8,35066
2009.12.17,00:00,5853.8,5889.3,5819.0,5852.8,33582
2009.12.18,00:00,5852.0,5897.3,5840.8,5856.8,4944
2009.12.21,00:00,5862.3,5943.8,5848.8,5924.3,15251
2009.12.22,00:00,5940.3,5986.3,5930.8,5956.3,13152
2009.12.23,00:00,5991.3,5994.8,5938.3,5954.3,9825
2009.12.28,00:00,6027.3,6027.8,5984.3,6006.8,5727
2009.12.29,00:00,6036.3,6036.3,6003.3,6005.3,6226
2009.12.30,00:00,6010.3,6013.8,5952.8,5955.8,4249
2010.01.04,00:00,5999.8,6059.3,5977.3,6041.8,13512
2010.01.05,00:00,6028.3,6060.8,6018.8,6033.3,12106
2010.01.06,00:00,6032.3,6049.8,6000.3,6032.8,13654
2010.01.07,00:00,6021.8,6040.8,5962.3,6025.8,16541
2010.01.08,00:00,6056.3,6058.8,5971.8,6041.8,17329
2010.01.11,00:00,6083.8,6096.8,6032.3,6034.8,13992
2010.01.12,00:00,6052.3,6057.3,5919.3,5948.8,23547
2010.01.13,00:00,5941.8,6006.3,5927.3,5966.8,14375
2010.01.14,00:00,6007.8,6012.8,5951.3,5986.3,16214
2010.01.15,00:00,5992.3,6029.3,5860.3,5873.3,24443
2010.01.18,00:00,5904.3,5924.3,5878.8,5916.6,13209
2010.01.19,00:00,5903.3,6000.8,5848.3,5973.8,30406
2010.01.20,00:00,5962.3,5973.8,5831.0,5849.3,38317
2010.01.21,00:00,5884.6,5910.3,5685.8,5745.3,53170
2010.01.22,00:00,5722.3,5740.8,5561.8,5698.8,54559
2010.01.25,00:00,5613.8,5693.3,5609.3,5636.8,37995
2010.01.26,00:00,5547.3,5685.3,5547.3,5640.6,39231
2010.01.27,00:00,5605.3,5686.3,5586.8,5639.3,49120
2010.01.28,00:00,5704.3,5725.0,5532.5,5566.8,54029
2010.01.29,00:00,5555.8,5656.3,5539.5,5556.6,46726
2010.02.01,00:00,5562.8,5673.3,5562.8,5651.3,32370
2010.02.02,00:00,5637.8,5733.8,5621.8,5713.8,34655
2010.02.03,00:00,5733.8,5733.8,5652.8,5668.3,37098
2010.02.04,00:00,5691.0,5694.3,5503.3,5505.1,47692
2010.02.05,00:00,5532.3,5533.3,5380.3,5453.3,69785
2010.02.08,00:00,5438.3,5504.3,5420.3,5484.8,42917
2010.02.09,00:00,5462.0,5568.0,5458.8,5474.3,49359
2010.02.10,00:00,5531.3,5589.3,5502.3,5528.8,44216
2010.02.11,00:00,5564.3,5580.3,5451.8,5507.8,67144
2010.02.12,00:00,5564.5,5564.5,5456.8,5500.8,54129
2010.02.15,00:00,5520.3,5545.3,5498.3,5509.8,14972
2010.02.16,00:00,5527.8,5613.3,5492.8,5586.8,37110
2010.02.17,00:00,5626.3,5679.8,5609.0,5640.3,31150
2010.02.18,00:00,5650.3,5708.3,5622.3,5684.3,32547
2010.02.19,00:00,5634.3,5728.3,5623.3,5723.8,33279
2010.02.22,00:00,5712.8,5753.3,5679.3,5684.8,27488
2010.02.23,00:00,5690.3,5730.3,5580.3,5613.1,35623
2010.02.24,00:00,5633.8,5638.3,5568.3,5612.8,29871
2010.02.25,00:00,5592.3,5654.8,5515.3,5535.8,44485
2010.02.26,00:00,5593.3,5615.3,5526.8,5590.8,32865
2010.03.01,00:00,5638.3,5715.8,5633.8,5709.8,32240
2010.03.02,00:00,5720.8,5779.3,5707.3,5772.3,26880
2010.03.03,00:00,5759.8,5827.3,5746.8,5789.8,25895
2010.03.04,00:00,5770.8,5820.8,5760.8,5793.3,26990
2010.03.05,00:00,5811.3,5891.0,5804.8,5884.6,23713
2010.03.08,00:00,5906.3,5910.8,5862.5,5868.8,18960
2010.03.09,00:00,5870.3,5905.8,5834.8,5886.3,24097
2010.03.10,00:00,5893.3,5952.0,5870.3,5932.3,24856
2010.03.11,00:00,5916.3,5951.8,5903.3,5925.8,24253
2010.03.12,00:00,5941.8,5987.3,5930.3,5942.3,24905
2010.03.15,00:00,5935.8,5950.3,5894.3,5933.3,42746
2010.03.16,00:00,5945.3,5987.8,5925.3,5973.0,42534
2010.03.17,00:00,5994.8,6033.3,5986.8,6019.5,38382
2010.03.18,00:00,6007.3,6036.8,5992.3,6022.8,35310
2010.03.19,00:00,6033.3,6037.8,6007.3,6037.8,8896
2010.03.22,00:00,5962.3,6004.8,5913.8,6000.5,51482
2010.03.23,00:00,5992.3,6051.3,5984.8,6049.3,48440
2010.03.24,00:00,6035.3,6051.3,5966.8,6039.0,68736
2010.03.25,00:00,6049.3,6143.3,6041.0,6104.5,55796
2010.03.26,00:00,6110.3,6139.8,6102.8,6121.3,52936
2010.03.29,00:00,6143.8,6176.8,6130.8,6164.3,20595
2010.03.30,00:00,6161.8,6209.8,6138.3,6164.3,23050
2010.03.31,00:00,6154.3,6170.8,6111.3,6156.5,23143
2010.04.01,00:00,6191.3,6241.8,6180.3,6225.5,21986
2010.04.06,00:00,6262.8,6269.8,6216.8,6265.5,17634
2010.04.07,00:00,6259.3,6260.3,6196.3,6214.5,20304
2010.04.08,00:00,6206.3,6217.8,6139.3,6213.5,26084
2010.04.09,00:00,6209.8,6260.5,6209.0,6253.5,17411
2010.04.12,00:00,6288.0,6298.0,6225.0,6259.5,15273
2010.04.13,00:00,6236.0,6258.0,6201.0,6251.5,16417
2010.04.14,00:00,6271.0,6309.0,6253.0,6297.5,15691
2010.04.15,00:00,6288.0,6312.5,6252.0,6301.0,16754
2010.04.16,00:00,6260.0,6305.5,6164.0,6196.0,28532
2010.04.19,00:00,6161.0,6197.0,6136.0,6192.0,23414
2010.04.20,00:00,6190.5,6270.0,6174.0,6265.5,21325
2010.04.21,00:00,6289.5,6289.5,6219.0,6244.5,22040
2010.04.22,00:00,6230.0,6289.0,6141.5,6227.0,34928
2010.04.23,00:00,6203.5,6289.5,6170.5,6287.0,28274
2010.04.26,00:00,6284.5,6343.0,6284.5,6318.5,20291
2010.04.27,00:00,6325.0,6335.5,6107.0,6126.0,36497
2010.04.28,00:00,6145.0,6165.0,6028.5,6096.0,53464
2010.04.29,00:00,6081.5,6166.0,6078.0,6159.0,33771
2010.04.30,00:00,6140.5,6214.0,6086.0,6093.0,31925
2010.05.03,00:00,6108.5,6203.5,6089.5,6184.0,21526
2010.05.04,00:00,6178.0,6201.5,5993.5,6021.5,47040
2010.05.05,00:00,6019.0,6035.0,5937.0,5962.0,47911
2010.05.06,00:00,5961.5,6014.0,5556.5,5772.0,64864
2010.05.07,00:00,5745.0,5904.5,5656.0,5718.5,86640
2010.05.10,00:00,5848.0,6016.0,5846.0,5999.5,55251
2010.05.11,00:00,5939.0,6092.0,5908.0,6044.0,42270
2010.05.12,00:00,6018.5,6222.0,6002.5,6214.0,46420
2010.05.13,00:00,6221.5,6276.0,6196.0,6209.5,31902
2010.05.14,00:00,6233.5,6235.0,6013.0,6086.0,49136
2010.05.17,00:00,5993.5,6151.5,5978.0,6114.5,51046
2010.05.18,00:00,6111.5,6183.0,6092.0,6109.0,38933
2010.05.19,00:00,6079.0,6124.0,5956.0,6025.5,64321
2010.05.20,00:00,5995.0,6043.0,5778.5,5805.0,65021
2010.05.21,00:00,5827.0,5869.0,5690.0,5841.0,66704
2010.05.24,00:00,5814.5,5868.5,5729.5,5754.0,39919
2010.05.25,00:00,5647.5,5742.0,5604.5,5740.5,56512
2010.05.26,00:00,5718.0,5826.0,5697.0,5701.0,43329
2010.05.27,00:00,5748.5,5970.0,5748.5,5968.5,27413
2010.05.28,00:00,5944.5,5977.0,5887.5,5927.0,33216
2010.05.31,00:00,5963.5,5992.0,5928.0,5965.5,8334
2010.06.01,00:00,5930.0,6008.5,5828.5,5893.5,40718
2010.06.02,00:00,5912.0,6036.0,5864.0,6034.5,36290
2010.06.03,00:00,6070.0,6100.5,6024.5,6075.0,28054
2010.06.04,00:00,6051.5,6111.5,5861.0,5885.5,43272
2010.06.07,00:00,5860.0,5952.0,5827.0,5856.0,35486
2010.06.08,00:00,5894.5,5928.0,5794.5,5901.0,44988
2010.06.09,00:00,5883.5,5991.0,5829.0,5913.5,39919
2010.06.10,00:00,5952.0,6086.0,5920.0,6070.0,38243
2010.06.11,00:00,6065.0,6090.0,5978.5,6077.5,34534
2010.06.14,00:00,6101.0,6134.5,6067.0,6071.5,28539
2010.06.15,00:00,6099.0,6220.0,6074.0,6213.0,30716
2010.06.16,00:00,6196.0,6214.5,6139.0,6196.5,27221
2010.06.17,00:00,6177.5,6237.5,6162.5,6228.0,27696
2010.06.18,00:00,6228.8,6254.3,6184.8,6221.0,12412
2010.06.21,00:00,6300.0,6355.0,6228.0,6250.0,25719
2010.06.22,00:00,6275.5,6298.5,6196.0,6211.0,27624
2010.06.23,00:00,6227.5,6275.0,6180.5,6221.0,30418
2010.06.24,00:00,6231.0,6248.0,6098.0,6121.0,32940
2010.06.25,00:00,6134.0,6153.5,6042.5,6093.0,34517
2010.06.28,00:00,6096.0,6173.0,6061.0,6134.0,28592
2010.06.29,00:00,6080.0,6080.0,5928.5,5955.5,38313
2010.06.30,00:00,5964.5,6004.5,5898.5,5905.0,33507
2010.07.01,00:00,5879.0,5958.0,5829.0,5899.5,41321
2010.07.02,00:00,5886.5,5943.0,5801.0,5833.5,34041
2010.07.05,00:00,5834.0,5868.0,5809.5,5823.0,10368
2010.07.06,00:00,5844.5,5998.5,5842.5,5913.0,29017
2010.07.07,00:00,5895.0,6049.5,5849.0,6045.0,30964
2010.07.08,00:00,6051.0,6075.0,6006.5,6069.5,24625
2010.07.09,00:00,6077.0,6101.0,6040.0,6098.5,20239
2010.07.12,00:00,6073.5,6122.5,6062.0,6091.0,18875
2010.07.13,00:00,6086.0,6203.5,6069.5,6194.5,26030
2010.07.14,00:00,6236.0,6242.0,6162.0,6202.5,23040
2010.07.15,00:00,6212.0,6260.5,6128.0,6183.5,29482
2010.07.16,00:00,6151.0,6208.0,6011.0,6024.0,31699
2010.07.19,00:00,6046.5,6087.0,5995.5,6044.0,24125
2010.07.20,00:00,6030.5,6050.5,5907.5,6018.5,31661
2010.07.21,00:00,6006.5,6063.5,5940.5,5958.5,29624
2010.07.22,00:00,5966.0,6150.0,5951.0,6141.0,28786
2010.07.23,00:00,6137.0,6195.5,6112.0,6191.0,27619
2010.07.26,00:00,6209.0,6216.0,6131.5,6199.5,22233
2010.07.27,00:00,6197.0,6254.5,6183.5,6214.0,23742
2010.07.28,00:00,6241.0,6250.0,6147.5,6174.0,22699
2010.07.29,00:00,6188.0,6245.5,6088.5,6134.5,26142
2010.07.30,00:00,6114.5,6186.0,6059.0,6164.0,30238
2010.08.02,00:00,6181.5,6306.5,6181.5,6295.5,21791
2010.08.03,00:00,6290.5,6314.0,6266.5,6297.0,22314
2010.08.04,00:00,6285.0,6372.5,6263.5,6345.0,24399
2010.08.05,00:00,6346.0,6383.5,6320.0,6353.5,20833
2010.08.06,00:00,6357.5,6387.5,6243.5,6314.0,29148
2010.08.09,00:00,6325.5,6370.0,6317.0,6354.5,14722
2010.08.10,00:00,6337.5,6337.5,6247.0,6315.5,26815
2010.08.11,00:00,6273.0,6273.0,6140.0,6155.0,27809
2010.08.12,00:00,6133.5,6174.0,6096.5,6128.0,25718
2010.08.13,00:00,6156.0,6174.0,6067.0,6106.5,26786
2010.08.16,00:00,6123.0,6155.0,6059.5,6117.0,23322
2010.08.17,00:00,6139.0,6215.5,6122.5,6192.5,23157
2010.08.18,00:00,6169.0,6216.0,6153.0,6192.5,23759
2010.08.19,00:00,6196.5,6229.5,6049.5,6069.0,37451
2010.08.20,00:00,6065.5,6096.0,5986.0,6015.5,29487
2010.08.23,00:00,6016.0,6053.0,5992.5,6002.5,23191
2010.08.24,00:00,5987.5,5988.0,5866.5,5924.5,32742
2010.08.25,00:00,5905.0,5953.5,5833.0,5926.0,32157
2010.08.26,00:00,5919.5,5947.5,5868.0,5872.0,28035
2010.08.27,00:00,5890.5,5975.0,5841.0,5973.0,33508
2010.08.30,00:00,5978.0,5983.5,5876.0,5877.0,20372
2010.08.31,00:00,5846.5,5930.5,5812.0,5895.0,28283
2010.09.01,00:00,5934.0,6084.5,5872.0,6073.0,30482
2010.09.02,00:00,6053.0,6105.0,6048.5,6100.0,23002
2010.09.03,00:00,6094.0,6175.5,6083.5,6144.5,24018
2010.09.06,00:00,6172.0,6172.0,6138.0,6151.5,7578
2010.09.07,00:00,6148.5,6148.5,6078.5,6101.0,22318
2010.09.08,00:00,6098.5,6177.5,6059.0,6139.5,25835
2010.09.09,00:00,6140.0,6230.5,6128.5,6180.0,21863
2010.09.10,00:00,6197.5,6221.5,6179.5,6209.5,17926
2010.09.13,00:00,6264.5,6289.0,6228.5,6260.0,20021
2010.09.14,00:00,6249.5,6285.5,6227.0,6265.5,24959
2010.09.15,00:00,6276.0,6292.0,6224.5,6268.5,25694
2010.09.16,00:00,6250.5,6287.5,6228.0,6266.0,27116
2010.09.17,00:00,6306.0,6329.0,6192.0,6214.0,16560
2010.09.20,00:00,6245.5,6323.5,6223.5,6317.0,22010
2010.09.21,00:00,6299.5,6345.5,6271.0,6284.0,25479
2010.09.22,00:00,6310.0,6310.0,6197.5,6232.0,29225
2010.09.23,00:00,6261.5,6270.0,6132.5,6158.0,27673
2010.09.24,00:00,6178.0,6316.5,6148.5,6314.0,27993
2010.09.27,00:00,6334.5,6336.0,6276.5,6282.5,20530
2010.09.28,00:00,6286.5,6317.5,6201.0,6293.5,36760
2010.09.29,00:00,6282.0,6332.5,6226.0,6249.5,34191
2010.09.30,00:00,6227.5,6344.0,6189.5,6234.5,38212
2010.10.01,00:00,6246.0,6300.0,6191.0,6226.0,37957
2010.10.04,00:00,6214.0,6230.0,6114.5,6140.5,27492
2010.10.05,00:00,6160.0,6266.0,6121.0,6254.5,28381
2010.10.06,00:00,6250.0,6295.0,6246.0,6267.0,24443
2010.10.07,00:00,6260.0,6328.5,6238.5,6279.0,26853
2010.10.08,00:00,6290.0,6310.0,6241.0,6303.5,24425
2010.10.11,00:00,6301.0,6331.0,6292.0,6313.0,13972
2010.10.12,00:00,6273.0,6337.5,6227.0,6330.0,26538
2010.10.13,00:00,6326.0,6462.5,6326.0,6434.0,24057
2010.10.14,00:00,6457.0,6490.5,6446.5,6465.5,23776
2010.10.15,00:00,6485.0,6519.5,6443.0,6510.5,28703
2010.10.18,00:00,6471.0,6556.5,6463.0,6547.0,20623
2010.10.19,00:00,6511.5,6552.0,6459.0,6484.0,28683
2010.10.20,00:00,6495.5,6542.5,6467.0,6534.0,22574
2010.10.21,00:00,6521.0,6627.5,6510.5,6600.0,26172
2010.10.22,00:00,6609.0,6629.0,6591.5,6622.5,15901
2010.10.25,00:00,6667.5,6678.5,6631.0,6643.0,17306
2010.10.26,00:00,6644.0,6652.0,6586.0,6637.5,20164
2010.10.27,00:00,6609.0,6635.0,6558.5,6602.5,23147
2010.10.28,00:00,6607.0,6653.0,6581.0,6612.5,20338
2010.10.29,00:00,6579.5,6636.5,6574.0,6619.5,21347
2010.11.01,00:00,6662.5,6676.0,6562.0,6591.0,23755
2010.11.02,00:00,6605.0,6675.0,6599.0,6666.0,18291
2010.11.03,00:00,6669.5,6688.5,6604.5,6651.0,22723
2010.11.04,00:00,6666.5,6762.5,6661.0,6752.5,21747
2010.11.05,00:00,6741.0,6779.5,6716.0,6767.5,21883
2010.11.08,00:00,6749.5,6772.0,6731.5,6770.0,16443
2010.11.09,00:00,6749.0,6814.5,6736.5,6762.5,18593
2010.11.10,00:00,6771.5,6787.0,6686.5,6760.5,23803
2010.11.11,00:00,6753.0,6764.0,6704.0,6745.0,22732
2010.11.12,00:00,6670.0,6763.0,6621.5,6720.0,35611
2010.11.15,00:00,6705.5,6816.5,6681.0,6782.0,24525
2010.11.16,00:00,6758.5,6772.5,6651.0,6670.0,27965
2010.11.17,00:00,6671.0,6710.0,6656.5,6700.0,21252
2010.11.18,00:00,6763.3,6838.0,6755.5,6837.5,26323
2010.11.19,00:00,6844.5,6867.5,6794.5,6867.5,20264
2010.11.22,00:00,6883.5,6903.5,6795.0,6843.5,24274
2010.11.23,00:00,6797.0,6829.0,6708.0,6720.0,31335
2010.11.24,00:00,6742.0,6850.5,6699.5,6847.5,27112
2010.11.25,00:00,6831.0,6885.5,6821.0,6874.5,11753
2010.11.26,00:00,6847.5,6871.0,6777.5,6835.5,25576
2010.11.29,00:00,6857.5,6906.5,6683.5,6747.0,32672
2010.11.30,00:00,6725.5,6762.5,6656.5,6706.0,35710
2010.12.01,00:00,6722.0,6885.0,6721.0,6883.0,29643
2010.12.02,00:00,6872.0,6963.5,6839.0,6963.0,33934
2010.12.03,00:00,6952.3,6976.3,6912.5,6966.8,30747
2010.12.06,00:00,6963.5,6975.0,6923.5,6952.5,19330
2010.12.07,00:00,6970.5,7039.5,6958.5,6987.5,24101
2010.12.08,00:00,6978.0,7010.5,6953.0,6982.5,23068
2010.12.09,00:00,7008.0,7025.0,6944.5,6979.5,22359
2010.12.10,00:00,7004.0,7024.0,6970.0,7020.0,15858
2010.12.13,00:00,7009.0,7042.0,7009.0,7016.0,14131
2010.12.14,00:00,7018.5,7034.0,7008.0,7023.0,14864
2010.12.15,00:00,7001.0,7046.0,6960.5,7020.0,23261
2010.12.16,00:00,7007.5,7049.5,6986.5,7023.0,18943
2010.12.17,00:00,7031.0,7057.5,6994.0,7011.5,9822
2010.12.20,00:00,7001.0,7082.5,6999.0,7043.5,15012
2010.12.21,00:00,7066.0,7101.5,7055.0,7096.0,11440
2010.12.22,00:00,7090.0,7098.0,7080.0,7090.5,7326
2010.12.23,00:00,7096.0,7096.5,7054.0,7069.5,8199
2010.12.27,00:00,7076.5,7079.0,6948.0,6991.0,10270
2010.12.28,00:00,7006.0,7006.0,6967.0,6988.0,6159
2010.12.29,00:00,7002.5,7020.0,6992.5,7001.0,7794
2010.12.30,00:00,7004.5,7019.0,6907.5,6925.5,8138
2011.01.03,00:00,6997.5,7038.5,6973.0,6982.5,16439
2011.01.04,00:00,6985.5,7034.0,6959.0,6986.0,18239
2011.01.05,00:00,6959.0,6977.0,6849.0,6962.0,25234
2011.01.06,00:00,6959.0,7054.5,6952.0,6989.5,19603
2011.01.07,00:00,6988.0,7018.5,6930.0,6962.5,28993
2011.01.10,00:00,6941.0,6948.0,6839.5,6871.0,26090
2011.01.11,00:00,6886.0,6955.5,6863.0,6948.5,21634
2011.01.12,00:00,6950.0,7093.0,6950.0,7088.5,22560
2011.01.13,00:00,7090.5,7093.0,7042.0,7051.5,21093
2011.01.14,00:00,7057.0,7106.0,7019.0,7104.0,21243
2011.01.17,00:00,7082.0,7091.0,7059.5,7083.5,10877
2011.01.18,00:00,7082.0,7161.0,7081.5,7152.5,18236
2011.01.19,00:00,7185.5,7185.5,7069.5,7089.5,22022
2011.01.20,00:00,7076.0,7091.0,7020.0,7060.0,25022
2011.01.21,00:00,7045.0,7127.5,7029.0,7075.0,25769
2011.01.24,00:00,7093.5,7095.0,7006.5,7093.5,23897
2011.01.25,00:00,7097.5,7109.0,7049.5,7085.0,24604
2011.01.26,00:00,7098.5,7165.5,7090.0,7144.0,19361
2011.01.27,00:00,7145.5,7185.0,7118.5,7173.5,25809
2011.01.28,00:00,7158.0,7180.5,7077.5,7094.0,26909
2011.01.31,00:00,7097.0,7112.0,7037.0,7101.5,23886
2011.02.01,00:00,7116.0,7201.0,7109.0,7194.5,22253
2011.02.02,00:00,7194.0,7224.0,7163.0,7184.5,19304
2011.02.03,00:00,7174.0,7218.5,7148.5,7218.0,20542
2011.02.04,00:00,7208.5,7232.0,7188.5,7227.0,19279
2011.02.07,00:00,7232.3,7291.3,7214.8,7280.0,23660
2011.02.08,00:00,7283.5,7337.0,7273.5,7336.0,18709
2011.02.09,00:00,7320.0,7354.0,7314.5,7337.5,17726
2011.02.10,00:00,7331.5,7355.5,7271.0,7349.0,23004
2011.02.11,00:00,7314.0,7399.5,7283.5,7394.5,21538
2011.02.14,00:00,7404.5,7425.0,7380.5,7414.5,15216
2011.02.15,00:00,7408.0,7423.0,7378.0,7395.5,17435
2011.02.16,00:00,7436.0,7439.5,7402.5,7423.0,18069
2011.02.17,00:00,7418.0,7435.0,7364.0,7410.0,17378
2011.02.18,00:00,7414.5,7426.5,7380.0,7419.5,15281
2011.02.21,00:00,7409.0,7444.0,7311.5,7325.5,17985
2011.02.22,00:00,7305.0,7352.5,7251.0,7269.0,29524
2011.02.23,00:00,7279.0,7312.5,7145.0,7172.5,32619
2011.02.24,00:00,7173.5,7178.5,7082.0,7126.0,35085
2011.02.25,00:00,7138.0,7199.5,7127.5,7185.0,20716
2011.02.28,00:00,7175.5,7305.5,7147.5,7289.0,23222
2011.03.01,00:00,7333.0,7356.5,7168.0,7171.5,29102
2011.03.02,00:00,7151.5,7203.0,7122.0,7186.5,30656
2011.03.03,00:00,7217.5,7293.5,7188.0,7270.5,30892
2011.03.04,00:00,7263.0,7311.0,7126.0,7170.0,32355
2011.03.07,00:00,7141.0,7270.0,7121.0,7158.0,35156
2011.03.08,00:00,7190.0,7222.5,7069.0,7167.0,35311
2011.03.09,00:00,7148.0,7216.0,7106.0,7132.5,33465
2011.03.10,00:00,7082.5,7107.5,7019.5,7031.0,37266
2011.03.11,00:00,6987.5,7014.0,6963.5,7003.5,30479
2011.03.14,00:00,6940.5,6945.0,6845.0,6887.0,38270
2011.03.15,00:00,6671.5,6713.5,6480.5,6651.5,66177
2011.03.16,00:00,6625.0,6731.8,6409.3,6447.8,77162
2011.03.17,00:00,6516.5,6688.5,6511.0,6629.5,47093
2011.03.18,00:00,6650.5,6780.0,6640.5,6657.0,18475
2011.03.21,00:00,6736.0,6845.0,6729.0,6835.5,27549
2011.03.22,00:00,6837.0,6843.5,6781.5,6798.5,23809
2011.03.23,00:00,6784.0,6836.0,6734.5,6832.0,32896
2011.03.24,00:00,6825.0,6974.0,6802.0,6967.5,29641
2011.03.25,00:00,6992.3,7002.3,6936.0,6966.5,24321
2011.03.28,00:00,6959.3,6999.8,6931.3,6939.3,30551
2011.03.29,00:00,6951.0,6976.0,6881.0,6973.0,25768
2011.03.30,00:00,7021.3,7087.3,7011.5,7077.0,26003
2011.03.31,00:00,7093.0,7096.5,7052.0,7081.5,20068
2011.04.01,00:00,7095.0,7209.5,7086.5,7186.5,22402
2011.04.04,00:00,7191.5,7216.0,7178.0,7199.0,14913
2011.04.05,00:00,7209.8,7213.0,7144.0,7195.5,20512
2011.04.06,00:00,7211.5,7258.5,7171.5,7235.5,22153
2011.04.07,00:00,7219.5,7257.0,7188.5,7217.5,25018
2011.04.08,00:00,7238.0,7249.0,7185.5,7209.5,17709
2011.04.11,00:00,7220.0,7241.0,7169.5,7212.0,20945
2011.04.12,00:00,7162.5,7196.0,7105.0,7126.0,25016
2011.04.13,00:00,7148.0,7218.5,7139.5,7186.0,21649
2011.04.14,00:00,7185.5,7200.5,7110.0,7188.0,26570
2011.04.15,00:00,7169.5,7208.0,7156.5,7193.5,21870
2011.04.18,00:00,7194.0,7196.5,7005.0,7065.0,35234
2011.04.19,00:00,7047.0,7093.5,7039.5,7079.0,19262
2011.04.20,00:00,7134.0,7277.5,7128.5,7275.0,24710
2011.04.21,00:00,7304.0,7330.5,7289.5,7317.5,17391
2011.04.22,00:00,7309.3,7309.3,7309.3,7309.3,1
2011.04.26,00:00,7302.5,7389.0,7287.5,7387.5,15694
2011.04.27,00:00,7381.0,7475.0,7369.5,7463.5,17764
2011.04.28,00:00,7480.5,7512.0,7438.5,7504.5,17881
2011.04.29,00:00,7491.5,7544.0,7480.5,7541.5,8210
2011.05.02,00:00,7596.0,7619.5,7514.5,7526.0,8134
2011.05.03,00:00,7521.0,7541.5,7466.0,7496.0,9790
2011.05.04,00:00,7474.5,7557.5,7375.0,7404.0,13805
2011.05.05,00:00,7425.0,7439.0,7307.0,7368.5,14759
2011.05.06,00:00,7384.0,7515.0,7374.5,7434.0,14579
2011.05.09,00:00,7450.0,7498.5,7387.0,7443.0,14162
2011.05.10,00:00,7422.5,7542.5,7422.5,7534.5,12400
2011.05.11,00:00,7533.0,7575.5,7446.5,7473.5,13133
2011.05.12,00:00,7450.5,7500.0,7363.0,7490.0,15420
2011.05.13,00:00,7495.5,7515.0,7353.0,7390.0,15010
2011.05.16,00:00,7342.5,7407.5,7288.5,7344.0,14593
2011.05.17,00:00,7339.0,7373.0,7248.0,7291.0,16965
2011.05.18,00:00,7326.0,7346.0,7264.5,7343.0,13290
2011.05.19,00:00,7340.5,7419.0,7318.0,7389.5,14246
2011.05.20,00:00,7380.0,7413.0,7229.0,7250.5,14785
2011.05.23,00:00,7196.0,7196.0,7104.0,7123.5,15474
2011.05.24,00:00,7127.0,7203.0,7118.0,7134.5,12572
2011.05.25,00:00,7134.0,7203.5,7064.0,7187.0,13892
2011.05.26,00:00,7197.5,7217.0,7087.0,7165.5,14835
2011.05.27,00:00,7186.0,7206.5,7115.5,7158.0,12274
2011.05.30,00:00,7151.0,7205.0,7139.5,7169.5,3539
2011.05.31,00:00,7228.5,7333.0,7218.5,7332.5,12020
2011.06.01,00:00,7342.0,7342.0,7130.5,7134.5,15261
2011.06.02,00:00,7141.5,7156.5,7066.0,7098.0,14849
2011.06.03,00:00,7092.5,7144.0,7019.5,7113.5,15736
2011.06.06,00:00,7097.0,7124.5,7039.0,7039.5,14104
2011.06.07,00:00,7062.0,7147.5,7062.0,7070.5,13229
2011.06.08,00:00,7057.0,7087.0,6990.0,7036.5,15619
2011.06.09,00:00,7046.5,7188.0,7032.5,7175.0,14388
2011.06.10,00:00,7142.0,7180.5,7042.0,7068.0,16988
2011.06.13,00:00,7091.5,7145.5,7063.0,7094.0,8871
2011.06.14,00:00,7149.0,7255.5,7149.0,7231.5,8534
2011.06.15,00:00,7216.0,7225.5,7095.0,7111.5,11475
2011.06.16,00:00,7089.5,7140.0,7040.0,7110.0,14314
2011.06.17,00:00,7099.5,7247.5,7059.5,7179.0,17817
2011.06.20,00:00,7134.0,7191.5,7082.5,7190.5,14382
2011.06.21,00:00,7195.0,7335.0,7195.0,7324.5,12815
2011.06.22,00:00,7302.0,7332.5,7273.0,7277.0,14179
2011.06.23,00:00,7257.5,7271.5,7139.5,7226.0,18270
2011.06.24,00:00,7255.5,7294.0,7117.5,7137.5,17987
2011.06.27,00:00,7115.0,7167.5,7099.5,7156.0,14001
2011.06.28,00:00,7145.5,7229.5,7095.5,7226.5,15428
2011.06.29,00:00,7220.5,7340.5,7220.5,7320.0,16684
2011.06.30,00:00,7340.0,7411.0,7305.5,7408.5,13036
2011.07.01,00:00,7413.0,7473.0,7376.5,7462.5,13459
2011.07.04,00:00,7444.0,7470.0,7435.0,7458.0,5958
2011.07.05,00:00,7461.0,7494.5,7441.5,7459.5,12903
2011.07.06,00:00,7489.0,7490.0,7416.0,7464.0,14351
2011.07.07,00:00,7463.5,7534.0,7461.0,7510.5,12531
2011.07.08,00:00,7521.0,7542.5,7407.5,7441.0,15022
2011.07.11,00:00,7406.5,7412.0,7206.0,7220.5,17156
2011.07.12,00:00,7169.0,7221.0,7011.5,7163.5,22988
2011.07.13,00:00,7177.5,7297.5,7164.0,7244.5,17634
2011.07.14,00:00,7215.5,7283.5,7172.5,7190.5,19814
2011.07.15,00:00,7213.0,7270.0,7154.5,7241.0,17347
2011.07.18,00:00,7205.0,7208.5,7103.0,7146.0,17249
2011.07.19,00:00,7154.5,7251.5,7147.5,7240.0,16178
2011.07.20,00:00,7252.5,7277.5,7179.5,7240.0,15295
2011.07.21,00:00,7259.0,7340.0,7154.0,7322.5,19995
2011.07.22,00:00,7354.0,7368.5,7278.5,7345.5,14356
2011.07.25,00:00,7284.5,7380.0,7272.0,7358.0,13688
2011.07.26,00:00,7367.5,7395.0,7314.0,7350.5,14190
2011.07.27,00:00,7344.5,7357.0,7200.0,7208.5,16032
2011.07.28,00:00,7187.0,7217.0,7122.0,7143.0,18323
2011.07.29,00:00,7081.5,7202.5,7075.0,7149.5,19516
2011.08.01,00:00,7262.0,7295.0,6902.5,6985.5,20590
2011.08.02,00:00,6956.5,6968.0,6711.5,6711.5,23608
2011.08.03,00:00,6708.5,6792.0,6548.0,6710.5,25044
2011.08.04,00:00,6695.0,6746.0,6255.0,6272.5,28260
2011.08.05,00:00,6273.5,6445.0,6121.5,6331.5,34393
2011.08.08,00:00,6078.5,6278.0,5719.0,5726.5,37789
2011.08.09,00:00,5744.5,6030.0,5496.5,6009.0,39172
2011.08.10,00:00,5988.0,6114.5,5539.0,5607.5,36227
2011.08.11,00:00,5765.0,5947.5,5491.5,5870.0,35795
2011.08.12,00:00,5815.0,6063.5,5677.0,6009.5,26643
2011.08.15,00:00,6079.0,6107.5,6007.5,6077.5,16826
2011.08.16,00:00,6030.0,6046.0,5849.0,5949.5,21803
2011.08.17,00:00,5959.5,6018.5,5871.5,5912.5,19835
2011.08.18,00:00,5863.0,5893.5,5530.5,5593.5,24709
2011.08.19,00:00,5535.0,5594.0,5344.0,5413.5,28794
2011.08.22,00:00,5409.5,5590.0,5389.5,5432.0,21836
2011.08.23,00:00,5515.5,5635.0,5450.0,5626.5,20694
2011.08.24,00:00,5571.0,5742.5,5513.0,5714.5,18904
2011.08.25,00:00,5685.0,5775.0,5438.5,5526.0,23658
2011.08.26,00:00,5526.5,5587.5,5402.5,5561.0,24005
2011.08.29,00:00,5640.0,5713.5,5585.0,5707.0,12680
2011.08.30,00:00,5708.5,5727.0,5568.5,5657.0,19624
2011.08.31,00:00,5658.5,5868.0,5644.5,5759.0,19181
2011.09.01,00:00,5773.0,5792.0,5634.0,5660.0,21891
2011.09.02,00:00,5629.5,5638.5,5490.5,5511.0,19725
2011.09.05,00:00,5447.5,5447.5,5203.0,5233.0,15838
2011.09.06,00:00,5195.5,5330.5,5148.5,5270.0,25211
2011.09.07,00:00,5316.0,5450.5,5273.0,5450.0,17646
2011.09.08,00:00,5421.0,5470.0,5305.5,5348.0,21207
2011.09.09,00:00,5342.5,5398.0,5137.5,5157.0,23005
2011.09.12,00:00,5066.5,5152.5,4968.0,5151.5,24755
2011.09.13,00:00,5160.0,5227.5,4972.0,5204.5,24670
2011.09.14,00:00,5099.5,5454.5,5076.5,5423.0,21226
2011.09.15,00:00,5399.5,5585.0,5380.0,5582.0,17850
2011.09.16,00:00,5585.0,5670.5,5528.0,5611.5,20396
2011.09.19,00:00,5468.0,5503.0,5367.0,5461.0,19949
2011.09.20,00:00,5392.5,5585.0,5367.0,5524.0,21035
2011.09.21,00:00,5530.0,5583.5,5346.5,5346.5,22908
2011.09.22,00:00,5284.5,5307.5,5113.5,5170.0,26530
2011.09.23,00:00,5189.5,5238.0,4977.0,5211.5,27455
2011.09.26,00:00,5153.0,5420.5,5083.0,5414.5,27252
2011.09.27,00:00,5478.0,5677.0,5477.0,5592.5,21932
2011.09.28,00:00,5561.0,5705.5,5493.5,5498.0,22160
2011.09.29,00:00,5558.0,5710.0,5537.5,5648.0,22415
2011.09.30,00:00,5623.0,5627.0,5423.0,5427.0,22988
2011.10.03,00:00,5347.0,5444.0,5265.0,5265.5,20901
2011.10.04,00:00,5287.5,5340.0,5129.0,5338.5,26466
2011.10.05,00:00,5311.5,5520.0,5269.0,5510.5,22495
2011.10.06,00:00,5489.5,5685.0,5467.0,5681.5,23681
2011.10.07,00:00,5650.0,5755.0,5610.5,5650.0,21915
2011.10.10,00:00,5740.0,5879.5,5657.5,5874.0,17353
2011.10.11,00:00,5873.5,5890.0,5779.5,5870.0,17959
2011.10.12,00:00,5840.5,6033.5,5804.0,5986.5,20144
2011.10.13,00:00,5973.0,6041.5,5882.0,5956.0,21454
2011.10.14,00:00,5955.0,6043.5,5891.5,6002.0,18861
2011.10.17,00:00,6039.0,6087.0,5817.5,5824.0,19182
2011.10.18,00:00,5808.0,5993.5,5752.5,5966.0,22515
2011.10.19,00:00,5946.5,5983.0,5841.0,5847.5,21645
2011.10.20,00:00,5821.0,5909.5,5751.0,5788.5,24860
2011.10.21,00:00,5822.0,5990.5,5773.0,5989.0,20145
2011.10.24,00:00,6037.0,6071.0,5941.0,6060.0,17730
2011.10.25,00:00,6014.0,6164.0,5967.0,6011.5,22197
2011.10.26,00:00,6037.5,6148.5,5955.0,6071.5,22392
2011.10.27,00:00,6190.0,6438.0,6176.5,6420.5,23037
2011.10.28,00:00,6399.5,6435.5,6310.0,6358.0,20300
2011.10.31,00:00,6359.5,6359.5,6107.5,6107.5,19014
2011.11.01,00:00,6100.0,6100.0,5764.0,5833.5,27384
2011.11.02,00:00,5931.5,5994.5,5813.5,5953.5,21091
2011.11.03,00:00,5808.0,6196.5,5793.5,6170.0,26512
2011.11.04,00:00,6175.0,6189.5,5929.0,6003.5,22576
2011.11.07,00:00,5956.0,6030.0,5834.0,5988.0,20291
2011.11.08,00:00,5955.5,6088.0,5933.5,6071.0,18642
2011.11.09,00:00,6088.5,6093.0,5730.5,5739.5,25863
2011.11.10,00:00,5691.5,5935.0,5664.5,5883.0,25341
2011.11.11,00:00,5917.0,6066.0,5853.0,6055.5,17897
2011.11.14,00:00,6092.5,6130.5,5921.5,5942.5,19615
2011.11.15,00:00,5928.5,6013.5,5814.5,5957.5,22654
2011.11.16,00:00,5851.0,6027.0,5832.0,5836.0,22550
2011.11.17,00:00,5866.0,5922.5,5757.0,5790.0,26512
2011.11.18,00:00,5754.5,5899.5,5754.0,5797.5,21353
2011.11.21,00:00,5747.5,5779.5,5593.5,5629.5,21327
2011.11.22,00:00,5655.0,5681.0,5532.5,5561.5,21163
2011.11.23,00:00,5473.5,5588.0,5452.5,5453.5,21760
2011.11.24,00:00,5489.5,5562.5,5397.0,5440.0,13235
2011.11.25,00:00,5431.5,5527.5,5363.0,5460.0,16743
2011.11.28,00:00,5596.5,5753.0,5563.5,5732.0,17561
2011.11.29,00:00,5752.5,5824.0,5688.5,5786.0,20319
2011.11.30,00:00,5735.5,6130.0,5701.0,6122.0,22863
2011.12.01,00:00,6114.0,6123.0,6014.5,6053.0,17366
2011.12.02,00:00,6083.5,6170.0,6043.5,6049.5,18975
2011.12.05,00:00,6110.0,6168.5,6050.0,6080.5,18510
2011.12.06,00:00,6045.5,6093.5,6004.0,6056.5,16640
2011.12.07,00:00,6094.5,6134.5,5916.5,6048.5,17895
2011.12.08,00:00,6065.5,6076.0,5812.0,5820.5,19637
2011.12.09,00:00,5794.0,6016.0,5766.5,6006.0,19245
2011.12.12,00:00,6004.5,6004.5,5764.5,5806.0,18087
2011.12.13,00:00,5820.5,5857.5,5704.5,5726.0,19548
2011.12.14,00:00,5722.5,5775.0,5674.5,5699.0,18353
2011.12.15,00:00,5667.0,5802.5,5664.5,5726.5,13978
2011.12.16,00:00,5787.5,5793.5,5656.0,5678.5,17642
2011.12.19,00:00,5623.0,5781.5,5611.0,5628.0,15559
2011.12.20,00:00,5670.5,5884.0,5640.0,5878.0,15213
2011.12.21,00:00,5887.5,5971.5,5770.5,5827.0,18838
2011.12.22,00:00,5803.5,5891.0,5803.0,5880.5,12393
2011.12.23,00:00,5921.0,5927.0,5848.0,5903.0,7759
2011.12.27,00:00,5900.5,5928.0,5881.0,5893.5,5673
2011.12.28,00:00,5853.0,5905.5,5770.5,5780.5,10459
2011.12.29,00:00,5791.5,5882.5,5779.0,5878.5,10446
2011.12.30,00:00,5874.5,5893.5,5819.0,5892.0,4235
2012.01.02,00:00,5887.0,6077.0,5878.0,6058.0,5208
2012.01.03,00:00,6099.5,6181.5,6080.0,6145.5,13976
2012.01.04,00:00,6129.0,6166.0,6089.0,6126.5,13976
2012.01.05,00:00,6115.0,6143.0,6042.5,6126.5,16726
2012.01.06,00:00,6102.5,6155.5,6014.5,6045.0,15812
2012.01.09,00:00,6019.0,6079.0,5989.0,6045.0,15574
2012.01.10,00:00,6104.5,6194.0,6071.5,6156.5,15907
2012.01.11,00:00,6135.5,6182.5,6108.0,6173.5,15537
2012.01.12,00:00,6168.5,6259.0,6149.0,6220.0,16307
2012.01.13,00:00,6233.0,6257.0,6063.5,6141.0,18115
2012.01.16,00:00,6103.5,6233.5,6095.0,6206.5,10233
2012.01.17,00:00,6284.0,6344.5,6268.5,6299.5,15641
2012.01.18,00:00,6315.0,6400.0,6282.0,6388.0,16431
2012.01.19,00:00,6393.5,6421.0,6333.5,6411.0,15239
2012.01.20,00:00,6421.0,6432.5,6372.5,6431.0,15907
2012.01.23,00:00,6412.0,6470.5,6352.0,6431.0,15050
2012.01.24,00:00,6407.5,6424.0,6339.0,6418.5,15744
2012.01.25,00:00,6465.0,6476.5,6366.0,6464.0,16746
2012.01.26,00:00,6456.0,6560.0,6430.0,6520.0,15730
2012.01.27,00:00,6515.0,6575.0,6484.0,6521.5,16305
2012.01.30,00:00,6488.0,6492.0,6413.5,6464.0,14706
2012.01.31,00:00,6480.0,6533.5,6450.0,6487.0,15635
2012.02.01,00:00,6470.5,6631.5,6462.0,6611.5,18934
2012.02.02,00:00,6638.5,6669.0,6606.5,6661.0,14066
2012.02.03,00:00,6659.5,6791.0,6636.5,6784.0,13555
2012.02.06,00:00,6750.0,6782.5,6714.5,6766.5,12948
2012.02.07,00:00,6751.0,6787.5,6682.5,6761.0,14056
2012.02.08,00:00,6781.0,6830.5,6733.5,6792.0,13555
2012.02.09,00:00,6777.0,6840.0,6745.0,6804.0,16165
2012.02.10,00:00,6762.5,6763.0,6647.5,6692.5,15939
2012.02.13,00:00,6737.5,6772.5,6707.5,6748.0,12192
2012.02.14,00:00,6718.5,6789.0,6691.0,6729.5,14419
2012.02.15,00:00,6796.5,6830.0,6711.5,6715.5,17407
2012.02.16,00:00,6668.5,6803.0,6649.5,6792.0,16280
2012.02.17,00:00,6790.5,6874.0,6790.5,6866.0,12543
2012.02.20,00:00,6911.5,6955.5,6876.5,6947.0,8310
2012.02.21,00:00,6954.5,6971.5,6868.5,6876.0,13586
2012.02.22,00:00,6900.0,6918.0,6818.0,6835.0,12421
2012.02.23,00:00,6846.5,6903.0,6730.5,6828.0,13533
2012.02.24,00:00,6855.5,6889.0,6824.5,6852.0,11361
2012.02.27,00:00,6822.5,6868.5,6740.5,6839.5,13116
2012.02.28,00:00,6874.0,6899.5,6807.5,6885.5,13273
2012.02.29,00:00,6903.5,6965.5,6838.5,6855.5,14768
2012.03.01,00:00,6854.5,6957.5,6814.5,6955.0,14601
2012.03.02,00:00,6953.5,6960.0,6895.5,6920.5,11914
2012.03.05,00:00,6880.0,6901.5,6812.0,6878.5,12385
2012.03.06,00:00,6858.0,6858.0,6598.5,6608.5,16286
2012.03.07,00:00,6632.0,6679.0,6610.0,6677.0,13191
2012.03.08,00:00,6695.5,6870.0,6695.5,6857.0,13672
2012.03.09,00:00,6846.0,6910.0,6827.5,6888.5,13289
2012.03.12,00:00,6860.5,6920.0,6844.0,6914.5,11748
2012.03.13,00:00,6959.0,7059.5,6937.0,7050.5,13326
2012.03.14,00:00,7031.5,7111.5,7030.0,7089.0,9259
2012.03.15,00:00,7097.0,7174.5,7085.0,7163.5,9171
2012.03.16,00:00,7158.5,7206.5,7153.5,7168.5,11728
2012.03.19,00:00,7183.0,7183.0,7104.0,7164.0,10667
2012.03.20,00:00,7159.0,7159.0,7042.5,7082.5,12143
2012.03.21,00:00,7097.0,7125.0,7021.5,7071.0,12782
2012.03.22,00:00,7064.0,7086.5,6947.5,6998.5,14043
2012.03.23,00:00,6996.5,7038.0,6917.5,7025.5,14509
2012.03.26,00:00,7046.5,7120.0,6977.5,7114.0,12584
2012.03.27,00:00,7140.0,7163.0,7075.0,7079.0,13349
2012.03.28,00:00,7063.0,7120.0,6959.0,6990.5,15217
2012.03.29,00:00,6980.5,7003.0,6851.5,6919.0,15710
2012.03.30,00:00,6934.5,6972.5,6907.5,6961.5,13155
2012.04.02,00:00,6978.5,7099.5,6919.0,7074.5,14904
2012.04.03,00:00,7085.5,7090.5,6934.0,6969.0,15904
2012.04.04,00:00,6929.0,6953.5,6779.0,6797.5,17458
2012.04.05,00:00,6810.0,6838.5,6691.5,6759.5,15637
2012.04.06,00:00,6760.5,6760.5,6760.5,6760.5,1
2012.04.10,00:00,6684.5,6744.5,6564.5,6565.0,17653
2012.04.11,00:00,6601.5,6727.0,6598.0,6673.5,16410
2012.04.12,00:00,6688.5,6768.5,6654.0,6758.0,16217
2012.04.13,00:00,6759.0,6759.0,6555.0,6573.0,17445
2012.04.16,00:00,6572.0,6679.5,6533.5,6647.0,16448
2012.04.17,00:00,6629.5,6812.0,6620.5,6802.0,14356
2012.04.18,00:00,6807.5,6816.5,6720.5,6735.5,15427
2012.04.19,00:00,6751.0,6811.0,6634.5,6664.5,19064
2012.04.20,00:00,6688.0,6765.0,6654.5,6725.0,15564
2012.04.23,00:00,6707.5,6715.5,6501.5,6558.5,16214
2012.04.24,00:00,6564.0,6608.0,6510.0,6576.5,14716
2012.04.25,00:00,6610.0,6736.5,6599.0,6699.5,15776
2012.04.26,00:00,6702.5,6786.0,6643.5,6770.5,14118
2012.04.27,00:00,6714.0,6830.5,6653.0,6809.0,15344
2012.04.30,00:00,6821.5,6852.0,6752.0,6779.0,12385
2012.05.01,00:00,6780.5,6780.5,6780.5,6780.5,1
2012.05.02,00:00,6830.0,6878.0,6665.5,6748.5,14306
2012.05.03,00:00,6743.0,6794.0,6649.0,6675.0,14533
2012.05.04,00:00,6664.0,6687.0,6536.5,6541.5,14756
2012.05.07,00:00,6398.0,6594.5,6371.0,6586.0,12415
2012.05.08,00:00,6571.5,6577.5,6413.5,6507.5,16473
2012.05.09,00:00,6478.0,6507.0,6374.5,6478.0,19872
2012.05.10,00:00,6500.5,6550.5,6439.0,6505.5,18100
2012.05.11,00:00,6460.0,6588.5,6444.5,6529.5,17361
2012.05.14,00:00,6506.5,6523.5,6402.5,6426.5,16668
2012.05.15,00:00,6465.5,6508.5,6352.0,6371.5,17884
2012.05.16,00:00,6322.5,6441.5,6296.5,6354.5,18916
2012.05.17,00:00,6400.5,6419.5,6262.0,6262.0,18190
2012.05.18,00:00,6222.5,6333.5,6218.0,6223.5,18504
2012.05.21,00:00,6269.0,6365.0,6239.5,6360.0,14965
2012.05.22,00:00,6371.0,6443.5,6347.0,6374.0,16488
2012.05.23,00:00,6332.5,6371.5,6255.5,6362.5,19888
2012.05.24,00:00,6346.5,6351.5,6240.5,6294.5,19555
2012.05.25,00:00,6288.0,6405.0,6276.5,6313.0,16533
2012.05.28,00:00,6402.5,6424.5,6308.0,6339.0,8976
2012.05.29,00:00,6367.5,6439.5,6331.0,6412.5,16713
2012.05.30,00:00,6374.0,6391.0,6255.5,6276.5,19511
2012.05.31,00:00,6283.0,6319.0,6205.0,6269.5,17561
2012.06.01,00:00,6242.5,6257.5,6005.0,6027.5,21812
2012.06.04,00:00,5969.5,6028.0,5938.0,5998.5,14900
2012.06.05,00:00,6008.0,6022.5,5909.5,5997.5,15839
2012.06.06,00:00,6027.0,6132.0,5991.0,6130.5,18750
2012.06.07,00:00,6142.0,6228.0,6095.5,6124.5,18043
2012.06.08,00:00,6086.0,6167.0,6049.5,6158.5,17137
2012.06.11,00:00,6313.0,6313.0,6095.0,6099.0,19644
2012.06.12,00:00,6124.5,6209.0,6080.0,6186.5,19347
2012.06.13,00:00,6177.0,6218.5,6088.5,6121.0,18360
2012.06.14,00:00,6120.0,6164.5,6073.5,6137.0,18777
2012.06.15,00:00,6158.5,6214.5,6150.5,6212.0,5519
2012.06.18,00:00,6318.5,6335.0,6222.0,6242.5,20247
2012.06.19,00:00,6243.5,6380.5,6232.5,6354.5,16820
2012.06.20,00:00,6324.0,6419.5,6319.0,6386.5,16833
2012.06.21,00:00,6357.5,6427.5,6264.0,6268.5,16377
2012.06.22,00:00,6299.5,6318.5,6255.0,6288.5,14234
2012.06.25,00:00,6259.0,6266.0,6117.0,6134.5,14522
2012.06.26,00:00,6160.5,6179.5,6109.0,6161.5,14284
2012.06.27,00:00,6163.0,6243.0,6131.0,6229.0,13318
2012.06.28,00:00,6243.5,6246.0,6095.5,6180.0,16816
2012.06.29,00:00,6286.0,6432.0,6261.0,6428.5,15717
2012.07.02,00:00,6436.0,6523.0,6392.0,6520.5,13890
2012.07.03,00:00,6518.0,6593.0,6504.0,6582.5,10739
2012.07.04,00:00,6587.0,6587.0,6524.5,6566.5,8092
2012.07.05,00:00,6552.5,6643.0,6474.5,6521.0,16075
2012.07.06,00:00,6512.0,6533.0,6403.0,6428.0,13701
2012.07.09,00:00,6405.5,6420.5,6375.5,6405.0,12586
2012.07.10,00:00,6388.0,6490.0,6347.0,6406.5,14209
2012.07.11,00:00,6415.5,6496.5,6398.0,6460.0,14054
2012.07.12,00:00,6419.0,6458.5,6364.0,6445.5,14895
2012.07.13,00:00,6462.0,6573.5,6433.5,6566.5,12758
2012.07.16,00:00,6551.0,6575.0,6507.5,6554.5,11971
2012.07.17,00:00,6583.0,6625.5,6538.5,6611.0,13539
2012.07.18,00:00,6588.5,6694.5,6575.5,6688.0,13008
2012.07.19,00:00,6709.0,6771.0,6695.5,6758.5,13239
2012.07.20,00:00,6738.0,6775.5,6618.0,6630.0,14835
2012.07.23,00:00,6530.5,6571.5,6367.5,6429.5,18374
2012.07.24,00:00,6436.5,6453.5,6314.0,6365.0,17513
2012.07.25,00:00,6341.0,6473.0,6337.5,6405.5,17628
2012.07.26,00:00,6404.0,6593.0,6319.5,6566.5,20025
2012.07.27,00:00,6607.5,6813.0,6510.0,6779.5,18709
2012.07.30,00:00,6752.5,6793.5,6699.5,6760.0,15947
2012.07.31,00:00,6806.0,6833.5,6752.5,6755.5,16128
2012.08.01,00:00,6772.5,6799.0,6723.0,6745.0,14496
2012.08.02,00:00,6762.5,6851.5,6548.5,6590.0,19649
2012.08.03,00:00,6607.0,6883.0,6602.5,6859.5,16045
2012.08.06,00:00,6865.5,6940.5,6843.5,6904.0,12886
2012.08.07,00:00,6907.0,6986.0,6894.5,6957.0,12951
2012.08.08,00:00,6954.5,6967.5,6904.0,6948.0,12548
2012.08.09,00:00,6978.5,6999.5,6887.0,6946.5,12973
2012.08.10,00:00,6921.5,6964.5,6888.0,6964.0,10943
2012.08.13,00:00,6935.0,6975.0,6879.0,6927.5,11039
2012.08.14,00:00,6959.5,6992.5,6935.0,6956.5,11396
2012.08.15,00:00,6940.0,6971.0,6906.0,6943.0,10338
2012.08.16,00:00,6979.0,7014.0,6925.0,6997.5,11100
2012.08.17,00:00,7004.5,7049.5,6996.0,7046.5,10762
2012.08.20,00:00,7043.0,7083.0,7006.5,7035.5,10816
2012.08.21,00:00,7044.5,7103.0,7039.0,7060.0,11700
2012.08.22,00:00,7043.5,7057.5,7002.0,7042.0,13327
2012.08.23,00:00,7073.5,7079.0,6920.0,6942.5,13462
2012.08.24,00:00,6954.0,6988.5,6882.0,6961.0,12545
2012.08.27,00:00,6964.0,7047.0,6942.5,7013.5,9398
2012.08.28,00:00,7007.0,7027.5,6971.5,6996.5,12591
2012.08.29,00:00,7006.5,7027.5,6943.0,7001.0,11179
2012.08.30,00:00,6965.5,6977.5,6867.5,6896.5,11037
2012.08.31,00:00,6903.5,7010.0,6887.0,6954.5,13715
2012.09.03,00:00,6947.0,7014.5,6937.0,7009.5,7123
2012.09.04,00:00,6999.0,7015.0,6916.5,6953.0,11958
2012.09.05,00:00,6939.5,6999.5,6889.5,6957.5,13876
2012.09.06,00:00,6986.5,7170.5,6974.0,7160.5,15060
2012.09.07,00:00,7165.0,7245.0,7162.5,7226.0,13947
2012.09.10,00:00,7204.0,7230.5,7182.0,7187.0,9045
2012.09.11,00:00,7177.5,7311.0,7170.5,7295.5,12859
2012.09.12,00:00,7309.5,7407.5,7304.0,7335.5,14556
2012.09.13,00:00,7336.0,7401.5,7276.5,7382.5,12461
2012.09.14,00:00,7417.5,7443.0,7378.0,7390.0,13719
2012.09.17,00:00,7379.0,7411.0,7365.5,7387.0,10151
2012.09.18,00:00,7383.5,7385.5,7301.5,7355.0,11234
2012.09.19,00:00,7387.5,7399.5,7323.0,7378.0,11457
2012.09.20,00:00,7348.0,7401.0,7309.5,7397.0,8782
2012.09.21,00:00,7425.0,7478.5,7391.0,7441.5,13949
2012.09.24,00:00,7418.0,7441.0,7386.5,7421.0,12234
2012.09.25,00:00,7430.5,7439.5,7348.0,7351.5,13560
2012.09.26,00:00,7362.0,7371.5,7255.5,7284.5,14043
2012.09.27,00:00,7330.0,7347.0,7268.0,7328.5,14568
2012.09.28,00:00,7346.5,7347.0,7216.5,7235.5,16025
2012.10.01,00:00,7207.0,7338.5,7207.0,7276.5,14754
2012.10.02,00:00,7282.5,7373.0,7265.5,7313.5,14876
2012.10.03,00:00,7300.0,7339.5,7271.5,7318.5,14142
2012.10.04,00:00,7351.5,7373.5,7282.0,7327.5,13713
2012.10.05,00:00,7335.5,7408.5,7312.0,7361.5,13190
2012.10.08,00:00,7346.0,7354.5,7283.5,7302.5,11706
2012.10.09,00:00,7323.5,7325.5,7217.5,7219.0,14139
2012.10.10,00:00,7220.0,7245.0,7182.0,7194.5,13596
2012.10.11,00:00,7193.5,7304.5,7180.0,7252.5,13627
2012.10.12,00:00,7267.0,7290.0,7229.0,7244.0,13798
2012.10.15,00:00,7233.0,7301.5,7219.0,7296.0,12982
2012.10.16,00:00,7315.0,7389.5,7292.5,7383.0,12510
2012.10.17,00:00,7386.0,7396.0,7366.0,7388.5,12602
2012.10.18,00:00,7415.0,7445.5,7388.0,7418.5,13339
2012.10.19,00:00,7412.0,7429.5,7327.5,7350.0,14299
2012.10.22,00:00,7363.0,7388.5,7299.5,7344.5,13234
2012.10.23,00:00,7338.0,7342.5,7150.5,7190.5,15745
2012.10.24,00:00,7208.5,7213.0,7117.0,7163.5,14839
2012.10.25,00:00,7202.5,7255.0,7179.5,7212.5,13533
2012.10.26,00:00,7146.0,7255.0,7144.5,7240.5,15549
2012.10.29,00:00,7220.5,7223.5,7169.0,7204.0,6838
2012.10.30,00:00,7194.5,7290.5,7194.5,7281.5,6335
2012.10.31,00:00,7282.5,7345.5,7251.0,7272.0,12692
2012.11.01,00:00,7264.5,7355.0,7242.5,7339.0,12266
2012.11.02,00:00,7343.0,7388.5,7311.5,7323.5,13349
2012.11.05,00:00,7318.0,7335.5,7302.5,7329.5,10855
2012.11.06,00:00,7353.5,7416.0,7316.5,7400.5,10661
2012.11.07,00:00,7411.0,7435.5,7220.0,7269.0,17670
2012.11.08,00:00,7257.5,7284.5,7181.0,7208.0,15993
2012.11.09,00:00,7226.0,7233.0,7060.5,7152.0,17964
2012.11.12,00:00,7164.0,7198.0,7134.5,7181.5,11774
2012.11.13,00:00,7142.5,7183.0,7072.0,7151.0,15301
2012.11.14,00:00,7149.5,7181.0,7078.0,7083.0,15648
2012.11.15,00:00,7047.0,7076.0,7008.5,7026.0,15266
2012.11.16,00:00,7029.5,7055.5,6945.0,6978.0,17722
2012.11.19,00:00,7010.5,7127.0,7002.5,7120.5,11901
2012.11.20,00:00,7100.0,7183.5,7089.0,7162.0,13665
2012.11.21,00:00,7138.0,7192.0,7132.5,7180.0,12225
2012.11.22,00:00,7209.5,7250.5,7203.0,7241.5,6275
2012.11.23,00:00,7255.5,7328.5,7217.0,7321.0,9540
2012.11.26,00:00,7289.0,7311.5,7270.5,7307.5,10604
2012.11.27,00:00,7327.5,7360.0,7303.5,7330.5,12019
2012.11.28,00:00,7311.5,7367.5,7261.5,7363.0,13294
2012.11.29,00:00,7388.5,7413.5,7367.0,7391.0,13356
2012.11.30,00:00,7392.5,7441.0,7387.0,7403.0,11690
2012.12.03,00:00,7422.5,7485.0,7413.5,7425.5,11945
2012.12.04,00:00,7414.5,7463.5,7411.0,7444.0,11655
2012.12.05,00:00,7489.0,7493.5,7425.0,7479.5,12528
2012.12.06,00:00,7466.5,7553.5,7457.5,7543.5,13269
2012.12.07,00:00,7543.0,7551.0,7498.5,7519.0,11916
2012.12.10,00:00,7520.0,7534.0,7455.0,7528.0,10417
2012.12.11,00:00,7529.0,7594.5,7517.5,7581.0,10376
2012.12.12,00:00,7591.5,7640.0,7583.5,7617.0,9852
2012.12.13,00:00,7599.0,7617.0,7559.0,7565.5,10427
2012.12.14,00:00,7585.5,7617.5,7567.5,7595.5,9420
2012.12.17,00:00,7607.0,7624.5,7562.0,7601.0,9573
2012.12.18,00:00,7646.0,7664.5,7622.0,7658.5,8594
2012.12.19,00:00,7668.0,7679.5,7653.0,7663.5,8862
2012.12.20,00:00,7641.0,7689.5,7633.0,7687.0,8567
2012.12.21,00:00,7609.5,7663.5,7592.5,7649.0,8064
2012.12.27,00:00,7627.5,7681.5,7626.5,7657.0,9023
2012.12.28,00:00,7662.0,7671.0,7608.5,7621.5,4468
2013.01.03,00:00,7766.0,7777.0,7738.0,7753.5,7823
2013.01.04,00:00,7743.5,7783.0,7726.5,7778.5,8203
2013.01.07,00:00,7761.5,7774.0,7711.5,7732.5,7611
2013.01.08,00:00,7710.5,7754.5,7682.5,7703.0,7859
2013.01.09,00:00,7711.0,7734.5,7688.5,7709.0,6986
2013.01.10,00:00,7740.5,7775.0,7684.0,7728.0,9384
2013.01.11,00:00,7726.5,7731.0,7683.0,7716.0,8552
2013.01.14,00:00,7739.5,7786.5,7701.5,7736.0,7450
2013.01.15,00:00,7716.5,7735.0,7633.5,7692.5,9574
2013.01.16,00:00,7672.0,7695.0,7642.5,7685.5,9341
2013.01.17,00:00,7672.5,7764.5,7660.5,7732.0,8870
2013.01.18,00:00,7738.0,7752.5,7703.0,7723.5,9640
2013.01.21,00:00,7720.0,7756.0,7717.0,7745.0,3970
2013.01.22,00:00,7738.0,7747.0,7631.0,7715.5,10105
2013.01.23,00:00,7711.0,7730.5,7683.0,7717.0,8849
2013.01.24,00:00,7701.5,7754.5,7658.0,7731.5,9253
2013.01.25,00:00,7749.0,7862.5,7736.5,7856.5,10947
2013.01.28,00:00,7879.0,7879.0,7829.5,7841.5,8671
2013.01.29,00:00,7846.0,7854.5,7798.0,7846.5,8575
2013.01.30,00:00,7853.5,7862.5,7771.0,7804.0,9974
2013.01.31,00:00,7783.5,7809.5,7762.5,7778.5,9976
2013.02.01,00:00,7792.5,7852.0,7782.0,7835.0,11216
2013.02.04,00:00,7827.0,7834.5,7599.0,7640.5,12546
2013.02.05,00:00,7622.0,7678.5,7618.0,7670.5,10635
2013.02.06,00:00,7671.0,7690.5,7533.0,7573.0,14122
2013.02.07,00:00,7576.5,7658.0,7561.5,7602.5,13249
2013.02.08,00:00,7614.5,7651.0,7572.5,7643.0,9789
2013.02.11,00:00,7649.5,7673.0,7593.5,7612.5,8875
2013.02.12,00:00,7613.0,7665.0,7589.0,7659.0,9734
2013.02.13,00:00,7658.0,7733.5,7646.0,7702.0,9580
2013.02.14,00:00,7693.5,7724.5,7603.0,7639.5,10828
2013.02.15,00:00,7629.0,7647.0,7566.5,7573.0,10894
2013.02.18,00:00,7603.5,7628.5,7564.5,7623.0,5753
2013.02.19,00:00,7616.0,7760.0,7605.5,7742.0,10349
2013.02.20,00:00,7751.5,7780.0,7706.5,7721.5,10276
2013.02.21,00:00,7683.0,7694.0,7558.0,7587.5,12735
2013.02.22,00:00,7618.5,7682.5,7604.0,7677.0,11863
2013.02.25,00:00,7699.5,7859.0,7644.0,7674.0,16942
2013.02.26,00:00,7606.5,7670.5,7584.0,7627.0,15210
2013.02.27,00:00,7621.5,7711.0,7560.0,7709.0,13904
2013.02.28,00:00,7718.5,7780.5,7687.5,7761.5,11341
2013.03.01,00:00,7727.0,7764.0,7624.0,7706.0,14369
2013.03.04,00:00,7665.0,7724.5,7632.0,7720.0,12363
2013.03.05,00:00,7744.5,7880.5,7734.0,7843.0,11767
2013.03.06,00:00,7850.0,7973.5,7847.0,7933.5,10912
2013.03.07,00:00,7933.0,7953.0,7906.0,7938.5,9503
2013.03.08,00:00,7942.0,8016.5,7939.5,7975.5,10088
2013.03.11,00:00,7993.0,8010.0,7966.5,7994.5,4867
2013.03.12,00:00,7990.0,8011.0,7943.0,7971.5,5582
2013.03.13,00:00,7985.0,7995.0,7949.5,7989.5,5074
2013.03.14,00:00,8002.5,8069.0,7993.0,8060.5,5472
2013.03.15,00:00,8075.5,8084.5,8003.5,8046.5,10107
2013.03.18,00:00,7857.0,8028.5,7857.0,7997.5,11770
2013.03.19,00:00,7993.0,8010.5,7928.5,7963.0,12720
2013.03.20,00:00,7972.0,8040.0,7970.5,8010.5,10952
2013.03.21,00:00,7997.5,8009.5,7894.5,7925.0,13468
2013.03.22,00:00,7911.0,7962.5,7886.0,7937.0,12095
2013.03.25,00:00,8010.5,8039.0,7856.5,7880.5,14232
2013.03.26,00:00,7901.5,7922.5,7868.0,7898.5,12488
2013.03.27,00:00,7910.5,7927.0,7757.5,7811.0,14377
2013.03.28,00:00,7806.0,7853.5,7783.0,7826.5,11260
2013.04.02,00:00,7796.5,7958.5,7789.5,7933.5,10807
2013.04.03,00:00,7919.5,7963.0,7863.0,7888.0,11089
2013.04.04,00:00,7898.5,7937.5,7813.5,7833.5,14465
2013.04.05,00:00,7816.5,7833.5,7640.5,7667.5,14653
2013.04.08,00:00,7669.5,7706.0,7653.0,7681.0,9541
2013.04.09,00:00,7710.0,7730.5,7615.0,7679.5,11051
2013.04.10,00:00,7660.0,7830.5,7660.0,7823.0,10991
2013.04.11,00:00,7819.0,7893.0,7793.0,7853.5,10512
2013.04.12,00:00,7836.0,7844.5,7731.0,7777.0,12409
2013.04.15,00:00,7755.5,7780.0,7657.5,7673.0,14247
2013.04.16,00:00,7688.5,7747.0,7644.0,7702.0,13716
2013.04.17,00:00,7704.5,7736.0,7478.5,7518.5,17861
2013.04.18,00:00,7524.5,7561.5,7441.5,7463.0,16025
2013.04.19,00:00,7501.0,7535.5,7422.0,7466.5,14610
2013.04.22,00:00,7509.5,7541.5,7440.5,7508.0,13618
2013.04.23,00:00,7482.5,7669.0,7447.5,7665.5,15554
2013.04.24,00:00,7676.0,7781.0,7657.0,7781.0,13567
2013.04.25,00:00,7768.0,7856.5,7746.0,7836.0,12507
2013.04.26,00:00,7816.5,7843.5,7771.0,7835.5,11703
2013.04.29,00:00,7836.5,7929.5,7824.5,7923.0,10767
2013.04.30,00:00,7916.0,7966.5,7893.5,7926.0,10830
2013.05.02,00:00,7900.5,8008.0,7894.5,7972.0,13302
2013.05.03,00:00,7976.5,8131.5,7957.5,8120.5,11890
2013.05.06,00:00,8128.5,8147.5,8102.0,8118.5,5499
2013.05.07,00:00,8120.5,8205.5,8116.0,8188.0,8877
2013.05.08,00:00,8188.5,8251.5,8163.5,8237.0,9387
2013.05.09,00:00,8244.5,8275.5,8222.0,8244.0,9009
2013.05.10,00:00,8272.5,8356.0,8249.5,8283.5,13314
2013.05.13,00:00,8277.5,8292.5,8214.5,8288.0,10245
2013.05.14,00:00,8296.0,8341.0,8231.5,8331.0,10838
2013.05.15,00:00,8341.5,8372.0,8296.0,8352.5,9954
2013.05.16,00:00,8348.0,8400.0,8320.5,8348.0,10848
2013.05.17,00:00,8350.0,8430.0,8324.0,8429.5,11389
2013.05.20,00:00,8444.5,8458.5,8396.5,8439.0,8703
2013.05.21,00:00,8432.0,8479.5,8394.5,8464.5,10583
2013.05.22,00:00,8465.0,8556.5,8432.5,8481.5,14438
2013.05.23,00:00,8387.5,8420.5,8277.5,8373.5,16783
2013.05.24,00:00,8381.5,8395.0,8258.5,8318.5,13772
2013.05.27,00:00,8338.0,8386.0,8328.0,8380.0,4523
2013.05.28,00:00,8398.5,8526.0,8392.5,8464.5,12387
2013.05.29,00:00,8437.0,8446.5,8313.5,8348.5,14642
2013.05.30,00:00,8324.0,8419.0,8295.0,8412.0,13274
2013.05.31,00:00,8394.0,8402.0,8294.5,8323.5,14413
2013.06.03,00:00,8312.0,8394.0,8212.0,8319.5,16373
2013.06.04,00:00,8340.0,8384.0,8236.5,8264.0,14952
2013.06.05,00:00,8235.5,8291.5,8170.5,8179.5,16911
2013.06.06,00:00,8183.0,8232.5,8048.5,8121.0,16350
2013.06.07,00:00,8128.0,8278.5,8031.5,8249.0,15704
2013.06.10,00:00,8241.5,8354.5,8235.0,8302.0,12492
2013.06.11,00:00,8273.5,8278.5,8137.5,8188.0,15949
2013.06.12,00:00,8194.0,8243.5,8107.5,8122.0,15831
2013.06.13,00:00,8024.0,8133.5,7963.0,8131.0,17036
2013.06.14,00:00,8136.5,8183.5,8075.0,8092.5,14197
2013.06.17,00:00,8135.5,8262.5,8135.5,8169.0,13259
2013.06.18,00:00,8200.5,8239.0,8170.5,8234.5,12627
2013.06.19,00:00,8236.5,8280.5,8154.0,8160.0,14294
2013.06.20,00:00,8055.5,8071.0,7883.0,7883.0,17617
2013.06.21,00:00,7893.5,7981.0,7774.0,7839.5,16497
2013.06.24,00:00,7764.0,7827.0,7656.5,7751.0,18282
2013.06.25,00:00,7715.5,7845.0,7710.5,7822.5,14482
2013.06.26,00:00,7815.5,7960.0,7802.0,7950.0,13514
2013.06.27,00:00,7953.0,8026.0,7919.5,7975.0,12019
2013.06.28,00:00,8000.0,8040.5,7905.0,7957.0,13734
2013.07.01,00:00,7952.0,8024.0,7889.0,7972.0,14179
2013.07.02,00:00,7976.0,7992.5,7845.5,7861.5,13789
2013.07.03,00:00,7862.0,7874.0,7730.5,7843.5,13635
2013.07.04,00:00,7863.5,8017.0,7861.0,8004.0,9050
2013.07.05,00:00,8013.0,8033.0,7803.0,7847.0,15171
2013.07.08,00:00,7863.5,8015.0,7843.0,7975.5,11926
2013.07.09,00:00,8020.0,8087.0,8003.0,8067.5,10978
2013.07.10,00:00,8052.5,8096.0,7988.0,8057.5,10813
2013.07.11,00:00,8188.0,8202.0,8127.5,8189.0,10567
2013.07.12,00:00,8178.0,8241.0,8173.5,8207.5,9740
2013.07.15,00:00,8233.5,8270.0,8209.0,8240.0,8454
2013.07.16,00:00,8236.0,8258.0,8175.5,8208.5,9406
2013.07.17,00:00,8205.0,8268.0,8135.5,8250.0,11502
2013.07.18,00:00,8234.0,8337.0,8214.0,8328.0,10952
2013.07.19,00:00,8293.5,8336.5,8283.5,8329.0,10919
2013.07.22,00:00,8361.0,8376.5,8308.5,8327.5,9607
2013.07.23,00:00,8352.0,8365.0,8304.5,8330.5,9523
2013.07.24,00:00,8314.5,8414.5,8314.5,8362.5,11781
2013.07.25,00:00,8369.0,8370.0,8263.0,8318.5,12429
2013.07.26,00:00,8335.0,8360.0,8214.0,8276.0,10692
2013.07.29,00:00,8263.5,8325.0,8243.5,8273.5,9577
2013.07.30,00:00,8286.5,8335.5,8242.5,8255.5,10110
2013.07.31,00:00,8262.5,8302.0,8210.0,8301.0,11308
2013.08.01,00:00,8319.5,8450.5,8307.0,8439.0,11120
2013.08.02,00:00,8438.0,8442.0,8375.0,8416.0,9439
2013.08.05,00:00,8421.0,8433.0,8364.5,8399.5,7750
2013.08.06,00:00,8397.0,8436.0,8265.5,8294.0,8825
2013.08.07,00:00,8245.0,8280.0,8227.5,8263.0,9633
2013.08.08,00:00,8279.0,8349.5,8248.5,8337.0,9260
2013.08.09,00:00,8333.0,8372.0,8281.5,8354.0,11086
2013.08.12,00:00,8352.0,8369.5,8234.5,8348.0,11853
2013.08.13,00:00,8404.5,8443.0,8379.0,8435.5,10825
2013.08.14,00:00,8440.5,8456.5,8397.5,8438.5,10684
2013.08.15,00:00,8434.0,8434.0,8304.0,8361.5,12608
2013.08.16,00:00,8350.0,8399.5,8327.5,8386.0,12111
2013.08.19,00:00,8375.0,8393.0,8323.5,8354.5,11168
2013.08.20,00:00,8314.5,8318.0,8241.5,8295.0,13025
2013.08.21,00:00,8296.0,8340.0,8262.5,8323.5,13350
2013.08.22,00:00,8253.5,8421.5,8251.5,8403.5,12692
2013.08.23,00:00,8420.0,8436.0,8355.5,8414.0,12154
2013.08.26,00:00,8428.0,8442.5,8383.0,8430.5,5620
2013.08.27,00:00,8373.0,8421.0,8189.5,8208.0,16034
2013.08.28,00:00,8218.0,8235.0,8092.0,8141.5,14482
2013.08.29,00:00,8142.5,8196.0,8127.5,8173.0,12406
2013.08.30,00:00,8209.0,8209.0,8087.0,8109.0,13983
2013.09.02,00:00,8182.5,8265.0,8169.5,8236.5,8029
2013.09.03,00:00,8251.0,8273.0,8135.5,8171.0,14949
2013.09.04,00:00,8191.5,8212.5,8091.0,8199.5,12169
2013.09.05,00:00,8219.0,8254.5,8160.0,8228.0,12515
2013.09.06,00:00,8207.0,8294.0,8168.5,8258.5,14458
2013.09.09,00:00,8283.5,8312.5,8242.5,8300.5,10388
2013.09.10,00:00,8322.5,8461.0,8320.5,8452.5,12756
2013.09.11,00:00,8465.0,8508.5,8442.5,8495.0,10543
2013.09.12,00:00,8502.0,8513.0,8464.0,8491.0,9729
2013.09.13,00:00,8472.0,8515.0,8453.0,8504.5,8553
2013.09.16,00:00,8617.0,8622.0,8573.5,8601.0,9676
2013.09.17,00:00,8599.5,8614.0,8582.0,8612.5,7333
2013.09.18,00:00,8622.0,8750.5,8591.0,8745.5,9458
2013.09.19,00:00,8743.0,8768.0,8663.0,8676.5,9987
2013.09.20,00:00,8695.5,8715.5,8667.0,8676.5,9937
2013.09.23,00:00,8680.0,8700.5,8605.5,8649.5,10126
2013.09.24,00:00,8648.5,8688.0,8634.0,8674.5,9345
2013.09.25,00:00,8664.5,8683.0,8610.5,8656.5,11810
2013.09.26,00:00,8654.0,8692.5,8627.5,8662.0,9977
2013.09.27,00:00,8665.5,8690.5,8611.5,8664.0,10526
2013.09.30,00:00,8585.0,8618.0,8547.5,8607.5,13279
2013.10.01,00:00,8623.0,8698.5,8611.0,8679.0,11664
2013.10.02,00:00,8679.5,8681.5,8580.5,8641.0,13153
2013.10.03,00:00,8634.0,8654.0,8564.5,8597.5,11842
2013.10.04,00:00,8578.5,8644.5,8569.5,8642.0,10298
2013.10.07,00:00,8590.5,8605.0,8507.0,8596.0,11076
2013.10.08,00:00,8585.0,8610.5,8526.5,8535.0,13186
2013.10.09,00:00,8555.0,8590.0,8488.0,8552.0,13402
2013.10.10,00:00,8565.5,8703.0,8546.5,8697.5,13114
2013.10.11,00:00,8725.0,8743.5,8695.0,8736.5,9671
2013.10.14,00:00,8685.0,8756.5,8674.5,8747.0,9336
2013.10.15,00:00,8749.0,8820.0,8742.0,8787.5,12972
2013.10.16,00:00,8798.5,8862.0,8781.5,8835.5,11489
2013.10.17,00:00,8826.5,8841.0,8763.5,8811.5,10975
2013.10.18,00:00,8842.0,8865.0,8803.0,8856.5,10221
2013.10.21,00:00,8868.5,8878.5,8832.5,8855.0,9313
2013.10.22,00:00,8862.5,8986.0,8847.0,8944.0,11690
2013.10.23,00:00,8913.0,8931.5,8894.5,8926.0,10525
2013.10.24,00:00,8960.0,8994.5,8948.0,8978.5,9896
2013.10.25,00:00,8936.5,9008.0,8936.5,8992.0,9647
2013.10.28,00:00,9021.0,9028.0,8949.0,8980.0,8559
2013.10.29,00:00,8984.0,9023.5,8960.0,9023.5,9451
2013.10.30,00:00,9037.5,9069.5,8975.0,8995.5,12597
2013.10.31,00:00,8972.0,9051.0,8972.0,9020.5,12247
2013.11.01,00:00,9030.0,9045.5,8991.0,9030.0,11356
2013.11.04,00:00,9035.5,9050.5,9017.5,9043.0,8362
2013.11.05,00:00,9052.5,9053.5,8962.0,9013.5,10522
2013.11.06,00:00,9043.0,9063.5,9019.5,9038.0,9619
2013.11.07,00:00,9029.0,9193.0,9021.0,9037.0,15328
2013.11.08,00:00,9028.0,9091.0,8986.0,9085.0,14032
2013.11.11,00:00,9083.0,9121.5,9062.0,9113.5,7847
2013.11.12,00:00,9114.5,9122.5,9056.5,9074.5,9851
2013.11.13,00:00,9051.5,9098.5,8979.5,9084.0,11600
2013.11.14,00:00,9103.0,9153.0,9100.0,9140.0,10915
2013.11.15,00:00,9150.0,9187.5,9132.5,9169.0,9137
2013.11.18,00:00,9162.5,9253.0,9138.0,9214.5,10079
2013.11.19,00:00,9198.5,9216.0,9160.5,9178.5,10513
2013.11.20,00:00,9168.5,9235.0,9160.0,9177.5,11566
2013.11.21,00:00,9148.5,9209.5,9114.5,9204.0,10771
2013.11.22,00:00,9210.5,9228.0,9167.5,9221.5,10260
2013.11.25,00:00,9237.0,9323.0,9234.0,9293.5,7671
2013.11.26,00:00,9295.0,9315.0,9286.0,9305.0,8232
2013.11.27,00:00,9309.5,9363.5,9295.5,9354.5,7500
2013.11.28,00:00,9351.5,9399.0,9351.5,9390.5,4517
2013.11.29,00:00,9381.0,9424.0,9378.5,9407.5,5648
2013.12.02,00:00,9408.0,9425.0,9383.0,9401.0,8422
2013.12.03,00:00,9381.0,9402.0,9200.5,9221.0,12256
2013.12.04,00:00,9231.5,9260.0,9063.0,9123.5,14952
2013.12.05,00:00,9116.0,9171.0,9074.5,9078.5,13277
2013.12.06,00:00,9105.5,9212.5,9082.0,9199.5,11021
2013.12.09,00:00,9215.0,9224.5,9169.0,9187.5,8950
2013.12.10,00:00,9188.5,9221.0,9087.5,9114.5,10185
2013.12.11,00:00,9109.0,9151.5,9040.5,9058.5,10671
2013.12.12,00:00,9024.5,9059.0,8980.0,9020.0,13203
2013.12.13,00:00,9023.5,9044.5,8987.0,9021.5,10063
2013.12.16,00:00,8990.5,9185.0,8982.5,9157.5,10870
2013.12.17,00:00,9150.0,9160.0,9078.0,9105.0,9649
2013.12.18,00:00,9120.0,9253.0,9119.0,9233.5,11423
2013.12.19,00:00,9248.5,9349.5,9248.5,9336.5,11003
2013.12.20,00:00,9371.5,9425.5,9361.5,9414.5,9635
2013.12.23,00:00,9447.5,9511.5,9430.5,9498.0,6956
2013.12.27,00:00,9562.0,9600.5,9556.0,9597.5,6200
2013.12.30,00:00,9593.0,9610.0,9562.5,9609.0,6240
2014.01.02,00:00,9635.5,9638.5,9378.5,9390.5,10792
2014.01.03,00:00,9383.0,9457.5,9374.0,9442.5,9388
2014.01.06,00:00,9428.5,9474.5,9403.0,9451.5,10294
2014.01.07,00:00,9446.0,9522.5,9420.5,9502.5,9091
2014.01.08,00:00,9506.5,9529.0,9470.5,9501.5,10755
2014.01.09,00:00,9488.5,9553.5,9406.5,9453.0,12436
2014.01.10,00:00,9474.0,9534.5,9445.0,9492.5,12582
2014.01.13,00:00,9492.0,9521.5,9452.0,9455.5,9976
2014.01.14,00:00,9440.0,9569.5,9385.0,9561.5,12167
2014.01.15,00:00,9580.0,9767.5,9569.5,9767.0,11101
2014.01.16,00:00,9760.5,9764.0,9707.0,9740.0,10766
2014.01.17,00:00,9735.5,9795.0,9711.0,9725.5,11434
2014.01.20,00:00,9720.0,9737.5,9675.5,9723.0,5814
2014.01.21,00:00,9749.5,9798.0,9716.5,9758.0,10481
2014.01.22,00:00,9768.5,9771.0,9680.5,9740.0,11476
2014.01.23,00:00,9709.5,9733.5,9599.5,9639.0,14345
2014.01.24,00:00,9664.0,9671.0,9375.5,9383.5,21284
2014.01.27,00:00,9339.5,9409.5,9287.5,9376.5,22526
2014.01.28,00:00,9357.0,9464.5,9350.5,9458.5,16215
2014.01.29,00:00,9494.0,9539.0,9223.0,9295.5,24283
2014.01.30,00:00,9319.5,9432.0,9269.0,9407.0,16734
2014.01.31,00:00,9371.5,9381.0,9165.5,9311.0,21685
2014.02.03,00:00,9286.5,9358.0,9110.0,9114.5,21444
2014.02.04,00:00,9115.0,9168.0,9071.5,9142.5,19485
2014.02.05,00:00,9109.5,9154.5,9082.0,9125.5,18436
2014.02.06,00:00,9126.0,9273.5,9124.5,9265.0,18305
2014.02.07,00:00,9283.0,9339.5,9222.5,9336.0,15788
2014.02.10,00:00,9345.5,9347.5,9279.0,9299.0,14022
2014.02.11,00:00,9324.0,9504.5,9324.0,9502.5,14417
2014.02.12,00:00,9506.0,9596.0,9492.0,9545.5,13495
2014.02.13,00:00,9513.5,9639.5,9478.0,9632.5,13971
2014.02.14,00:00,9610.0,9677.0,9592.0,9673.0,12490
2014.02.17,00:00,9654.0,9681.5,9643.5,9660.5,4993
2014.02.18,00:00,9673.0,9692.0,9612.0,9652.5,12260
2014.02.19,00:00,9637.0,9697.0,9595.0,9625.0,14451
2014.02.20,00:00,9563.0,9619.5,9501.0,9615.0,14749
2014.02.21,00:00,9650.5,9667.5,9597.0,9631.5,12733
2014.02.24,00:00,9625.0,9733.5,9601.0,9715.5,11513
2014.02.25,00:00,9695.5,9711.5,9627.5,9674.0,13011
2014.02.26,00:00,9712.0,9720.0,9609.5,9638.0,12343
2014.02.27,00:00,9652.0,9672.5,9495.5,9591.5,17019
2014.02.28,00:00,9616.0,9693.0,9562.5,9647.0,13901
2014.03.03,00:00,9521.5,9541.5,9318.5,9356.0,22268
2014.03.04,00:00,9415.5,9588.0,9412.0,9561.0,16650
2014.03.05,00:00,9554.5,9597.5,9521.5,9535.5,12569
2014.03.06,00:00,9561.5,9586.0,9500.5,9524.5,12095
2014.03.07,00:00,9544.5,9552.5,9342.5,9376.0,15618
2014.03.10,00:00,9349.0,9379.5,9211.5,9288.0,15948
2014.03.11,00:00,9290.0,9373.5,9253.5,9286.5,14096
2014.03.12,00:00,9269.5,9269.5,9138.0,9199.5,17535
2014.03.13,00:00,9217.0,9224.5,8924.5,8949.5,18722
2014.03.14,00:00,8938.0,9091.5,8906.0,9034.5,18814
2014.03.17,00:00,9068.5,9194.5,9049.5,9184.0,14937
2014.03.18,00:00,9185.0,9313.0,9099.5,9258.0,15005
2014.03.19,00:00,9252.0,9324.0,9168.5,9224.5,12958
2014.03.20,00:00,9192.5,9298.0,9151.5,9285.0,13451
2014.03.21,00:00,9331.5,9394.0,9285.0,9296.0,13170
2014.03.24,00:00,9332.0,9377.0,9194.0,9229.0,19650
2014.03.25,00:00,9236.0,9399.0,9230.0,9386.0,17021
2014.03.26,00:00,9409.0,9505.5,9375.5,9429.5,18176
2014.03.27,00:00,9432.5,9486.5,9412.5,9462.5,19758
2014.03.28,00:00,9481.5,9607.5,9470.0,9586.0,14463
2014.03.31,00:00,9642.0,9650.5,9558.5,9584.5,14249
2014.04.01,00:00,9603.5,9647.5,9591.0,9626.5,11594
2014.04.02,00:00,9656.0,9663.0,9623.0,9646.0,11934
2014.04.03,00:00,9651.0,9707.0,9607.5,9640.5,13124
2014.04.04,00:00,9657.5,9737.0,9632.0,9647.5,15363
2014.04.07,00:00,9625.0,9637.5,9467.5,9504.5,19398
2014.04.08,00:00,9531.0,9544.0,9408.0,9484.0,17822
2014.04.09,00:00,9499.0,9561.0,9494.5,9545.0,13381
2014.04.10,00:00,9553.0,9597.0,9379.0,9389.0,19573
2014.04.11,00:00,9368.0,9404.5,9272.5,9286.5,22982
2014.04.14,00:00,9271.5,9359.0,9209.5,9322.5,18985
2014.04.15,00:00,9355.5,9359.0,9099.0,9197.5,23940
2014.04.16,00:00,9270.5,9361.0,9233.0,9350.5,17952
2014.04.17,00:00,9323.0,9479.0,9288.5,9464.5,14300
2014.04.18,00:00,9457.5,9457.5,9457.5,9457.5,1
2014.04.22,00:00,9468.0,9626.5,9449.5,9617.5,11428
2014.04.23,00:00,9624.5,9629.5,9552.0,9568.0,12081
2014.04.24,00:00,9610.0,9659.5,9420.5,9531.0,15970
2014.04.25,00:00,9531.5,9531.5,9378.0,9413.0,17258
2014.04.28,00:00,9429.0,9509.5,9384.5,9438.5,16901
2014.04.29,00:00,9503.5,9623.5,9491.5,9604.0,16057
2014.04.30,00:00,9582.0,9635.0,9569.5,9625.5,15036
2014.05.02,00:00,9639.5,9641.5,9539.5,9557.0,14997
2014.05.05,00:00,9559.5,9559.5,9411.5,9542.5,7540
2014.05.06,00:00,9584.0,9591.0,9440.0,9459.0,15340
2014.05.07,00:00,9424.0,9559.5,9398.0,9540.5,19108
2014.05.08,00:00,9560.0,9628.0,9490.5,9567.0,15611
2014.05.09,00:00,9576.0,9621.5,9561.5,9602.5,14896
2014.05.12,00:00,9629.0,9716.0,9589.0,9712.5,12014
2014.05.13,00:00,9746.0,9789.5,9736.5,9766.0,13281
2014.05.14,00:00,9774.0,9782.5,9736.0,9752.0,12264
2014.05.15,00:00,9743.0,9816.5,9633.0,9674.5,18461
2014.05.16,00:00,9675.0,9685.5,9578.5,9641.0,16726
2014.05.19,00:00,9628.0,9680.0,9533.0,9665.0,14116
2014.05.20,00:00,9663.0,9688.0,9590.5,9611.0,14255
2014.05.21,00:00,9624.0,9711.0,9583.0,9695.5,13935
2014.05.22,00:00,9735.5,9739.5,9688.0,9724.0,10738
2014.05.23,00:00,9729.5,9778.5,9703.5,9767.5,8836
2014.05.26,00:00,9805.0,9895.0,9781.5,9884.5,4226
2014.05.27,00:00,9881.5,9951.0,9879.0,9933.5,9776
2014.05.28,00:00,9959.5,9970.0,9896.5,9929.5,10236
2014.05.29,00:00,9935.5,9957.0,9917.5,9953.0,6516
2014.05.30,00:00,9939.5,9971.0,9921.5,9945.5,9375
2014.06.02,00:00,9965.5,9988.5,9904.0,9950.5,8517
2014.06.03,00:00,9949.5,9957.0,9884.0,9912.5,8534
2014.06.04,00:00,9896.0,9938.5,9864.5,9931.5,9116
2014.06.05,00:00,9930.0,10012.0,9893.0,9957.5,13724
2014.06.06,00:00,9972.0,9998.5,9939.5,9991.5,10300
2014.06.09,00:00,10005.5,10019.0,9981.0,10004.5,5460
2014.06.10,00:00,9995.5,10031.0,9984.0,10022.5,7517
2014.06.11,00:00,10016.5,10020.5,9917.0,9937.0,9698
2014.06.12,00:00,9955.0,9968.5,9893.5,9899.5,8759
2014.06.13,00:00,9939.5,9942.5,9824.5,9901.0,11124
2014.06.16,00:00,9880.0,9923.0,9869.0,9895.0,9594
2014.06.17,00:00,9914.5,9981.5,9856.0,9932.0,10673
2014.06.18,00:00,9941.5,10007.0,9917.5,9999.5,11026
2014.06.19,00:00,10003.5,10029.5,9996.5,10014.0,9662
2014.06.20,00:00,10003.5,10051.0,9978.5,9989.5,7520
2014.06.23,00:00,10009.0,10016.5,9885.0,9931.0,10223
2014.06.24,00:00,9931.5,9954.5,9902.0,9917.5,8238
2014.06.25,00:00,9865.5,9919.0,9838.5,9881.5,10876
2014.06.26,00:00,9896.0,9910.0,9753.0,9831.5,11594
2014.06.27,00:00,9823.0,9841.5,9794.5,9820.5,8740
2014.06.30,00:00,9844.5,9893.5,9803.5,9836.5,10353
2014.07.01,00:00,9856.5,9931.0,9837.0,9914.0,9355
2014.07.02,00:00,9905.5,9939.0,9892.5,9913.5,8513
2014.07.03,00:00,9924.5,10040.0,9910.0,10037.0,9170
2014.07.04,00:00,10031.5,10038.5,10008.5,10018.0,3377
2014.07.07,00:00,10009.5,10016.0,9899.5,9909.0,9684
2014.07.08,00:00,9926.0,9929.5,9751.0,9779.5,12891
2014.07.09,00:00,9791.0,9819.5,9752.5,9814.0,11427
2014.07.10,00:00,9819.5,9821.0,9617.0,9678.5,16480
2014.07.11,00:00,9687.5,9707.5,9622.5,9667.0,12009
2014.07.14,00:00,9710.0,9795.5,9690.0,9781.5,9125
2014.07.15,00:00,9766.0,9788.5,9689.0,9745.5,14690
2014.07.16,00:00,9734.0,9873.0,9731.5,9859.0,10811
2014.07.17,00:00,9833.5,9848.5,9706.5,9726.5,15123
2014.07.18,00:00,9696.5,9742.5,9654.5,9735.5,14381
2014.07.21,00:00,9724.5,9729.5,9596.0,9638.5,13857
2014.07.22,00:00,9659.5,9740.0,9645.0,9726.0,12093
2014.07.23,00:00,9696.0,9802.0,9694.0,9756.5,10371
2014.07.24,00:00,9749.5,9811.5,9674.0,9778.5,12346
2014.07.25,00:00,9776.0,9793.0,9619.5,9643.5,12963
2014.07.28,00:00,9647.0,9673.0,9525.0,9622.5,13902
2014.07.29,00:00,9620.0,9691.5,9572.5,9647.5,13273
2014.07.30,00:00,9641.5,9704.0,9571.0,9604.5,15820
2014.07.31,00:00,9595.0,9602.5,9388.0,9389.0,20153
2014.08.01,00:00,9392.5,9405.5,9149.0,9201.0,19657
2014.08.04,00:00,9223.0,9259.0,9127.0,9196.0,16636
2014.08.05,00:00,9176.5,9234.5,9077.5,9096.0,18204
2014.08.06,00:00,9110.5,9164.5,9028.0,9108.5,18987
2014.08.07,00:00,9129.5,9165.0,8988.5,8993.0,20515
2014.08.08,00:00,8939.5,9081.5,8900.5,9066.0,20596
2014.08.11,00:00,9099.0,9196.5,9084.0,9160.0,13542
2014.08.12,00:00,9171.0,9178.0,9045.0,9062.5,14816
2014.08.13,00:00,9095.0,9211.5,9095.0,9187.0,12572
2014.08.14,00:00,9204.0,9262.0,9138.0,9235.0,13155
2014.08.15,00:00,9241.5,9321.5,9040.0,9120.5,14128
2014.08.18,00:00,9239.0,9265.5,9190.0,9257.5,10965
2014.08.19,00:00,9270.5,9345.5,9267.0,9337.5,9303
2014.08.20,00:00,9323.5,9331.5,9242.5,9323.0,11253
2014.08.21,00:00,9338.0,9403.5,9273.0,9391.0,10445
2014.08.22,00:00,9385.0,9409.5,9285.5,9332.5,13705
2014.08.25,00:00,9403.0,9511.5,9402.0,9484.5,8292
2014.08.26,00:00,9459.5,9589.0,9439.5,9575.0,10619
2014.08.27,00:00,9581.0,9597.0,9542.0,9550.0,7991
2014.08.28,00:00,9558.5,9562.5,9411.5,9457.5,14668
2014.08.29,00:00,9488.0,9513.5,9365.0,9458.0,11835
2014.09.01,00:00,9478.5,9505.5,9420.5,9468.5,7350
2014.09.02,00:00,9494.5,9576.0,9463.5,9492.5,12308
2014.09.03,00:00,9514.5,9680.5,9513.0,9607.5,14464
2014.09.04,00:00,9613.5,9733.0,9534.5,9702.0,15888
2014.09.05,00:00,9699.5,9773.5,9686.5,9766.0,15130
2014.09.08,00:00,9780.0,9780.0,9709.5,9722.5,12266
2014.09.09,00:00,9722.0,9765.5,9690.5,9697.0,12815
2014.09.10,00:00,9672.5,9742.5,9632.5,9717.5,13158
2014.09.11,00:00,9721.0,9733.0,9625.0,9682.5,14293
2014.09.12,00:00,9710.5,9717.0,9613.5,9623.5,12139
2014.09.15,00:00,9589.0,9681.5,9587.0,9662.5,11606
2014.09.16,00:00,9657.0,9673.0,9584.5,9667.5,12901
2014.09.17,00:00,9670.0,9714.5,9646.0,9700.5,11369
2014.09.18,00:00,9695.0,9796.0,9682.0,9786.0,7873
2014.09.19,00:00,9844.0,9892.0,9778.0,9797.5,13326
2014.09.22,00:00,9754.0,9811.5,9720.5,9732.0,12691
2014.09.23,00:00,9743.5,9745.5,9570.0,9585.5,15730
2014.09.24,00:00,9586.5,9678.5,9533.5,9676.5,13054
2014.09.25,00:00,9674.0,9719.5,9467.5,9487.0,16374
2014.09.26,00:00,9499.0,9546.0,9455.0,9539.5,16550
2014.09.29,00:00,9509.5,9510.0,9367.5,9416.0,16026
2014.09.30,00:00,9433.0,9495.0,9402.0,9449.0,16280
2014.10.01,00:00,9431.5,9519.5,9333.0,9338.0,17380
2014.10.02,00:00,9362.5,9412.0,9162.5,9246.5,20019
2014.10.06,00:00,9337.0,9347.0,9143.0,9186.5,17794
2014.10.07,00:00,9164.5,9178.0,9049.0,9053.5,18463
2014.10.08,00:00,9015.5,9093.0,8957.0,9073.0,18788
2014.10.09,00:00,9101.5,9139.0,8888.0,8902.5,25243
2014.10.10,00:00,8917.0,8957.5,8776.5,8810.0,25329
2014.10.13,00:00,8687.0,8870.5,8679.0,8799.0,23188
2014.10.14,00:00,8768.0,8855.0,8698.5,8797.5,26045
2014.10.15,00:00,8823.5,8852.5,8473.5,8559.5,30405
2014.10.16,00:00,8622.5,8660.0,8347.5,8560.0,33684
2014.10.17,00:00,8576.5,8853.5,8559.5,8798.0,26029
2014.10.20,00:00,8867.0,8879.0,8678.0,8733.0,19780
2014.10.21,00:00,8722.5,8901.5,8640.0,8895.0,19653
2014.10.22,00:00,8949.0,8957.5,8854.5,8877.0,19278
2014.10.23,00:00,8873.0,9069.5,8814.5,9040.5,18637
2014.10.24,00:00,8992.5,9039.0,8950.5,8992.5,17466
2014.10.27,00:00,9031.0,9091.0,8831.5,8912.5,21802
2014.10.28,00:00,8951.0,9110.0,8948.0,9107.0,16419
2014.10.29,00:00,9093.0,9155.5,9025.5,9074.0,18858
2014.10.30,00:00,9104.5,9156.0,8896.5,9140.5,23424
2014.10.31,00:00,9287.0,9339.5,9212.5,9334.5,20058
2014.11.03,00:00,9306.0,9340.0,9230.5,9251.5,17724
2014.11.04,00:00,9255.0,9314.5,9144.0,9204.0,19707
2014.11.05,00:00,9254.5,9327.5,9219.0,9308.5,17699
2014.11.06,00:00,9280.5,9463.0,9263.0,9387.5,19511
2014.11.07,00:00,9439.0,9441.0,9234.0,9266.0,20086
2014.11.10,00:00,9296.5,9348.5,9222.0,9335.5,15110
2014.11.11,00:00,9359.0,9395.0,9318.5,9350.5,12828
2014.11.12,00:00,9351.0,9355.0,9183.5,9212.5,17904
2014.11.13,00:00,9277.0,9305.5,9163.0,9234.0,18158
2014.11.14,00:00,9255.5,9284.0,9178.0,9224.5,17073
2014.11.17,00:00,9163.5,9329.0,9122.0,9319.0,12386
2014.11.18,00:00,9319.5,9484.5,9309.0,9479.0,12256
2014.11.19,00:00,9460.0,9519.5,9433.0,9473.5,11926
2014.11.20,00:00,9463.0,9486.0,9377.0,9476.0,12914
2014.11.21,00:00,9504.5,9732.0,9503.5,9703.0,14222
2014.11.24,00:00,9706.5,9828.5,9703.0,9778.0,12270
2014.11.25,00:00,9815.0,9920.5,9782.5,9870.0,12402
2014.11.26,00:00,9904.5,9942.5,9864.0,9919.5,12397
2014.11.27,00:00,9946.5,9992.0,9918.5,9970.5,7794
2014.11.28,00:00,9968.0,9995.0,9900.5,9966.0,11235
2014.12.01,00:00,9922.0,9980.0,9894.0,9960.0,13538
2014.12.02,00:00,9979.0,10038.0,9908.0,9961.0,14923
2014.12.03,00:00,9959.0,9993.0,9929.5,9981.0,10865
2014.12.04,00:00,10014.0,10087.5,9833.0,9919.5,16270
2014.12.05,00:00,9900.5,10095.0,9900.5,10081.0,12792
2014.12.08,00:00,10080.5,10088.5,9949.5,9983.0,12349
2014.12.09,00:00,9949.5,9952.0,9784.5,9844.5,19432
2014.12.10,00:00,9880.5,9909.0,9732.5,9733.0,20872
2014.12.11,00:00,9768.0,9906.0,9760.5,9814.5,20175
2014.12.12,00:00,9750.0,9797.0,9572.5,9589.0,24730
2014.12.15,00:00,9567.0,9676.5,9297.0,9350.5,27498
2014.12.16,00:00,9360.5,9574.0,9214.0,9487.0,34327
2014.12.17,00:00,9439.0,9641.5,9427.0,9590.5,26746
2014.12.18,00:00,9668.0,9844.0,9648.0,9832.5,18535
2014.12.19,00:00,9922.5,9932.0,9700.5,9827.5,21564
2014.12.22,00:00,9815.0,9940.0,9815.0,9904.5,13960
2014.12.23,00:00,9925.5,9943.5,9862.0,9928.0,13043
2014.12.29,00:00,9943.0,9953.5,9789.0,9923.0,13695
2014.12.30,00:00,9924.5,9928.0,9771.0,9787.5,10628
2015.01.02,00:00,9793.5,9886.5,9689.5,9758.0,14647
2015.01.05,00:00,9725.0,9791.0,9448.0,9454.5,25117
2015.01.06,00:00,9471.0,9627.0,9380.5,9495.0,27968
2015.01.07,00:00,9510.5,9607.5,9460.0,9581.0,25265
2015.01.08,00:00,9661.5,9858.5,9609.5,9831.5,20334
2015.01.09,00:00,9811.0,9861.5,9598.5,9678.0,25566
2015.01.12,00:00,9654.5,9818.5,9621.5,9757.5,24383
2015.01.13,00:00,9783.5,9981.5,9753.5,9812.5,23965
2015.01.14,00:00,9787.5,9965.0,9764.5,9847.0,31744
2015.01.15,00:00,9949.0,10065.5,9584.0,10042.0,33394
2015.01.16,00:00,9972.5,10241.5,9940.5,10234.5,27850
2015.01.19,00:00,10252.0,10295.5,10192.0,10247.0,15764
2015.01.20,00:00,10303.0,10305.0,10211.5,10290.5,23566
2015.01.21,00:00,10271.0,10313.0,10149.5,10305.0,25574
2015.01.22,00:00,10318.0,10525.5,10228.0,10525.0,23687
2015.01.23,00:00,10495.0,10706.5,10485.5,10631.0,24686
2015.01.26,00:00,10570.5,10852.5,10570.5,10830.5,21217
2015.01.27,00:00,10822.5,10823.5,10592.5,10667.5,25452
2015.01.28,00:00,10718.0,10752.0,10550.0,10670.0,25851
2015.01.29,00:00,10598.5,10800.5,10596.5,10793.5,26519
2015.01.30,00:00,10794.0,10816.0,10640.5,10687.0,26374
2015.02.02,00:00,10694.5,10852.5,10677.5,10799.5,26505
2015.02.03,00:00,10850.0,10985.5,10843.0,10920.5,23729
2015.02.04,00:00,10928.5,10938.5,10801.5,10885.5,23763
2015.02.05,00:00,10792.5,10928.0,10792.5,10884.5,22385
2015.02.06,00:00,10882.0,10886.5,10763.0,10779.0,17139
2015.02.09,00:00,10750.5,10774.5,10614.5,10633.0,23530
2015.02.10,00:00,10676.0,10796.5,10593.0,10794.0,22491
2015.02.11,00:00,10768.0,10792.5,10695.5,10751.0,18306
2015.02.12,00:00,10784.0,10962.0,10728.0,10960.5,20570
2015.02.13,00:00,10973.0,11011.5,10940.0,10972.5,15367
2015.02.16,00:00,10958.0,10964.0,10842.5,10850.0,11174
2015.02.17,00:00,10834.0,10944.5,10762.0,10926.5,18949
2015.02.18,00:00,10902.0,10978.5,10895.5,10954.5,15346
2015.02.19,00:00,10948.0,11021.0,10869.5,10988.5,19664
2015.02.20,00:00,10972.5,11155.5,10945.0,11116.0,22632
2015.02.23,00:00,11126.0,11157.0,11066.0,11109.5,14823
2015.02.24,00:00,11128.5,11227.0,11087.5,11223.5,14643
2015.02.25,00:00,11219.0,11224.5,11173.5,11199.5,11441
2015.02.26,00:00,11223.0,11331.0,11185.5,11310.0,13170
2015.02.27,00:00,11313.5,11398.0,11300.0,11380.5,13779
2015.03.02,00:00,11390.5,11452.5,11361.5,11408.0,20475
2015.03.03,00:00,11413.0,11467.5,11254.5,11302.0,27771
2015.03.04,00:00,11313.5,11416.0,11190.0,11409.5,32622
2015.03.05,00:00,11420.5,11531.0,11407.0,11509.0,23787
2015.03.06,00:00,11517.5,11598.5,11492.0,11505.5,21385
2015.03.09,00:00,11515.5,11605.5,11460.5,11595.0,20980
2015.03.10,00:00,11569.0,11574.0,11400.0,11512.0,24911
2015.03.11,00:00,11531.0,11850.5,11527.5,11832.5,23366
2015.03.12,00:00,11840.5,11847.5,11753.0,11845.0,24588
2015.03.13,00:00,11845.5,11974.0,11739.5,11966.5,26433
2015.03.16,00:00,11943.5,12217.0,11929.5,12171.0,25929
2015.03.17,00:00,12151.0,12194.0,11924.5,12013.0,41810
2015.03.18,00:00,12019.0,12028.0,11811.5,11883.5,29117
2015.03.19,00:00,11896.0,12000.0,11782.0,11897.5,36292
2015.03.20,00:00,11961.5,12112.0,11949.5,12068.0,27954
2015.03.23,00:00,12065.0,12065.5,11864.5,11865.0,28589
2015.03.24,00:00,11899.5,12055.5,11819.5,11989.0,26973
2015.03.25,00:00,11990.5,12046.0,11863.5,11867.5,32334
2015.03.26,00:00,11806.5,11920.5,11648.0,11891.5,38151
2015.03.27,00:00,11912.5,11979.5,11824.0,11900.5,20527
2015.03.30,00:00,11932.0,12134.5,11913.5,12130.0,11193
2015.03.31,00:00,12092.0,12150.0,11944.5,11988.5,15985
2015.04.01,00:00,11882.5,12141.5,11867.0,12042.5,17102
2015.04.02,00:00,12061.0,12061.0,11955.5,11977.5,11733
2015.04.07,00:00,12088.5,12172.0,12058.5,12147.0,12119
2015.04.08,00:00,12100.5,12153.0,12041.0,12075.0,12225
2015.04.09,00:00,12100.5,12234.0,12071.0,12227.0,11367
2015.04.10,00:00,12231.5,12425.0,12229.0,12408.0,10299
2015.04.13,00:00,12405.0,12421.5,12303.0,12314.0,9819
2015.04.14,00:00,12345.5,12372.0,12210.0,12275.0,14808
2015.04.15,00:00,12284.0,12356.0,12226.5,12245.0,11710
2015.04.16,00:00,12267.0,12277.5,11995.5,12004.0,15242
2015.04.17,00:00,12023.5,12048.0,11661.5,11684.0,23950
2015.04.20,00:00,11737.5,11934.0,11714.5,11897.5,22266
2015.04.21,00:00,11955.0,12108.0,11937.5,11991.5,34096
2015.04.22,00:00,12009.5,12071.0,11813.0,11943.0,51186
2015.04.23,00:00,11941.0,11975.5,11700.5,11808.0,49277
2015.04.24,00:00,11786.0,11910.0,11734.0,11826.0,48185
2015.04.27,00:00,11856.5,12078.0,11760.0,12020.5,33624
2015.04.28,00:00,12033.0,12078.5,11770.5,11853.5,18016
2015.04.29,00:00,11847.0,11907.5,11381.0,11511.0,23202
2015.04.30,00:00,11493.0,11588.0,11352.0,11401.5,23966
2015.05.04,00:00,11537.0,11675.0,11422.5,11624.0,12220
2015.05.05,00:00,11615.5,11766.5,11308.0,11341.0,21983
2015.05.06,00:00,11387.5,11471.0,11250.0,11344.5,17692
2015.05.07,00:00,11364.0,11447.5,11175.0,11397.5,16407
2015.05.08,00:00,11441.0,11737.0,11421.5,11730.5,13956
2015.05.11,00:00,11721.5,11727.0,11615.0,11618.5,13813
2015.05.12,00:00,11634.5,11653.0,11384.0,11484.5,20554
2015.05.13,00:00,11527.5,11603.0,11301.0,11314.0,17660
2015.05.14,00:00,11335.0,11588.5,11222.5,11561.0,14845
2015.05.15,00:00,11569.0,11643.5,11386.0,11465.5,16271
2015.05.18,00:00,11477.5,11636.0,11384.0,11629.0,15524
2015.05.19,00:00,11669.0,11883.0,11651.5,11842.5,15182
2015.05.20,00:00,11838.5,11887.5,11786.0,11862.0,12131
2015.05.21,00:00,11848.0,11890.5,11763.0,11874.0,11541
2015.05.22,00:00,11882.5,11884.0,11793.5,11821.0,9516
2015.05.26,00:00,11789.0,11930.0,11589.0,11615.5,14805
2015.05.27,00:00,11651.0,11798.0,11600.0,11779.0,13527
2015.05.28,00:00,11748.0,11775.0,11604.5,11685.0,11588
2015.05.29,00:00,11693.5,11716.0,11398.0,11432.5,16482
2015.06.01,00:00,11495.5,11509.0,11343.5,11470.0,15295
2015.06.02,00:00,11464.5,11482.5,11266.0,11348.0,15824
2015.06.03,00:00,11332.0,11512.5,11295.0,11405.0,17012
2015.06.04,00:00,11370.5,11448.5,11183.5,11259.0,19991
2015.06.05,00:00,11254.0,11286.0,11151.5,11178.0,17317
2015.06.08,00:00,11198.0,11220.0,10989.5,11020.0,16978
2015.06.09,00:00,11019.5,11067.5,10862.0,10967.0,17667
2015.06.10,00:00,10974.0,11301.0,10934.0,11293.0,15791
2015.06.11,00:00,11253.5,11450.0,11234.5,11322.0,15202
2015.06.12,00:00,11304.0,11361.5,11062.5,11175.0,18557
2015.06.15,00:00,11096.5,11112.0,10950.0,10991.0,15994
2015.06.16,00:00,10994.5,11072.5,10794.5,11060.5,15134
2015.06.17,00:00,11082.5,11113.5,10870.5,10929.5,15496
2015.06.18,00:00,10879.5,11283.5,10802.0,11158.0,16520
2015.06.19,00:00,11091.5,11250.0,10999.0,11045.0,15758
2015.06.22,00:00,11218.5,11485.5,11216.5,11452.5,19339
2015.06.23,00:00,11529.0,11637.5,11519.5,11567.0,13491
2015.06.24,00:00,11577.5,11591.0,11366.5,11419.0,16206
2015.06.25,00:00,11432.0,11600.5,11364.5,11432.5,15746
2015.06.26,00:00,11394.0,11561.0,11372.5,11497.0,15361
2015.06.29,00:00,10957.5,11288.5,10856.0,11017.0,20183
2015.06.30,00:00,11016.0,11135.0,10895.0,10994.0,21905
2015.07.01,00:00,11081.5,11283.5,10975.5,11132.0,18662
2015.07.02,00:00,11169.5,11227.0,11069.0,11106.0,12057
2015.07.03,00:00,11122.5,11130.0,11003.0,11059.5,10541
2015.07.06,00:00,10742.5,10992.5,10742.5,10819.5,19836
2015.07.07,00:00,10905.0,10944.0,10657.0,10832.0,21794
2015.07.08,00:00,10755.0,10800.5,10649.5,10685.0,20767
2015.07.09,00:00,10813.5,11031.0,10777.0,10985.5,17376
2015.07.10,00:00,11191.0,11390.5,11143.5,11390.0,18345
2015.07.13,00:00,11320.0,11508.5,11250.5,11479.5,15722
2015.07.14,00:00,11502.5,11529.5,11412.5,11523.5,10526
2015.07.15,00:00,11531.0,11566.5,11475.0,11493.5,9768
2015.07.16,00:00,11607.0,11787.0,11602.5,11737.5,11713
2015.07.17,00:00,11728.5,11762.5,11647.5,11672.0,9701
2015.07.20,00:00,11753.5,11802.5,11714.0,11757.0,7111
2015.07.21,00:00,11771.0,11773.5,11567.0,11577.0,10637
2015.07.22,00:00,11581.0,11590.0,11484.5,11536.0,11613
2015.07.23,00:00,11589.5,11624.5,11443.0,11455.0,13263
2015.07.24,00:00,11476.5,11543.5,11279.0,11295.0,12928
2015.07.27,00:00,11313.5,11313.5,11028.0,11052.5,18009
2015.07.28,00:00,11098.0,11242.5,11064.5,11210.0,15405
2015.07.29,00:00,11192.5,11275.5,11116.5,11269.5,15386
2015.07.30,00:00,11241.5,11309.0,11134.0,11255.5,14996
2015.07.31,00:00,11271.5,11325.0,11167.5,11306.0,13873
2015.08.03,00:00,11284.0,11460.0,11244.0,11392.5,14430
2015.08.04,00:00,11421.0,11475.5,11377.5,11466.0,12868
2015.08.05,00:00,11477.5,11654.5,11477.5,11601.0,12378
2015.08.06,00:00,11599.0,11666.5,11528.5,11562.0,11616
2015.08.07,00:00,11582.0,11582.0,11479.0,11495.0,12071
2015.08.10,00:00,11542.0,11616.5,11427.0,11601.0,10119
2015.08.11,00:00,11553.5,11568.0,11260.5,11299.0,16428
2015.08.12,00:00,11184.5,11191.0,10889.5,11025.5,18166
2015.08.13,00:00,11079.0,11152.5,10975.5,11041.5,14418
2015.08.14,00:00,10993.5,11089.5,10906.0,11030.5,13962
2015.08.17,00:00,11034.0,11108.5,10811.0,10958.0,13810
2015.08.18,00:00,10970.5,10979.0,10877.5,10889.0,12814
2015.08.19,00:00,10841.0,10851.0,10666.5,10673.5,16968
2015.08.20,00:00,10641.5,10652.0,10331.0,10341.0,20033
2015.08.21,00:00,10163.0,10432.5,10005.5,10027.0,25620
2015.08.24,00:00,9793.0,9931.5,9316.5,9582.5,31579
2015.08.25,00:00,9726.5,10182.5,9726.5,10007.0,31800
2015.08.26,00:00,9988.5,10155.0,9847.0,10063.5,26292
2015.08.27,00:00,10196.0,10378.5,10162.5,10239.5,19940
2015.08.28,00:00,10308.0,10348.5,10180.0,10301.5,16807
2015.08.31,00:00,10152.5,10303.5,10127.0,10228.0,12326
2015.09.01,00:00,9964.5,10113.5,9922.0,9950.0,23089
2015.09.02,00:00,10031.0,10118.5,9956.5,10072.0,20528
2015.09.03,00:00,10122.5,10376.5,10108.0,10245.0,18472
2015.09.04,00:00,10132.5,10211.5,9953.0,9995.0,20494
2015.09.07,00:00,10095.0,10177.5,10049.0,10099.5,9343
2015.09.08,00:00,10145.0,10366.5,10088.5,10309.5,15991
2015.09.09,00:00,10464.5,10518.5,10191.0,10217.5,17083
2015.09.10,00:00,10225.0,10322.5,10150.0,10211.5,19716
2015.09.11,00:00,10241.5,10246.0,10073.0,10151.5,14303
2015.09.14,00:00,10176.5,10222.0,10079.5,10152.5,13722
2015.09.15,00:00,10163.0,10243.0,10065.0,10241.5,13598
2015.09.16,00:00,10231.5,10334.5,10169.0,10248.5,11796
2015.09.17,00:00,10277.0,10314.5,10129.0,10290.0,10754
2015.09.18,00:00,10193.0,10215.0,9854.0,9928.5,20266
2015.09.21,00:00,9885.5,9996.5,9778.0,9949.0,16913
2015.09.22,00:00,9977.0,10012.5,9554.5,9607.5,20760
2015.09.23,00:00,9518.5,9707.5,9480.5,9601.5,16246
2015.09.24,00:00,9593.5,9703.0,9358.0,9550.5,22259
2015.09.25,00:00,9596.0,9742.0,9558.5,9627.5,19041
2015.09.28,00:00,9581.0,9674.5,9431.5,9458.5,20226
2015.09.29,00:00,9420.0,9533.0,9298.0,9437.5,21856
2015.09.30,00:00,9587.0,9730.5,9578.0,9644.5,18487
2015.10.01,00:00,9758.5,9782.5,9445.5,9522.5,20612
2015.10.02,00:00,9569.5,9665.5,9388.5,9604.0,19317
2015.10.05,00:00,9732.0,9877.5,9645.0,9866.0,16327
2015.10.06,00:00,9823.0,9951.5,9724.5,9886.0,17040
2015.10.07,00:00,9894.0,10089.5,9886.0,9996.0,17927
2015.10.08,00:00,9942.0,10065.0,9905.0,10060.5,15416
2015.10.09,00:00,10112.0,10142.5,10041.5,10071.5,13942
2015.10.12,00:00,10115.5,10181.0,10049.5,10105.0,11321
2015.10.13,00:00,10098.5,10112.5,9933.0,10007.5,15130
2015.10.14,00:00,9981.0,10032.5,9883.0,9901.5,15204
2015.10.15,00:00,9974.5,10082.5,9951.5,10058.5,6772
