2007.08.30,00:00,83.46,86.50,82.87,84.99,574
2007.08.31,00:00,87.23,88.50,86.95,87.42,292
2007.09.04,00:00,87.09,91.50,86.54,91.05,597
2007.09.05,00:00,90.00,91.42,88.65,89.45,500
2007.09.06,00:00,90.53,92.11,88.80,91.70,546
2007.09.07,00:00,89.69,91.19,88.80,90.18,430
2007.09.10,00:00,90.57,91.49,86.85,89.07,779
2007.09.11,00:00,90.25,92.05,89.75,91.97,289
2007.09.12,00:00,91.26,93.04,90.12,91.50,561
2007.09.13,00:00,92.48,96.47,91.98,96.10,537
2007.09.14,00:00,95.05,98.37,94.85,97.70,440
2007.09.17,00:00,97.52,99.60,96.58,97.07,560
2007.09.18,00:00,98.18,103.71,96.55,103.30,921
2007.09.19,00:00,105.35,110.10,104.41,105.50,1124
2007.09.20,00:00,106.56,108.21,104.98,107.57,546
2007.09.21,00:00,109.29,109.29,107.57,108.67,283
2007.09.24,00:00,110.25,110.60,107.32,107.71,403
2007.09.25,00:00,106.00,106.48,104.29,105.21,360
2007.09.26,00:00,106.26,107.75,102.23,103.91,870
2007.09.27,00:00,105.40,107.64,104.76,106.80,437
2007.09.28,00:00,107.59,107.89,104.15,104.89,479
2007.10.01,00:00,105.74,111.47,105.26,111.18,699
2007.10.02,00:00,109.65,110.50,106.60,109.15,731
2007.10.03,00:00,108.81,109.46,106.22,107.50,518
2007.10.04,00:00,106.90,109.04,104.90,108.26,693
2007.10.05,00:00,109.04,112.18,108.51,110.66,573
2007.10.08,00:00,108.69,109.49,106.98,108.13,447
2007.10.09,00:00,108.87,113.96,108.18,113.06,738
2007.10.10,00:00,114.65,118.42,113.71,117.40,668
2007.10.11,00:00,119.04,120.20,111.70,113.46,1143
2007.10.12,00:00,114.48,116.52,113.00,116.42,511
2007.10.15,00:00,118.32,118.65,112.86,113.90,717
2007.10.16,00:00,112.79,113.50,110.07,110.94,502
2007.10.17,00:00,112.95,114.10,110.15,110.63,559
2007.10.18,00:00,110.35,113.84,110.05,113.75,419
2007.10.19,00:00,113.46,113.86,108.61,109.74,679
2007.10.22,00:00,106.50,108.19,103.35,106.73,946
2007.10.23,00:00,108.78,111.55,108.50,111.15,374
2007.10.24,00:00,111.01,112.61,107.80,111.84,880
2007.10.25,00:00,113.04,113.50,110.75,112.83,530
2007.10.26,00:00,114.92,117.70,114.11,116.85,526
2007.10.29,00:00,118.47,119.25,116.75,117.86,440
2007.10.30,00:00,115.99,116.69,113.85,114.01,371
2007.10.31,00:00,115.75,118.00,113.52,117.68,704
2007.11.01,00:00,115.76,115.76,110.70,112.05,642
2007.11.02,00:00,113.51,114.21,110.00,112.80,772
2007.11.05,00:00,109.52,112.74,108.00,110.17,884
2007.11.06,00:00,112.49,113.90,109.74,113.50,732
2007.11.07,00:00,113.99,114.24,107.19,108.10,822
2007.11.08,00:00,113.00,113.87,108.00,111.60,1035
2007.11.09,00:00,110.25,112.07,107.21,109.61,909
2007.11.12,00:00,106.61,107.57,97.42,99.25,1295
2007.11.13,00:00,101.29,102.67,98.75,101.38,776
2007.11.14,00:00,105.00,107.40,102.18,104.00,945
2007.11.15,00:00,101.05,103.00,98.22,99.77,829
2007.11.16,00:00,100.54,101.69,98.31,100.04,627
2007.11.19,00:00,98.51,98.80,91.35,92.50,890
2007.11.20,00:00,93.09,94.50,89.72,91.85,833
2007.11.21,00:00,89.34,90.92,87.26,90.06,661
2007.11.23,00:00,92.10,94.06,91.50,93.16,407
2007.11.26,00:00,93.50,94.98,89.15,89.30,747
2007.11.27,00:00,89.21,91.88,85.71,89.28,1228
2007.11.28,00:00,91.19,94.30,90.39,93.91,511
2007.11.29,00:00,94.17,98.17,92.26,96.65,935
2007.11.30,00:00,99.74,100.99,97.21,98.93,676
2007.12.03,00:00,97.75,98.34,95.87,96.85,405
2007.12.04,00:00,94.66,97.91,93.78,97.37,556
2007.12.05,00:00,98.59,101.96,98.30,101.60,432
2007.12.06,00:00,102.28,105.45,102.17,104.89,396
2007.12.07,00:00,107.00,109.50,106.26,108.10,539
2007.12.10,00:00,109.09,109.87,106.77,108.18,530
2007.12.11,00:00,107.99,109.79,102.22,102.71,987
2007.12.12,00:00,106.00,107.62,103.51,105.87,810
2007.12.13,00:00,104.01,104.54,100.80,103.05,653
2007.12.14,00:00,101.66,104.26,100.32,102.11,744
2007.12.17,00:00,100.54,100.81,93.99,94.91,802
2007.12.18,00:00,96.99,97.89,92.88,96.87,991
2007.12.19,00:00,97.60,100.50,97.15,98.36,595
2007.12.20,00:00,99.14,100.99,97.61,100.92,499
2007.12.21,00:00,102.77,103.87,102.26,102.91,309
2007.12.24,00:00,104.47,105.00,103.20,103.75,289
2007.12.26,00:00,104.55,107.05,104.24,106.66,352
2007.12.27,00:00,105.56,106.00,103.15,103.91,406
2007.12.28,00:00,104.98,105.38,103.37,104.55,360
2007.12.31,00:00,103.51,104.00,101.12,102.44,470
2008.01.02,00:00,103.07,104.95,101.67,103.29,635
2008.01.03,00:00,103.84,106.25,102.24,104.11,776
2008.01.04,00:00,102.50,102.70,98.42,99.71,578
2008.01.07,00:00,100.12,100.44,93.26,95.46,971
2008.01.08,00:00,97.84,99.04,95.25,95.80,555
2008.01.09,00:00,95.76,97.75,92.18,96.86,1005
2008.01.10,00:00,95.94,97.63,93.25,96.77,794
2008.01.11,00:00,95.72,96.87,93.19,94.12,577
2008.01.14,00:00,95.86,98.81,93.91,98.11,756
2008.01.15,00:00,96.27,97.21,93.79,94.84,542
2008.01.16,00:00,92.99,93.68,85.00,88.63,1301
2008.01.17,00:00,89.78,89.97,81.00,81.49,966
2008.01.18,00:00,83.71,85.38,80.00,84.13,1035
2008.01.22,00:00,77.18,84.00,77.18,81.52,931
2008.01.23,00:00,75.95,77.69,68.96,77.30,1612
2008.01.24,00:00,79.27,83.97,79.25,83.43,529
2008.01.25,00:00,86.48,88.51,82.79,84.22,919
2008.01.28,00:00,84.00,86.33,81.80,85.30,777
2008.01.29,00:00,87.23,87.97,84.77,86.25,543
2008.01.30,00:00,86.00,88.80,84.15,86.79,852
2008.01.31,00:00,85.25,89.92,83.95,88.82,838
2008.02.01,00:00,92.23,93.70,89.45,92.10,838
2008.02.04,00:00,92.60,93.00,89.64,91.18,531
2008.02.05,00:00,88.45,88.91,85.78,85.91,373
2008.02.06,00:00,86.90,88.75,84.44,84.97,670
2008.02.07,00:00,83.49,88.82,82.61,87.06,886
2008.02.08,00:00,87.44,91.79,87.44,90.87,528
2008.02.11,00:00,92.12,93.99,91.03,93.48,457
2008.02.12,00:00,94.27,96.00,91.93,92.73,661
2008.02.13,00:00,93.63,94.85,90.47,94.16,824
2008.02.14,00:00,94.37,95.24,91.25,92.30,592
2008.02.15,00:00,92.20,93.45,91.40,93.18,313
2008.02.19,00:00,96.26,99.77,96.17,97.94,553
2008.02.20,00:00,96.63,99.55,96.02,99.33,437
2008.02.21,00:00,100.26,102.82,99.40,99.87,646
2008.02.22,00:00,101.39,101.39,96.96,99.36,684
2008.02.25,00:00,99.51,100.78,96.90,100.56,672
2008.02.26,00:00,99.99,101.90,98.22,100.32,704
2008.02.27,00:00,100.25,105.00,99.50,103.62,764
2008.02.28,00:00,103.27,107.37,103.12,106.57,521
2008.02.29,00:00,105.61,105.87,99.95,100.86,710
2008.03.03,00:00,101.86,104.94,100.81,103.45,668
2008.03.04,00:00,102.05,103.66,96.63,98.93,1095
2008.03.05,00:00,100.31,104.75,100.25,104.08,524
2008.03.06,00:00,104.25,106.05,102.52,104.34,698
2008.03.07,00:00,101.60,102.97,98.32,99.88,759
2008.03.10,00:00,98.23,98.71,93.87,93.97,543
2008.03.11,00:00,97.20,101.76,95.62,101.47,802
2008.03.12,00:00,100.78,103.88,100.65,101.88,537
2008.03.13,00:00,101.42,103.94,99.80,103.39,632
2008.03.14,00:00,104.35,105.44,99.23,101.61,969
2008.03.17,00:00,95.91,98.99,92.65,94.61,1139
2008.03.18,00:00,97.38,99.31,95.99,98.69,534
2008.03.19,00:00,97.80,98.23,87.60,87.60,1107
2008.03.20,00:00,85.00,89.75,82.60,87.08,1223
2008.03.24,00:00,88.42,91.89,88.12,88.76,721
2008.03.25,00:00,91.02,93.45,90.35,92.41,482
2008.03.26,00:00,95.68,98.58,93.73,97.44,795
2008.03.27,00:00,99.12,99.95,96.82,97.71,486
2008.03.28,00:00,97.45,98.54,96.25,96.60,374
2008.03.31,00:00,96.73,98.45,94.40,96.22,760
2008.04.01,00:00,94.27,97.78,93.00,97.63,621
2008.04.02,00:00,98.60,100.33,98.22,99.73,310
2008.04.03,00:00,98.90,104.84,98.75,103.69,740
2008.04.04,00:00,104.05,108.25,104.05,107.69,477
2008.04.07,00:00,109.38,111.54,105.67,107.02,939
2008.04.08,00:00,105.49,108.75,105.14,107.75,497
2008.04.09,00:00,108.12,110.81,107.57,109.81,480
2008.04.10,00:00,110.24,110.60,106.69,109.65,724
2008.04.11,00:00,107.51,109.75,105.90,106.21,641
2008.04.14,00:00,106.39,106.82,104.10,105.39,445
2008.04.15,00:00,107.11,108.19,104.06,105.50,666
2008.04.16,00:00,108.50,113.27,107.88,113.22,607
2008.04.17,00:00,111.32,114.75,110.25,112.66,767
2008.04.18,00:00,111.20,114.00,110.12,113.89,508
2008.04.21,00:00,114.00,115.47,112.68,115.14,445
2008.04.22,00:00,117.72,121.28,116.64,118.65,836
2008.04.23,00:00,122.25,123.27,115.32,116.08,974
2008.04.24,00:00,115.31,115.99,111.80,112.61,569
2008.04.25,00:00,112.80,117.62,110.28,116.98,1051
2008.04.28,00:00,116.08,119.22,115.47,115.80,723
2008.04.29,00:00,113.50,114.37,110.27,110.72,543
2008.04.30,00:00,111.30,115.17,110.47,113.75,696
2008.05.01,00:00,111.50,112.80,106.06,107.96,995
2008.05.02,00:00,108.51,111.09,106.88,110.23,671
2008.05.05,00:00,114.97,116.74,114.00,115.99,447
2008.05.06,00:00,114.15,118.62,114.15,117.32,578
2008.05.07,00:00,116.48,118.82,113.83,114.36,787
2008.05.08,00:00,115.87,119.39,115.15,118.07,629
2008.05.09,00:00,117.22,117.37,112.06,114.22,763
2008.05.12,00:00,113.31,115.25,111.65,114.66,586
2008.05.13,00:00,113.34,117.60,112.36,117.36,647
2008.05.14,00:00,118.00,119.40,115.00,115.21,602
2008.05.15,00:00,117.29,119.95,117.00,119.43,377
2008.05.16,00:00,120.67,124.50,120.04,124.18,542
2008.05.19,00:00,124.47,126.99,123.00,124.83,763
2008.05.20,00:00,123.45,126.00,121.21,125.86,718
2008.05.21,00:00,126.00,127.24,120.16,120.58,875
2008.05.22,00:00,121.50,123.83,116.63,119.09,1200
2008.05.23,00:00,119.01,119.08,115.01,117.19,633
2008.05.27,00:00,116.03,117.89,114.71,117.64,476
2008.05.28,00:00,116.25,119.69,114.39,119.69,717
2008.05.29,00:00,118.00,118.48,112.88,113.18,639
2008.05.30,00:00,114.77,116.60,114.08,115.71,411
2008.06.02,00:00,114.68,117.65,114.13,115.58,615
2008.06.03,00:00,114.60,116.70,112.68,114.20,765
2008.06.04,00:00,113.30,115.07,111.33,111.55,574
2008.06.05,00:00,112.58,117.57,112.58,117.06,551
2008.06.06,00:00,118.18,120.00,115.74,115.77,612
2008.06.09,00:00,116.95,119.25,116.17,118.26,486
2008.06.10,00:00,117.46,123.63,116.60,119.41,1212
2008.06.11,00:00,120.00,122.47,118.30,120.09,826
2008.06.12,00:00,120.09,120.10,115.79,117.47,601
2008.06.13,00:00,118.00,123.49,117.71,123.30,627
2008.06.16,00:00,124.00,126.64,123.10,124.66,643
2008.06.17,00:00,125.50,126.00,121.79,122.29,522
2008.06.18,00:00,122.50,124.29,120.51,122.18,725
2008.06.19,00:00,123.50,124.55,120.45,120.56,527
2008.06.20,00:00,120.45,121.99,116.40,117.03,777
2008.06.23,00:00,117.19,119.41,116.26,118.55,495
2008.06.24,00:00,118.87,119.00,114.68,115.72,550
2008.06.25,00:00,116.36,119.05,112.53,117.46,1195
2008.06.26,00:00,118.50,119.89,114.22,115.66,851
2008.06.27,00:00,116.00,119.17,115.00,116.31,804
2008.06.30,00:00,118.10,119.97,115.55,117.19,794
2008.07.01,00:00,116.57,117.11,112.63,115.55,795
2008.07.02,00:00,116.01,117.00,107.55,107.57,1047
2008.07.03,00:00,108.31,110.00,103.55,108.64,1258
2008.07.07,00:00,107.96,112.49,107.01,109.59,934
2008.07.08,00:00,108.60,108.76,100.51,105.21,1312
2008.07.09,00:00,106.49,110.00,103.76,103.76,976
2008.07.10,00:00,104.49,108.36,102.66,106.19,971
2008.07.11,00:00,105.99,109.11,104.62,107.74,724
2008.07.14,00:00,109.12,110.84,107.30,109.71,650
2008.07.15,00:00,109.96,111.95,103.77,104.97,1138
2008.07.16,00:00,104.00,104.57,98.34,101.43,990
2008.07.17,00:00,100.67,103.49,97.32,99.45,1113
2008.07.18,00:00,99.49,108.49,97.07,103.24,1910
2008.07.21,00:00,104.97,107.22,102.73,107.01,695
2008.07.22,00:00,103.36,104.99,98.29,100.53,1058
2008.07.23,00:00,100.72,102.89,98.50,98.74,681
2008.07.24,00:00,98.86,100.67,94.00,94.58,907
2008.07.25,00:00,95.40,98.12,93.82,96.26,775
2008.07.28,00:00,96.87,98.61,95.20,95.58,554
2008.07.29,00:00,96.00,97.49,94.52,95.63,558
2008.07.30,00:00,95.66,101.39,94.35,101.39,836
2008.07.31,00:00,100.79,101.00,96.71,96.75,455
2008.08.01,00:00,95.71,95.94,90.50,91.31,649
2008.08.04,00:00,88.98,90.10,78.73,80.35,1412
2008.08.05,00:00,80.29,83.72,75.81,79.00,1454
2008.08.06,00:00,83.13,90.10,82.90,87.67,987
2008.08.07,00:00,89.09,91.70,85.75,87.26,1008
2008.08.08,00:00,83.75,86.32,82.01,85.52,686
2008.08.11,00:00,85.50,85.85,79.77,82.30,897
2008.08.12,00:00,83.70,84.95,80.50,83.67,888
2008.08.13,00:00,84.46,89.48,83.50,88.50,793
2008.08.14,00:00,87.96,88.88,85.30,86.84,605
2008.08.15,00:00,86.84,86.84,83.11,84.39,502
2008.08.18,00:00,85.30,86.96,82.82,83.34,633
2008.08.19,00:00,82.44,86.40,81.65,84.70,725
2008.08.20,00:00,88.49,91.25,87.47,91.09,497
2008.08.21,00:00,92.98,94.75,92.15,93.66,453
2008.08.22,00:00,92.71,93.27,89.93,90.60,458
2008.08.25,00:00,91.60,91.72,87.06,87.81,554
2008.08.26,00:00,87.25,88.99,86.15,88.53,441
2008.08.27,00:00,89.65,91.61,89.32,91.09,315
2008.08.28,00:00,91.94,93.16,88.64,90.63,774
2008.08.29,00:00,90.52,90.61,89.00,89.32,203
2008.09.02,00:00,84.83,84.83,82.02,83.05,385
2008.09.03,00:00,82.81,83.94,78.40,80.36,864
2008.09.04,00:00,80.37,81.38,73.49,74.93,1035
2008.09.05,00:00,74.91,75.55,69.25,73.91,1161
2008.09.08,00:00,76.39,77.00,70.11,72.06,946
2008.09.09,00:00,70.26,70.45,64.89,65.16,603
2008.09.10,00:00,65.81,70.56,65.04,69.18,768
2008.09.11,00:00,67.58,69.12,63.30,68.26,1097
2008.09.12,00:00,69.88,74.39,69.54,73.88,571
2008.09.15,00:00,69.79,70.83,65.19,65.84,734
2008.09.16,00:00,63.01,66.48,60.18,66.25,937
2008.09.17,00:00,64.81,68.38,61.01,65.41,1415
2008.09.18,00:00,66.82,69.48,62.73,66.98,1335
2008.09.19,00:00,71.30,74.75,68.43,73.52,1043
2008.09.22,00:00,74.90,77.34,71.93,72.33,826
2008.09.23,00:00,71.52,74.80,69.29,69.51,902
2008.09.24,00:00,70.94,71.00,66.27,66.50,503
2008.09.25,00:00,66.76,69.65,64.75,68.40,817
2008.09.26,00:00,66.20,66.62,61.52,63.82,783
2008.09.29,00:00,60.17,60.38,51.21,53.22,1140
2008.09.30,00:00,54.89,57.34,53.24,56.85,625
2008.10.01,00:00,56.08,56.75,51.36,52.96,767
2008.10.02,00:00,51.24,51.25,45.17,45.60,653
2008.10.03,00:00,46.41,49.59,44.15,44.86,934
2008.10.06,00:00,42.72,43.76,37.34,43.71,1186
2008.10.07,00:00,45.73,46.50,38.50,38.69,897
2008.10.08,00:00,37.67,44.30,37.00,42.60,968
2008.10.09,00:00,45.73,46.66,37.33,38.41,1135
2008.10.10,00:00,34.81,39.90,32.50,36.35,1327
2008.10.13,00:00,39.45,45.37,36.77,45.37,1129
2008.10.14,00:00,46.94,47.99,40.37,40.94,925
2008.10.15,00:00,38.00,38.25,33.00,33.11,562
2008.10.16,00:00,34.38,35.30,30.03,33.39,956
2008.10.17,00:00,31.75,36.30,30.90,32.93,963
2008.10.20,00:00,34.51,36.77,33.89,36.72,356
2008.10.21,00:00,34.50,35.30,32.68,32.74,349
2008.10.22,00:00,31.11,31.21,25.80,26.92,664
2008.10.23,00:00,26.50,28.28,24.26,26.28,783
2008.10.24,00:00,22.47,26.18,22.28,24.86,542
2008.10.27,00:00,24.99,26.19,23.75,23.75,365
2008.10.28,00:00,25.46,26.95,23.00,26.74,663
2008.10.29,00:00,27.76,30.23,27.25,28.24,549
2008.10.30,00:00,29.82,30.59,27.52,30.02,595
2008.10.31,00:00,29.66,30.44,28.10,29.06,409
2008.11.03,00:00,28.90,30.09,28.13,28.84,387
2008.11.04,00:00,30.17,33.45,30.08,32.94,398
2008.11.05,00:00,31.73,32.95,29.75,30.06,474
2008.11.06,00:00,29.19,29.54,26.75,26.88,328
2008.11.07,00:00,27.39,28.82,25.67,27.07,599
2008.11.10,00:00,29.59,30.19,27.07,27.46,412
2008.11.11,00:00,26.34,26.50,24.14,24.78,317
2008.11.12,00:00,24.00,24.24,21.94,22.29,290
2008.11.13,00:00,22.56,26.05,21.50,26.01,566
2008.11.14,00:00,25.37,26.31,23.98,24.34,364
2008.11.17,00:00,23.28,24.70,22.27,23.14,473
2008.11.18,00:00,23.17,23.17,21.00,21.68,286
2008.11.19,00:00,21.45,22.46,20.02,20.24,368
2008.11.20,00:00,19.89,19.98,17.27,17.60,314
2008.11.21,00:00,18.70,19.52,17.80,19.33,282
2008.11.24,00:00,20.68,22.93,20.04,21.92,455
2008.11.25,00:00,22.78,23.39,21.43,23.06,365
2008.11.26,00:00,22.61,25.60,22.57,25.33,335
2008.11.28,00:00,24.88,25.19,23.65,23.99,220
2008.12.01,00:00,22.52,22.67,20.79,20.91,216
2008.12.02,00:00,21.82,22.54,20.87,21.82,335
2008.12.03,00:00,18.49,18.87,17.01,18.05,329
2008.12.04,00:00,17.89,18.84,17.01,17.51,329
2008.12.05,00:00,17.11,17.16,15.70,16.80,262
2008.12.08,00:00,18.95,20.95,18.66,20.01,353
2008.12.09,00:00,19.50,20.96,19.04,19.74,361
2008.12.10,00:00,21.50,23.00,20.70,22.89,322
2008.12.11,00:00,22.56,25.20,22.22,22.83,570
2008.12.12,00:00,21.00,22.69,20.82,22.28,247
2008.12.15,00:00,23.11,23.81,21.82,22.51,339
2008.12.16,00:00,23.24,25.00,22.81,24.89,274
2008.12.17,00:00,24.59,26.68,24.42,26.01,311
2008.12.18,00:00,25.87,26.12,22.60,23.32,450
2008.12.19,00:00,23.12,23.84,22.51,23.33,246
2008.12.22,00:00,23.71,23.71,20.61,21.32,382
2008.12.23,00:00,21.44,22.42,21.18,21.73,220
2008.12.24,00:00,22.00,22.00,21.26,21.57,106
2008.12.26,00:00,21.68,22.75,21.48,22.58,165
2008.12.29,00:00,23.20,23.52,22.72,23.14,155
2008.12.30,00:00,23.48,23.75,22.73,23.73,180
2008.12.31,00:00,23.57,24.72,23.30,24.44,198
2009.01.02,00:00,24.88,26.96,24.80,26.74,247
2009.01.05,00:00,26.50,29.34,26.25,28.22,447
2009.01.06,00:00,29.56,31.44,29.04,30.81,356
2009.01.07,00:00,29.61,30.04,27.83,27.99,281
2009.01.08,00:00,27.39,29.35,27.06,29.25,273
2009.01.09,00:00,29.77,29.98,27.91,28.75,313
2009.01.12,00:00,27.54,27.68,25.13,25.44,301
2009.01.13,00:00,24.89,26.36,24.60,25.80,262
2009.01.14,00:00,24.93,24.98,22.13,23.03,381
2009.01.15,00:00,23.34,23.99,21.97,23.69,370
2009.01.16,00:00,25.70,25.93,23.16,24.40,425
2009.01.20,00:00,23.75,24.40,22.02,22.14,316
2009.01.21,00:00,22.56,23.54,21.67,23.50,281
2009.01.22,00:00,22.64,22.98,21.90,22.56,209
2009.01.23,00:00,21.77,24.06,21.16,22.81,477
2009.01.26,00:00,23.57,26.29,22.92,24.94,538
2009.01.27,00:00,25.38,26.20,24.69,25.63,278
2009.01.28,00:00,26.35,28.38,26.29,28.07,247
2009.01.29,00:00,26.93,27.36,26.25,26.68,198
2009.01.30,00:00,27.12,27.13,24.77,25.14,275
2009.02.02,00:00,24.22,25.61,24.22,24.59,242
2009.02.03,00:00,25.23,25.87,24.68,25.17,233
2009.02.04,00:00,27.23,28.12,26.43,27.28,334
2009.02.05,00:00,27.00,28.88,26.64,28.35,314
2009.02.06,00:00,29.31,30.49,29.22,29.81,205
2009.02.09,00:00,30.20,31.25,28.86,29.32,391
2009.02.10,00:00,29.39,30.03,26.80,27.29,437
2009.02.11,00:00,27.81,28.73,27.05,27.92,326
2009.02.12,00:00,27.50,29.68,27.10,29.40,327
2009.02.13,00:00,29.64,30.90,29.52,30.51,190
2009.02.17,00:00,28.80,28.94,27.05,27.12,211
2009.02.18,00:00,27.65,28.65,26.56,28.44,340
2009.02.19,00:00,29.35,29.69,27.95,28.27,241
2009.02.20,00:00,27.52,29.19,27.08,28.78,297
2009.02.23,00:00,29.43,29.50,26.13,26.34,366
2009.02.24,00:00,26.76,28.16,26.08,27.99,294
2009.02.25,00:00,28.75,29.97,27.81,29.32,376
2009.02.26,00:00,30.02,31.91,29.81,30.09,414
2009.02.27,00:00,28.77,31.39,28.39,30.42,436
2009.03.02,00:00,29.51,29.83,26.32,26.49,401
2009.03.03,00:00,27.72,29.14,27.15,28.41,330
2009.03.04,00:00,31.00,32.92,30.47,32.21,370
2009.03.05,00:00,30.78,32.30,30.51,31.65,272
2009.03.06,00:00,32.89,34.39,32.49,33.88,282
2009.03.09,00:00,32.81,34.42,32.09,32.32,418
2009.03.10,00:00,33.76,34.75,33.20,34.17,270
2009.03.11,00:00,34.45,36.06,33.97,35.56,308
2009.03.12,00:00,35.18,36.97,35.05,36.76,227
2009.03.13,00:00,38.00,38.00,36.16,37.04,273
2009.03.16,00:00,37.63,38.43,36.76,37.26,298
2009.03.17,00:00,36.22,37.00,35.25,36.93,280
2009.03.18,00:00,36.48,38.02,34.35,37.87,596
2009.03.19,00:00,40.35,42.62,39.86,40.04,522
2009.03.20,00:00,40.97,41.50,38.61,39.00,382
2009.03.23,00:00,40.74,42.14,39.76,41.87,364
2009.03.24,00:00,40.61,41.83,39.80,40.87,381
2009.03.25,00:00,41.25,42.70,39.25,40.66,632
2009.03.26,00:00,42.07,43.45,41.94,43.05,205
2009.03.27,00:00,41.63,42.89,41.32,42.12,266
2009.03.30,00:00,40.14,40.27,37.85,38.53,324
2009.03.31,00:00,39.09,39.19,36.52,38.11,437
2009.04.01,00:00,36.95,40.00,36.60,39.71,405
2009.04.02,00:00,41.48,42.87,41.35,41.57,296
2009.04.03,00:00,41.40,43.75,41.25,42.67,374
2009.04.06,00:00,41.37,41.84,40.36,41.75,259
2009.04.07,00:00,40.95,42.71,40.90,41.36,322
2009.04.08,00:00,41.62,42.10,39.68,40.62,385
2009.04.09,00:00,42.84,44.26,42.17,44.10,293
2009.04.13,00:00,45.02,46.02,43.36,45.59,476
2009.04.14,00:00,45.23,46.22,44.15,44.26,318
2009.04.15,00:00,44.35,44.92,43.65,44.80,210
2009.04.16,00:00,44.92,45.00,42.65,43.74,353
2009.04.17,00:00,43.56,43.79,42.46,43.40,251
2009.04.20,00:00,41.03,41.50,38.87,39.11,335
2009.04.21,00:00,38.05,40.75,38.00,40.73,283
2009.04.22,00:00,39.41,42.73,39.05,40.45,633
2009.04.23,00:00,40.02,40.29,38.53,39.16,267
2009.04.24,00:00,40.10,41.39,39.56,40.93,284
2009.04.27,00:00,39.46,40.50,38.90,39.68,299
2009.04.28,00:00,38.70,39.33,38.18,38.27,188
2009.04.29,00:00,39.28,41.59,39.05,40.96,341
2009.04.30,00:00,42.00,43.47,41.53,42.65,324
2009.05.01,00:00,42.59,45.60,42.46,44.48,440
2009.05.04,00:00,46.10,48.68,45.94,48.64,295
2009.05.05,00:00,48.86,50.48,47.39,50.01,504
2009.05.06,00:00,51.82,52.99,51.23,51.85,350
2009.05.07,00:00,52.65,52.65,48.16,49.04,538
2009.05.08,00:00,50.39,52.21,49.92,51.80,318
2009.05.11,00:00,50.05,51.08,49.07,50.98,310
2009.05.12,00:00,51.39,52.17,47.62,49.11,683
2009.05.13,00:00,47.12,48.11,45.55,46.01,402
2009.05.14,00:00,45.66,47.26,44.53,46.11,502
2009.05.15,00:00,46.46,47.20,44.55,45.17,402
2009.05.18,00:00,46.14,48.72,46.02,48.67,288
2009.05.19,00:00,49.31,50.50,48.73,49.52,334
2009.05.20,00:00,50.34,52.35,49.69,50.00,499
2009.05.21,00:00,48.94,49.38,47.90,48.65,268
2009.05.22,00:00,49.62,49.94,48.22,48.34,217
2009.05.26,00:00,47.24,50.53,46.58,49.99,516
2009.05.27,00:00,50.27,51.99,49.61,49.75,425
2009.05.28,00:00,50.62,53.04,49.97,52.20,457
2009.05.29,00:00,53.88,54.45,52.63,54.43,310
2009.06.01,00:00,56.69,59.45,56.60,58.12,428
2009.06.02,00:00,57.70,58.98,56.44,56.88,427
2009.06.03,00:00,55.99,56.20,52.10,53.66,588
2009.06.04,00:00,54.36,56.66,53.38,56.33,460
2009.06.05,00:00,56.50,58.45,55.12,57.16,601
2009.06.08,00:00,55.89,57.00,54.72,56.48,398
2009.06.09,00:00,57.31,59.58,56.56,58.96,440
2009.06.10,00:00,60.15,60.76,57.90,59.89,547
2009.06.11,00:00,60.16,61.55,59.30,60.42,425
2009.06.12,00:00,59.40,60.27,58.09,58.51,348
2009.06.15,00:00,56.96,57.13,55.13,55.14,219
2009.06.16,00:00,56.15,56.40,52.01,52.39,503
2009.06.17,00:00,51.26,51.48,48.75,50.48,469
2009.06.18,00:00,50.12,51.41,49.31,50.50,383
2009.06.19,00:00,51.51,52.38,50.30,50.93,359
2009.06.22,00:00,48.95,48.97,45.09,45.18,400
2009.06.23,00:00,46.34,47.80,45.70,47.18,337
2009.06.24,00:00,48.96,50.48,48.10,48.80,461
2009.06.25,00:00,48.86,51.03,48.26,50.75,366
2009.06.26,00:00,50.85,51.35,50.14,50.55,213
2009.06.29,00:00,51.28,51.53,49.85,50.33,242
2009.06.30,00:00,50.89,51.68,49.33,50.11,393
2009.07.01,00:00,51.50,52.97,50.35,50.57,432
2009.07.02,00:00,49.33,50.20,48.40,49.72,322
2009.07.06,00:00,47.92,48.18,45.13,45.94,413
2009.07.07,00:00,46.55,46.79,44.99,45.00,206
2009.07.08,00:00,45.77,46.75,43.19,45.10,646
2009.07.09,00:00,46.84,47.52,45.85,46.69,320
2009.07.10,00:00,46.04,47.16,45.60,46.64,253
2009.07.13,00:00,46.54,47.97,44.56,47.91,546
2009.07.14,00:00,49.26,50.10,47.77,48.18,359
2009.07.15,00:00,50.30,51.27,49.82,50.91,230
2009.07.16,00:00,51.13,53.99,50.77,53.82,376
2009.07.17,00:00,53.87,56.26,53.31,55.50,428
2009.07.20,00:00,57.16,57.85,55.50,57.00,455
2009.07.21,00:00,58.60,59.32,56.00,58.17,622
2009.07.22,00:00,56.60,59.24,56.40,58.78,351
2009.07.23,00:00,58.26,60.49,58.16,59.75,318
2009.07.24,00:00,59.28,60.73,58.34,59.82,425
2009.07.27,00:00,60.52,60.64,58.96,59.95,280
2009.07.28,00:00,58.86,59.28,57.34,58.57,360
2009.07.29,00:00,56.78,56.93,54.45,55.51,370
2009.07.30,00:00,57.10,59.04,57.03,58.41,272
2009.07.31,00:00,58.17,61.00,57.64,60.30,460
2009.08.03,00:00,62.65,65.45,62.57,65.14,328
2009.08.04,00:00,64.69,64.90,62.64,63.10,294
2009.08.05,00:00,63.85,64.99,62.51,64.46,436
2009.08.06,00:00,65.25,66.20,63.07,63.99,501
2009.08.07,00:00,65.03,65.31,62.75,63.41,351
2009.08.10,00:00,63.09,63.18,61.55,62.38,256
2009.08.11,00:00,62.16,62.44,61.00,61.88,261
2009.08.12,00:00,61.22,63.59,61.05,62.98,333
2009.08.13,00:00,64.47,66.09,63.35,66.07,389
2009.08.14,00:00,65.58,65.87,62.60,63.65,462
2009.08.17,00:00,60.61,60.61,58.56,59.36,286
2009.08.18,00:00,59.88,60.70,59.30,60.47,222
2009.08.19,00:00,59.00,62.51,58.50,62.09,494
2009.08.20,00:00,63.29,63.95,62.09,62.23,267
2009.08.21,00:00,63.76,65.35,62.95,65.06,351
2009.08.24,00:00,66.62,67.46,65.10,65.44,355
2009.08.25,00:00,65.59,66.20,63.56,64.11,381
2009.08.26,00:00,63.89,64.27,62.90,63.13,199
2009.08.27,00:00,63.13,64.30,61.50,64.26,448
2009.08.28,00:00,65.88,66.68,64.66,65.48,365
2009.08.31,00:00,63.50,63.85,62.66,62.98,187
2009.09.01,00:00,63.18,64.10,60.30,60.61,504
2009.09.02,00:00,60.29,62.24,59.75,61.80,348
2009.09.03,00:00,63.70,64.50,62.60,64.48,303
2009.09.04,00:00,64.62,66.10,63.45,66.00,393
2009.09.08,00:00,68.50,68.90,67.64,68.00,203
2009.09.09,00:00,68.19,68.38,66.62,67.68,302
2009.09.10,00:00,66.90,69.30,66.15,69.26,395
2009.09.11,00:00,70.00,71.45,69.17,70.37,420
2009.09.14,00:00,68.97,70.74,68.27,70.62,330
2009.09.15,00:00,70.75,71.69,70.13,71.32,256
2009.09.16,00:00,72.80,72.96,71.75,72.15,178
2009.09.17,00:00,71.59,72.95,70.45,71.47,489
2009.09.18,00:00,71.48,71.79,69.41,70.14,343
2009.09.21,00:00,68.80,70.77,67.68,70.08,491
2009.09.22,00:00,71.47,73.43,71.45,73.15,229
2009.09.23,00:00,73.30,73.42,71.02,71.09,260
2009.09.24,00:00,71.22,71.50,67.56,68.10,477
2009.09.25,00:00,67.61,69.33,66.55,66.69,465
2009.09.28,00:00,67.38,69.20,66.45,68.96,393
2009.09.29,00:00,68.99,70.45,68.19,68.32,386
2009.09.30,00:00,69.81,69.97,67.72,68.61,331
2009.10.01,00:00,68.43,68.57,65.11,65.40,390
2009.10.02,00:00,63.35,66.65,63.00,65.86,480
2009.10.05,00:00,66.11,67.89,65.57,67.31,345
2009.10.06,00:00,69.02,70.37,68.55,69.61,306
2009.10.07,00:00,69.75,72.85,69.50,72.78,368
2009.10.08,00:00,73.95,75.67,73.15,74.98,402
2009.10.09,00:00,74.71,75.09,73.16,74.34,350
2009.10.12,00:00,75.60,76.46,73.87,74.48,407
2009.10.13,00:00,73.50,75.28,73.18,74.85,286
2009.10.14,00:00,76.01,76.55,75.26,76.23,237
2009.10.15,00:00,75.60,76.43,74.95,75.93,264
2009.10.16,00:00,75.62,76.14,74.37,75.73,344
2009.10.19,00:00,76.50,79.53,76.08,79.00,441
2009.10.20,00:00,79.77,79.90,77.33,78.63,401
2009.10.21,00:00,79.18,82.59,78.05,79.72,855
2009.10.22,00:00,80.72,83.33,79.88,82.98,465
2009.10.23,00:00,83.75,84.28,80.90,81.35,437
2009.10.26,00:00,81.81,83.35,79.25,79.48,588
2009.10.27,00:00,79.36,79.65,76.95,77.45,350
2009.10.28,00:00,76.85,77.73,73.00,73.45,607
2009.10.29,00:00,75.00,78.36,75.00,78.17,356
2009.10.30,00:00,78.15,78.16,72.81,73.36,592
2009.11.02,00:00,74.47,76.36,72.38,74.61,783
2009.11.03,00:00,72.87,77.50,72.36,76.78,638
2009.11.04,00:00,78.10,79.60,77.40,77.70,401
2009.11.05,00:00,78.25,79.88,77.80,79.50,292
2009.11.06,00:00,78.58,80.30,78.54,79.56,255
2009.11.09,00:00,81.57,83.70,81.57,83.20,264
2009.11.10,00:00,82.49,83.45,81.25,82.57,433
2009.11.11,00:00,84.35,84.70,82.34,82.94,332
2009.11.12,00:00,82.59,83.36,80.61,81.16,408
2009.11.13,00:00,81.75,82.54,80.70,81.57,351
2009.11.16,00:00,83.57,85.00,83.34,84.48,242
2009.11.17,00:00,83.96,85.36,82.91,85.36,351
2009.11.18,00:00,85.95,86.11,83.59,84.69,379
2009.11.19,00:00,83.91,85.25,82.50,84.72,470
2009.11.20,00:00,84.08,84.87,83.10,84.57,306
2009.11.23,00:00,86.55,87.23,84.61,85.33,403
2009.11.24,00:00,85.48,85.89,84.02,85.59,364
2009.11.25,00:00,86.29,87.35,85.75,87.32,218
2009.11.27,00:00,83.59,85.68,82.81,84.14,520
2009.11.30,00:00,83.68,84.18,82.14,82.80,321
2009.12.01,00:00,84.09,85.20,83.65,83.91,293
2009.12.02,00:00,84.21,86.00,83.99,85.18,306
2009.12.03,00:00,84.65,85.55,83.60,83.80,306
2009.12.04,00:00,84.43,84.80,78.73,79.87,759
2009.12.07,00:00,79.08,80.68,78.27,78.69,444
2009.12.08,00:00,77.58,77.90,76.11,76.27,228
2009.12.09,00:00,77.00,78.50,76.22,78.37,320
2009.12.10,00:00,78.92,79.27,77.25,77.74,287
2009.12.11,00:00,78.60,78.89,76.52,76.81,296
2009.12.14,00:00,77.95,78.90,76.92,78.84,308
2009.12.15,00:00,78.38,79.85,77.80,78.09,382
2009.12.16,00:00,78.96,80.29,78.71,79.45,268
2009.12.17,00:00,78.27,78.44,75.76,75.96,306
2009.12.18,00:00,76.87,77.31,75.48,76.54,334
2009.12.21,00:00,77.23,78.29,76.91,77.96,204
2009.12.22,00:00,77.80,78.98,77.60,78.45,212
2009.12.23,00:00,79.52,81.50,79.27,80.93,306
2009.12.24,00:00,81.97,82.19,81.40,81.81,143
2009.12.28,00:00,83.05,83.43,81.25,81.80,312
2009.12.29,00:00,82.70,83.33,81.06,81.09,294
2009.12.30,00:00,80.73,81.48,80.31,80.88,220
2009.12.31,00:00,81.58,81.68,80.29,80.29,150
2010.01.04,00:00,82.61,83.60,82.55,83.46,126
2010.01.05,00:00,83.51,84.50,83.13,83.96,230
2010.01.06,00:00,84.86,87.98,84.77,87.31,398
2010.01.07,00:00,86.53,86.80,85.01,85.64,270
2010.01.08,00:00,85.94,88.20,84.81,88.10,463
2010.01.11,00:00,89.97,90.55,87.08,88.09,507
2010.01.12,00:00,86.44,86.61,83.47,84.77,462
2010.01.13,00:00,85.30,86.41,83.06,86.15,586
2010.01.14,00:00,86.39,86.70,84.51,85.08,308
2010.01.15,00:00,85.00,85.65,83.97,84.30,267
2010.01.19,00:00,84.72,84.79,83.40,84.60,267
2010.01.20,00:00,83.14,84.07,81.20,83.52,537
2010.01.21,00:00,82.81,82.90,76.00,76.28,728
2010.01.22,00:00,73.84,77.44,72.55,74.23,940
2010.01.25,00:00,75.23,76.09,74.32,74.60,292
2010.01.26,00:00,73.47,73.99,71.57,71.99,337
2010.01.27,00:00,71.27,72.36,68.80,71.25,711
2010.01.28,00:00,72.59,72.76,67.80,68.82,616
2010.01.29,00:00,69.85,71.28,66.20,66.69,701
2010.02.01,00:00,68.13,71.64,68.05,71.59,373
2010.02.02,00:00,73.26,73.65,71.18,72.51,420
2010.02.03,00:00,71.72,73.19,69.65,70.46,583
2010.02.04,00:00,68.51,68.99,66.50,66.74,322
2010.02.05,00:00,66.74,70.29,66.03,70.23,504
2010.02.08,00:00,70.77,71.99,68.91,69.20,460
2010.02.09,00:00,71.13,72.95,70.79,71.58,388
2010.02.10,00:00,71.22,71.79,69.16,71.03,508
2010.02.11,00:00,71.68,74.73,70.92,74.17,514
2010.02.12,00:00,72.41,73.84,71.51,73.68,340
2010.02.16,00:00,75.62,76.07,74.85,75.94,213
2010.02.17,00:00,76.33,76.64,73.89,75.12,430
2010.02.18,00:00,74.62,76.79,74.57,76.60,247
2010.02.19,00:00,76.00,77.88,75.85,77.16,291
2010.02.22,00:00,77.52,77.70,76.16,76.24,181
2010.02.23,00:00,75.65,76.15,73.07,73.64,416
2010.02.24,00:00,73.58,74.44,71.91,72.68,417
2010.02.25,00:00,70.65,74.24,70.37,74.07,433
2010.02.26,00:00,74.41,75.25,72.92,75.16,392
2010.03.01,00:00,77.17,77.29,75.36,76.45,315
2010.03.02,00:00,76.98,78.67,76.25,77.98,385
2010.03.03,00:00,79.45,80.38,78.83,79.24,290
2010.03.04,00:00,79.30,79.66,77.90,78.84,307
2010.03.05,00:00,79.86,81.00,79.31,80.71,254
2010.03.08,00:00,81.10,81.65,80.20,80.62,243
2010.03.09,00:00,79.73,80.75,79.25,79.76,298
2010.03.10,00:00,80.23,81.31,79.31,80.08,386
2010.03.11,00:00,79.45,80.55,78.66,80.50,274
2010.03.12,00:00,81.21,81.48,80.28,80.53,173
2010.03.15,00:00,79.63,80.83,79.00,80.66,264
2010.03.16,00:00,81.51,82.44,81.43,82.19,135
2010.03.17,00:00,82.52,83.00,81.00,81.23,272
2010.03.18,00:00,81.18,82.43,80.04,80.27,388
2010.03.19,00:00,80.91,80.96,78.11,78.51,331
2010.03.22,00:00,77.25,79.91,76.77,79.80,374
2010.03.23,00:00,79.61,81.14,79.22,81.09,237
2010.03.24,00:00,79.69,80.89,79.57,79.79,255
2010.03.25,00:00,80.69,80.92,77.74,77.91,359
2010.03.26,00:00,78.60,79.94,78.20,79.17,292
2010.03.29,00:00,80.93,82.99,80.50,82.88,304
2010.03.30,00:00,83.16,84.88,83.01,83.61,8642
2010.03.31,00:00,83.42,84.24,83.13,83.49,7375
2010.04.01,00:00,84.86,86.28,84.77,86.26,7391
2010.04.05,00:00,86.75,87.86,85.90,87.29,4721
2010.04.06,00:00,87.00,88.29,86.67,87.29,6750
2010.04.07,00:00,87.35,87.68,84.91,85.91,8336
2010.04.08,00:00,85.10,86.11,84.26,86.05,6673
2010.04.09,00:00,85.99,86.43,84.51,85.69,6563
2010.04.12,00:00,85.08,85.94,84.02,84.46,6398
2010.04.13,00:00,84.08,84.97,83.42,84.77,6694
2010.04.14,00:00,85.70,86.08,84.90,85.31,5983
2010.04.15,00:00,85.00,85.32,84.04,84.23,5641
2010.04.16,00:00,83.51,84.12,80.67,81.18,10259
2010.04.19,00:00,80.18,81.26,78.69,80.76,9468
2010.04.20,00:00,81.73,82.19,80.77,80.80,7064
2010.04.21,00:00,80.96,80.97,76.54,78.41,11841
2010.04.22,00:00,77.70,80.53,77.20,80.50,10067
2010.04.23,00:00,80.75,80.81,78.92,79.58,8616
2010.04.26,00:00,80.28,81.62,80.17,80.40,6753
2010.04.27,00:00,78.70,78.79,75.70,76.12,9480
2010.04.28,00:00,77.19,77.60,75.33,76.49,11325
2010.04.29,00:00,76.95,78.16,76.75,77.72,8186
2010.04.30,00:00,78.41,78.66,75.10,75.51,9665
2010.05.03,00:00,75.55,76.26,72.02,73.71,8866
2010.05.04,00:00,71.75,71.82,69.40,70.44,11396
2010.05.05,00:00,68.16,72.41,67.96,70.47,13280
2010.05.06,00:00,70.45,72.68,65.30,68.79,20334
2010.05.07,00:00,69.98,70.08,65.22,67.33,21107
2010.05.10,00:00,71.28,73.46,71.16,72.50,12242
2010.05.11,00:00,71.12,72.42,70.20,70.25,13764
2010.05.12,00:00,71.45,73.09,71.13,73.00,12936
2010.05.13,00:00,73.12,73.64,71.38,71.65,14381
2010.05.14,00:00,70.18,70.63,68.35,69.73,14537
2010.05.17,00:00,69.67,69.77,66.06,67.99,14909
2010.05.18,00:00,69.36,70.95,67.19,67.36,16811
2010.05.19,00:00,66.18,68.26,65.23,67.72,16399
2010.05.20,00:00,65.50,65.89,63.21,63.64,19311
2010.05.21,00:00,62.89,67.83,62.89,67.08,18928
2010.05.24,00:00,67.22,68.05,65.49,65.51,13171
2010.05.25,00:00,63.12,67.74,62.78,67.66,15732
2010.05.26,00:00,69.77,69.88,66.50,66.52,14603
2010.05.27,00:00,69.68,71.09,69.20,71.07,9038
2010.05.28,00:00,71.14,71.33,69.25,69.97,12109
2010.06.01,00:00,68.91,69.48,66.45,66.47,12631
2010.06.02,00:00,67.04,69.03,66.05,69.02,10436
2010.06.03,00:00,69.60,69.63,65.01,66.13,10629
2010.06.04,00:00,64.14,65.44,62.52,62.85,11896
2010.06.07,00:00,62.81,62.97,58.23,58.64,11718
2010.06.08,00:00,58.96,61.53,58.84,61.46,15267
2010.06.09,00:00,62.75,63.87,60.25,60.69,12099
2010.06.10,00:00,62.56,64.44,62.56,64.39,12053
2010.06.11,00:00,64.10,65.49,63.70,64.93,9423
2010.06.14,00:00,66.85,67.00,65.23,65.29,9420
2010.06.15,00:00,66.11,67.12,64.88,67.01,8514
2010.06.16,00:00,66.16,67.72,65.85,67.04,9024
2010.06.17,00:00,66.63,66.92,64.62,65.80,9779
2010.06.18,00:00,65.83,66.28,65.14,65.87,6901
2010.06.21,00:00,69.17,69.98,67.76,68.08,10259
2010.06.22,00:00,68.14,68.25,65.04,65.19,10195
2010.06.23,00:00,64.92,65.50,62.89,65.08,10713
2010.06.24,00:00,64.71,65.04,63.35,63.48,11921
2010.06.25,00:00,63.76,66.83,63.18,66.62,11623
2010.06.28,00:00,66.10,66.23,64.25,64.65,10086
2010.06.29,00:00,62.77,63.37,60.52,61.09,11483
2010.06.30,00:00,61.16,61.67,58.90,59.13,10083
2010.07.01,00:00,59.18,60.21,56.70,58.16,13468
2010.07.02,00:00,59.27,59.64,57.88,58.50,11132
2010.07.06,00:00,60.59,61.58,58.37,59.14,8973
2010.07.07,00:00,59.87,62.94,59.22,62.93,7880
2010.07.08,00:00,63.75,64.32,62.16,63.21,8673
2010.07.09,00:00,63.00,66.13,62.83,66.00,6734
2010.07.12,00:00,65.17,65.27,62.56,63.24,7452
2010.07.13,00:00,64.55,64.92,63.22,64.12,7449
2010.07.14,00:00,63.44,64.70,63.00,63.61,8288
2010.07.15,00:00,63.61,63.67,61.86,63.19,8655
2010.07.16,00:00,62.62,62.94,59.91,60.06,8315
2010.07.19,00:00,60.21,61.42,60.01,60.84,7299
2010.07.20,00:00,60.65,65.11,60.60,64.16,8445
2010.07.21,00:00,67.80,68.34,65.44,66.05,13730
2010.07.22,00:00,67.96,69.96,67.75,68.79,8916
2010.07.23,00:00,68.90,71.37,68.74,71.09,10762
2010.07.26,00:00,70.83,71.79,70.04,71.25,7263
2010.07.27,00:00,71.56,71.98,68.61,69.83,7858
2010.07.28,00:00,69.42,71.55,69.42,70.38,7851
2010.07.29,00:00,71.26,72.47,70.01,70.72,9635
2010.07.30,00:00,69.36,71.77,69.35,71.58,11944
2010.08.02,00:00,73.24,75.12,73.03,74.80,6782
2010.08.03,00:00,74.11,74.47,73.03,74.03,6617
2010.08.04,00:00,74.37,75.25,73.16,74.98,7982
2010.08.05,00:00,74.83,74.83,73.09,74.08,6447
2010.08.06,00:00,73.39,76.23,73.39,74.62,8891
2010.08.09,00:00,75.32,75.60,74.01,74.70,4627
2010.08.10,00:00,72.95,73.71,72.20,73.19,8254
2010.08.11,00:00,70.79,71.14,69.49,70.01,8153
2010.08.12,00:00,69.33,71.32,69.14,70.38,7584
2010.08.13,00:00,69.83,70.47,69.42,70.08,5241
2010.08.16,00:00,70.78,71.67,70.32,70.63,5482
2010.08.17,00:00,72.70,73.99,72.54,72.84,6511
2010.08.18,00:00,72.63,73.83,72.04,73.21,6511
2010.08.19,00:00,73.14,74.27,71.62,72.10,7590
2010.08.20,00:00,71.29,71.73,70.25,71.39,6554
2010.08.23,00:00,72.05,72.14,70.21,70.32,5519
2010.08.24,00:00,68.25,68.33,66.54,67.03,7779
2010.08.25,00:00,66.17,66.86,65.70,66.61,7869
2010.08.26,00:00,68.25,68.97,67.10,67.15,8127
2010.08.27,00:00,68.48,71.26,67.47,71.20,8234
2010.08.30,00:00,71.01,71.93,70.35,70.35,6753
2010.08.31,00:00,69.95,72.97,69.94,71.91,10663
2010.09.01,00:00,73.90,76.32,73.71,76.09,8951
2010.09.02,00:00,75.66,77.09,75.20,77.01,9529
2010.09.03,00:00,78.36,78.92,77.79,78.49,8355
2010.09.07,00:00,77.22,78.78,76.40,77.88,10049
2010.09.08,00:00,78.22,79.98,78.05,79.15,8513
2010.09.09,00:00,79.38,79.69,77.50,78.17,7399
2010.09.10,00:00,78.10,79.24,77.80,79.01,4549
2010.09.13,00:00,80.50,82.41,80.50,81.76,5555
2010.09.14,00:00,81.16,82.45,80.70,81.43,9372
2010.09.15,00:00,80.93,81.45,80.02,81.40,7893
2010.09.16,00:00,81.16,82.56,81.16,81.76,17004
2010.09.17,00:00,82.17,82.25,81.12,81.67,15934
2010.09.20,00:00,82.02,83.76,81.88,83.33,15184
2010.09.21,00:00,83.45,83.45,80.96,83.08,19004
2010.09.22,00:00,83.57,85.35,83.51,84.47,19046
2010.09.23,00:00,83.19,85.22,81.94,84.24,16902
2010.09.24,00:00,86.00,87.46,85.77,86.52,15784
2010.09.27,00:00,86.35,87.27,85.78,86.57,14864
2010.09.28,00:00,86.65,87.32,84.81,87.01,20796
2010.09.29,00:00,86.90,87.88,85.66,86.17,16918
2010.09.30,00:00,86.86,87.22,84.26,85.35,22734
2010.10.01,00:00,87.03,89.28,86.40,89.19,19002
2010.10.04,00:00,88.27,88.56,86.67,87.24,17520
2010.10.05,00:00,88.61,91.78,88.61,91.19,18382
2010.10.06,00:00,91.50,94.33,91.41,93.59,19138
2010.10.07,00:00,93.63,93.69,89.85,91.39,23154
2010.10.08,00:00,92.31,95.90,92.00,95.51,19122
2010.10.11,00:00,95.52,96.53,94.66,95.30,17468
2010.10.12,00:00,94.76,95.58,92.91,95.42,20502
2010.10.13,00:00,96.50,99.91,96.45,99.10,22816
2010.10.14,00:00,99.13,100.33,98.17,98.96,23780
2010.10.15,00:00,99.05,99.28,96.71,98.03,20762
2010.10.18,00:00,96.34,97.36,95.71,96.32,17278
2010.10.19,00:00,92.68,94.58,92.00,92.68,27306
2010.10.20,00:00,93.53,96.24,93.41,95.33,24526
2010.10.21,00:00,98.67,99.60,94.43,96.55,32152
2010.10.22,00:00,96.45,96.54,93.02,94.03,22516
2010.10.25,00:00,97.05,97.81,95.55,96.09,20518
2010.10.26,00:00,94.63,98.40,94.50,98.16,19432
2010.10.27,00:00,95.93,96.34,94.04,95.50,20964
2010.10.28,00:00,96.93,97.30,95.35,95.47,18088
2010.10.29,00:00,94.78,95.30,94.00,94.78,17708
2010.11.01,00:00,96.06,96.22,95.01,96.21,16828
2010.11.02,00:00,97.18,98.24,96.60,97.63,14852
2010.11.03,00:00,97.64,97.69,95.03,97.04,17810
2010.11.04,00:00,100.13,103.94,99.86,103.83,25564
2010.11.05,00:00,102.95,107.04,102.95,104.84,27480
2010.11.08,00:00,104.16,105.68,103.21,105.20,18474
2010.11.09,00:00,107.34,108.48,101.94,102.59,32372
2010.11.10,00:00,102.67,104.47,100.62,104.35,33040
2010.11.11,00:00,105.59,108.09,104.65,107.98,24662
2010.11.12,00:00,106.52,106.53,102.22,103.90,32326
2010.11.15,00:00,103.66,104.46,101.82,101.84,26980
2010.11.16,00:00,99.38,99.72,96.02,97.66,36260
2010.11.17,00:00,97.05,99.31,96.57,96.83,25914
2010.11.18,00:00,99.69,101.43,99.56,99.80,23344
2010.11.19,00:00,98.62,101.92,97.80,101.84,21894
2010.11.22,00:00,100.31,102.46,100.00,102.05,26212
2010.11.23,00:00,100.01,100.01,97.93,98.67,24694
2010.11.24,00:00,99.77,101.24,99.20,100.68,16428
2010.11.26,00:00,99.19,99.23,97.79,97.98,10770
2010.11.29,00:00,97.46,101.58,96.35,101.26,25074
2010.11.30,00:00,100.10,103.16,99.71,101.29,27398
2010.12.01,00:00,104.13,105.56,103.05,105.48,23194
2010.12.02,00:00,105.41,108.24,105.41,107.70,22588
2010.12.03,00:00,106.83,109.41,106.83,108.95,23392
2010.12.06,00:00,109.05,111.89,108.84,109.95,20374
2010.12.07,00:00,112.99,114.22,110.34,110.56,29912
2010.12.08,00:00,110.91,111.54,106.70,108.61,27762
2010.12.09,00:00,111.91,111.91,109.58,110.69,17358
2010.12.10,00:00,111.90,113.03,110.30,112.84,20544
2010.12.13,00:00,114.88,117.38,114.40,115.54,23370
2010.12.14,00:00,115.88,115.97,114.01,114.83,20860
2010.12.15,00:00,113.42,114.67,111.82,112.05,24884
2010.12.16,00:00,112.21,112.43,109.82,111.42,20570
2010.12.17,00:00,112.11,113.88,112.00,113.69,14782
2010.12.20,00:00,115.35,115.82,113.94,114.04,17066
2010.12.21,00:00,115.73,116.37,114.39,116.30,13476
2010.12.22,00:00,117.24,117.29,115.78,116.39,11692
2010.12.23,00:00,115.48,118.16,115.48,118.14,13576
2010.12.27,00:00,117.09,119.43,117.06,118.61,15640
2010.12.28,00:00,119.55,119.56,117.68,118.27,12554
2010.12.29,00:00,119.03,119.40,118.29,119.21,10212
2010.12.30,00:00,119.85,120.78,118.92,118.94,14484
2010.12.31,00:00,119.19,120.42,118.55,120.13,10726
2011.01.03,00:00,121.68,122.48,119.15,119.60,21094
2011.01.04,00:00,119.35,120.21,115.06,118.72,30730
2011.01.05,00:00,117.24,118.78,115.90,118.33,22586
2011.01.06,00:00,118.13,118.30,115.20,116.03,21266
2011.01.07,00:00,116.40,117.94,115.32,117.48,23140
2011.01.10,00:00,117.33,119.32,115.56,118.99,20508
2011.01.11,00:00,120.55,121.97,119.55,121.81,22800
2011.01.12,00:00,122.00,122.68,121.32,121.82,21552
2011.01.13,00:00,121.69,121.84,117.91,117.93,21276
2011.01.14,00:00,118.00,118.82,116.75,118.26,22270
2011.01.18,00:00,118.45,119.45,117.57,118.54,17582
2011.01.19,00:00,119.61,119.61,114.70,115.05,20854
2011.01.20,00:00,110.85,111.35,109.15,110.86,30916
2011.01.21,00:00,110.34,111.30,108.11,108.32,24184
2011.01.24,00:00,108.06,111.30,107.74,108.44,27796
2011.01.25,00:00,106.01,107.40,104.62,106.41,28380
2011.01.26,00:00,106.20,110.79,106.20,110.30,28772
2011.01.27,00:00,111.61,111.61,106.51,107.59,24638
2011.01.28,00:00,107.16,108.42,105.65,106.15,31366
2011.01.31,00:00,107.29,108.96,106.90,108.77,24320
2011.02.01,00:00,110.53,114.19,110.33,114.07,23798
2011.02.02,00:00,56.82,57.57,55.94,56.23,17034
2011.02.03,00:00,56.10,57.02,55.00,56.89,19024
2011.02.04,00:00,57.31,57.39,56.21,56.77,14154
2011.02.07,00:00,57.28,57.62,55.56,55.59,11406
2011.02.08,00:00,56.07,56.07,55.05,55.64,11816
2011.02.09,00:00,55.02,55.62,53.45,53.88,15122
2011.02.10,00:00,52.98,54.32,52.76,53.61,15774
2011.02.11,00:00,53.23,53.96,53.00,53.52,14856
2011.02.14,00:00,54.38,56.24,54.35,56.12,11396
2011.02.15,00:00,55.97,56.42,54.44,54.65,13664
2011.02.16,00:00,54.86,55.48,54.19,55.42,14446
2011.02.17,00:00,55.59,55.59,54.50,55.21,10924
2011.02.18,00:00,55.01,55.11,52.80,52.94,11376
2011.02.22,00:00,51.31,52.22,50.03,50.35,15954
2011.02.23,00:00,50.21,51.54,49.60,51.01,18808
2011.02.24,00:00,51.26,52.56,50.70,51.87,21986
2011.02.25,00:00,52.95,52.99,52.00,52.49,15206
2011.02.28,00:00,53.10,53.48,51.95,52.95,11394
2011.03.01,00:00,53.10,53.33,51.56,51.62,17794
2011.03.02,00:00,51.20,52.42,51.01,52.01,14844
2011.03.03,00:00,52.92,53.10,51.83,52.37,10286
2011.03.04,00:00,52.82,52.94,51.06,51.69,12890
2011.03.07,00:00,52.01,52.28,49.60,50.11,16556
2011.03.08,00:00,50.07,50.93,48.61,50.10,11562
2011.03.09,00:00,50.47,50.47,48.16,48.45,12482
2011.03.10,00:00,47.00,49.06,46.25,47.77,14128
2011.03.11,00:00,47.30,49.85,47.30,49.46,12406
2011.03.14,00:00,49.05,49.05,48.18,48.90,10532
2011.03.15,00:00,46.93,51.78,46.52,51.44,18966
2011.03.16,00:00,52.43,52.46,49.07,50.30,23526
2011.03.17,00:00,51.88,52.64,51.07,52.00,15748
2011.03.18,00:00,53.05,53.18,51.61,51.80,14044
2011.03.21,00:00,52.44,52.69,51.70,52.42,12508
2011.03.22,00:00,52.37,52.64,51.21,52.28,11434
2011.03.23,00:00,53.04,55.17,52.58,54.86,14496
2011.03.24,00:00,55.20,55.22,53.45,54.35,13726
2011.03.25,00:00,54.42,55.17,54.05,54.50,11340
2011.03.28,00:00,54.93,55.64,54.07,54.09,11588
2011.03.29,00:00,53.95,54.53,53.45,54.28,9814
2011.03.30,00:00,55.03,55.30,53.76,55.24,11690
2011.03.31,00:00,54.95,56.26,54.95,55.56,9614
2011.04.01,00:00,55.40,55.66,54.41,55.07,10920
2011.04.04,00:00,55.93,56.37,55.28,55.78,9404
2011.04.05,00:00,55.34,57.33,55.11,56.62,10272
2011.04.06,00:00,57.75,58.22,56.14,56.29,12196
2011.04.07,00:00,56.54,57.65,56.32,57.46,13598
2011.04.08,00:00,58.53,58.73,56.99,57.19,10742
2011.04.11,00:00,57.13,57.59,55.06,55.43,10480
2011.04.12,00:00,54.18,54.38,53.02,53.69,11792
2011.04.13,00:00,53.79,53.95,51.96,52.28,10860
2011.04.14,00:00,52.05,53.07,51.82,51.95,11548
2011.04.15,00:00,51.80,52.10,50.86,51.15,11134
2011.04.18,00:00,50.58,51.50,49.71,50.61,12502
2011.04.19,00:00,51.31,51.92,50.56,51.72,10808
2011.04.20,00:00,54.52,54.89,53.05,53.29,12948
2011.04.21,00:00,53.94,54.99,53.78,54.84,7442
2011.04.25,00:00,54.97,55.78,54.15,54.80,10607
2011.04.26,00:00,55.17,56.12,54.21,55.90,10023
2011.04.27,00:00,55.13,56.16,54.13,56.16,11716
2011.04.28,00:00,55.74,56.47,54.36,54.88,10069
2011.04.29,00:00,55.10,55.61,54.34,55.02,8393
2011.05.02,00:00,55.13,55.56,54.00,54.33,14923
2011.05.03,00:00,54.32,54.69,52.34,53.17,27525
2011.05.04,00:00,52.92,53.02,50.55,51.13,25589
2011.05.05,00:00,50.06,51.09,49.41,49.84,7392
2011.05.06,00:00,51.46,51.76,49.85,50.16,8514
2011.05.09,00:00,51.02,52.09,50.36,51.88,7255
2011.05.10,00:00,52.25,52.29,51.28,51.59,5786
2011.05.11,00:00,50.51,50.51,48.00,48.24,5889
2011.05.12,00:00,48.18,49.36,47.59,48.69,7214
2011.05.13,00:00,49.17,49.47,47.66,48.22,6879
2011.05.16,00:00,48.38,49.27,47.11,47.31,5663
2011.05.17,00:00,47.03,47.52,46.04,46.81,6470
2011.05.18,00:00,47.38,48.88,47.17,48.59,6112
2011.05.19,00:00,48.68,48.74,47.64,47.97,5367
2011.05.20,00:00,48.10,49.14,47.19,48.36,5569
2011.05.23,00:00,46.84,47.87,46.66,47.40,6022
2011.05.24,00:00,48.26,49.16,48.08,48.72,5938
2011.05.25,00:00,49.07,50.47,48.98,49.97,5938
2011.05.26,00:00,50.24,50.97,49.79,50.40,5233
2011.05.27,00:00,51.43,51.85,51.14,51.73,2322
2011.05.31,00:00,52.42,52.67,50.75,51.59,3853
2011.06.01,00:00,51.66,51.84,49.16,49.34,5849
2011.06.02,00:00,49.89,50.43,48.87,49.74,6262
2011.06.03,00:00,48.87,50.46,48.38,49.88,6040
2011.06.06,00:00,50.40,51.03,49.48,49.76,4594
2011.06.07,00:00,50.38,50.55,49.70,49.72,5412
2011.06.08,00:00,49.19,49.69,48.49,48.80,6112
2011.06.09,00:00,48.73,50.36,48.48,49.83,4754
2011.06.10,00:00,49.38,49.79,48.66,48.88,5963
2011.06.13,00:00,49.01,49.27,47.52,48.27,6440
2011.06.14,00:00,49.13,50.33,48.94,49.85,4438
2011.06.15,00:00,49.59,49.80,48.06,48.49,8426
2011.06.16,00:00,47.85,48.59,47.03,47.79,8182
2011.06.17,00:00,48.56,48.76,47.47,47.88,5699
2011.06.20,00:00,47.50,48.24,47.34,47.37,5352
2011.06.21,00:00,48.05,49.34,47.94,49.20,4494
2011.06.22,00:00,49.15,49.86,48.80,48.85,5654
2011.06.23,00:00,47.75,49.02,47.08,48.93,8397
2011.06.24,00:00,49.40,49.61,48.16,48.37,5613
2011.06.27,00:00,48.14,48.79,47.37,48.68,5220
2011.06.28,00:00,48.87,50.41,48.67,50.41,3596
2011.06.29,00:00,50.92,52.58,50.88,51.60,4811
2011.06.30,00:00,51.88,53.37,51.87,52.85,3385
2011.07.01,00:00,52.86,53.46,51.94,53.46,4372
2011.07.05,00:00,53.59,53.94,53.12,53.56,3146
2011.07.06,00:00,52.84,53.77,52.78,53.48,4350
2011.07.07,00:00,54.70,56.08,54.43,55.46,3604
2011.07.08,00:00,54.68,55.21,54.13,55.07,4663
2011.07.11,00:00,53.83,54.17,53.00,53.26,5334
2011.07.12,00:00,53.04,55.04,53.03,54.05,5646
2011.07.13,00:00,54.53,55.85,54.35,54.86,5620
2011.07.14,00:00,55.24,55.46,53.97,54.20,6817
2011.07.15,00:00,54.67,55.36,54.57,55.29,6483
2011.07.18,00:00,55.14,55.90,54.59,55.00,6506
2011.07.19,00:00,56.02,56.34,55.62,56.25,5021
2011.07.20,00:00,56.41,56.42,55.44,55.90,4891
2011.07.21,00:00,55.83,56.64,54.74,55.31,6762
2011.07.22,00:00,55.26,55.77,54.88,55.65,3872
2011.07.25,00:00,55.15,55.92,54.87,55.42,4204
2011.07.26,00:00,56.02,56.74,55.40,56.08,4630
2011.07.27,00:00,55.65,56.27,54.23,54.43,5677
2011.07.28,00:00,54.35,54.90,53.98,54.01,3911
2011.07.29,00:00,53.13,53.80,52.16,52.93,6166
2011.08.01,00:00,54.32,54.44,52.38,53.16,7723
2011.08.02,00:00,52.70,53.65,51.39,51.39,6481
2011.08.03,00:00,51.41,51.81,49.47,50.62,7686
2011.08.04,00:00,49.27,49.35,46.75,46.80,10084
2011.08.05,00:00,47.71,48.36,43.99,46.01,13202
2011.08.08,00:00,44.12,44.93,41.17,41.88,14259
2011.08.09,00:00,43.13,45.02,41.43,45.02,8669
2011.08.10,00:00,44.17,45.52,43.08,43.53,12939
2011.08.11,00:00,44.24,46.44,43.64,45.71,10193
2011.08.12,00:00,46.55,46.68,45.07,45.35,7784
2011.08.15,00:00,45.65,46.66,45.58,46.63,5236
2011.08.16,00:00,45.90,46.54,45.46,45.95,7263
2011.08.17,00:00,46.23,47.55,46.13,46.57,5454
2011.08.18,00:00,44.99,45.06,42.17,42.81,7172
2011.08.19,00:00,41.82,44.16,41.76,41.90,7426
2011.08.22,00:00,43.32,43.34,41.42,41.57,7180
2011.08.23,00:00,41.88,43.00,41.53,42.86,7475
2011.08.24,00:00,42.78,43.50,42.09,43.43,6208
2011.08.25,00:00,44.03,44.49,43.08,43.45,7062
2011.08.26,00:00,43.06,44.69,42.35,44.46,7129
2011.08.29,00:00,45.06,45.84,44.70,45.77,3646
2011.08.30,00:00,45.56,46.88,45.07,46.54,4714
2011.08.31,00:00,47.20,48.56,46.57,47.05,4868
2011.09.01,00:00,46.91,47.83,46.22,46.42,6651
2011.09.02,00:00,45.12,45.49,44.51,44.93,4974
2011.09.06,00:00,43.31,44.40,42.97,44.29,6037
2011.09.07,00:00,45.20,45.52,44.85,45.13,4193
2011.09.08,00:00,44.74,45.51,43.98,44.21,5236
2011.09.09,00:00,43.44,43.60,41.48,41.95,5775
2011.09.12,00:00,40.92,42.00,40.21,41.28,6085
2011.09.13,00:00,41.47,42.23,40.79,41.95,5729
2011.09.14,00:00,42.00,42.23,40.52,41.66,4718
2011.09.15,00:00,42.35,42.69,41.47,42.53,4329
2011.09.16,00:00,42.87,42.95,41.26,41.54,4088
2011.09.19,00:00,40.34,40.49,39.28,40.18,3947
2011.09.20,00:00,39.82,40.73,38.11,38.51,3863
2011.09.21,00:00,38.03,38.04,35.53,35.53,6563
2011.09.22,00:00,33.35,33.40,30.94,32.11,7848
2011.09.23,00:00,31.45,33.04,31.41,32.33,4933
2011.09.26,00:00,32.17,33.85,31.12,33.73,7107
2011.09.27,00:00,35.92,36.18,34.52,34.79,5272
2011.09.28,00:00,34.45,34.89,32.05,32.26,5473
2011.09.29,00:00,33.25,33.26,30.61,31.31,7001
2011.09.30,00:00,30.70,31.74,30.34,30.42,6770
2011.10.03,00:00,30.17,31.52,29.82,29.82,7468
2011.10.04,00:00,29.31,32.27,28.83,32.12,9795
2011.10.05,00:00,31.85,34.40,31.44,34.38,8117
2011.10.06,00:00,34.95,35.36,34.05,34.83,6933
2011.10.07,00:00,35.49,35.68,33.54,33.97,7996
2011.10.10,00:00,35.22,36.12,35.12,36.02,3882
2011.10.11,00:00,34.97,35.97,34.59,35.42,5715
2011.10.12,00:00,36.60,37.31,35.56,35.84,5488
2011.10.13,00:00,35.35,35.41,34.13,35.20,5838
2011.10.14,00:00,36.57,37.16,36.04,36.73,4437
2011.10.17,00:00,36.10,36.12,34.88,35.08,4172
2011.10.18,00:00,34.52,35.64,33.18,35.33,6116
2011.10.19,00:00,35.10,36.30,34.18,34.35,7844
2011.10.20,00:00,34.53,35.66,33.57,34.76,8310
2011.10.21,00:00,35.75,36.59,35.40,36.52,4041
2011.10.24,00:00,38.54,39.82,38.17,39.47,4442
2011.10.25,00:00,39.32,39.34,37.97,38.18,7224
2011.10.26,00:00,39.33,39.58,38.09,39.28,8301
2011.10.27,00:00,42.70,43.46,41.62,42.73,6382
2011.10.28,00:00,41.58,43.44,41.48,42.77,7194
2011.10.31,00:00,40.94,41.49,40.22,40.22,12662
2011.11.01,00:00,37.47,39.61,36.48,38.72,24010
2011.11.02,00:00,40.02,40.18,38.83,39.76,18084
2011.11.03,00:00,40.35,40.47,39.23,40.06,17602
2011.11.04,00:00,39.86,40.46,39.38,40.29,11784
2011.11.07,00:00,40.00,41.33,39.98,41.23,6780
2011.11.08,00:00,41.74,42.06,40.86,41.86,6826
2011.11.09,00:00,40.36,40.88,38.35,38.75,7055
2011.11.10,00:00,39.53,39.78,38.34,39.19,7275
2011.11.11,00:00,39.83,39.95,39.22,39.83,3983
2011.11.14,00:00,39.78,40.16,39.14,39.64,5631
2011.11.15,00:00,39.12,39.89,38.93,39.55,5815
2011.11.16,00:00,38.90,39.16,38.02,38.19,4817
2011.11.17,00:00,37.94,38.08,36.46,36.79,7539
2011.11.18,00:00,37.47,37.60,36.56,36.91,5539
2011.11.21,00:00,35.72,36.40,35.20,36.08,5117
2011.11.22,00:00,35.86,36.35,35.32,35.62,4884
2011.11.23,00:00,34.98,35.25,34.31,34.34,5145
2011.11.25,00:00,34.05,34.56,33.74,33.79,3991
2011.11.28,00:00,35.95,36.10,35.36,35.93,4090
2011.11.29,00:00,36.23,36.79,35.74,36.46,4000
2011.11.30,00:00,38.90,39.60,38.48,39.55,4240
2011.12.01,00:00,39.36,40.07,38.82,39.23,3971
2011.12.02,00:00,40.03,40.33,39.17,39.25,4641
2011.12.05,00:00,40.16,40.64,39.89,40.21,3586
2011.12.06,00:00,39.69,41.18,39.64,40.50,4060
2011.12.07,00:00,40.12,40.76,39.78,40.40,4710
2011.12.08,00:00,39.90,40.03,38.04,38.31,5225
2011.12.09,00:00,38.24,40.20,38.13,39.70,3960
2011.12.12,00:00,38.83,38.83,37.97,38.51,3365
2011.12.13,00:00,39.00,39.52,37.40,37.76,4651
2011.12.14,00:00,37.00,38.00,36.49,37.41,4903
2011.12.15,00:00,38.10,38.26,36.65,36.82,3479
2011.12.16,00:00,37.31,37.85,36.54,36.94,3748
2011.12.19,00:00,36.64,37.00,35.62,35.70,3708
2011.12.20,00:00,36.72,37.68,36.66,37.55,3257
2011.12.21,00:00,37.59,37.91,36.93,37.74,4379
2011.12.22,00:00,37.94,38.56,37.57,38.40,3100
2011.12.23,00:00,38.55,38.60,37.98,38.28,2048
2011.12.27,00:00,38.22,38.40,37.63,37.84,2424
2011.12.28,00:00,37.81,37.95,36.25,36.30,3096
2011.12.29,00:00,36.24,36.55,36.02,36.50,2251
2011.12.30,00:00,36.65,37.15,36.58,36.76,1647
2012.01.03,00:00,38.21,39.70,38.10,39.48,2750
2012.01.04,00:00,39.11,39.96,38.98,39.79,3312
2012.01.05,00:00,39.36,39.71,38.90,39.27,3256
2012.01.06,00:00,39.47,39.59,38.77,38.83,2649
2012.01.09,00:00,38.99,39.29,38.76,39.00,3254
2012.01.10,00:00,40.61,41.15,40.22,40.57,2834
2012.01.11,00:00,40.28,41.86,40.01,41.63,2628
2012.01.12,00:00,42.27,42.62,41.69,42.42,3082
2012.01.13,00:00,41.85,42.30,41.47,41.96,3643
2012.01.17,00:00,43.02,43.25,42.39,43.03,1815
2012.01.18,00:00,42.86,44.65,42.79,44.44,2980
2012.01.19,00:00,44.50,44.93,43.29,44.32,3370
2012.01.20,00:00,44.21,44.30,42.86,43.06,2309
2012.01.23,00:00,43.49,44.11,43.17,43.84,2292
2012.01.24,00:00,43.40,44.02,42.99,43.93,2172
2012.01.25,00:00,43.57,46.31,43.27,46.05,3877
2012.01.26,00:00,46.59,48.92,46.14,46.44,5669
2012.01.27,00:00,46.19,47.40,46.04,46.10,3577
2012.01.30,00:00,45.21,46.20,45.05,46.05,2723
2012.01.31,00:00,46.70,46.92,45.37,46.17,3577
2012.02.01,00:00,46.80,46.92,46.06,46.14,2159
2012.02.02,00:00,46.43,46.76,45.38,45.46,2832
2012.02.03,00:00,46.23,46.66,45.78,46.45,2899
2012.02.06,00:00,45.85,46.76,45.67,46.68,1893
2012.02.07,00:00,46.39,46.46,45.42,45.68,2302
2012.02.08,00:00,46.33,47.24,46.25,46.50,3426
2012.02.09,00:00,47.06,47.21,45.98,46.39,2810
2012.02.10,00:00,45.32,45.32,44.55,44.90,2753
2012.02.13,00:00,45.49,45.50,44.42,44.63,2617
2012.02.14,00:00,44.28,44.44,42.50,42.94,2656
2012.02.15,00:00,43.23,43.27,41.92,42.38,4124
2012.02.16,00:00,42.10,44.45,41.87,43.82,3918
2012.02.17,00:00,44.04,44.09,42.63,43.02,2037
2012.02.21,00:00,43.84,44.53,43.50,43.93,2373
2012.02.22,00:00,43.83,44.48,43.68,44.06,3561
2012.02.23,00:00,44.26,44.26,43.40,43.74,3089
2012.02.24,00:00,43.92,44.68,43.77,43.88,1991
2012.02.27,00:00,43.40,43.62,43.08,43.30,2846
2012.02.28,00:00,43.37,43.96,43.28,43.62,3468
2012.02.29,00:00,43.82,44.19,42.23,42.51,4309
2012.03.01,00:00,42.95,43.44,42.47,42.88,3448
2012.03.02,00:00,42.75,42.83,41.04,41.98,3090
2012.03.05,00:00,41.09,41.21,39.93,40.41,3113
2012.03.06,00:00,39.12,39.70,38.62,39.39,3391
2012.03.07,00:00,39.53,39.56,38.52,38.97,2552
2012.03.08,00:00,39.66,39.68,39.03,39.46,2125
2012.03.09,00:00,39.81,40.07,38.62,38.73,2221
2012.03.12,00:00,38.72,39.35,37.79,38.21,4398
2012.03.13,00:00,38.47,39.33,38.42,39.06,5060
2012.03.14,00:00,38.93,39.03,37.72,38.07,5070
2012.03.15,00:00,38.53,38.76,38.19,38.32,4556
2012.03.16,00:00,38.67,38.95,38.23,38.54,3446
2012.03.19,00:00,38.35,39.89,38.34,39.09,5316
2012.03.20,00:00,38.39,39.16,37.87,39.10,4512
2012.03.21,00:00,39.57,40.16,39.06,39.79,5822
2012.03.22,00:00,39.02,39.09,37.92,38.30,5642
2012.03.23,00:00,38.29,38.85,37.89,38.45,6178
2012.03.26,00:00,38.97,39.19,38.41,38.83,2310
2012.03.27,00:00,39.09,39.61,38.70,38.72,2083
2012.03.28,00:00,38.38,38.39,36.82,37.30,2882
2012.03.29,00:00,37.07,37.66,36.73,37.59,2603
2012.03.30,00:00,37.96,38.10,37.20,37.99,1965
2012.04.02,00:00,38.28,39.39,38.07,39.07,2796
2012.04.03,00:00,39.14,39.19,38.23,38.55,3665
2012.04.04,00:00,37.55,38.12,37.21,37.98,3005
2012.04.05,00:00,37.97,38.53,37.61,37.78,2431
2012.04.09,00:00,37.02,37.95,36.97,37.48,2973
2012.04.10,00:00,37.37,37.73,36.22,36.59,4167
2012.04.11,00:00,36.91,37.00,35.70,35.75,2686
2012.04.12,00:00,36.06,37.96,35.99,37.85,2986
2012.04.13,00:00,37.26,37.39,36.67,36.90,4064
2012.04.16,00:00,37.61,37.70,36.80,36.90,4825
2012.04.17,00:00,37.48,38.16,37.05,37.72,2817
2012.04.18,00:00,37.53,38.60,37.35,38.26,3380
2012.04.19,00:00,38.75,39.09,37.66,37.98,5499
2012.04.20,00:00,38.44,38.52,37.50,37.53,3411
2012.04.23,00:00,36.72,37.31,36.00,37.11,2762
2012.04.24,00:00,37.15,37.41,36.68,36.95,2599
2012.04.25,00:00,37.48,37.60,36.63,37.29,3435
2012.04.26,00:00,37.32,37.99,36.99,37.71,2421
2012.04.27,00:00,37.99,38.39,37.87,38.08,2026
2012.04.30,00:00,38.00,38.56,37.56,38.27,2372
2012.05.01,00:00,38.42,38.65,37.83,38.42,1898
2012.05.02,00:00,37.97,38.19,37.59,38.08,1799
2012.05.03,00:00,37.86,37.88,36.65,36.83,2021
2012.05.04,00:00,36.44,36.64,35.98,36.35,1852
2012.05.07,00:00,36.10,36.58,35.65,36.37,1985
2012.05.08,00:00,35.73,35.85,34.84,35.59,2671
2012.05.09,00:00,34.84,36.09,34.69,35.50,4429
2012.05.10,00:00,36.02,36.24,35.15,35.27,2847
2012.05.11,00:00,34.78,35.29,34.68,34.70,2360
2012.05.14,00:00,34.17,35.08,33.98,34.26,2977
2012.05.15,00:00,34.25,34.48,32.49,32.61,2600
2012.05.16,00:00,32.91,33.87,32.42,32.54,3410
2012.05.17,00:00,32.91,33.33,32.07,32.14,3991
2012.05.18,00:00,32.49,32.76,31.48,31.76,2963
2012.05.21,00:00,31.83,32.61,31.80,32.52,2536
2012.05.22,00:00,32.51,33.13,31.91,32.10,3662
2012.05.23,00:00,31.51,32.77,31.13,32.69,4887
2012.05.24,00:00,32.87,33.10,31.93,32.53,4162
2012.05.25,00:00,32.44,32.76,32.13,32.37,2725
2012.05.29,00:00,33.09,33.61,32.79,33.21,2686
2012.05.30,00:00,32.58,32.72,32.21,32.40,2954
2012.05.31,00:00,32.30,32.36,31.21,32.01,3079
2012.06.01,00:00,31.52,32.63,31.52,32.04,3334
2012.06.04,00:00,32.08,32.33,31.25,32.29,3009
2012.06.05,00:00,31.98,32.71,31.83,32.57,2912
2012.06.06,00:00,33.12,34.03,33.06,33.62,2565
2012.06.07,00:00,34.59,34.76,33.45,33.58,3797
2012.06.08,00:00,33.07,33.91,32.78,33.80,2835
2012.06.11,00:00,34.27,34.32,32.89,32.92,3553
2012.06.12,00:00,33.25,33.55,32.91,33.53,3934
2012.06.13,00:00,33.39,33.83,33.10,33.29,2698
2012.06.14,00:00,33.30,33.92,32.87,33.85,3230
2012.06.15,00:00,34.11,34.31,33.75,34.29,2057
2012.06.18,00:00,34.07,34.38,33.56,34.23,2157
2012.06.19,00:00,34.64,35.60,34.37,35.41,1518
2012.06.20,00:00,34.91,35.62,34.65,35.30,3682
2012.06.21,00:00,34.62,34.81,32.91,32.97,2224
2012.06.22,00:00,33.19,33.31,32.23,32.41,1663
2012.06.25,00:00,32.01,32.37,31.49,31.57,1646
2012.06.26,00:00,31.83,32.10,31.38,31.58,1928
2012.06.27,00:00,31.73,32.28,31.63,32.09,1918
2012.06.28,00:00,31.70,32.23,31.44,32.22,1962
2012.06.29,00:00,33.49,34.09,33.04,34.01,2176
2012.07.02,00:00,33.96,34.20,33.28,33.82,1596
2012.07.03,00:00,34.52,35.65,34.44,35.18,1217
2012.07.05,00:00,35.01,35.96,34.89,35.45,1840
2012.07.06,00:00,34.81,35.03,34.53,34.97,1851
2012.07.09,00:00,34.80,34.92,34.24,34.51,1725
2012.07.10,00:00,34.70,34.86,32.73,33.05,2059
2012.07.11,00:00,32.83,33.02,32.03,32.32,2298
2012.07.12,00:00,31.89,32.72,31.67,32.32,2595
2012.07.13,00:00,32.54,33.36,32.53,33.20,1826
2012.07.16,00:00,33.06,33.06,32.42,32.72,1730
2012.07.17,00:00,32.96,32.96,32.12,32.85,2556
2012.07.18,00:00,32.67,33.39,32.51,32.96,1965
2012.07.19,00:00,33.28,34.72,33.15,34.39,2515
2012.07.20,00:00,33.78,33.95,33.07,33.74,2209
2012.07.23,00:00,32.62,32.69,32.18,32.57,1434
2012.07.24,00:00,32.65,32.80,31.42,31.65,1501
2012.07.25,00:00,32.14,32.20,31.05,31.39,2038
2012.07.26,00:00,32.20,32.46,31.65,32.26,1959
2012.07.27,00:00,32.55,33.81,32.37,33.44,1906
2012.07.30,00:00,33.48,34.04,33.47,33.95,1660
2012.07.31,00:00,34.02,34.25,33.53,33.63,1727
2012.08.01,00:00,33.50,33.92,33.19,33.46,3029
2012.08.02,00:00,32.84,33.34,32.29,32.64,3316
2012.08.03,00:00,33.24,33.82,32.98,33.45,1811
2012.08.06,00:00,33.58,34.87,33.58,34.31,1849
2012.08.07,00:00,34.69,35.59,34.62,35.24,1510
2012.08.08,00:00,35.03,35.89,35.03,35.59,1659
2012.08.09,00:00,35.41,36.26,35.38,35.96,1340
2012.08.10,00:00,35.68,36.53,35.52,36.26,1577
2012.08.13,00:00,36.15,36.51,35.28,35.46,1377
2012.08.14,00:00,35.54,35.66,34.88,34.99,1661
2012.08.15,00:00,34.76,34.84,34.17,34.72,1380
2012.08.16,00:00,34.96,35.47,34.70,35.26,1458
2012.08.17,00:00,35.60,35.80,35.23,35.30,1460
2012.08.20,00:00,35.09,35.44,34.77,35.33,1285
2012.08.21,00:00,36.00,37.20,36.00,36.47,2233
2012.08.22,00:00,36.20,36.95,35.95,36.95,2593
2012.08.23,00:00,37.24,37.39,36.52,36.75,2657
2012.08.24,00:00,36.33,36.34,35.81,36.08,1873
2012.08.27,00:00,36.01,36.10,35.52,35.61,1159
2012.08.28,00:00,35.50,36.05,35.38,35.61,1777
2012.08.29,00:00,35.60,35.65,35.11,35.53,1070
2012.08.30,00:00,35.33,35.33,34.62,34.64,977
2012.08.31,00:00,35.11,36.18,34.83,36.08,1812
2012.09.04,00:00,36.23,36.23,35.23,35.58,1513
2012.09.05,00:00,35.72,35.79,34.99,35.21,1946
2012.09.06,00:00,35.59,36.69,35.56,36.31,2127
2012.09.07,00:00,37.42,39.62,37.40,39.40,3076
2012.09.10,00:00,39.38,40.26,39.35,39.67,2225
2012.09.11,00:00,39.73,40.30,39.28,39.90,2600
2012.09.12,00:00,40.38,40.40,39.58,40.08,2729
2012.09.13,00:00,39.86,42.13,39.63,41.75,4768
2012.09.14,00:00,42.93,43.60,42.53,42.54,4450
2012.09.17,00:00,42.05,42.48,41.18,41.36,3101
2012.09.18,00:00,41.02,41.71,40.76,41.45,3466
2012.09.19,00:00,41.73,41.93,41.24,41.50,2950
2012.09.20,00:00,40.32,41.00,39.99,40.90,3477
2012.09.21,00:00,41.58,41.64,40.52,40.59,2949
2012.09.24,00:00,40.10,40.56,40.02,40.25,3092
2012.09.25,00:00,40.60,40.80,39.19,39.28,3012
2012.09.26,00:00,38.95,39.85,37.83,39.26,4952
2012.09.27,00:00,39.72,40.20,39.12,40.06,3019
2012.09.28,00:00,39.87,40.05,39.12,39.54,3149
2012.10.01,00:00,40.09,40.55,39.68,39.81,3479
2012.10.02,00:00,39.93,40.30,39.07,39.64,2948
2012.10.03,00:00,39.83,39.85,39.02,39.37,2860
2012.10.04,00:00,39.85,40.80,39.64,40.42,2531
2012.10.05,00:00,40.79,41.31,40.29,40.47,3049
2012.10.08,00:00,39.99,40.96,39.92,40.79,2530
2012.10.09,00:00,40.79,41.53,40.60,40.62,3549
2012.10.10,00:00,40.54,40.59,39.79,40.18,3226
2012.10.11,00:00,40.19,41.29,40.18,40.86,2565
2012.10.12,00:00,40.68,40.96,39.93,40.13,2202
2012.10.15,00:00,39.96,40.32,39.47,40.25,1951
2012.10.16,00:00,40.54,41.60,40.51,41.43,1872
2012.10.17,00:00,41.75,42.75,41.44,42.31,2384
2012.10.18,00:00,42.28,42.88,42.16,42.41,4173
2012.10.19,00:00,42.15,42.41,41.08,41.14,2378
2012.10.22,00:00,40.27,41.16,39.89,40.52,3921
2012.10.23,00:00,39.51,39.62,38.63,38.94,3028
2012.10.24,00:00,39.19,39.52,38.69,38.76,2894
2012.10.25,00:00,39.26,39.57,38.81,39.17,2463
2012.10.26,00:00,39.28,39.56,38.71,39.07,3093
2012.10.31,00:00,39.44,39.53,38.81,38.85,2845
2012.11.01,00:00,39.18,40.51,39.03,40.48,1923
2012.11.02,00:00,40.61,40.80,39.18,39.23,2466
2012.11.05,00:00,39.04,39.85,39.04,39.43,1999
2012.11.06,00:00,39.63,40.65,39.48,40.33,1764
2012.11.07,00:00,39.68,39.81,38.42,39.26,2771
2012.11.08,00:00,39.21,39.41,38.38,38.62,2883
2012.11.09,00:00,38.24,39.08,38.03,38.31,3243
2012.11.12,00:00,38.46,38.78,38.37,38.62,1684
2012.11.13,00:00,38.08,39.06,38.05,38.33,2697
2012.11.14,00:00,38.58,38.61,37.17,37.37,2398
2012.11.15,00:00,37.35,37.63,36.81,37.24,3105
2012.11.16,00:00,36.99,37.18,36.33,36.76,3682
2012.11.19,00:00,37.83,38.29,37.53,38.25,1914
2012.11.20,00:00,37.91,38.85,37.75,38.22,2838
2012.11.21,00:00,38.20,38.33,37.99,38.26,1441
2012.11.23,00:00,38.66,38.95,38.39,38.86,1061
2012.11.26,00:00,38.54,38.85,38.20,38.79,2236
2012.11.27,00:00,38.67,39.04,38.38,38.44,2482
2012.11.28,00:00,37.80,38.52,37.55,38.51,2710
2012.11.29,00:00,39.26,39.50,38.88,39.23,2373
2012.11.30,00:00,39.04,39.36,38.72,38.95,2102
2012.12.03,00:00,39.22,39.25,38.33,38.35,2014
2012.12.04,00:00,38.12,38.76,38.03,38.25,2581
2012.12.05,00:00,32.02,33.66,31.70,32.11,3474
2012.12.06,00:00,31.19,31.28,30.51,30.76,1694
2012.12.07,00:00,31.16,32.56,31.08,31.66,3056
2012.12.10,00:00,32.01,32.20,31.35,32.01,2143
2012.12.11,00:00,32.31,32.36,31.72,31.95,1449
2012.12.12,00:00,32.14,32.70,31.88,32.49,1811
2012.12.13,00:00,32.33,32.69,32.17,32.45,1525
2012.12.14,00:00,32.74,33.91,32.54,33.73,1833
2012.12.17,00:00,33.82,33.83,33.23,33.62,1670
2012.12.18,00:00,33.77,34.19,33.55,33.95,1296
2012.12.19,00:00,33.92,34.16,33.78,33.94,1502
2012.12.20,00:00,34.16,34.19,33.41,33.96,1413
2012.12.21,00:00,33.45,33.58,33.17,33.51,1482
2012.12.24,00:00,33.37,33.45,33.17,33.24,575
2012.12.26,00:00,33.61,34.11,33.61,33.89,953
2012.12.27,00:00,34.02,34.02,33.24,33.62,1996
2012.12.28,00:00,33.47,33.55,32.97,33.09,1607
2012.12.31,00:00,33.17,33.75,32.99,33.63,1026
2013.01.02,00:00,35.34,35.36,34.72,35.14,1527
2013.01.03,00:00,35.06,35.54,34.60,34.80,1443
2013.01.04,00:00,34.89,35.51,34.68,35.49,1222
2013.01.07,00:00,35.24,35.46,34.98,35.33,1089
2013.01.08,00:00,35.22,35.44,34.71,34.82,928
2013.01.09,00:00,35.01,35.23,34.85,35.14,887
2013.01.10,00:00,35.61,35.70,35.19,35.56,967
2013.01.11,00:00,35.13,35.37,34.77,34.94,1011
2013.01.14,00:00,35.02,35.23,34.50,34.65,967
2013.01.15,00:00,34.50,34.82,34.35,34.56,864
2013.01.16,00:00,34.36,34.45,34.11,34.22,809
2013.01.17,00:00,34.56,34.60,33.89,34.04,864
2013.01.18,00:00,34.34,34.39,33.57,33.71,928
2013.01.21,00:00,33.63,33.63,33.63,33.63,1
2013.01.22,00:00,34.00,35.43,33.97,35.37,1860
2013.01.23,00:00,35.12,35.19,34.77,34.97,834
2013.01.24,00:00,34.82,35.17,34.49,34.69,1308
2013.01.25,00:00,34.92,35.03,34.31,34.83,1185
2013.01.28,00:00,34.81,34.94,34.37,34.55,1452
2013.01.29,00:00,34.58,35.15,34.50,34.97,1830
2013.01.30,00:00,35.46,35.70,35.00,35.12,2420
2013.01.31,00:00,35.03,35.34,34.89,35.22,1577
2013.02.01,00:00,35.79,35.81,35.30,35.68,1484
2013.02.04,00:00,35.49,35.78,35.28,35.30,1950
2013.02.05,00:00,35.39,35.90,35.31,35.67,1673
2013.02.06,00:00,35.44,36.20,35.42,36.04,2028
2013.02.07,00:00,35.95,36.01,35.48,35.64,1600
2013.02.08,00:00,35.72,35.85,35.51,35.60,1392
2013.02.11,00:00,35.47,35.47,35.07,35.30,1217
2013.02.12,00:00,35.38,35.85,35.09,35.62,1512
2013.02.13,00:00,35.74,35.88,35.46,35.61,1201
2013.02.14,00:00,35.51,35.64,35.37,35.49,1350
2013.02.15,00:00,35.54,35.60,34.84,34.96,1210
2013.02.19,00:00,34.97,35.10,34.10,34.22,1300
2013.02.20,00:00,34.03,34.03,31.98,32.17,2097
2013.02.21,00:00,31.98,32.45,31.66,32.30,2302
2013.02.22,00:00,32.54,32.63,31.62,32.30,1527
2013.02.25,00:00,32.52,32.57,31.43,31.47,2048
2013.02.26,00:00,31.93,31.96,31.32,31.90,2487
2013.02.27,00:00,31.92,32.37,31.87,32.23,1874
2013.02.28,00:00,32.22,32.22,31.70,31.85,1663
2013.03.01,00:00,31.64,31.67,31.29,31.44,1710
2013.03.04,00:00,31.30,31.43,30.69,31.36,1464
2013.03.05,00:00,31.57,32.14,31.48,31.51,2068
2013.03.06,00:00,32.21,33.13,32.01,32.81,2184
2013.03.07,00:00,32.86,33.21,32.69,33.09,1708
2013.03.08,00:00,33.40,33.42,32.97,33.27,1760
2013.03.11,00:00,33.21,33.50,32.83,33.25,1326
2013.03.12,00:00,33.58,34.08,33.38,33.41,1773
2013.03.13,00:00,33.34,33.50,32.88,33.04,1630
2013.03.14,00:00,32.98,33.32,32.74,33.11,1548
2013.03.15,00:00,33.54,34.03,33.50,33.73,1530
2013.03.18,00:00,33.12,33.62,33.10,33.49,1283
2013.03.19,00:00,33.42,33.47,32.62,32.93,1549
2013.03.20,00:00,33.16,33.38,32.97,33.21,1332
2013.03.21,00:00,33.04,33.24,32.87,32.95,1349
2013.03.22,00:00,33.06,33.24,32.83,32.95,914
2013.03.25,00:00,33.08,33.10,32.39,32.56,1006
2013.03.26,00:00,32.67,32.77,32.42,32.76,922
2013.03.27,00:00,32.49,33.43,32.34,33.33,1156
2013.03.28,00:00,33.23,33.29,32.87,33.07,961
2013.04.01,00:00,32.92,32.97,32.08,32.34,960
2013.04.02,00:00,32.39,32.44,31.75,31.87,1330
2013.04.03,00:00,31.79,32.13,31.12,31.52,1633
2013.04.04,00:00,31.55,32.14,31.21,31.66,1797
2013.04.05,00:00,31.46,32.14,31.14,32.06,1245
2013.04.08,00:00,32.09,32.48,31.76,32.39,1063
2013.04.09,00:00,32.65,33.96,32.63,33.73,1636
2013.04.10,00:00,33.88,33.92,33.29,33.63,1355
2013.04.11,00:00,33.32,33.32,32.66,32.76,1495
2013.04.12,00:00,32.47,32.88,31.79,31.88,1769
2013.04.15,00:00,30.00,30.21,29.00,29.24,2210
2013.04.16,00:00,29.71,30.01,29.13,29.23,1459
2013.04.17,00:00,28.98,28.99,27.50,27.94,2498
2013.04.18,00:00,27.50,28.66,27.21,28.02,4733
2013.04.19,00:00,28.28,28.46,27.39,28.20,2172
2013.04.22,00:00,28.33,28.57,27.57,28.51,1885
2013.04.23,00:00,28.50,28.75,27.88,28.48,2258
2013.04.24,00:00,28.94,29.81,28.88,29.75,1377
2013.04.25,00:00,30.74,30.79,29.61,29.82,2889
2013.04.26,00:00,29.76,29.78,29.03,29.37,1912
2013.04.29,00:00,29.67,30.15,29.41,29.85,1179
2013.04.30,00:00,29.72,30.42,29.19,30.39,1484
2013.05.01,00:00,30.16,30.48,29.76,30.32,2010
2013.05.02,00:00,30.59,30.59,29.87,30.31,1824
2013.05.03,00:00,31.33,31.70,31.10,31.10,1630
2013.05.06,00:00,31.34,31.57,30.92,31.40,1358
2013.05.07,00:00,31.28,31.92,31.22,31.49,2091
2013.05.08,00:00,31.85,32.60,31.80,32.35,1916
2013.05.09,00:00,32.63,33.21,32.39,32.57,2761
2013.05.10,00:00,32.29,32.55,31.97,32.51,1597
2013.05.13,00:00,32.39,32.39,31.65,31.91,1527
2013.05.14,00:00,31.58,31.82,31.28,31.54,1336
2013.05.15,00:00,31.18,32.05,31.13,31.73,1953
2013.05.16,00:00,31.64,32.44,31.32,31.99,2015
2013.05.17,00:00,32.23,32.78,32.10,32.64,1524
2013.05.20,00:00,32.69,32.96,32.14,32.81,2408
2013.05.21,00:00,32.90,33.04,31.91,31.95,2032
2013.05.22,00:00,32.12,32.85,31.47,31.62,3469
2013.05.23,00:00,30.79,31.08,30.55,30.88,1979
2013.05.24,00:00,30.60,30.90,30.11,30.36,1356
2013.05.28,00:00,30.59,31.04,30.50,30.83,1845
2013.05.29,00:00,31.05,31.11,30.24,31.03,1714
2013.05.30,00:00,31.17,31.82,31.07,31.81,1836
2013.05.31,00:00,31.54,31.69,30.93,31.00,1623
2013.06.03,00:00,30.98,31.44,30.89,31.43,2021
2013.06.04,00:00,31.40,31.43,30.51,30.80,1554
2013.06.05,00:00,30.79,30.80,30.14,30.28,1794
2013.06.06,00:00,30.39,31.02,30.22,31.00,2154
2013.06.07,00:00,31.24,31.25,30.44,30.89,1245
2013.06.10,00:00,30.77,30.96,30.35,30.84,1454
2013.06.11,00:00,30.27,30.61,30.15,30.29,1383
2013.06.12,00:00,29.72,30.08,29.53,29.55,1199
2013.06.13,00:00,29.58,29.72,29.26,29.67,943
2013.06.14,00:00,29.87,30.19,29.45,29.53,1155
2013.06.17,00:00,29.74,29.90,29.37,29.62,945
2013.06.18,00:00,29.61,29.61,29.31,29.48,1063
2013.06.19,00:00,29.35,29.92,29.16,29.16,1814
2013.06.20,00:00,28.43,28.45,27.49,27.67,1935
2013.06.21,00:00,27.96,28.30,27.49,28.10,1631
2013.06.24,00:00,27.64,27.64,26.34,26.79,2045
2013.06.25,00:00,27.10,27.37,26.89,27.22,1570
2013.06.26,00:00,27.09,27.21,26.50,26.80,1163
2013.06.27,00:00,27.13,27.52,26.99,27.27,1252
2013.06.28,00:00,27.17,27.75,26.99,27.57,1990
2013.07.01,00:00,28.56,28.71,27.88,28.24,2037
2013.07.02,00:00,28.25,28.30,27.45,27.70,1387
2013.07.03,00:00,27.74,27.94,27.47,27.67,995
2013.07.05,00:00,27.57,27.64,26.92,27.30,1067
2013.07.08,00:00,27.43,27.51,27.11,27.43,1092
2013.07.09,00:00,27.81,27.84,27.36,27.60,988
2013.07.10,00:00,27.96,27.99,27.47,27.57,1612
2013.07.11,00:00,28.33,28.62,28.15,28.50,1062
2013.07.12,00:00,28.40,28.42,27.88,28.02,678
2013.07.15,00:00,27.89,28.14,27.86,28.09,643
2013.07.16,00:00,28.32,28.43,28.11,28.23,744
2013.07.17,00:00,28.39,28.60,28.03,28.08,1128
2013.07.18,00:00,28.20,28.39,28.04,28.14,750
2013.07.19,00:00,28.31,28.57,28.11,28.50,578
2013.07.22,00:00,29.12,29.33,28.79,29.09,969
2013.07.23,00:00,29.57,30.09,29.38,29.96,1573
2013.07.24,00:00,30.00,30.00,28.69,28.83,1323
2013.07.25,00:00,28.74,29.10,28.63,28.81,991
2013.07.26,00:00,28.53,28.89,28.23,28.88,1243
2013.07.29,00:00,28.80,28.86,28.43,28.53,907
2013.07.30,00:00,28.60,28.60,27.99,28.17,685
2013.07.31,00:00,28.19,28.53,27.89,28.25,1273
2013.08.01,00:00,28.88,29.19,28.72,29.07,822
2013.08.02,00:00,29.11,29.37,29.05,29.17,802
2013.08.05,00:00,29.14,29.21,28.88,28.98,739
2013.08.06,00:00,29.23,29.45,29.09,29.13,955
2013.08.07,00:00,28.99,29.89,28.93,29.39,1791
2013.08.08,00:00,30.06,31.10,30.02,30.77,1844
2013.08.09,00:00,31.06,31.94,30.98,31.57,1415
2013.08.12,00:00,31.73,31.94,31.57,31.80,1682
2013.08.13,00:00,31.89,31.90,31.05,31.12,1539
2013.08.14,00:00,31.23,31.80,31.21,31.56,1483
2013.08.15,00:00,31.17,32.01,31.09,31.89,2143
2013.08.16,00:00,31.92,32.16,31.35,31.51,2504
2013.08.19,00:00,31.32,31.38,30.80,30.89,1647
2013.08.20,00:00,30.82,31.22,30.76,30.95,1784
2013.08.21,00:00,30.77,30.77,30.18,30.32,1899
2013.08.22,00:00,30.84,31.53,30.84,31.31,1424
2013.08.23,00:00,31.54,31.93,31.38,31.75,1289
2013.08.26,00:00,31.84,31.90,31.41,31.50,1332
2013.08.27,00:00,31.22,31.53,30.43,30.60,1443
2013.08.28,00:00,30.59,30.92,30.46,30.48,1129
2013.08.29,00:00,30.43,30.73,30.26,30.42,1558
2013.08.30,00:00,30.35,30.48,30.10,30.20,1635
2013.09.03,00:00,31.07,31.23,30.94,31.13,1023
2013.09.04,00:00,30.85,31.14,30.63,31.09,889
2013.09.05,00:00,31.20,31.20,30.77,30.77,744
2013.09.06,00:00,31.06,31.43,31.05,31.16,1253
2013.09.09,00:00,31.36,31.95,31.32,31.84,871
2013.09.10,00:00,32.08,32.14,31.73,31.93,935
2013.09.11,00:00,31.89,33.03,31.88,32.83,1104
2013.09.12,00:00,32.45,33.19,32.38,33.15,1797
2013.09.13,00:00,33.27,33.27,32.83,33.04,889
2013.09.16,00:00,33.41,33.47,33.11,33.22,939
2013.09.17,00:00,33.24,33.59,33.23,33.52,980
2013.09.18,00:00,33.60,34.75,33.52,34.53,1901
2013.09.19,00:00,34.84,34.98,34.19,34.58,1688
2013.09.20,00:00,34.64,34.79,33.84,33.87,1559
2013.09.23,00:00,33.98,34.34,33.69,33.77,1679
2013.09.24,00:00,33.46,33.99,33.32,33.73,1484
2013.09.25,00:00,34.03,34.31,33.58,33.82,1404
2013.09.26,00:00,33.97,34.22,33.68,33.86,1042
2013.09.27,00:00,33.53,33.81,33.32,33.42,1253
2013.09.30,00:00,32.94,33.24,32.65,33.07,1701
2013.10.01,00:00,32.47,33.11,32.37,32.92,1380
2013.10.02,00:00,32.89,33.50,32.79,33.49,1601
2013.10.03,00:00,33.38,33.59,32.76,33.00,1750
2013.10.04,00:00,33.24,34.04,33.11,33.78,1658
2013.10.07,00:00,33.46,33.83,33.36,33.44,1393
2013.10.08,00:00,33.53,33.60,32.82,32.89,1538
2013.10.09,00:00,32.78,33.16,32.34,32.88,1942
2013.10.10,00:00,32.99,33.48,32.68,33.22,1604
2013.10.11,00:00,32.88,33.57,32.80,33.44,1364
2013.10.14,00:00,33.37,34.13,33.33,33.87,1563
2013.10.15,00:00,33.86,34.33,33.80,34.04,2093
2013.10.16,00:00,34.13,34.32,33.76,34.13,1818
2013.10.17,00:00,34.17,34.81,34.17,34.70,1536
2013.10.18,00:00,34.97,35.17,34.71,34.89,1218
2013.10.21,00:00,34.90,35.24,34.78,35.03,1006
2013.10.22,00:00,36.27,36.77,36.00,36.36,2319
2013.10.23,00:00,35.96,36.73,35.91,36.63,1365
2013.10.24,00:00,36.55,37.64,36.55,37.41,1437
2013.10.25,00:00,37.38,37.49,36.92,37.44,979
2013.10.28,00:00,37.46,37.61,36.89,37.27,1678
2013.10.29,00:00,37.67,37.87,37.46,37.67,1494
2013.10.30,00:00,37.72,37.99,36.76,37.27,2190
2013.10.31,00:00,37.08,37.62,36.72,36.75,1717
2013.11.01,00:00,36.85,37.04,36.41,36.78,1635
2013.11.04,00:00,36.66,37.40,36.65,37.40,1175
2013.11.05,00:00,37.31,37.49,36.91,37.18,1654
2013.11.06,00:00,37.28,37.50,36.91,37.05,1566
2013.11.07,00:00,37.01,37.07,35.79,35.86,2267
2013.11.08,00:00,35.68,36.58,35.60,36.58,1765
2013.11.11,00:00,36.45,36.56,36.07,36.47,1243
2013.11.12,00:00,36.18,36.42,35.57,35.88,2103
2013.11.13,00:00,35.23,36.35,35.04,36.32,1998
2013.11.14,00:00,36.37,36.54,35.93,36.34,1974
2013.11.15,00:00,36.45,36.99,36.41,36.83,1596
2013.11.18,00:00,37.01,37.01,36.39,36.48,1565
2013.11.19,00:00,36.42,36.74,36.11,36.39,1874
2013.11.20,00:00,36.44,36.75,36.04,36.18,2372
2013.11.21,00:00,36.35,36.37,35.69,36.16,1802
2013.11.22,00:00,36.18,36.18,35.72,36.10,1023
2013.11.25,00:00,36.02,36.03,35.57,35.79,1078
2013.11.26,00:00,35.16,35.44,35.05,35.32,997
2013.11.27,00:00,35.33,35.46,34.40,34.67,1205
2013.11.29,00:00,34.91,35.18,34.54,34.68,887
2013.12.02,00:00,34.63,34.65,34.07,34.25,1302
2013.12.03,00:00,34.01,34.57,33.82,34.20,1541
2013.12.04,00:00,34.27,34.91,34.24,34.53,2099
2013.12.05,00:00,34.30,34.52,34.05,34.27,1545
2013.12.06,00:00,34.64,34.81,34.12,34.25,1221
2013.12.09,00:00,34.41,34.73,34.27,34.63,1050
2013.12.10,00:00,34.92,35.24,34.82,34.88,1470
2013.12.11,00:00,35.04,35.15,34.35,34.45,1438
2013.12.12,00:00,34.47,34.66,33.94,34.29,1433
2013.12.13,00:00,34.43,34.72,34.10,34.34,964
2013.12.16,00:00,34.44,34.88,34.34,34.59,1246
2013.12.17,00:00,34.52,35.01,34.44,34.89,872
2013.12.18,00:00,35.12,35.33,34.56,35.18,2264
2013.12.19,00:00,34.91,35.33,34.82,35.19,845
2013.12.20,00:00,35.22,35.74,35.20,35.68,973
2013.12.23,00:00,35.94,36.03,35.60,35.73,749
2013.12.24,00:00,35.81,36.31,35.76,36.24,517
2013.12.26,00:00,36.36,37.03,36.35,36.96,992
2013.12.27,00:00,36.99,37.62,36.94,37.50,945
2013.12.30,00:00,37.56,37.99,37.39,37.67,966
2013.12.31,00:00,37.59,37.98,37.41,37.57,634
2014.01.02,00:00,37.71,38.08,37.44,37.62,1462
2014.01.03,00:00,37.53,37.76,37.24,37.31,946
2014.01.06,00:00,37.09,37.21,36.80,37.02,1254
2014.01.07,00:00,37.08,37.22,36.56,36.65,919
2014.01.08,00:00,36.56,36.65,36.13,36.19,1034
2014.01.09,00:00,36.26,36.30,35.44,35.71,1250
2014.01.10,00:00,35.99,36.22,35.68,36.17,1472
2014.01.13,00:00,35.74,35.90,35.47,35.62,1352
2014.01.14,00:00,35.43,36.17,35.19,36.11,1195
2014.01.15,00:00,36.15,36.65,36.07,36.60,963
2014.01.16,00:00,36.78,36.91,36.44,36.91,969
2014.01.17,00:00,37.24,37.24,36.06,36.18,1568
2014.01.21,00:00,35.95,36.03,35.21,35.25,1211
2014.01.22,00:00,34.91,35.11,34.27,34.51,1541
2014.01.23,00:00,34.29,34.29,33.16,33.67,1416
2014.01.24,00:00,33.16,33.38,32.50,32.77,1688
2014.01.27,00:00,32.81,32.95,31.97,32.39,1922
2014.01.28,00:00,32.71,32.73,32.32,32.56,1602
2014.01.29,00:00,32.63,33.05,32.26,32.34,2158
2014.01.30,00:00,32.43,32.54,31.95,32.41,1431
2014.01.31,00:00,32.11,32.55,31.93,32.40,1491
2014.02.03,00:00,32.44,32.45,31.04,31.08,1542
2014.02.04,00:00,31.25,31.46,30.91,30.94,1444
2014.02.05,00:00,31.16,31.28,30.51,31.08,1421
2014.02.06,00:00,31.35,31.88,31.29,31.53,1186
2014.02.07,00:00,31.74,32.36,31.30,32.34,1344
2014.02.10,00:00,32.37,32.47,32.13,32.23,1051
2014.02.11,00:00,32.31,33.37,32.29,33.18,1209
2014.02.12,00:00,33.34,33.63,32.69,32.77,1361
2014.02.13,00:00,32.50,33.28,32.36,33.16,1160
2014.02.14,00:00,33.26,33.94,33.18,33.75,1074
2014.02.17,00:00,33.75,33.75,33.75,33.75,1
2014.02.18,00:00,33.83,33.94,33.42,33.74,886
2014.02.19,00:00,33.54,34.09,33.08,33.17,1233
2014.02.20,00:00,33.08,33.80,32.83,33.76,1473
2014.02.21,00:00,33.89,33.98,33.34,33.35,1161
2014.02.24,00:00,33.30,33.61,32.94,33.21,1228
2014.02.25,00:00,33.08,33.12,32.67,32.76,1300
2014.02.26,00:00,32.90,33.57,32.84,33.41,1248
2014.02.27,00:00,33.24,33.50,33.15,33.46,1011
2014.02.28,00:00,33.10,33.18,32.41,32.61,1260
2014.03.03,00:00,32.74,33.15,32.51,32.81,1572
2014.03.04,00:00,33.13,33.62,32.92,33.51,1038
2014.03.05,00:00,33.52,34.13,33.27,33.91,986
2014.03.06,00:00,33.97,34.20,33.71,33.82,1038
2014.03.07,00:00,33.35,33.39,32.03,32.17,1565
2014.03.10,00:00,31.70,31.70,30.87,31.37,1659
2014.03.11,00:00,31.40,31.61,30.54,30.71,1558
2014.03.12,00:00,30.78,31.42,30.74,30.77,1127
2014.03.13,00:00,31.03,31.12,30.38,30.63,1468
2014.03.14,00:00,30.69,31.27,30.68,31.05,1347
2014.03.17,00:00,31.26,31.77,31.15,31.49,1040
2014.03.18,00:00,31.40,31.66,31.27,31.64,854
2014.03.19,00:00,31.38,31.83,30.85,31.07,2275
2014.03.20,00:00,30.68,31.07,30.56,30.88,988
2014.03.21,00:00,31.48,32.30,31.25,32.29,820
2014.03.24,00:00,32.26,32.29,31.50,31.61,1130
2014.03.25,00:00,31.89,32.42,31.89,32.08,1160
2014.03.26,00:00,32.29,32.30,31.63,31.68,1369
2014.03.27,00:00,31.91,32.76,31.86,32.41,1588
2014.03.28,00:00,32.81,33.08,32.65,32.86,1258
2014.03.31,00:00,33.00,33.11,32.79,33.06,1153
2014.04.01,00:00,33.04,33.28,32.64,32.91,903
2014.04.02,00:00,33.26,33.67,33.14,33.32,871
2014.04.03,00:00,33.58,33.61,33.23,33.40,975
2014.04.04,00:00,33.63,33.79,33.18,33.32,1808
2014.04.07,00:00,33.27,33.55,32.86,33.08,1619
2014.04.08,00:00,33.14,33.98,33.14,33.61,981
2014.04.09,00:00,33.65,34.16,33.45,33.98,1315
2014.04.10,00:00,33.97,33.98,32.89,33.19,1785
2014.04.11,00:00,32.75,33.13,32.50,32.56,2261
2014.04.14,00:00,32.85,33.32,32.66,33.29,1512
2014.04.15,00:00,32.82,33.07,32.35,33.01,2082
2014.04.16,00:00,33.24,33.34,32.80,33.00,1295
2014.04.17,00:00,33.06,33.28,32.99,33.01,1190
2014.04.21,00:00,33.02,33.06,32.64,32.97,1044
2014.04.22,00:00,33.06,33.48,32.73,33.30,794
2014.04.23,00:00,33.33,33.58,33.12,33.50,1289
2014.04.24,00:00,33.98,34.46,33.84,33.95,1979
2014.04.25,00:00,33.92,34.33,33.68,34.01,1104
2014.04.28,00:00,33.98,34.01,33.51,33.89,1519
2014.04.29,00:00,33.72,34.44,33.72,34.43,1109
2014.04.30,00:00,34.29,34.39,34.00,34.37,1196
2014.05.01,00:00,34.21,34.47,34.04,34.16,999
2014.05.02,00:00,34.27,34.94,34.11,34.67,1218
2014.05.05,00:00,34.48,34.53,34.06,34.07,900
2014.05.06,00:00,34.05,34.15,33.78,33.84,890
2014.05.07,00:00,34.04,34.28,33.86,33.99,1624
2014.05.08,00:00,33.82,34.11,33.63,33.83,835
2014.05.09,00:00,33.82,33.97,33.63,33.89,1070
2014.05.12,00:00,34.50,35.13,34.46,34.89,1185
2014.05.13,00:00,34.88,35.81,34.85,35.56,811
2014.05.14,00:00,35.61,35.87,35.42,35.49,941
2014.05.15,00:00,35.29,35.46,34.92,35.21,1060
2014.05.16,00:00,35.19,35.19,34.52,34.99,709
2014.05.19,00:00,35.12,35.28,34.93,35.05,616
2014.05.20,00:00,34.75,34.80,34.17,34.45,1044
2014.05.21,00:00,34.35,34.62,34.13,34.25,1065
2014.05.22,00:00,34.41,34.51,34.21,34.30,684
2014.05.23,00:00,34.45,34.56,34.27,34.43,650
2014.05.27,00:00,34.28,34.45,33.91,33.96,679
2014.05.28,00:00,33.99,33.99,33.43,33.81,930
2014.05.29,00:00,33.79,34.38,33.79,34.27,745
2014.05.30,00:00,33.91,34.05,33.66,34.03,952
2014.06.02,00:00,34.33,34.33,33.98,34.11,774
2014.06.03,00:00,33.94,34.08,33.78,34.07,768
2014.06.04,00:00,33.95,34.61,33.83,34.51,824
2014.06.05,00:00,34.57,34.92,34.36,34.76,980
2014.06.06,00:00,34.49,34.97,34.32,34.93,887
2014.06.09,00:00,34.85,34.95,34.51,34.65,666
2014.06.10,00:00,34.51,34.67,34.08,34.36,713
2014.06.11,00:00,34.30,34.34,33.92,34.08,585
2014.06.12,00:00,33.86,33.99,33.52,33.65,1222
2014.06.13,00:00,33.50,34.08,33.39,33.97,1139
2014.06.16,00:00,34.07,34.09,33.80,34.00,1082
2014.06.17,00:00,33.96,34.10,33.80,34.04,835
2014.06.18,00:00,34.13,34.83,33.90,34.79,1130
2014.06.19,00:00,34.96,34.98,34.56,34.62,1235
2014.06.20,00:00,34.60,34.90,34.36,34.86,734
2014.06.23,00:00,35.05,36.11,35.00,36.03,771
2014.06.24,00:00,35.97,36.14,35.56,35.64,1096
2014.06.25,00:00,35.60,36.03,35.46,35.77,1366
2014.06.26,00:00,35.81,35.90,35.48,35.69,1402
2014.06.27,00:00,35.70,36.12,35.58,36.05,975
2014.06.30,00:00,35.98,36.50,35.65,36.49,1131
2014.07.01,00:00,36.92,37.31,36.83,36.84,1258
2014.07.02,00:00,37.01,37.98,36.99,37.84,904
2014.07.03,00:00,38.18,38.58,38.03,38.50,836
2014.07.07,00:00,38.47,38.88,38.29,38.66,1019
2014.07.08,00:00,38.53,38.89,38.42,38.74,1100
2014.07.09,00:00,38.96,39.29,38.74,39.04,1261
2014.07.10,00:00,38.85,39.31,38.51,38.86,1721
2014.07.11,00:00,38.62,38.81,38.31,38.72,1664
2014.07.14,00:00,38.63,38.71,38.51,38.69,1232
2014.07.15,00:00,38.64,38.86,38.00,38.29,1452
2014.07.16,00:00,38.63,38.99,38.63,38.83,1144
2014.07.17,00:00,38.58,38.83,38.33,38.51,2400
2014.07.18,00:00,38.60,38.60,38.12,38.34,1400
2014.07.21,00:00,38.25,38.74,38.25,38.66,1347
2014.07.22,00:00,38.89,39.03,38.66,38.72,1392
2014.07.23,00:00,38.87,39.04,38.28,38.56,1630
2014.07.24,00:00,38.11,38.11,37.30,37.52,1435
2014.07.25,00:00,37.39,38.21,37.35,37.97,1022
2014.07.28,00:00,38.05,38.19,37.72,38.06,645
2014.07.29,00:00,38.02,38.25,37.87,37.91,904
2014.07.30,00:00,38.12,38.20,37.67,37.88,1643
2014.07.31,00:00,37.47,37.76,37.14,37.22,1880
2014.08.01,00:00,37.07,37.42,36.47,36.78,1867
2014.08.04,00:00,37.01,37.31,36.84,37.23,1042
2014.08.05,00:00,36.86,37.14,36.69,36.92,2548
2014.08.06,00:00,36.60,37.51,36.60,36.69,1667
2014.08.07,00:00,36.89,36.97,35.72,36.14,2310
2014.08.08,00:00,36.13,36.56,36.01,36.48,1310
2014.08.11,00:00,36.90,37.06,36.67,36.89,968
2014.08.12,00:00,36.73,37.06,36.70,36.88,1308
2014.08.13,00:00,36.77,36.86,36.32,36.39,872
2014.08.14,00:00,35.98,36.06,35.78,36.04,764
2014.08.15,00:00,36.07,36.11,35.70,36.09,1530
2014.08.18,00:00,36.22,36.38,36.00,36.36,646
2014.08.19,00:00,36.38,36.56,36.13,36.29,644
2014.08.20,00:00,36.36,37.09,36.36,36.97,807
2014.08.21,00:00,36.85,36.85,36.45,36.67,622
2014.08.22,00:00,36.57,36.61,36.31,36.42,816
2014.08.25,00:00,36.66,36.76,36.40,36.48,572
2014.08.26,00:00,36.52,36.61,36.30,36.38,448
2014.08.27,00:00,36.55,36.64,36.26,36.43,474
2014.08.28,00:00,36.16,36.16,35.63,36.14,758
2014.08.29,00:00,36.30,36.47,36.16,36.37,483
2014.09.02,00:00,35.94,36.19,35.45,35.48,819
2014.09.03,00:00,35.62,35.64,35.21,35.29,600
2014.09.04,00:00,35.28,35.66,35.05,35.21,663
2014.09.05,00:00,35.14,35.18,34.73,35.00,594
2014.09.08,00:00,34.97,35.01,34.74,34.90,673
2014.09.09,00:00,34.64,34.99,34.20,34.42,962
2014.09.10,00:00,34.33,34.61,33.91,34.56,1033
2014.09.11,00:00,34.28,34.72,34.11,34.56,966
2014.09.12,00:00,34.36,34.60,34.10,34.24,1072
2014.09.15,00:00,34.20,34.38,34.11,34.30,986
2014.09.16,00:00,34.28,35.09,34.12,34.90,1658
2014.09.17,00:00,34.87,34.90,34.40,34.50,1485
2014.09.18,00:00,34.39,34.64,34.17,34.31,693
2014.09.19,00:00,34.39,34.39,33.80,34.05,1024
2014.09.22,00:00,33.67,33.69,33.08,33.17,1219
2014.09.23,00:00,32.96,33.20,32.64,32.95,1201
2014.09.24,00:00,33.08,33.39,32.80,33.26,823
2014.09.25,00:00,32.99,32.99,32.48,32.66,1447
2014.09.26,00:00,32.64,32.90,32.57,32.86,1158
2014.09.29,00:00,32.38,32.74,32.30,32.40,1099
2014.09.30,00:00,32.70,32.77,32.29,32.65,1409
2014.10.01,00:00,32.84,32.84,31.84,31.87,1551
2014.10.02,00:00,31.89,32.11,31.25,32.08,1872
2014.10.03,00:00,32.15,32.42,31.84,32.31,1111
2014.10.06,00:00,32.50,32.90,31.95,32.49,2125
2014.10.07,00:00,32.27,32.41,31.57,31.59,1670
2014.10.08,00:00,31.68,32.33,31.26,32.29,2054
2014.10.09,00:00,32.32,32.33,31.04,31.13,3003
2014.10.10,00:00,30.69,31.46,30.47,30.65,3704
2014.10.13,00:00,31.05,31.58,30.70,30.72,4224
2014.10.14,00:00,31.09,31.53,30.62,30.80,4127
2014.10.15,00:00,30.37,30.49,29.43,30.02,5431
2014.10.16,00:00,29.49,30.74,29.42,30.23,5802
2014.10.17,00:00,30.65,30.93,30.34,30.34,2719
2014.10.20,00:00,30.58,30.93,30.47,30.75,1890
2014.10.21,00:00,31.58,31.73,31.28,31.50,1341
2014.10.22,00:00,31.49,31.67,30.89,30.89,2461
2014.10.23,00:00,31.07,31.17,30.76,30.94,2062
2014.10.24,00:00,30.81,30.95,30.56,30.80,1492
2014.10.27,00:00,30.44,30.58,30.19,30.27,1348
2014.10.28,00:00,29.99,30.01,28.64,29.01,1501
2014.10.29,00:00,29.16,29.41,28.70,28.99,2169
2014.10.30,00:00,28.59,28.61,28.06,28.08,1168
2014.10.31,00:00,28.24,28.52,27.71,28.48,1470
2014.11.03,00:00,28.75,28.76,27.60,27.80,1527
2014.11.04,00:00,27.77,28.13,27.60,27.79,1666
2014.11.05,00:00,27.65,27.76,27.10,27.13,1606
2014.11.06,00:00,27.24,27.77,27.14,27.56,2113
2014.11.07,00:00,27.76,28.38,27.74,28.33,1581
2014.11.10,00:00,28.43,28.53,27.95,28.01,1551
2014.11.11,00:00,27.89,28.50,27.89,28.43,1438
2014.11.12,00:00,28.54,28.97,28.40,28.55,1439
2014.11.13,00:00,28.64,28.70,27.82,27.90,1332
2014.11.14,00:00,27.75,28.31,27.60,28.30,1620
2014.11.17,00:00,28.22,28.57,27.97,28.41,1083
2014.11.18,00:00,28.47,28.59,28.02,28.18,898
2014.11.19,00:00,28.19,28.26,27.66,28.07,1738
2014.11.20,00:00,27.77,28.61,27.76,28.57,1037
2014.11.21,00:00,29.69,29.91,29.25,29.58,1549
2014.11.24,00:00,29.70,29.70,29.01,29.10,843
2014.11.25,00:00,29.07,29.37,29.05,29.26,907
2014.11.26,00:00,29.27,29.67,29.13,29.33,662
2014.11.28,00:00,27.22,27.22,26.63,26.83,966
2014.12.01,00:00,26.68,26.71,25.50,26.19,1684
2014.12.02,00:00,25.78,26.48,25.47,25.87,1778
2014.12.03,00:00,26.07,26.88,26.06,26.69,1304
2014.12.04,00:00,26.63,26.83,26.29,26.42,1368
2014.12.05,00:00,26.24,26.37,25.84,26.00,1110
2014.12.08,00:00,25.93,26.14,25.07,25.13,1589
2014.12.09,00:00,24.63,25.12,24.38,25.12,2095
2014.12.10,00:00,24.89,25.00,23.95,23.95,1814
2014.12.11,00:00,23.28,23.81,22.86,22.96,2666
2014.12.12,00:00,22.93,22.99,21.77,21.79,2288
2014.12.15,00:00,22.03,22.11,21.03,21.03,2531
2014.12.16,00:00,21.22,21.94,20.94,21.20,3089
2014.12.17,00:00,21.27,22.23,21.22,22.13,3431
2014.12.18,00:00,22.61,22.82,22.16,22.82,1998
2014.12.19,00:00,22.85,23.45,22.70,23.40,1445
2014.12.22,00:00,23.48,23.52,22.36,22.54,1821
2014.12.23,00:00,22.58,23.17,22.52,22.83,1467
2014.12.24,00:00,22.71,22.99,22.51,22.91,984
2014.12.26,00:00,23.04,23.88,23.00,23.51,966
2014.12.29,00:00,23.53,23.74,23.19,23.26,1027
2014.12.30,00:00,23.29,23.76,23.27,23.55,1506
2014.12.31,00:00,23.52,23.62,23.19,23.54,811
2015.01.02,00:00,23.29,23.71,23.29,23.55,2492
2015.01.05,00:00,23.03,23.03,21.95,22.14,1774
2015.01.06,00:00,22.20,22.78,22.11,22.53,2146
2015.01.07,00:00,22.73,22.89,22.39,22.84,1947
2015.01.08,00:00,23.03,23.49,22.81,23.37,1839
2015.01.09,00:00,23.54,23.60,23.07,23.44,1140
2015.01.12,00:00,22.99,23.16,22.45,23.06,1498
2015.01.13,00:00,22.62,22.68,20.95,21.05,1616
2015.01.14,00:00,19.23,19.25,17.86,18.73,1714
2015.01.15,00:00,19.14,19.29,18.32,18.32,1204
2015.01.16,00:00,18.62,19.32,18.57,19.23,1523
2015.01.20,00:00,19.26,19.34,18.86,19.26,1296
2015.01.21,00:00,19.12,20.05,19.09,19.84,1515
2015.01.22,00:00,20.48,20.55,19.74,20.02,1451
2015.01.23,00:00,19.73,19.85,19.19,19.23,1219
2015.01.26,00:00,19.14,19.60,18.96,19.54,1180
2015.01.27,00:00,18.24,18.85,18.01,18.37,2818
2015.01.28,00:00,18.29,18.31,17.40,17.41,1785
2015.01.29,00:00,17.40,17.40,16.43,16.83,1276
2015.01.30,00:00,16.73,17.25,16.61,16.81,1786
2015.02.02,00:00,16.98,17.49,16.81,17.45,2168
2015.02.03,00:00,18.27,19.25,18.14,18.98,2283
2015.02.04,00:00,18.46,18.54,18.01,18.28,1843
2015.02.05,00:00,18.20,19.61,18.11,19.57,1616
2015.02.06,00:00,19.30,19.47,18.83,18.85,1577
2015.02.09,00:00,18.96,19.77,18.86,19.50,1604
2015.02.10,00:00,19.22,19.22,18.47,18.70,1700
2015.02.11,00:00,18.66,18.74,18.07,18.60,1630
2015.02.12,00:00,18.96,19.56,18.94,19.47,1201
2015.02.13,00:00,19.78,20.49,19.76,20.29,1357
2015.02.17,00:00,20.13,21.15,19.96,20.96,1648
2015.02.18,00:00,20.88,21.57,20.66,21.28,2433
2015.02.19,00:00,21.01,21.25,20.91,21.10,1987
2015.02.20,00:00,21.12,21.29,20.91,21.27,1864
2015.02.23,00:00,21.02,21.03,20.38,20.58,1556
2015.02.24,00:00,21.02,21.38,20.85,21.23,1716
2015.02.25,00:00,21.32,21.65,21.08,21.49,1290
2015.02.26,00:00,21.80,21.81,21.04,21.10,1202
2015.02.27,00:00,21.23,21.78,21.08,21.63,1226
2015.03.02,00:00,21.58,21.58,20.75,21.12,1389
2015.03.03,00:00,21.01,21.62,20.97,21.02,1658
2015.03.04,00:00,20.59,20.96,20.12,20.91,1810
2015.03.05,00:00,20.88,20.93,20.14,20.24,971
2015.03.06,00:00,19.96,20.13,19.34,19.43,2296
2015.03.09,00:00,19.39,19.76,19.34,19.62,1065
2015.03.10,00:00,19.08,19.42,18.80,18.84,1250
2015.03.11,00:00,18.81,18.87,18.26,18.82,1398
2015.03.12,00:00,19.37,19.59,18.81,18.89,1531
2015.03.13,00:00,18.49,18.51,17.88,18.13,1009
2015.03.16,00:00,18.11,18.27,17.53,17.96,1059
2015.03.17,00:00,17.76,17.81,17.36,17.41,1432
2015.03.18,00:00,17.11,18.38,17.02,18.23,2167
2015.03.19,00:00,17.93,17.96,17.10,17.26,1498
2015.03.20,00:00,17.37,18.82,17.37,18.40,1407
2015.03.23,00:00,18.57,19.42,18.52,19.33,1466
2015.03.24,00:00,18.97,19.41,18.54,19.18,1907
2015.03.25,00:00,19.17,19.54,18.99,19.09,1888
2015.03.26,00:00,19.51,19.99,19.26,19.50,2359
2015.03.27,00:00,19.07,19.13,18.66,18.79,1683
2015.03.30,00:00,18.84,19.55,18.81,19.38,1377
2015.03.31,00:00,19.15,19.15,18.79,18.95,1174
2015.04.01,00:00,19.03,19.29,18.79,18.97,1588
2015.04.02,00:00,18.86,19.06,18.77,19.00,1243
2015.04.06,00:00,19.22,19.39,19.14,19.15,1005
2015.04.07,00:00,19.21,19.33,18.93,18.97,1247
2015.04.08,00:00,19.29,19.39,18.79,18.82,1458
2015.04.09,00:00,18.72,19.19,18.67,18.78,1198
2015.04.10,00:00,18.76,18.88,18.23,18.29,833
2015.04.13,00:00,18.42,18.45,18.11,18.26,626
2015.04.14,00:00,18.42,18.97,18.27,18.96,840
2015.04.15,00:00,19.04,21.06,19.03,20.65,1245
2015.04.16,00:00,20.72,21.20,20.50,20.83,1608
2015.04.17,00:00,20.49,20.75,20.36,20.66,1972
2015.04.20,00:00,20.65,21.18,20.55,20.65,1206
2015.04.21,00:00,20.55,20.62,20.04,20.23,1767
2015.04.22,00:00,20.41,20.78,20.20,20.57,1578
2015.04.23,00:00,19.76,20.56,19.55,20.07,1835
2015.04.24,00:00,20.52,21.26,20.50,20.82,1853
2015.04.27,00:00,21.21,22.11,21.15,21.82,1635
2015.04.28,00:00,22.42,22.81,22.35,22.68,1779
2015.04.29,00:00,22.47,23.09,22.39,22.90,2284
2015.04.30,00:00,22.62,23.65,22.42,23.27,2426
2015.05.01,00:00,23.39,23.94,23.29,23.66,2122
2015.05.04,00:00,23.82,23.97,23.25,23.39,1636
2015.05.05,00:00,23.56,23.75,23.23,23.34,1568
2015.05.06,00:00,23.66,23.66,23.04,23.26,1569
2015.05.07,00:00,22.69,23.01,22.49,22.91,1636
2015.05.08,00:00,23.29,23.60,23.12,23.28,1851
2015.05.11,00:00,23.37,23.59,22.87,22.96,1555
2015.05.12,00:00,23.00,23.09,22.66,22.72,1281
2015.05.13,00:00,22.78,22.99,22.45,22.60,1438
2015.05.14,00:00,22.76,23.29,22.65,22.79,1335
2015.05.15,00:00,22.73,22.95,22.46,22.82,981
2015.05.18,00:00,22.64,22.67,22.04,22.13,1103
2015.05.19,00:00,21.65,21.84,21.20,21.28,1252
2015.05.20,00:00,21.35,21.35,20.88,21.08,1180
2015.05.21,00:00,21.21,21.55,20.85,21.35,884
2015.05.22,00:00,21.16,21.28,20.90,20.99,679
2015.05.26,00:00,20.69,20.74,19.87,20.07,1273
2015.05.27,00:00,20.02,20.35,19.90,20.14,951
2015.05.28,00:00,20.05,20.23,19.72,20.16,805
2015.05.29,00:00,20.04,20.07,19.65,19.65,1022
2015.06.01,00:00,19.68,19.73,19.30,19.34,765
2015.06.02,00:00,19.53,20.67,19.50,20.46,1509
2015.06.03,00:00,20.48,20.64,19.80,19.86,1226
2015.06.04,00:00,19.64,19.68,19.40,19.52,940
2015.06.05,00:00,19.36,19.75,19.27,19.64,1070
2015.06.08,00:00,19.94,19.94,19.29,19.41,748
2015.06.09,00:00,19.59,20.21,19.52,20.02,1125
2015.06.10,00:00,20.62,20.77,20.45,20.56,994
2015.06.11,00:00,20.36,20.36,19.80,19.93,1064
2015.06.12,00:00,19.82,19.86,19.52,19.82,650
2015.06.15,00:00,19.43,19.94,19.42,19.59,1160
2015.06.16,00:00,19.56,19.92,19.31,19.79,728
2015.06.17,00:00,19.95,20.12,19.54,20.02,1123
2015.06.18,00:00,20.25,20.34,19.72,20.12,1020
2015.06.19,00:00,19.93,20.02,19.68,19.76,798
2015.06.22,00:00,19.66,19.79,19.39,19.40,625
2015.06.23,00:00,19.39,20.14,19.39,20.11,897
2015.06.24,00:00,20.17,21.16,20.14,20.55,1573
2015.06.25,00:00,20.39,20.65,19.57,19.74,1282
2015.06.26,00:00,19.61,20.05,19.53,19.95,884
2015.06.29,00:00,19.69,19.95,19.36,19.38,1259
2015.06.30,00:00,19.46,19.51,18.51,18.62,1415
2015.07.01,00:00,18.54,18.81,18.21,18.40,1020
2015.07.02,00:00,18.57,18.83,18.28,18.39,1123
2015.07.06,00:00,17.87,18.11,17.51,17.84,972
2015.07.07,00:00,17.28,17.35,16.00,17.24,1629
2015.07.08,00:00,17.11,17.28,16.35,16.51,799
2015.07.09,00:00,17.19,17.33,16.76,16.77,1185
2015.07.10,00:00,17.29,17.49,16.66,16.73,1380
2015.07.13,00:00,16.60,16.99,16.26,16.92,1139
2015.07.14,00:00,16.78,17.20,16.60,17.11,1002
2015.07.15,00:00,17.05,17.15,16.27,16.40,1011
2015.07.16,00:00,16.65,16.66,16.10,16.30,934
2015.07.17,00:00,16.16,16.16,15.55,15.87,1025
2015.07.20,00:00,15.51,15.66,14.91,15.03,1320
2015.07.21,00:00,15.23,16.09,15.20,15.70,1439
2015.07.22,00:00,15.52,15.55,14.86,15.05,1438
2015.07.23,00:00,15.23,15.38,13.30,13.63,2330
2015.07.24,00:00,13.42,13.42,12.17,12.28,1451
2015.07.27,00:00,11.94,12.55,11.16,11.36,1760
2015.07.28,00:00,11.72,12.68,11.62,12.33,2681
2015.07.29,00:00,12.32,12.59,12.18,12.50,1782
2015.07.30,00:00,12.29,12.48,11.57,11.85,1346
2015.07.31,00:00,12.11,12.14,11.58,11.74,1061
2015.08.03,00:00,11.62,11.64,11.12,11.19,1228
2015.08.04,00:00,11.48,11.68,10.93,11.03,1303
2015.08.05,00:00,11.51,11.86,10.89,10.92,1494
2015.08.06,00:00,10.80,11.29,10.72,11.20,1783
2015.08.07,00:00,11.04,11.24,10.48,10.52,1592
2015.08.10,00:00,10.10,11.68,10.10,11.66,1870
2015.08.11,00:00,11.04,11.04,10.00,10.21,1463
2015.08.12,00:00,10.09,10.36,9.88,10.25,874
2015.08.13,00:00,10.16,10.27,9.96,10.07,1157
2015.08.14,00:00,10.09,10.35,10.01,10.01,858
2015.08.17,00:00,9.92,10.29,9.92,10.23,1187
2015.08.18,00:00,9.98,10.04,9.81,9.92,984
2015.08.19,00:00,9.81,9.86,9.59,9.73,1290
2015.08.20,00:00,9.95,10.11,9.59,9.72,995
2015.08.21,00:00,9.73,9.79,9.47,9.58,1535
2015.08.24,00:00,8.67,9.41,8.17,8.67,1277
2015.08.25,00:00,9.25,9.25,8.25,8.25,866
2015.08.26,00:00,8.24,8.28,7.76,7.91,2080
2015.08.27,00:00,8.64,10.47,8.58,10.19,4391
2015.08.28,00:00,11.26,11.43,10.32,10.49,3602
2015.08.31,00:00,10.33,10.82,10.17,10.63,2279
2015.09.01,00:00,10.07,10.38,9.65,9.76,2421
2015.09.02,00:00,10.05,10.05,9.50,9.89,1935
2015.09.03,00:00,10.01,10.34,9.86,10.12,1764
2015.09.04,00:00,9.77,9.90,9.51,9.70,1213
2015.09.08,00:00,10.20,10.57,10.08,10.40,1350
2015.09.09,00:00,10.75,11.17,10.41,10.73,1524
2015.09.10,00:00,10.81,11.33,10.78,11.28,1698
2015.09.11,00:00,11.32,11.63,11.10,11.39,1334
2015.09.14,00:00,11.15,11.53,10.89,11.16,1414
2015.09.15,00:00,11.13,11.47,11.10,11.28,1093
2015.09.16,00:00,11.45,11.86,11.39,11.83,1190
2015.09.17,00:00,11.65,12.58,11.56,12.05,2899
2015.09.18,00:00,11.26,11.42,10.54,10.73,1149
2015.09.21,00:00,10.76,10.89,10.51,10.52,556
2015.09.22,00:00,9.98,10.77,9.72,10.59,2047
2015.09.23,00:00,10.64,10.66,9.96,9.99,1187
2015.09.24,00:00,9.73,10.13,9.57,9.99,1464
2015.09.25,00:00,10.04,10.06,9.60,9.79,1042
2015.09.28,00:00,9.33,9.36,8.62,8.90,836
2015.09.29,00:00,8.95,9.25,8.94,9.11,428
2015.09.30,00:00,9.25,9.76,9.24,9.68,1200
2015.10.01,00:00,9.88,10.13,9.51,9.81,1563
2015.10.02,00:00,9.73,10.65,9.61,10.62,1511
2015.10.05,00:00,10.51,11.28,10.50,11.18,1462
2015.10.06,00:00,11.42,11.92,11.30,11.84,2265
2015.10.07,00:00,12.26,13.43,12.25,13.01,4260
2015.10.08,00:00,12.95,13.61,12.72,13.46,2566
2015.10.09,00:00,13.92,14.19,13.17,13.48,3241
2015.10.12,00:00,13.52,13.53,12.53,12.93,2240
2015.10.13,00:00,12.31,13.13,12.12,12.72,2364
2015.10.14,00:00,12.86,13.08,12.47,13.05,1792
