2011.12.15,00:00,25.00,25.23,23.51,24.20,265
2011.12.16,00:00,24.45,24.80,23.51,24.10,224
2011.12.19,00:00,24.50,25.09,24.31,24.88,119
2011.12.20,00:00,25.02,25.76,25.02,25.45,106
2011.12.21,00:00,25.64,26.78,25.46,26.55,174
2011.12.22,00:00,26.45,27.49,26.45,27.27,127
2011.12.23,00:00,27.52,27.52,26.84,27.00,85
2011.12.27,00:00,27.15,27.33,26.88,27.20,86
2011.12.28,00:00,27.58,27.58,27.09,27.41,82
2011.12.29,00:00,27.50,27.50,27.22,27.22,29
2011.12.30,00:00,27.31,27.35,27.11,27.25,43
2012.01.03,00:00,27.25,27.53,27.00,27.15,97
2012.01.04,00:00,27.19,27.26,26.36,26.40,102
2012.01.05,00:00,26.07,27.06,25.50,26.45,275
2012.01.06,00:00,26.45,26.72,25.95,26.00,110
2012.01.09,00:00,25.87,26.27,25.87,26.20,48
2012.01.10,00:00,26.47,26.63,26.24,26.42,74
2012.01.11,00:00,26.29,26.61,26.13,26.14,82
2012.01.12,00:00,26.47,26.47,25.75,26.10,108
2012.01.13,00:00,25.93,26.56,25.93,26.56,64
2012.01.17,00:00,26.78,28.55,26.75,28.05,234
2012.01.18,00:00,28.11,28.85,27.95,28.40,152
2012.01.19,00:00,28.69,28.80,28.50,28.68,60
2012.01.20,00:00,28.75,29.61,28.72,29.35,119
2012.01.23,00:00,29.71,29.88,28.75,29.76,222
2012.01.24,00:00,30.22,30.25,29.21,29.50,137
2012.01.25,00:00,29.76,30.50,29.65,30.50,97
2012.01.26,00:00,30.58,30.65,29.28,29.78,195
2012.01.27,00:00,29.74,30.13,29.40,29.85,136
2012.01.30,00:00,29.86,29.95,29.32,29.84,125
2012.01.31,00:00,29.95,31.37,29.45,30.95,285
2012.02.01,00:00,31.00,31.74,30.76,31.30,167
2012.02.02,00:00,31.57,32.00,31.38,31.67,115
2012.02.03,00:00,31.81,32.82,31.81,32.51,133
2012.02.06,00:00,32.64,33.81,32.39,33.13,236
2012.02.07,00:00,33.31,33.78,32.65,32.66,162
2012.02.08,00:00,32.98,33.33,31.75,33.21,294
2012.02.09,00:00,33.71,34.24,33.13,33.97,197
2012.02.10,00:00,33.51,33.82,33.39,33.47,83
2012.02.13,00:00,34.20,34.87,33.02,33.61,312
2012.02.14,00:00,39.49,43.00,39.25,42.85,415
2012.02.15,00:00,43.47,44.97,41.88,42.85,557
2012.02.16,00:00,42.75,43.81,41.51,42.25,411
2012.02.17,00:00,42.35,42.70,41.75,41.82,138
2012.02.21,00:00,42.07,42.11,40.17,41.10,292
2012.02.22,00:00,40.66,42.05,39.62,41.05,448
2012.02.23,00:00,40.76,42.80,40.67,40.76,427
2012.02.24,00:00,41.07,42.20,40.61,41.51,275
2012.02.27,00:00,41.82,44.02,41.57,43.66,307
2012.02.28,00:00,43.90,43.90,42.26,42.69,208
2012.02.29,00:00,42.72,44.15,42.24,43.25,330
2012.03.01,00:00,43.69,46.50,43.60,45.73,377
2012.03.02,00:00,46.40,48.83,45.34,47.95,544
2012.03.05,00:00,48.31,49.75,46.34,48.63,651
2012.03.06,00:00,47.10,47.80,46.36,46.81,260
2012.03.07,00:00,47.26,47.50,45.44,46.10,297
2012.03.08,00:00,46.87,47.64,46.29,47.08,250
2012.03.09,00:00,47.70,50.69,47.49,49.59,452
2012.03.12,00:00,46.94,48.60,46.30,48.57,298
2012.03.13,00:00,48.52,49.93,48.13,48.75,338
2012.03.14,00:00,48.90,48.90,47.17,47.57,214
2012.03.15,00:00,48.03,48.17,46.70,47.65,257
2012.03.16,00:00,47.72,47.97,45.72,46.28,307
2012.03.19,00:00,46.51,47.41,44.59,45.32,446
2012.03.20,00:00,47.02,48.33,44.31,48.09,698
2012.03.21,00:00,48.87,49.25,47.97,48.63,233
2012.03.22,00:00,48.20,50.48,47.97,48.72,451
2012.03.23,00:00,46.78,47.83,46.62,47.00,221
2012.03.26,00:00,47.63,47.75,46.94,47.08,108
2012.03.27,00:00,47.27,47.35,46.35,46.53,127
2012.03.28,00:00,46.07,46.42,44.95,45.02,190
2012.03.29,00:00,44.50,45.98,44.46,45.69,186
2012.03.30,00:00,46.24,46.75,45.00,46.59,316
2012.04.02,00:00,46.80,47.00,45.92,46.15,152
2012.04.03,00:00,46.22,47.49,46.22,47.01,176
2012.04.04,00:00,46.45,47.94,46.30,47.45,229
2012.04.05,00:00,47.27,48.00,46.96,47.53,183
2012.04.09,00:00,46.59,47.27,46.40,46.80,154
2012.04.10,00:00,46.51,46.71,42.30,43.17,549
2012.04.11,00:00,43.74,44.20,41.39,42.90,479
2012.04.12,00:00,42.90,44.07,42.79,43.98,149
2012.04.13,00:00,44.00,44.74,43.03,43.62,305
2012.04.16,00:00,44.32,44.60,41.08,42.10,483
2012.04.17,00:00,42.30,43.20,41.91,42.88,201
2012.04.18,00:00,42.60,43.29,42.25,42.98,171
2012.04.19,00:00,43.38,44.65,41.61,41.90,461
2012.04.20,00:00,41.90,42.25,41.20,41.28,149
2012.04.23,00:00,40.82,43.66,39.73,43.39,530
2012.04.24,00:00,43.55,44.39,40.95,41.32,466
2012.04.25,00:00,42.38,42.69,41.01,42.56,319
2012.04.26,00:00,42.62,44.78,42.60,44.36,263
2012.04.27,00:00,44.36,46.50,43.20,45.90,507
2012.04.30,00:00,45.92,46.39,44.82,45.67,290
2012.05.01,00:00,45.69,48.60,45.40,48.11,399
2012.05.02,00:00,48.19,49.50,47.51,48.62,356
2012.05.03,00:00,48.91,48.91,45.64,45.96,360
2012.05.04,00:00,45.97,46.31,43.42,43.80,362
2012.05.07,00:00,43.57,45.46,43.25,44.10,390
2012.05.08,00:00,41.96,42.90,39.50,41.75,660
2012.05.09,00:00,40.75,42.59,40.60,41.50,324
2012.05.10,00:00,41.97,42.14,38.85,40.18,480
2012.05.11,00:00,39.81,41.39,39.64,40.62,270
2012.05.14,00:00,40.00,40.62,39.53,40.20,199
2012.05.15,00:00,40.36,41.59,40.12,40.75,256
2012.05.16,00:00,40.71,40.83,39.10,40.14,290
2012.05.17,00:00,40.27,40.79,37.60,37.79,391
2012.05.18,00:00,37.85,38.39,37.07,37.55,235
2012.05.21,00:00,37.55,40.96,37.00,40.71,477
2012.05.22,00:00,40.90,42.51,40.80,41.78,255
2012.05.23,00:00,41.56,42.30,40.40,41.96,341
2012.05.24,00:00,41.78,41.93,40.20,40.94,263
2012.05.25,00:00,41.08,41.31,39.90,41.20,271
2012.05.29,00:00,41.54,42.29,41.18,41.95,182
2012.05.30,00:00,41.13,41.73,39.50,40.00,334
2012.05.31,00:00,40.53,40.60,39.02,39.38,202
2012.06.01,00:00,38.10,38.37,36.89,37.76,263
2012.06.04,00:00,37.75,38.20,35.95,37.37,413
2012.06.05,00:00,37.35,38.94,37.08,38.73,235
2012.06.06,00:00,39.40,40.19,38.42,38.59,274
2012.06.07,00:00,38.56,38.96,35.73,36.04,395
2012.06.08,00:00,36.52,38.38,35.50,38.37,392
2012.06.11,00:00,39.00,39.86,37.75,38.18,341
2012.06.12,00:00,42.38,42.73,38.03,41.10,813
2012.06.13,00:00,40.84,42.10,38.48,38.84,525
2012.06.14,00:00,38.72,39.54,37.05,37.69,396
2012.06.15,00:00,37.88,39.45,36.81,39.25,392
2012.06.18,00:00,38.62,39.61,37.55,39.41,334
2012.06.19,00:00,39.88,42.00,39.75,41.11,328
2012.06.20,00:00,40.80,42.47,40.68,41.97,242
2012.06.21,00:00,41.96,43.70,41.00,41.35,480
2012.06.22,00:00,41.59,43.04,41.41,42.86,200
2012.06.25,00:00,42.20,43.25,41.72,42.54,273
2012.06.26,00:00,42.61,44.20,42.56,43.94,196
2012.06.27,00:00,44.00,44.50,42.59,43.21,304
2012.06.28,00:00,42.47,42.81,39.74,40.69,437
2012.06.29,00:00,41.72,42.38,39.92,41.84,481
2012.07.02,00:00,42.03,43.17,41.72,42.89,205
2012.07.03,00:00,42.95,43.00,42.30,42.67,113
2012.07.05,00:00,42.51,44.73,42.27,44.44,300
2012.07.06,00:00,43.49,43.82,42.69,43.54,222
2012.07.09,00:00,42.85,43.63,42.16,42.62,272
2012.07.10,00:00,43.00,43.49,42.18,42.62,225
2012.07.11,00:00,42.06,42.58,39.80,40.69,420
2012.07.12,00:00,40.00,40.03,38.62,39.05,188
2012.07.13,00:00,39.45,40.09,39.04,39.40,206
2012.07.16,00:00,39.06,39.26,38.50,38.91,138
2012.07.17,00:00,39.20,39.50,38.18,38.92,237
2012.07.18,00:00,38.77,41.22,38.67,40.63,325
2012.07.19,00:00,41.12,42.32,41.02,41.67,206
2012.07.20,00:00,41.23,41.23,39.80,39.98,162
2012.07.23,00:00,38.30,39.95,37.77,39.66,301
2012.07.24,00:00,39.66,40.65,38.90,39.90,327
2012.07.25,00:00,39.80,40.84,39.24,39.53,294
2012.07.26,00:00,40.40,42.00,40.40,41.44,217
2012.07.27,00:00,41.75,42.12,41.05,41.33,173
2012.07.30,00:00,41.55,42.05,40.54,41.48,296
2012.07.31,00:00,39.67,41.60,39.67,41.29,225
2012.08.01,00:00,41.55,41.55,40.17,40.41,163
2012.08.02,00:00,40.09,40.78,38.94,39.59,319
2012.08.03,00:00,40.37,41.35,39.85,41.19,219
2012.08.06,00:00,41.56,43.60,41.22,42.85,348
2012.08.07,00:00,44.19,45.20,43.23,43.26,302
2012.08.08,00:00,42.94,43.81,42.50,42.84,253
2012.08.09,00:00,42.87,43.29,42.21,43.00,204
2012.08.10,00:00,43.02,43.50,42.05,42.32,221
2012.08.13,00:00,43.06,43.06,40.89,42.35,364
2012.08.14,00:00,48.10,49.65,47.74,49.33,260
2012.08.15,00:00,49.93,50.68,49.12,49.39,259
2012.08.16,00:00,49.52,49.85,47.53,49.53,464
2012.08.17,00:00,48.54,52.75,48.50,52.09,496
2012.08.20,00:00,52.38,52.88,51.02,51.96,331
2012.08.21,00:00,52.23,52.42,51.06,51.50,200
2012.08.22,00:00,51.48,52.02,50.84,51.83,202
2012.08.23,00:00,51.83,52.35,51.30,51.67,195
2012.08.24,00:00,51.68,54.17,51.50,53.92,311
2012.08.27,00:00,54.49,54.92,53.07,53.69,291
2012.08.28,00:00,53.56,54.72,53.56,53.84,205
2012.08.29,00:00,54.03,54.18,53.36,53.49,111
2012.08.30,00:00,53.43,54.87,52.22,52.55,443
2012.08.31,00:00,53.33,54.10,52.61,53.95,237
2012.09.04,00:00,54.00,54.32,53.16,53.49,182
2012.09.05,00:00,53.55,53.92,52.70,52.98,188
2012.09.06,00:00,53.24,55.77,52.94,55.50,341
2012.09.07,00:00,55.55,56.70,55.06,56.03,281
2012.09.10,00:00,53.75,54.69,53.30,53.50,254
2012.09.11,00:00,53.03,53.49,52.06,53.32,258
2012.09.12,00:00,53.84,53.90,52.71,52.99,154
2012.09.13,00:00,53.52,55.23,52.60,54.14,465
2012.09.14,00:00,54.71,54.90,53.04,53.59,261
2012.09.17,00:00,53.38,54.62,53.20,53.95,228
2012.09.18,00:00,53.67,53.86,52.17,52.60,232
2012.09.19,00:00,53.01,53.38,52.43,52.52,142
2012.09.20,00:00,52.03,53.18,51.02,52.49,387
2012.09.21,00:00,54.75,57.35,54.40,57.35,331
2012.09.24,00:00,56.60,56.95,54.40,54.50,301
2012.09.25,00:00,54.20,54.74,52.00,52.30,359
2012.09.26,00:00,51.93,53.25,51.83,52.80,198
2012.09.27,00:00,53.03,53.43,51.50,53.26,364
2012.09.28,00:00,52.79,53.50,51.60,53.18,342
2012.10.01,00:00,53.80,53.90,52.20,52.90,251
2012.10.02,00:00,53.11,53.25,52.43,53.01,155
2012.10.03,00:00,53.71,54.38,52.71,52.97,261
2012.10.04,00:00,53.43,53.80,53.01,53.43,159
2012.10.05,00:00,54.00,54.85,52.83,53.46,351
2012.10.08,00:00,53.33,54.60,53.05,53.33,311
2012.10.09,00:00,53.34,54.00,51.67,52.05,338
2012.10.10,00:00,52.38,52.76,51.68,52.23,202
2012.10.11,00:00,53.03,53.83,52.61,53.09,239
2012.10.12,00:00,52.65,53.50,52.62,52.98,144
2012.10.15,00:00,53.00,53.91,52.91,53.89,112
2012.10.16,00:00,53.98,56.89,53.91,56.80,315
2012.10.17,00:00,57.07,57.07,55.67,56.07,181
2012.10.18,00:00,56.56,57.92,55.35,56.47,506
2012.10.19,00:00,56.59,56.71,54.49,55.05,291
2012.10.22,00:00,55.06,55.34,54.04,54.80,235
2012.10.23,00:00,54.47,55.07,53.14,55.00,334
2012.10.24,00:00,55.80,56.19,54.99,55.25,186
2012.10.25,00:00,55.51,55.96,53.81,54.06,286
2012.10.26,00:00,53.96,54.65,53.42,54.49,194
2012.10.31,00:00,55.36,55.43,53.80,54.69,260
2012.11.01,00:00,55.33,57.11,54.84,56.97,291
2012.11.02,00:00,57.99,58.62,55.92,56.20,362
2012.11.05,00:00,56.20,56.67,55.80,56.49,146
2012.11.06,00:00,56.07,56.09,55.17,55.82,160
2012.11.07,00:00,55.06,55.55,53.55,54.61,356
2012.11.08,00:00,54.59,54.62,50.25,50.70,486
2012.11.09,00:00,50.25,51.90,50.20,50.43,323
2012.11.12,00:00,50.98,51.47,50.50,50.58,155
2012.11.13,00:00,51.69,53.25,50.13,51.01,557
2012.11.14,00:00,51.42,51.42,47.72,48.11,410
2012.11.15,00:00,47.97,48.89,46.66,48.49,395
2012.11.16,00:00,48.52,50.38,48.00,50.32,297
2012.11.19,00:00,51.75,51.83,50.47,50.61,159
2012.11.20,00:00,51.01,51.68,50.31,51.39,237
2012.11.21,00:00,51.75,51.85,50.66,51.24,188
2012.11.23,00:00,51.64,51.75,51.18,51.47,98
2012.11.26,00:00,51.64,51.64,50.41,51.48,231
2012.11.27,00:00,51.25,52.46,50.67,51.40,344
2012.11.28,00:00,50.75,53.46,50.75,53.45,273
2012.11.29,00:00,53.07,53.80,52.32,53.04,294
2012.11.30,00:00,53.00,53.40,52.27,53.15,212
2012.12.03,00:00,53.48,53.77,52.90,53.50,173
2012.12.04,00:00,53.19,53.61,52.25,52.46,200
2012.12.05,00:00,52.40,52.61,50.28,50.40,267
2012.12.06,00:00,50.66,52.40,50.10,51.44,383
2012.12.07,00:00,52.08,52.27,50.98,51.60,211
2012.12.10,00:00,51.27,51.95,49.00,49.75,439
2012.12.11,00:00,51.09,51.81,50.55,50.92,236
2012.12.12,00:00,51.29,51.45,49.53,49.79,235
2012.12.13,00:00,49.67,50.70,49.11,49.31,283
2012.12.14,00:00,49.06,50.24,48.70,49.88,227
2012.12.17,00:00,50.11,51.21,49.23,51.18,290
2012.12.18,00:00,50.73,53.62,50.73,53.41,311
2012.12.19,00:00,53.71,55.00,53.32,53.44,310
2012.12.20,00:00,53.57,55.15,52.70,55.11,337
2012.12.21,00:00,53.08,53.73,51.75,53.49,356
2012.12.24,00:00,53.66,54.09,52.50,53.57,310
2012.12.26,00:00,53.41,53.54,49.41,50.03,489
2012.12.27,00:00,50.16,50.75,47.26,49.41,624
2012.12.28,00:00,48.63,49.75,48.14,49.18,268
2012.12.31,00:00,49.17,51.22,49.00,51.03,259
2013.01.02,00:00,52.42,53.24,49.98,51.51,562
2013.01.03,00:00,51.51,52.45,51.27,52.05,183
2013.01.04,00:00,52.05,53.54,52.01,52.23,289
2013.01.07,00:00,51.98,52.85,51.05,52.53,306
2013.01.08,00:00,52.78,53.23,52.22,53.00,181
2013.01.09,00:00,53.28,53.55,52.59,53.31,190
2013.01.10,00:00,52.61,52.78,51.19,52.01,259
2013.01.11,00:00,51.80,53.04,51.80,52.94,135
2013.01.14,00:00,53.10,54.48,52.30,54.46,301
2013.01.15,00:00,53.84,55.20,53.76,54.32,241
2013.01.16,00:00,52.89,54.85,52.22,54.11,405
2013.01.17,00:00,54.10,54.18,53.05,53.06,123
2013.01.18,00:00,53.19,54.70,52.35,54.48,342
2013.01.22,00:00,54.28,55.55,53.82,54.95,280
2013.01.23,00:00,54.42,56.28,54.34,55.63,268
2013.01.24,00:00,55.65,57.40,55.48,56.73,277
2013.01.25,00:00,57.50,58.15,56.65,58.08,243
2013.01.28,00:00,59.06,60.00,56.44,57.75,582
2013.01.29,00:00,57.25,57.73,56.90,57.47,145
2013.01.30,00:00,57.40,57.52,56.02,56.32,193
2013.01.31,00:00,56.55,56.94,55.73,56.13,201
2013.02.01,00:00,56.83,56.98,55.50,55.72,186
2013.02.04,00:00,55.72,56.22,54.58,54.91,248
2013.02.05,00:00,55.00,55.90,52.77,55.38,589
2013.02.06,00:00,55.65,56.50,54.66,55.87,347
2013.02.07,00:00,56.02,56.70,54.44,56.66,389
2013.02.08,00:00,57.12,57.71,56.35,57.10,271
2013.02.11,00:00,57.71,57.76,56.39,57.00,204
2013.02.12,00:00,64.39,64.80,61.22,62.00,478
2013.02.13,00:00,61.78,63.13,61.00,61.35,384
2013.02.14,00:00,61.28,62.84,61.06,61.67,318
2013.02.15,00:00,61.69,64.04,61.63,63.27,325
2013.02.19,00:00,64.31,65.10,63.19,64.84,330
2013.02.20,00:00,62.99,63.69,61.20,61.50,350
2013.02.21,00:00,60.81,60.98,58.81,59.00,254
2013.02.22,00:00,59.57,59.95,58.82,59.11,181
2013.02.25,00:00,59.10,59.65,57.85,57.86,237
2013.02.26,00:00,58.28,59.47,57.00,59.24,399
2013.02.27,00:00,59.37,59.98,59.00,59.46,188
2013.02.28,00:00,59.83,60.37,59.23,59.28,174
2013.03.01,00:00,59.00,59.60,58.58,59.23,182
2013.03.04,00:00,59.36,59.61,58.60,59.27,194
2013.03.05,00:00,59.95,60.92,59.69,60.52,190
2013.03.06,00:00,60.86,61.25,59.36,61.19,346
2013.03.07,00:00,61.06,61.33,58.19,58.21,344
2013.03.08,00:00,58.85,58.95,57.04,58.19,317
2013.03.11,00:00,57.79,57.86,54.58,55.00,378
2013.03.12,00:00,55.11,56.37,54.84,56.28,190
2013.03.13,00:00,57.60,58.88,56.90,58.51,306
2013.03.14,00:00,58.71,59.41,57.62,58.05,293
2013.03.15,00:00,57.76,58.55,57.13,57.38,247
2013.03.18,00:00,56.73,58.58,56.63,58.10,254
2013.03.19,00:00,58.24,58.54,55.26,56.15,448
2013.03.20,00:00,56.52,56.93,55.90,56.38,193
2013.03.21,00:00,55.75,56.18,54.97,55.05,173
2013.03.22,00:00,55.57,56.10,55.40,55.61,137
2013.03.25,00:00,55.88,56.75,55.00,55.42,305
2013.03.26,00:00,55.59,55.80,54.20,55.22,284
2013.03.27,00:00,54.94,56.65,54.75,56.41,234
2013.03.28,00:00,56.58,57.26,55.97,56.79,238
2013.04.01,00:00,56.79,57.49,55.20,55.50,330
2013.04.02,00:00,55.89,56.35,53.96,54.16,306
2013.04.03,00:00,54.18,55.55,53.31,54.96,371
2013.04.04,00:00,54.89,55.49,54.40,54.66,196
2013.04.05,00:00,53.71,55.07,52.60,54.98,368
2013.04.08,00:00,55.13,56.36,54.95,56.30,166
2013.04.09,00:00,56.06,56.55,55.55,55.69,164
2013.04.10,00:00,55.98,55.98,54.01,55.10,307
2013.04.11,00:00,55.15,57.72,54.75,57.31,379
2013.04.12,00:00,56.47,56.89,55.23,56.00,286
2013.04.15,00:00,55.73,56.39,53.98,54.00,310
2013.04.16,00:00,54.49,54.83,52.34,52.97,347
2013.04.17,00:00,52.64,54.25,51.70,53.92,383
2013.04.18,00:00,54.00,54.49,52.31,53.61,398
2013.04.19,00:00,53.61,54.45,53.00,53.08,238
2013.04.22,00:00,53.05,53.12,51.63,52.36,230
2013.04.23,00:00,53.70,55.00,53.60,54.09,242
2013.04.24,00:00,54.34,54.73,53.45,53.52,175
2013.04.25,00:00,54.33,56.98,53.90,56.64,386
2013.04.26,00:00,56.47,57.02,55.52,56.12,266
2013.04.29,00:00,56.21,57.30,55.77,56.05,291
2013.04.30,00:00,56.12,57.00,55.55,56.94,209
2013.05.01,00:00,56.57,57.50,56.34,56.50,226
2013.05.02,00:00,56.52,57.40,56.10,57.05,208
2013.05.03,00:00,57.54,59.30,57.50,58.04,311
2013.05.06,00:00,58.43,58.44,56.99,57.09,157
2013.05.07,00:00,58.05,58.74,57.79,58.41,155
2013.05.08,00:00,58.48,58.87,57.16,57.98,293
2013.05.09,00:00,58.24,60.28,58.22,59.41,296
2013.05.10,00:00,59.32,60.53,59.22,60.36,159
2013.05.13,00:00,61.55,62.25,60.80,60.98,234
2013.05.14,00:00,61.18,61.73,60.50,61.34,231
2013.05.15,00:00,61.72,62.19,60.20,60.50,277
2013.05.16,00:00,60.61,60.80,59.15,59.27,197
2013.05.17,00:00,60.25,60.87,59.80,60.61,179
2013.05.20,00:00,61.14,61.45,60.45,60.58,145
2013.05.21,00:00,60.90,61.55,60.16,61.23,246
2013.05.22,00:00,61.24,63.03,60.08,60.46,513
2013.05.23,00:00,59.02,60.75,57.88,59.81,496
2013.05.24,00:00,59.52,60.40,59.01,60.09,222
2013.05.28,00:00,62.14,62.50,61.01,61.98,283
2013.05.29,00:00,63.04,64.65,61.12,63.95,616
2013.05.30,00:00,64.54,66.18,64.43,65.68,237
2013.05.31,00:00,65.06,65.48,62.79,62.82,315
2013.06.03,00:00,63.01,63.01,60.69,62.24,388
2013.06.04,00:00,62.46,62.65,60.86,61.57,270
2013.06.05,00:00,61.00,62.32,60.86,61.24,269
2013.06.06,00:00,61.06,62.10,60.86,61.93,162
2013.06.07,00:00,62.56,62.99,61.97,62.69,192
2013.06.10,00:00,63.08,63.10,61.98,62.17,134
2013.06.11,00:00,61.85,62.26,60.73,61.27,249
2013.06.12,00:00,61.48,61.73,59.77,60.53,298
2013.06.13,00:00,60.33,60.65,57.96,59.50,456
2013.06.14,00:00,59.53,60.94,59.39,60.80,184
2013.06.17,00:00,61.44,61.93,60.70,61.56,235
2013.06.18,00:00,61.23,61.94,61.23,61.63,103
2013.06.19,00:00,61.88,62.45,61.23,61.70,227
2013.06.20,00:00,60.89,61.08,58.98,59.60,292
2013.06.21,00:00,60.00,60.09,58.01,59.18,335
2013.06.24,00:00,58.15,58.20,56.15,57.10,306
2013.06.25,00:00,58.44,59.71,57.99,59.04,285
2013.06.26,00:00,59.75,60.00,58.35,59.70,326
2013.06.27,00:00,59.87,61.57,59.77,61.28,220
2013.06.28,00:00,60.99,63.05,60.94,62.02,320
2013.07.01,00:00,62.14,64.11,62.07,62.18,405
2013.07.02,00:00,62.09,63.25,61.50,62.36,324
2013.07.03,00:00,61.96,62.57,61.60,62.46,145
2013.07.05,00:00,62.79,63.06,62.00,62.97,195
2013.07.08,00:00,63.45,64.17,63.16,63.76,172
2013.07.09,00:00,64.05,65.11,63.40,64.28,320
2013.07.10,00:00,64.61,64.61,63.35,64.17,209
2013.07.11,00:00,64.85,64.94,63.77,64.19,169
2013.07.12,00:00,64.38,64.90,63.25,63.82,275
2013.07.15,00:00,62.50,62.81,61.81,62.65,186
2013.07.16,00:00,62.67,62.98,61.75,62.61,241
2013.07.17,00:00,62.97,63.01,62.06,62.94,188
2013.07.18,00:00,63.00,63.00,60.08,61.69,454
2013.07.19,00:00,61.82,62.42,61.46,62.12,163
2013.07.22,00:00,62.01,63.00,61.40,62.72,250
2013.07.23,00:00,62.85,64.00,62.51,63.40,244
2013.07.24,00:00,63.38,64.28,62.78,63.89,250
2013.07.25,00:00,63.97,64.74,63.26,64.57,237
2013.07.26,00:00,64.08,65.50,63.77,64.83,272
2013.07.29,00:00,64.81,65.67,63.97,64.00,260
2013.07.30,00:00,65.00,65.69,64.30,65.56,223
2013.07.31,00:00,66.23,67.78,66.09,67.34,228
2013.08.01,00:00,68.12,69.00,67.77,68.65,194
2013.08.02,00:00,69.02,69.23,68.05,68.80,215
2013.08.05,00:00,69.02,69.17,67.65,67.88,191
2013.08.06,00:00,70.77,71.50,67.85,70.39,693
2013.08.07,00:00,70.27,70.53,68.91,69.53,251
2013.08.08,00:00,70.11,71.73,69.66,71.28,298
2013.08.09,00:00,71.07,72.53,70.74,72.05,261
2013.08.12,00:00,71.73,72.54,71.51,72.00,180
2013.08.13,00:00,72.76,72.98,71.88,72.40,185
2013.08.14,00:00,72.50,72.75,71.67,72.00,167
2013.08.15,00:00,71.75,71.80,70.20,71.23,269
2013.08.16,00:00,70.58,70.73,69.60,70.20,189
2013.08.19,00:00,70.15,70.44,68.83,69.76,284
2013.08.20,00:00,70.03,72.01,70.00,71.26,280
2013.08.21,00:00,71.26,72.38,71.26,71.65,186
2013.08.22,00:00,71.95,72.45,71.47,72.19,173
2013.08.23,00:00,72.48,72.82,71.80,72.57,196
2013.08.26,00:00,72.95,73.59,72.53,72.57,175
2013.08.27,00:00,72.00,72.77,71.05,71.23,268
2013.08.28,00:00,71.10,72.19,70.66,71.75,242
2013.08.29,00:00,71.53,73.52,71.53,73.15,237
2013.08.30,00:00,73.60,74.28,73.05,74.09,198
2013.09.03,00:00,74.70,75.01,74.10,74.43,156
2013.09.04,00:00,74.67,75.92,74.43,75.40,226
2013.09.05,00:00,75.91,76.22,75.50,75.84,138
2013.09.06,00:00,76.00,76.20,74.14,75.70,383
2013.09.09,00:00,75.76,76.74,74.87,75.62,361
2013.09.10,00:00,76.20,76.34,73.16,73.21,338
2013.09.11,00:00,73.55,75.00,73.24,74.58,250
2013.09.12,00:00,74.73,74.78,73.22,73.32,172
2013.09.13,00:00,73.77,74.95,73.41,74.03,283
2013.09.16,00:00,74.71,75.24,74.20,74.30,168
2013.09.17,00:00,74.12,75.06,74.07,75.02,109
2013.09.18,00:00,75.21,75.79,73.39,75.72,430
2013.09.19,00:00,75.73,78.62,75.25,77.49,499
2013.09.20,00:00,77.29,77.29,75.73,75.98,182
2013.09.23,00:00,75.14,75.48,73.37,75.01,410
2013.09.24,00:00,75.00,75.15,73.89,74.16,169
2013.09.25,00:00,74.18,74.24,72.68,73.18,213
2013.09.26,00:00,73.92,74.16,73.07,73.99,212
2013.09.27,00:00,74.00,75.55,73.71,74.45,324
2013.09.30,00:00,73.86,74.79,73.36,74.52,221
2013.10.01,00:00,74.74,76.10,74.72,75.85,166
2013.10.02,00:00,75.72,76.41,74.91,75.89,284
2013.10.03,00:00,75.89,76.97,74.57,74.83,375
2013.10.04,00:00,75.03,77.05,74.81,76.35,317
2013.10.07,00:00,75.59,75.59,74.28,74.33,137
2013.10.08,00:00,74.34,74.86,70.67,70.92,497
2013.10.09,00:00,72.47,72.96,70.59,72.49,473
2013.10.10,00:00,73.30,74.63,73.23,74.23,188
2013.10.11,00:00,74.42,74.60,72.44,72.88,279
2013.10.14,00:00,72.95,74.36,72.32,74.03,301
2013.10.15,00:00,75.39,75.43,72.93,73.05,267
2013.10.16,00:00,73.75,75.13,73.28,74.32,314
2013.10.17,00:00,74.14,74.83,71.71,73.75,586
2013.10.18,00:00,74.47,75.49,74.24,75.24,174
2013.10.21,00:00,75.99,77.21,75.58,77.18,208
2013.10.22,00:00,76.19,78.83,75.93,78.70,330
2013.10.23,00:00,78.20,78.49,77.03,77.60,233
2013.10.24,00:00,77.69,78.00,76.57,76.94,212
2013.10.25,00:00,77.72,77.77,75.92,76.24,223
2013.10.28,00:00,76.36,77.03,75.10,76.40,383
2013.10.29,00:00,78.73,78.82,75.64,77.38,502
2013.10.30,00:00,77.95,78.75,77.60,77.98,228
2013.10.31,00:00,77.01,77.27,75.84,76.95,281
2013.11.01,00:00,77.15,77.64,75.30,75.43,297
2013.11.04,00:00,75.81,76.05,73.26,74.78,456
2013.11.05,00:00,76.74,80.00,76.70,79.13,422
2013.11.06,00:00,80.12,80.43,78.20,79.49,384
2013.11.07,00:00,79.52,80.16,77.59,77.91,354
2013.11.08,00:00,77.80,79.91,77.78,79.40,267
2013.11.11,00:00,80.45,81.60,79.79,81.10,298
2013.11.12,00:00,81.15,82.73,81.15,82.14,218
2013.11.13,00:00,81.88,82.34,81.44,82.19,150
2013.11.14,00:00,82.40,82.59,81.17,81.86,231
2013.11.15,00:00,81.85,82.75,81.22,82.73,219
2013.11.18,00:00,83.00,83.13,80.59,80.95,304
2013.11.19,00:00,81.00,81.50,79.78,79.93,238
2013.11.20,00:00,80.08,80.61,78.63,79.09,298
2013.11.21,00:00,79.37,80.66,78.98,80.44,230
2013.11.22,00:00,80.74,81.26,80.32,80.64,179
2013.11.25,00:00,81.00,81.20,79.83,80.15,190
2013.11.26,00:00,80.38,80.89,79.92,80.60,173
2013.11.27,00:00,80.90,82.09,80.67,81.84,191
2013.11.29,00:00,82.50,82.50,81.22,81.55,162
2013.12.02,00:00,81.65,82.19,80.55,81.76,318
2013.12.03,00:00,81.43,81.87,80.10,80.39,251
2013.12.04,00:00,80.39,80.89,79.10,80.76,322
2013.12.05,00:00,80.53,81.12,80.01,80.76,200
2013.12.06,00:00,81.00,81.34,78.59,79.68,419
2013.12.09,00:00,79.96,80.98,79.68,80.61,196
2013.12.10,00:00,80.61,82.04,80.28,81.81,233
2013.12.11,00:00,81.79,82.07,80.33,80.58,228
2013.12.12,00:00,80.67,82.77,80.45,82.65,267
2013.12.13,00:00,83.02,83.91,81.29,82.27,450
2013.12.16,00:00,82.46,83.04,81.50,82.20,283
2013.12.17,00:00,82.60,83.59,82.04,82.91,280
2013.12.18,00:00,83.19,84.40,82.00,84.19,381
2013.12.19,00:00,84.15,84.58,83.44,83.92,206
2013.12.20,00:00,84.26,84.40,82.99,83.88,245
2013.12.23,00:00,84.00,84.00,79.59,80.80,563
2013.12.24,00:00,80.89,81.95,80.86,81.40,168
2013.12.26,00:00,81.65,81.65,80.49,81.02,170
2013.12.27,00:00,81.27,81.44,80.25,80.58,170
2013.12.30,00:00,80.74,80.83,79.65,80.59,222
2013.12.31,00:00,80.60,81.53,80.20,81.19,208
2014.01.02,00:00,80.94,82.75,80.94,82.41,216
2014.01.03,00:00,82.42,83.50,82.41,82.51,210
2014.01.06,00:00,82.85,83.00,81.90,82.04,140
2014.01.07,00:00,80.26,80.50,78.66,78.94,237
2014.01.08,00:00,78.67,78.73,76.25,77.91,421
2014.01.09,00:00,78.06,79.10,77.56,78.59,256
2014.01.10,00:00,79.02,79.88,78.30,79.80,239
2014.01.13,00:00,79.20,79.37,76.36,76.67,350
2014.01.14,00:00,76.70,77.78,76.53,77.05,216
2014.01.15,00:00,77.39,78.05,77.06,77.41,197
2014.01.16,00:00,76.91,77.04,74.11,75.70,466
2014.01.17,00:00,77.67,78.00,76.78,77.03,181
2014.01.21,00:00,77.47,77.75,76.72,77.20,180
2014.01.22,00:00,77.47,79.83,77.20,79.75,299
2014.01.23,00:00,79.39,80.34,78.78,80.29,223
2014.01.24,00:00,79.70,81.10,79.01,80.07,382
2014.01.27,00:00,80.41,81.65,79.75,81.09,313
2014.01.28,00:00,81.63,83.06,81.42,81.85,307
2014.01.29,00:00,81.27,81.70,78.52,78.74,384
2014.01.30,00:00,80.50,81.00,79.50,80.39,290
2014.01.31,00:00,79.52,80.72,79.12,79.93,280
2014.02.03,00:00,80.40,80.55,76.15,76.67,508
2014.02.04,00:00,93.00,93.18,89.22,89.91,484
2014.02.05,00:00,88.38,91.73,88.38,91.34,375
2014.02.06,00:00,91.10,92.94,90.83,91.50,383
2014.02.07,00:00,91.69,94.43,91.31,94.22,372
2014.02.10,00:00,94.38,95.76,94.11,95.56,213
2014.02.11,00:00,95.94,96.60,94.88,96.22,317
2014.02.12,00:00,96.50,97.78,95.56,96.01,396
2014.02.13,00:00,96.00,98.81,95.83,98.41,356
2014.02.14,00:00,98.24,98.62,97.64,98.46,175
2014.02.18,00:00,99.50,99.74,98.02,98.84,279
2014.02.19,00:00,98.90,99.42,97.64,97.78,245
2014.02.20,00:00,97.79,98.53,97.21,98.00,244
2014.02.21,00:00,98.48,98.48,97.45,97.56,115
2014.02.24,00:00,97.62,99.35,97.62,98.58,251
2014.02.25,00:00,98.88,101.04,98.83,99.84,347
2014.02.26,00:00,100.30,100.60,99.05,99.32,213
2014.02.27,00:00,99.26,100.41,98.61,99.56,331
2014.02.28,00:00,99.82,100.13,97.03,98.03,442
2014.03.03,00:00,97.40,97.98,96.11,97.98,317
2014.03.04,00:00,99.00,99.16,97.67,98.88,287
2014.03.05,00:00,99.03,99.66,97.18,98.99,493
2014.03.06,00:00,99.30,99.46,98.19,98.62,187
2014.03.07,00:00,99.16,99.44,98.02,98.28,197
2014.03.10,00:00,98.41,99.06,97.00,98.27,399
2014.03.11,00:00,98.46,99.46,97.86,98.04,279
2014.03.12,00:00,97.60,98.10,96.61,98.03,256
2014.03.13,00:00,98.50,98.72,96.27,97.02,343
2014.03.14,00:00,97.19,98.85,96.64,98.12,350
2014.03.17,00:00,98.50,99.01,97.24,98.56,349
2014.03.18,00:00,96.53,97.41,95.95,96.77,269
2014.03.19,00:00,96.95,99.20,96.39,98.71,387
2014.03.20,00:00,98.17,98.44,96.64,97.67,311
2014.03.21,00:00,98.42,99.17,97.31,97.46,277
2014.03.24,00:00,97.97,97.97,92.99,94.11,611
2014.03.25,00:00,94.83,95.07,92.17,93.44,442
2014.03.26,00:00,93.69,94.28,91.90,92.04,312
2014.03.27,00:00,91.95,92.04,89.43,91.54,482
2014.03.28,00:00,91.68,93.39,91.55,92.75,262
2014.03.31,00:00,93.63,93.63,91.97,93.27,297
2014.04.01,00:00,93.87,95.32,93.77,95.25,173
2014.04.02,00:00,95.56,96.10,94.63,95.03,242
2014.04.03,00:00,95.30,95.59,92.07,92.64,439
2014.04.04,00:00,93.04,93.52,88.76,89.54,603
2014.04.07,00:00,89.32,89.32,85.71,86.59,450
2014.04.08,00:00,86.72,89.63,86.61,88.99,378
2014.04.09,00:00,89.53,90.58,88.48,90.51,323
2014.04.10,00:00,90.51,90.81,89.00,89.65,277
2014.04.11,00:00,88.78,89.57,86.45,86.87,434
2014.04.14,00:00,87.65,88.25,85.92,87.12,414
2014.04.15,00:00,87.57,89.54,87.01,89.37,327
2014.04.16,00:00,90.08,90.35,88.61,90.11,346
2014.04.17,00:00,90.05,91.15,89.09,89.93,401
2014.04.21,00:00,90.29,91.34,90.00,90.68,230
2014.04.22,00:00,91.54,93.97,91.35,93.20,359
2014.04.23,00:00,93.20,93.41,91.29,91.44,249
2014.04.24,00:00,91.76,91.97,89.62,91.14,409
2014.04.25,00:00,91.11,91.53,89.48,89.88,288
2014.04.28,00:00,90.58,90.86,85.75,88.17,782
2014.04.29,00:00,87.95,91.05,87.29,90.30,518
2014.04.30,00:00,91.90,92.39,90.63,91.20,283
2014.05.01,00:00,91.05,93.00,90.67,92.40,332
2014.05.02,00:00,92.82,94.85,92.43,93.21,446
2014.05.05,00:00,92.71,94.85,91.79,94.74,410
2014.05.06,00:00,94.50,94.53,92.78,93.15,216
2014.05.07,00:00,93.31,93.79,90.10,91.37,545
2014.05.08,00:00,91.33,93.73,90.76,91.81,547
2014.05.09,00:00,91.42,92.20,90.12,91.82,377
2014.05.12,00:00,92.31,94.80,92.26,94.45,295
2014.05.13,00:00,94.84,95.17,92.92,93.71,338
2014.05.14,00:00,94.15,95.03,92.86,93.38,358
2014.05.15,00:00,92.88,92.90,90.57,91.27,306
2014.05.16,00:00,91.22,92.89,90.53,92.85,310
2014.05.19,00:00,92.63,94.12,92.61,93.05,261
2014.05.20,00:00,93.88,93.88,91.14,91.86,347
2014.05.21,00:00,92.33,93.59,92.10,93.31,201
2014.05.22,00:00,93.11,94.55,93.03,93.66,250
2014.05.23,00:00,93.80,96.49,93.53,96.40,333
2014.05.27,00:00,98.02,98.96,95.60,95.74,445
2014.05.28,00:00,95.04,97.60,91.80,97.01,964
2014.05.29,00:00,97.04,97.14,91.03,92.28,747
2014.05.30,00:00,93.57,95.19,92.96,94.38,366
2014.06.02,00:00,94.54,94.75,93.09,94.45,324
2014.06.03,00:00,93.84,94.86,93.59,94.05,234
2014.06.04,00:00,94.44,94.69,92.55,93.84,369
2014.06.05,00:00,93.45,94.30,92.90,93.36,272
2014.06.06,00:00,93.76,94.45,92.90,94.33,254
2014.06.09,00:00,94.35,94.57,93.35,93.93,203
2014.06.10,00:00,94.10,94.77,93.42,94.38,243
2014.06.11,00:00,93.98,95.91,93.92,95.37,260
2014.06.12,00:00,94.88,95.79,94.40,94.66,257
2014.06.13,00:00,94.61,95.00,93.16,93.90,298
2014.06.16,00:00,93.85,93.90,90.18,90.29,389
2014.06.17,00:00,90.50,91.30,87.95,91.06,615
2014.06.18,00:00,91.47,91.63,89.14,90.82,434
2014.06.19,00:00,90.96,91.00,88.29,89.36,383
2014.06.20,00:00,89.90,90.01,88.50,88.60,173
2014.06.23,00:00,88.59,89.00,87.70,88.52,254
2014.06.24,00:00,88.52,89.69,88.21,88.36,281
2014.06.25,00:00,88.45,90.23,88.36,90.13,207
2014.06.26,00:00,90.00,90.60,89.06,90.12,297
2014.06.27,00:00,90.17,90.66,89.80,90.00,156
2014.06.30,00:00,90.00,90.25,88.42,88.65,232
2014.07.01,00:00,89.16,90.40,88.70,89.92,265
2014.07.02,00:00,89.46,90.38,89.45,89.72,161
2014.07.03,00:00,90.83,90.98,90.04,90.27,133
2014.07.07,00:00,90.10,91.79,89.50,91.16,353
2014.07.08,00:00,90.71,91.13,88.71,89.90,404
2014.07.09,00:00,89.93,91.53,89.93,91.38,176
2014.07.10,00:00,89.90,89.91,88.70,89.17,170
2014.07.11,00:00,89.14,89.32,87.90,88.80,251
2014.07.14,00:00,89.16,89.18,85.34,85.67,420
2014.07.15,00:00,82.69,82.96,78.99,79.44,470
2014.07.16,00:00,77.85,81.55,77.75,81.10,436
2014.07.17,00:00,81.54,83.92,81.11,81.86,531
2014.07.18,00:00,83.25,83.44,80.40,81.06,390
2014.07.21,00:00,81.50,83.10,81.27,82.23,294
2014.07.22,00:00,82.87,83.39,82.00,82.22,214
2014.07.23,00:00,82.54,82.77,81.52,81.71,168
2014.07.24,00:00,82.15,82.68,81.58,82.04,210
2014.07.25,00:00,81.58,82.90,80.92,81.13,352
2014.07.28,00:00,81.55,84.32,81.10,84.23,377
2014.07.29,00:00,84.20,84.27,82.86,83.67,230
2014.07.30,00:00,83.02,83.31,82.12,82.27,164
2014.07.31,00:00,83.27,83.27,81.25,81.48,226
2014.08.01,00:00,81.50,82.02,80.34,81.83,304
2014.08.04,00:00,79.18,79.74,75.13,77.01,706
2014.08.05,00:00,76.84,79.92,76.84,79.10,391
2014.08.06,00:00,78.95,80.33,78.39,79.71,313
2014.08.07,00:00,79.84,80.65,78.48,78.75,326
2014.08.08,00:00,78.72,80.27,78.33,79.26,335
2014.08.11,00:00,79.97,80.78,79.68,79.99,219
2014.08.12,00:00,80.05,80.11,76.76,77.44,410
2014.08.13,00:00,77.96,78.78,77.48,78.72,185
2014.08.14,00:00,78.94,79.26,77.90,78.38,217
2014.08.15,00:00,78.52,78.98,77.50,78.06,251
2014.08.18,00:00,78.52,79.64,78.41,79.36,163
2014.08.19,00:00,79.43,80.01,79.07,79.95,137
2014.08.20,00:00,79.90,83.38,79.62,82.86,457
2014.08.21,00:00,82.86,83.14,81.61,81.73,194
2014.08.22,00:00,81.80,82.69,81.20,82.64,215
2014.08.25,00:00,82.90,83.15,81.76,82.00,189
2014.08.26,00:00,82.09,83.22,81.87,82.94,186
2014.08.27,00:00,83.27,83.29,82.04,82.34,158
2014.08.28,00:00,81.90,81.91,80.78,81.00,137
2014.08.29,00:00,81.18,81.33,79.76,80.12,209
2014.09.02,00:00,80.15,81.54,79.96,80.54,278
2014.09.03,00:00,81.06,81.17,78.35,78.73,332
2014.09.04,00:00,79.47,80.51,79.24,79.97,205
2014.09.05,00:00,76.23,76.89,75.64,76.39,235
2014.09.08,00:00,76.58,76.65,75.26,76.58,279
2014.09.09,00:00,76.69,76.94,75.75,75.79,149
2014.09.10,00:00,75.90,76.00,75.23,75.62,127
2014.09.11,00:00,75.16,76.05,75.16,75.66,129
2014.09.12,00:00,76.10,76.85,75.52,76.82,195
2014.09.15,00:00,76.61,76.88,76.03,76.61,171
2014.09.16,00:00,76.66,77.09,76.03,76.38,185
2014.09.17,00:00,76.60,76.78,75.56,76.11,196
2014.09.18,00:00,76.38,77.77,76.15,77.22,241
2014.09.19,00:00,77.65,77.75,76.37,76.95,207
2014.09.22,00:00,76.80,76.80,74.49,75.09,292
2014.09.23,00:00,75.10,75.64,74.41,74.45,182
2014.09.24,00:00,74.65,74.75,73.73,74.60,200
2014.09.25,00:00,74.31,74.45,72.04,73.15,367
2014.09.26,00:00,73.58,73.78,71.25,71.49,298
2014.09.29,00:00,70.72,71.87,70.44,71.17,242
2014.09.30,00:00,71.96,72.05,71.00,71.39,154
2014.10.01,00:00,71.57,72.33,71.18,71.66,222
2014.10.02,00:00,71.42,74.89,71.25,74.08,463
2014.10.03,00:00,74.64,76.28,74.64,75.42,251
2014.10.06,00:00,75.86,76.15,74.86,75.65,238
2014.10.07,00:00,75.18,76.75,74.64,75.49,392
2014.10.08,00:00,75.49,77.16,75.15,77.08,244
2014.10.09,00:00,76.87,77.08,74.40,74.91,341
2014.10.10,00:00,74.74,75.41,73.62,73.66,251
2014.10.13,00:00,73.64,73.75,72.07,72.25,198
2014.10.14,00:00,72.19,73.12,71.71,72.15,279
2014.10.15,00:00,71.65,72.09,68.55,71.42,686
2014.10.16,00:00,70.43,72.67,70.00,72.07,371
2014.10.17,00:00,72.90,73.60,70.96,71.51,390
2014.10.20,00:00,71.31,73.49,71.08,73.13,301
2014.10.21,00:00,73.28,75.30,72.97,74.84,311
2014.10.22,00:00,75.12,76.25,74.80,75.06,285
2014.10.23,00:00,75.55,76.77,75.13,75.78,306
2014.10.24,00:00,75.70,75.92,74.85,75.74,211
2014.10.27,00:00,75.56,76.95,74.39,76.69,400
2014.10.28,00:00,76.69,78.41,76.56,78.17,223
2014.10.29,00:00,77.13,77.54,75.86,77.08,332
2014.10.30,00:00,76.71,78.75,76.46,77.90,340
2014.10.31,00:00,78.70,79.70,78.14,78.59,302
2014.11.03,00:00,78.70,79.06,77.33,77.99,276
2014.11.04,00:00,71.99,72.68,70.00,71.42,480
2014.11.05,00:00,71.82,74.00,71.79,72.40,385
2014.11.06,00:00,73.29,73.30,71.83,72.31,197
2014.11.07,00:00,72.48,72.56,69.89,69.95,282
2014.11.10,00:00,70.15,70.22,68.94,69.15,157
2014.11.11,00:00,69.01,69.50,68.25,68.89,239
2014.11.12,00:00,69.00,71.23,68.85,71.00,277
2014.11.13,00:00,71.07,71.76,70.46,70.74,228
2014.11.14,00:00,70.75,72.57,70.45,72.06,294
2014.11.17,00:00,72.00,72.82,71.71,72.32,191
2014.11.18,00:00,72.50,73.31,72.32,72.93,156
2014.11.19,00:00,72.91,73.30,72.08,72.47,201
2014.11.20,00:00,72.80,73.96,72.57,73.43,216
2014.11.21,00:00,74.55,75.19,73.44,74.00,296
2014.11.24,00:00,74.30,75.65,74.12,75.53,184
2014.11.25,00:00,76.54,77.25,76.13,76.81,198
2014.11.26,00:00,76.75,76.95,75.47,75.83,205
2014.11.28,00:00,76.32,77.19,75.50,76.71,300
2014.12.01,00:00,76.36,76.78,73.15,73.32,423
2014.12.02,00:00,74.06,74.95,73.62,74.18,255
2014.12.03,00:00,74.15,75.82,73.98,75.73,211
2014.12.04,00:00,75.76,77.07,75.50,76.53,238
2014.12.05,00:00,76.69,77.68,76.46,77.63,151
2014.12.08,00:00,77.28,77.97,75.93,76.14,295
2014.12.09,00:00,75.39,76.76,74.24,76.32,412
2014.12.10,00:00,75.97,76.27,75.29,75.52,152
2014.12.11,00:00,75.80,77.45,75.50,76.70,301
2014.12.12,00:00,75.78,78.29,75.63,76.97,414
2014.12.15,00:00,77.07,78.55,77.07,77.69,235
2014.12.16,00:00,77.04,77.81,75.83,75.99,292
2014.12.17,00:00,76.51,76.80,74.69,75.65,337
2014.12.18,00:00,76.43,76.69,73.39,74.29,447
2014.12.19,00:00,74.78,74.96,73.25,74.61,326
2014.12.22,00:00,74.70,75.20,73.56,74.36,295
2014.12.23,00:00,74.63,76.10,74.51,75.31,251
2014.12.24,00:00,75.61,76.50,75.07,75.30,256
2014.12.26,00:00,75.90,76.41,74.80,75.21,254
2014.12.29,00:00,75.08,75.82,74.66,74.93,218
2014.12.30,00:00,74.94,76.00,74.82,75.38,193
2014.12.31,00:00,75.64,76.05,74.95,75.10,167
2015.01.02,00:00,75.56,75.90,74.27,74.78,249
2015.01.05,00:00,74.32,74.32,72.36,73.00,261
2015.01.06,00:00,69.27,69.54,65.12,66.87,645
2015.01.07,00:00,67.51,70.05,67.01,68.71,489
2015.01.08,00:00,69.10,70.35,68.71,70.00,239
2015.01.09,00:00,70.10,70.23,68.54,69.26,255
2015.01.12,00:00,69.42,69.97,68.75,69.33,236
2015.01.13,00:00,69.78,70.53,67.71,68.42,429
2015.01.14,00:00,65.21,66.97,65.10,66.52,244
2015.01.15,00:00,67.36,68.00,66.00,66.01,266
2015.01.16,00:00,65.98,67.25,65.42,67.01,264
2015.01.20,00:00,66.81,67.65,66.52,67.01,207
2015.01.21,00:00,68.72,69.20,67.78,68.50,263
2015.01.22,00:00,68.78,69.45,68.00,69.09,260
2015.01.23,00:00,69.86,70.01,68.78,69.33,194
2015.01.26,00:00,69.87,70.05,69.22,69.88,166
2015.01.27,00:00,69.30,71.00,68.76,70.78,301
2015.01.28,00:00,71.31,71.37,69.93,69.99,157
2015.01.29,00:00,72.47,73.00,71.08,72.53,379
2015.01.30,00:00,71.43,72.28,70.43,70.79,307
2015.02.02,00:00,70.85,71.76,70.32,71.56,218
2015.02.03,00:00,70.65,72.25,70.31,72.22,232
2015.02.04,00:00,69.68,71.98,69.68,71.38,291
2015.02.05,00:00,68.00,70.65,67.11,69.77,532
2015.02.06,00:00,70.08,72.64,69.85,72.00,367
2015.02.09,00:00,71.74,72.69,70.77,71.39,350
2015.02.10,00:00,72.08,72.25,70.50,71.27,270
2015.02.11,00:00,71.33,71.71,70.67,71.02,178
2015.02.12,00:00,71.52,72.09,70.81,71.55,254
2015.02.13,00:00,71.73,73.28,71.62,73.27,179
2015.02.17,00:00,72.90,73.47,72.65,72.75,150
2015.02.18,00:00,72.46,72.50,69.68,69.80,299
2015.02.19,00:00,70.15,70.65,69.49,69.59,177
2015.02.20,00:00,69.47,69.58,68.51,68.98,166
2015.02.23,00:00,68.98,70.54,68.95,69.71,246
2015.02.24,00:00,70.10,70.10,68.31,68.39,188
2015.02.25,00:00,69.39,69.46,68.20,68.56,170
2015.02.26,00:00,68.66,68.85,67.74,67.89,146
2015.02.27,00:00,68.12,68.49,67.40,67.41,148
2015.03.02,00:00,67.46,68.33,67.41,67.95,136
2015.03.03,00:00,67.59,68.42,67.16,68.34,178
2015.03.04,00:00,68.17,68.93,67.10,67.14,264
2015.03.05,00:00,67.15,67.49,66.10,67.14,278
2015.03.06,00:00,66.98,67.19,65.76,65.98,187
2015.03.09,00:00,64.30,64.95,63.31,64.33,326
2015.03.10,00:00,63.88,65.07,63.84,64.70,165
2015.03.11,00:00,64.69,65.58,64.37,65.22,190
2015.03.12,00:00,65.49,65.60,64.24,65.42,266
2015.03.13,00:00,65.39,66.25,64.34,64.74,318
2015.03.16,00:00,64.99,65.05,64.30,64.53,105
2015.03.17,00:00,64.25,65.09,64.07,64.81,149
2015.03.18,00:00,64.81,66.62,64.56,66.36,258
2015.03.19,00:00,66.53,66.85,65.99,66.82,144
2015.03.20,00:00,67.12,67.20,66.13,66.13,116
2015.03.23,00:00,66.51,68.57,66.35,67.89,307
2015.03.24,00:00,67.82,68.14,67.19,67.72,181
2015.03.25,00:00,67.94,68.82,67.73,68.01,212
2015.03.26,00:00,67.61,67.88,66.65,66.66,152
2015.03.27,00:00,66.63,67.12,66.08,66.97,175
2015.03.30,00:00,67.25,67.40,66.23,66.26,136
2015.03.31,00:00,66.27,66.66,65.55,65.75,171
2015.04.01,00:00,64.03,65.00,63.40,64.08,316
2015.04.02,00:00,64.18,64.94,63.21,63.39,268
2015.04.06,00:00,63.07,63.80,63.06,63.50,106
2015.04.07,00:00,63.60,64.94,63.60,64.38,191
2015.04.08,00:00,64.15,65.31,64.11,64.88,168
2015.04.09,00:00,65.10,65.83,65.07,65.24,139
2015.04.10,00:00,65.18,65.70,64.30,64.60,223
2015.04.13,00:00,64.36,64.98,64.09,64.12,155
2015.04.14,00:00,64.06,64.26,62.85,62.94,171
2015.04.15,00:00,63.34,63.82,62.65,63.76,193
2015.04.16,00:00,63.48,63.83,63.37,63.72,69
2015.04.17,00:00,63.44,63.75,62.94,63.25,144
2015.04.20,00:00,62.46,62.63,61.23,62.16,251
2015.04.21,00:00,62.30,62.90,61.88,62.22,197
2015.04.22,00:00,62.23,62.50,61.50,62.31,193
2015.04.23,00:00,62.51,63.96,62.30,63.34,250
2015.04.24,00:00,63.56,63.98,63.14,63.48,161
2015.04.27,00:00,63.49,63.95,62.84,63.02,176
2015.04.28,00:00,62.00,63.30,61.92,62.68,209
2015.04.29,00:00,62.39,62.60,61.43,62.50,224
2015.04.30,00:00,62.25,62.46,61.43,61.86,168
2015.05.01,00:00,62.11,62.66,61.64,62.55,161
2015.05.04,00:00,62.55,62.97,62.26,62.64,134
2015.05.05,00:00,62.56,62.95,62.37,62.57,116
2015.05.06,00:00,62.18,62.58,62.00,62.35,100
2015.05.07,00:00,62.39,62.64,62.01,62.42,124
2015.05.08,00:00,62.83,63.31,62.28,62.51,175
2015.05.11,00:00,62.43,63.24,62.43,62.82,124
2015.05.12,00:00,62.50,62.82,61.82,62.15,166
2015.05.13,00:00,61.64,62.15,60.77,61.10,223
2015.05.14,00:00,61.07,61.41,60.24,61.08,234
2015.05.15,00:00,61.15,61.16,60.62,61.02,96
2015.05.18,00:00,61.26,61.98,60.93,61.16,201
2015.05.19,00:00,61.10,61.35,60.37,60.72,159
2015.05.20,00:00,60.90,60.93,59.88,60.45,166
2015.05.21,00:00,60.57,61.51,60.23,61.33,181
2015.05.22,00:00,61.66,61.95,61.13,61.63,162
2015.05.26,00:00,61.50,61.55,59.80,60.59,260
2015.05.27,00:00,49.50,50.50,45.88,45.93,568
2015.05.28,00:00,45.61,46.95,45.57,45.78,260
2015.05.29,00:00,46.00,46.69,45.53,46.50,183
2015.06.01,00:00,46.98,47.87,46.52,47.74,195
2015.06.02,00:00,47.92,48.98,47.75,48.60,179
2015.06.03,00:00,48.92,49.07,48.40,48.58,101
2015.06.04,00:00,48.10,49.31,48.01,49.28,143
2015.06.05,00:00,49.23,49.71,48.73,48.87,161
2015.06.08,00:00,48.84,49.25,48.01,48.15,180
2015.06.09,00:00,48.01,48.81,48.01,48.57,105
2015.06.10,00:00,48.72,49.17,48.16,48.21,152
2015.06.11,00:00,48.32,48.73,47.19,47.84,261
2015.06.12,00:00,47.60,48.36,47.38,48.23,134
2015.06.15,00:00,47.85,47.91,46.83,47.10,142
2015.06.16,00:00,47.08,47.34,46.42,46.51,128
2015.06.17,00:00,46.60,46.90,46.06,46.43,152
2015.06.18,00:00,46.70,46.93,46.10,46.17,114
2015.06.19,00:00,46.27,46.92,46.23,46.60,106
2015.06.22,00:00,46.84,47.51,46.49,47.34,155
2015.06.23,00:00,47.44,47.92,46.54,46.80,213
2015.06.24,00:00,46.81,47.42,46.06,46.20,212
2015.06.25,00:00,46.51,46.51,45.23,45.37,143
2015.06.26,00:00,45.33,45.54,44.83,44.91,101
2015.06.29,00:00,44.30,44.59,43.32,43.37,162
2015.06.30,00:00,43.60,43.60,41.52,42.09,266
2015.07.01,00:00,42.63,43.49,42.51,43.11,149
2015.07.02,00:00,43.14,43.54,42.81,43.07,140
2015.07.06,00:00,42.68,42.68,41.56,41.83,140
2015.07.07,00:00,41.84,42.47,41.16,42.42,205
2015.07.08,00:00,42.13,42.41,41.65,41.68,108
2015.07.09,00:00,42.16,42.67,41.92,41.99,134
2015.07.10,00:00,42.39,42.79,42.00,42.49,149
2015.07.13,00:00,42.87,44.17,42.86,44.06,144
2015.07.14,00:00,43.91,44.09,42.95,43.48,186
2015.07.15,00:00,43.22,43.46,42.76,42.95,114
2015.07.16,00:00,42.30,42.30,41.09,41.25,138
2015.07.17,00:00,41.40,41.62,40.23,40.52,191
2015.07.20,00:00,40.91,41.03,39.90,39.92,128
2015.07.21,00:00,40.10,40.88,40.04,40.58,121
2015.07.22,00:00,40.69,40.96,39.98,40.13,141
2015.07.23,00:00,40.08,40.40,39.68,39.81,118
2015.07.24,00:00,39.98,40.02,38.88,39.33,164
2015.07.27,00:00,39.12,39.77,38.80,39.07,190
2015.07.28,00:00,39.18,39.61,38.88,39.42,123
2015.07.29,00:00,39.25,40.18,38.94,40.11,163
2015.07.30,00:00,40.12,42.28,40.00,42.12,257
2015.07.31,00:00,41.49,42.19,41.22,41.99,145
2015.08.03,00:00,41.40,41.43,38.39,38.71,340
2015.08.04,00:00,38.82,39.36,38.16,38.54,213
2015.08.05,00:00,39.07,40.18,39.04,39.49,187
2015.08.06,00:00,42.38,44.59,41.70,43.77,440
2015.08.07,00:00,43.51,44.38,43.35,43.84,174
2015.08.10,00:00,44.12,45.47,44.02,45.29,174
2015.08.11,00:00,44.68,45.82,44.50,45.37,196
2015.08.12,00:00,44.99,44.99,43.44,44.44,256
2015.08.13,00:00,44.34,44.44,43.57,43.61,102
2015.08.14,00:00,43.65,44.00,43.31,43.37,111
2015.08.17,00:00,43.06,43.70,42.60,43.52,175
2015.08.18,00:00,43.10,43.47,41.97,42.88,279
2015.08.19,00:00,42.81,43.50,42.09,43.18,246
2015.08.20,00:00,42.86,43.16,42.15,42.16,133
2015.08.21,00:00,41.69,41.87,40.07,40.08,200
2015.08.24,00:00,36.75,39.74,36.63,38.06,492
2015.08.25,00:00,39.54,40.93,38.75,39.39,422
2015.08.26,00:00,40.01,41.30,39.57,41.07,241
2015.08.27,00:00,41.56,43.44,41.39,43.28,239
2015.08.28,00:00,43.00,43.85,42.86,43.17,182
2015.08.31,00:00,43.17,44.12,42.69,43.46,258
2015.09.01,00:00,42.79,43.41,42.30,42.79,223
2015.09.02,00:00,43.31,44.51,43.07,44.51,169
2015.09.03,00:00,44.49,45.23,44.32,44.92,140
2015.09.04,00:00,43.80,44.18,43.32,43.94,159
2015.09.08,00:00,44.83,45.28,44.15,44.50,194
2015.09.09,00:00,44.94,45.43,43.83,43.92,219
2015.09.10,00:00,43.64,44.13,43.35,43.69,152
2015.09.11,00:00,43.49,44.15,43.20,44.15,125
2015.09.14,00:00,44.05,44.12,42.91,43.15,153
2015.09.15,00:00,43.04,44.07,43.01,43.86,131
2015.09.16,00:00,43.46,45.34,43.46,45.12,211
2015.09.17,00:00,43.95,45.15,43.74,44.35,243
2015.09.18,00:00,43.46,43.99,42.87,43.11,190
2015.09.21,00:00,43.45,44.22,43.11,43.57,211
2015.09.22,00:00,42.87,43.34,42.58,43.07,133
2015.09.23,00:00,43.08,43.24,42.02,42.18,155
2015.09.24,00:00,42.00,42.87,41.62,42.72,179
2015.09.25,00:00,43.18,43.28,42.15,42.40,149
2015.09.28,00:00,42.24,42.37,40.42,40.55,222
2015.09.29,00:00,40.52,41.28,40.12,40.70,215
2015.09.30,00:00,41.16,42.29,40.93,42.24,165
2015.10.01,00:00,42.21,42.61,41.00,41.66,268
2015.10.02,00:00,41.17,43.56,40.74,43.53,329
2015.10.05,00:00,43.74,44.29,43.14,43.89,216
2015.10.06,00:00,43.96,44.38,43.30,43.37,158
2015.10.07,00:00,43.33,43.84,42.13,42.72,282
2015.10.08,00:00,42.27,43.68,42.22,43.51,169
2015.10.09,00:00,42.90,43.24,41.95,42.59,228
2015.10.12,00:00,42.97,43.00,41.57,41.92,182
2015.10.13,00:00,41.71,42.19,40.81,41.55,261
2015.10.14,00:00,41.75,42.18,41.33,41.76,170
2015.10.15,00:00,42.04,42.04,40.69,41.75,242
2015.10.16,00:00,41.87,41.87,39.90,40.28,236
2015.10.19,00:00,40.16,40.33,39.09,39.77,210
2015.10.20,00:00,39.88,40.51,39.69,39.90,163
2015.10.21,00:00,40.34,40.40,39.54,39.60,99
2015.10.22,00:00,40.26,40.34,39.33,39.46,123
2015.10.23,00:00,39.89,39.89,38.34,38.53,175
2015.10.26,00:00,38.59,39.25,38.50,38.75,7361
2015.10.27,00:00,39.42,39.70,38.55,38.60,5499
2015.10.28,00:00,39.36,39.36,38.09,38.46,8977
2015.10.29,00:00,38.73,38.73,37.86,38.61,4955
2015.10.30,00:00,38.90,38.93,37.93,38.71,4318
2015.11.02,00:00,38.70,39.05,37.86,38.94,4678
2015.11.03,00:00,38.81,39.65,38.49,39.28,5346
2015.11.04,00:00,39.91,44.72,39.43,42.50,18778
2015.11.05,00:00,42.96,43.88,42.65,43.49,7403
2015.11.06,00:00,43.10,43.87,42.93,43.40,6819
2015.11.09,00:00,43.56,44.09,42.34,42.83,7408
2015.11.10,00:00,41.90,43.13,41.90,43.03,5192
2015.11.11,00:00,42.84,42.92,41.19,41.25,5247
2015.11.12,00:00,40.91,42.10,40.73,41.61,7116
2015.11.13,00:00,40.68,40.68,38.91,38.99,9329
2015.11.16,00:00,38.59,39.77,38.39,39.55,7174
2015.11.17,00:00,39.48,39.81,38.63,39.29,7974
2015.11.18,00:00,39.25,40.98,39.25,40.89,5344
2015.11.19,00:00,40.70,41.39,40.50,40.89,5092
2015.11.20,00:00,41.03,41.95,40.87,41.06,3256
2015.11.23,00:00,40.98,42.52,40.97,42.23,5611
2015.11.24,00:00,41.85,43.20,41.77,42.75,6047
2015.11.25,00:00,42.95,43.54,42.41,42.85,4302
2015.11.27,00:00,42.84,43.69,42.46,42.49,4168
2015.11.30,00:00,42.50,43.17,42.12,42.97,4397
2015.12.01,00:00,42.87,43.43,42.54,42.78,4996
2015.12.02,00:00,42.77,43.83,42.64,42.97,4540
2015.12.03,00:00,42.97,43.46,42.02,42.60,7802
2015.12.04,00:00,42.58,42.70,41.81,42.30,3983
2015.12.07,00:00,41.96,42.89,41.08,42.88,6181
2015.12.08,00:00,42.35,42.66,41.67,41.97,5034
2015.12.09,00:00,41.50,43.11,41.46,41.90,9752
2015.12.10,00:00,41.84,42.62,41.56,42.12,5561
2015.12.11,00:00,41.48,41.74,40.13,40.39,6700
2015.12.14,00:00,40.28,40.73,39.44,40.17,8696
2015.12.15,00:00,40.26,40.98,39.87,40.46,5428
2015.12.16,00:00,40.55,41.29,40.40,40.96,6694
2015.12.17,00:00,40.72,40.96,38.92,39.50,5916
2015.12.18,00:00,39.39,40.19,39.00,39.67,7966
2015.12.21,00:00,39.75,40.41,39.64,40.22,5293
2015.12.22,00:00,40.26,41.02,39.76,40.75,4457
2015.12.23,00:00,41.05,41.67,40.65,41.59,3663
2015.12.24,00:00,41.44,41.48,40.80,40.83,2614
2015.12.28,00:00,40.48,41.23,40.08,40.58,4224
2015.12.29,00:00,40.77,41.15,40.65,40.99,2377
2015.12.30,00:00,40.76,41.34,40.06,40.23,3192
2015.12.31,00:00,40.00,40.45,39.82,40.16,3934
2016.01.04,00:00,39.12,40.47,39.01,40.23,8128
2016.01.05,00:00,40.30,40.75,39.34,40.63,5532
2016.01.06,00:00,39.94,40.81,39.24,39.78,7053
2016.01.07,00:00,38.92,40.20,38.61,38.98,8715
2016.01.08,00:00,39.07,39.22,37.68,37.75,8118
2016.01.11,00:00,37.48,38.16,36.53,37.06,7641
2016.01.12,00:00,37.67,37.93,36.76,37.49,8816
2016.01.13,00:00,37.52,38.06,36.01,36.12,8777
2016.01.14,00:00,36.10,36.56,34.98,36.08,9030
2016.01.15,00:00,34.98,35.99,34.86,35.58,11912
2016.01.19,00:00,35.96,36.26,35.28,35.80,10720
2016.01.20,00:00,34.98,36.84,34.77,36.57,18153
2016.01.21,00:00,36.95,38.32,36.35,37.60,13566
2016.01.22,00:00,37.91,38.74,37.82,38.39,12514
2016.01.25,00:00,38.28,38.28,36.52,36.66,8157
2016.01.26,00:00,36.96,38.07,36.70,37.69,9592
2016.01.27,00:00,37.52,39.02,37.24,37.97,15385
2016.01.28,00:00,38.62,38.91,37.72,38.57,14126
2016.01.29,00:00,38.67,39.96,38.64,39.79,8514
2016.02.01,00:00,39.86,40.74,39.53,40.24,9014
2016.02.02,00:00,46.93,51.01,46.38,50.42,31880
2016.02.03,00:00,49.95,52.58,49.19,51.70,23909
2016.02.04,00:00,50.66,52.10,50.53,51.71,17610
2016.02.05,00:00,51.19,52.40,50.68,51.59,15596
2016.02.08,00:00,51.23,52.00,49.29,50.07,17126
2016.02.09,00:00,48.54,50.81,48.52,50.17,17319
2016.02.10,00:00,50.86,51.46,49.48,50.14,13529
2016.02.11,00:00,49.52,50.39,48.55,49.19,15958
2016.02.12,00:00,49.57,49.96,48.10,49.53,9231
2016.02.16,00:00,49.91,51.56,49.20,50.73,8857
2016.02.17,00:00,51.76,52.47,51.51,52.47,9075
2016.02.18,00:00,52.37,53.88,52.02,53.19,10553
2016.02.19,00:00,52.60,53.22,51.87,52.71,7302
2016.02.22,00:00,52.69,54.96,52.69,54.72,8116
2016.02.23,00:00,54.36,55.71,54.18,54.81,7450
2016.02.24,00:00,54.14,55.80,54.03,55.46,8278
2016.02.25,00:00,55.14,56.61,54.96,56.44,6804
2016.02.26,00:00,56.43,57.19,55.37,56.66,8945
2016.02.29,00:00,56.49,57.34,56.45,56.74,6959
2016.03.01,00:00,56.88,57.70,56.72,57.36,7723
2016.03.02,00:00,57.20,57.74,56.56,57.74,7433
2016.03.03,00:00,57.34,57.52,56.65,57.13,7773
2016.03.04,00:00,57.36,57.81,56.83,57.06,6395
2016.03.07,00:00,57.02,57.67,56.67,57.22,5881
2016.03.08,00:00,57.07,57.53,56.29,56.72,6217
2016.03.09,00:00,57.03,58.46,56.68,58.05,8599
2016.03.10,00:00,58.11,58.12,56.47,57.36,11361
2016.03.11,00:00,57.79,58.56,57.58,58.44,7193
2016.03.14,00:00,58.36,59.40,58.36,58.53,7096
2016.03.15,00:00,58.13,58.26,56.60,57.19,7690
2016.03.16,00:00,56.93,56.98,55.16,56.05,9516
2016.03.17,00:00,56.07,57.04,55.99,56.77,7639
2016.03.18,00:00,57.02,57.49,56.16,56.97,6442
2016.03.21,00:00,56.59,57.28,56.58,56.83,6448
2016.03.22,00:00,56.47,56.48,55.32,56.01,5784
2016.03.23,00:00,55.61,56.52,55.25,55.86,7415
2016.03.24,00:00,55.60,55.72,55.01,55.49,5983
2016.03.28,00:00,55.45,56.62,55.37,56.23,6666
2016.03.29,00:00,55.94,56.34,55.65,56.31,6429
2016.03.30,00:00,56.65,57.13,56.36,56.89,5046
2016.03.31,00:00,56.87,57.50,56.80,57.02,5845
2016.04.01,00:00,56.50,56.98,55.99,56.98,6240
2016.04.04,00:00,57.02,58.55,56.25,56.28,7180
2016.04.05,00:00,55.97,56.51,55.79,55.84,5826
2016.04.06,00:00,55.71,56.55,55.50,56.24,5520
2016.04.07,00:00,55.54,55.87,53.42,53.72,6947
2016.04.08,00:00,53.85,53.99,51.17,51.24,7008
2016.04.11,00:00,51.22,52.70,50.36,51.39,7440
2016.04.12,00:00,51.34,51.91,50.75,51.61,6002
2016.04.13,00:00,51.68,53.44,51.26,53.08,4628
2016.04.14,00:00,53.03,53.21,51.55,51.85,5003
2016.04.15,00:00,51.61,52.40,51.38,52.20,4949
2016.04.18,00:00,51.97,52.89,51.97,52.55,4637
2016.04.19,00:00,52.54,52.65,51.83,51.83,6643
2016.04.20,00:00,51.17,52.28,50.79,52.02,6419
2016.04.21,00:00,51.97,52.53,51.56,51.62,5024
2016.04.22,00:00,51.01,51.57,50.83,51.57,5009
2016.04.25,00:00,51.48,52.52,51.44,51.74,4642
2016.04.26,00:00,51.87,53.49,51.87,53.34,4990
2016.04.27,00:00,54.03,55.33,53.64,55.15,6877
2016.04.28,00:00,54.74,55.12,52.69,52.73,5759
2016.04.29,00:00,52.58,52.66,50.85,51.62,6425
2016.05.02,00:00,51.77,53.01,51.18,52.91,5484
2016.05.03,00:00,52.04,52.52,51.34,52.35,5712
2016.05.04,00:00,52.00,52.60,51.04,51.27,6463
2016.05.05,00:00,50.97,50.98,50.07,50.15,5806
2016.05.06,00:00,49.97,51.09,49.63,50.73,4626
2016.05.09,00:00,50.43,51.26,50.34,50.65,4389
2016.05.10,00:00,50.48,50.58,49.14,49.76,6201
2016.05.11,00:00,46.12,46.54,43.50,44.04,9925
2016.05.12,00:00,44.23,44.32,43.02,43.68,5175
2016.05.13,00:00,43.04,43.05,40.79,41.99,12429
2016.05.16,00:00,41.81,41.89,40.95,41.42,6024
2016.05.17,00:00,41.21,42.31,40.70,41.58,5982
2016.05.18,00:00,41.28,41.82,40.42,40.67,6692
2016.05.19,00:00,40.57,41.36,40.32,40.76,5630
2016.05.20,00:00,40.70,41.60,40.65,41.45,3973
2016.05.23,00:00,41.62,42.59,41.50,41.51,3603
2016.05.24,00:00,41.44,41.87,40.68,41.59,4609
2016.05.25,00:00,40.93,41.85,40.93,41.70,3349
2016.05.26,00:00,42.28,42.40,41.44,41.70,4531
2016.05.27,00:00,41.67,42.04,41.50,41.72,3281
2016.05.31,00:00,41.63,42.89,41.63,42.72,4461
2016.06.01,00:00,45.16,45.95,43.67,45.59,13340
2016.06.02,00:00,45.10,47.78,45.10,47.52,8104
2016.06.03,00:00,46.83,48.98,46.83,48.57,6235
2016.06.06,00:00,48.31,49.85,48.05,49.53,4453
2016.06.07,00:00,48.98,50.92,48.89,50.81,4960
2016.06.08,00:00,50.79,50.86,50.25,50.62,4495
2016.06.09,00:00,50.24,50.83,49.75,50.71,3477
2016.06.10,00:00,49.96,50.45,49.73,49.85,4412
2016.06.13,00:00,49.43,50.12,49.43,49.70,4055
2016.06.14,00:00,49.27,49.92,48.72,49.37,4297
2016.06.15,00:00,49.64,50.88,49.45,49.82,5525
2016.06.16,00:00,49.26,49.84,48.83,49.05,5980
2016.06.17,00:00,48.70,50.05,48.66,49.88,4996
2016.06.20,00:00,50.64,51.04,49.99,49.99,3926
2016.06.21,00:00,50.18,50.66,49.83,50.65,4909
2016.06.22,00:00,50.42,51.45,50.12,50.83,4719
2016.06.23,00:00,50.97,51.51,50.55,50.64,3993
2016.06.24,00:00,48.24,49.11,47.47,47.80,7230
2016.06.27,00:00,46.80,46.80,45.23,46.15,7790
2016.06.28,00:00,46.83,47.54,46.29,47.35,5918
2016.06.29,00:00,47.84,48.85,47.71,48.35,5917
2016.06.30,00:00,48.24,49.42,47.97,49.34,5900
2016.07.01,00:00,49.14,50.22,49.09,50.02,3906
2016.07.05,00:00,49.63,49.64,48.58,49.23,4640
2016.07.06,00:00,48.79,48.95,47.96,48.54,5692
2016.07.07,00:00,48.51,49.79,48.42,48.96,6170
2016.07.08,00:00,49.24,50.30,49.24,50.13,4718
2016.07.11,00:00,50.22,51.58,50.19,51.08,3272
2016.07.12,00:00,51.46,52.08,51.34,51.84,3760
2016.07.13,00:00,51.74,51.89,51.31,51.68,4484
2016.07.14,00:00,51.73,51.92,51.42,51.55,3323
2016.07.15,00:00,51.61,51.79,51.33,51.63,2501
2016.07.18,00:00,51.40,52.66,51.40,51.99,3688
2016.07.19,00:00,51.58,51.85,50.67,51.12,5248
2016.07.20,00:00,50.97,51.63,50.83,51.59,2946
2016.07.21,00:00,51.35,52.17,51.21,51.26,2342
2016.07.22,00:00,51.11,51.47,50.40,51.39,3125
2016.07.25,00:00,50.90,51.84,50.56,51.60,4114
2016.07.26,00:00,51.53,52.90,51.48,52.12,5318
2016.07.27,00:00,52.12,52.79,51.85,52.34,5410
2016.07.28,00:00,52.14,52.21,51.72,52.04,3556
2016.07.29,00:00,51.70,51.90,51.22,51.75,4299
2016.08.01,00:00,51.60,53.26,51.41,52.84,5295
2016.08.02,00:00,52.65,52.65,50.29,50.30,5031
2016.08.03,00:00,47.39,49.25,46.49,48.96,6500
2016.08.04,00:00,49.22,50.62,49.21,49.56,4304
2016.08.05,00:00,49.87,50.69,49.76,50.35,4678
2016.08.08,00:00,50.51,51.77,50.05,50.18,5642
2016.08.09,00:00,50.00,50.51,49.45,50.07,6799
2016.08.10,00:00,49.59,51.06,48.42,48.63,11544
2016.08.11,00:00,49.02,49.79,48.43,49.13,5915
2016.08.12,00:00,48.60,49.17,48.45,48.76,3922
2016.08.15,00:00,48.92,50.30,48.70,49.89,4170
2016.08.16,00:00,49.67,50.48,49.47,50.01,4002
2016.08.17,00:00,49.70,49.89,48.62,48.85,4130
2016.08.18,00:00,48.77,49.41,48.48,49.27,4439
2016.08.19,00:00,48.94,50.28,48.85,50.01,3982
2016.08.22,00:00,49.69,50.25,49.61,50.07,4723
2016.08.23,00:00,49.95,50.92,49.88,50.70,3240
2016.08.24,00:00,50.63,50.96,49.95,50.26,3548
2016.08.25,00:00,50.03,50.83,49.77,50.19,4100
2016.08.26,00:00,50.03,50.60,49.39,49.56,4768
2016.08.29,00:00,49.43,50.54,49.36,50.13,3091
2016.08.30,00:00,49.94,49.99,49.09,49.23,3446
2016.08.31,00:00,48.97,49.65,48.40,48.90,4027
2016.09.01,00:00,48.67,49.63,48.67,49.51,4260
2016.09.02,00:00,49.28,50.32,49.08,49.21,7010
2016.09.06,00:00,48.70,49.07,48.37,48.65,4583
2016.09.07,00:00,48.73,49.96,48.64,49.82,5893
2016.09.08,00:00,49.69,49.86,49.01,49.09,3960
2016.09.09,00:00,48.92,48.92,47.77,47.82,4828
2016.09.12,00:00,47.28,48.50,47.23,48.28,6424
2016.09.13,00:00,47.99,48.20,46.98,47.65,8155
2016.09.14,00:00,47.34,47.64,46.90,47.49,5892
2016.09.15,00:00,47.05,47.73,46.82,47.67,6615
2016.09.16,00:00,47.36,47.89,47.10,47.89,5018
2016.09.19,00:00,47.96,49.90,47.80,49.58,5384
2016.09.20,00:00,49.82,49.84,48.75,49.13,3062
2016.09.21,00:00,48.80,49.85,48.80,49.82,4660
2016.09.22,00:00,49.98,50.37,49.75,50.09,4127
2016.09.23,00:00,49.96,51.03,49.96,50.54,3956
2016.09.26,00:00,50.04,50.32,48.00,48.05,6535
2016.09.27,00:00,47.93,48.19,47.59,48.18,3914
2016.09.28,00:00,47.89,48.29,47.72,48.22,5437
2016.09.29,00:00,47.82,48.26,46.95,46.97,6758
2016.09.30,00:00,46.88,47.16,46.40,46.74,4620
2016.10.03,00:00,46.42,46.84,46.07,46.46,3625
2016.10.04,00:00,46.56,47.47,45.99,47.46,4826
2016.10.05,00:00,47.24,47.41,46.99,47.07,2496
2016.10.06,00:00,46.80,47.70,46.64,47.67,3343
2016.10.07,00:00,47.60,47.71,46.82,47.02,3309
2016.10.10,00:00,47.21,47.55,46.44,46.48,3390
2016.10.11,00:00,46.43,46.75,45.45,45.70,2841
2016.10.12,00:00,45.60,46.97,45.37,46.76,4172
2016.10.13,00:00,46.19,46.77,45.13,46.65,5915
2016.10.14,00:00,46.63,47.18,46.62,46.69,3369
2016.10.17,00:00,46.88,47.26,46.49,46.55,3467
2016.10.18,00:00,46.68,47.78,46.59,47.48,4369
2016.10.19,00:00,47.53,50.30,47.44,50.13,6415
2016.10.20,00:00,49.79,49.86,49.13,49.64,4704
2016.10.21,00:00,48.80,49.01,48.05,48.96,2762
2016.10.24,00:00,48.98,49.31,48.48,48.85,2440
2016.10.25,00:00,48.25,48.83,48.16,48.51,2727
2016.10.26,00:00,48.27,49.12,48.25,48.56,2984
2016.10.27,00:00,48.56,48.95,47.93,48.10,3678
2016.10.28,00:00,48.05,50.81,48.05,50.15,9430
2016.10.31,00:00,50.11,51.23,49.92,50.68,5543
2016.11.01,00:00,50.69,52.63,50.07,50.32,7406
2016.11.02,00:00,49.85,51.11,49.53,49.68,5684
2016.11.03,00:00,49.57,49.76,47.98,48.15,4430
2016.11.04,00:00,48.22,49.96,48.20,49.05,4653
2016.11.07,00:00,49.62,51.73,49.62,50.27,4877
2016.11.08,00:00,50.05,50.96,49.91,50.23,5051
2016.11.09,00:00,49.39,50.49,48.91,50.18,6937
2016.11.10,00:00,51.10,52.27,50.63,51.66,7400
2016.11.11,00:00,48.99,50.90,46.54,49.58,15705
2016.11.14,00:00,49.23,50.13,46.98,47.15,7776
2016.11.15,00:00,47.14,47.38,46.02,46.90,5119
2016.11.16,00:00,46.65,47.81,46.65,47.44,4398
2016.11.17,00:00,47.48,48.90,47.42,48.54,3954
2016.11.18,00:00,48.36,48.44,47.53,47.54,3385
2016.11.21,00:00,47.62,48.36,47.39,48.09,3124
2016.11.22,00:00,47.97,49.50,47.93,48.25,5041
2016.11.23,00:00,47.98,48.56,47.94,48.52,4029
2016.11.25,00:00,48.61,49.81,48.57,48.86,2574
2016.11.28,00:00,48.59,48.67,47.52,47.99,4705
2016.11.29,00:00,48.05,48.57,47.64,47.71,3690
2016.11.30,00:00,47.51,47.62,46.38,46.52,4576
2016.12.01,00:00,46.60,47.13,45.76,46.17,4889
2016.12.02,00:00,46.08,46.50,45.97,46.15,4506
2016.12.05,00:00,46.43,48.46,46.18,48.42,5257
2016.12.06,00:00,48.26,48.50,47.88,48.34,3514
2016.12.07,00:00,48.08,48.83,47.77,48.70,4696
2016.12.08,00:00,49.03,51.00,48.93,50.68,7894
2016.12.09,00:00,50.62,51.34,49.21,49.22,4832
2016.12.12,00:00,48.80,49.18,47.46,47.79,5444
2016.12.13,00:00,47.80,48.41,47.49,47.81,4344
2016.12.14,00:00,47.86,48.84,47.13,47.30,6881
2016.12.15,00:00,47.19,47.20,45.49,46.01,4877
2016.12.16,00:00,46.03,46.34,45.01,45.09,4530
2016.12.19,00:00,45.19,45.76,44.59,44.75,4608
2016.12.20,00:00,44.79,44.89,43.79,44.21,5039
2016.12.21,00:00,44.08,44.29,43.51,44.09,3957
2016.12.22,00:00,43.88,43.98,42.60,42.73,5377
2016.12.23,00:00,42.61,43.51,42.55,42.79,3774
2016.12.27,00:00,42.41,43.56,42.41,42.90,3431
2016.12.28,00:00,42.87,43.28,41.83,43.14,6473
2016.12.29,00:00,42.84,43.33,42.36,42.81,4197
2016.12.30,00:00,42.75,43.14,42.55,42.84,3919
2017.01.03,00:00,42.56,43.39,42.04,43.05,5397
2017.01.04,00:00,43.25,43.88,43.23,43.52,4700
2017.01.05,00:00,42.46,42.50,40.75,42.00,8633
2017.01.06,00:00,42.01,42.70,42.00,42.45,5100
2017.01.09,00:00,42.24,42.51,41.75,42.06,3643
2017.01.10,00:00,41.85,43.83,41.85,43.31,4786
2017.01.11,00:00,43.38,43.49,42.70,42.80,5231
2017.01.12,00:00,42.53,43.12,42.43,42.62,4816
2017.01.13,00:00,42.37,43.09,42.23,42.34,2874
2017.01.17,00:00,42.21,44.22,42.07,43.53,4952
2017.01.18,00:00,43.50,43.62,42.28,43.14,4225
2017.01.19,00:00,42.95,43.40,42.00,42.00,4469
2017.01.20,00:00,42.08,42.55,41.62,42.32,3877
2017.01.23,00:00,42.11,42.88,41.91,42.56,3461
2017.01.24,00:00,42.49,43.38,42.33,43.25,3090
2017.01.25,00:00,43.50,43.66,42.73,42.79,4129
2017.01.26,00:00,42.78,43.00,41.87,42.08,4061
2017.01.27,00:00,41.98,42.16,41.37,41.43,4510
2017.01.30,00:00,41.18,41.85,41.11,41.66,4309
2017.01.31,00:00,41.37,42.78,41.20,42.75,5548
2017.02.01,00:00,42.10,42.13,41.19,41.28,4849
2017.02.02,00:00,41.08,41.54,40.88,40.94,3789
2017.02.03,00:00,40.77,41.51,40.40,41.00,4570
2017.02.06,00:00,40.81,41.32,40.66,41.10,3505
2017.02.07,00:00,35.78,36.75,34.76,36.66,13196
2017.02.08,00:00,36.67,38.63,36.36,37.85,7750
2017.02.09,00:00,37.87,38.83,37.85,38.34,4326
2017.02.10,00:00,38.29,38.85,37.91,38.33,4235
2017.02.13,00:00,38.08,38.35,37.55,37.57,4093
2017.02.14,00:00,37.58,38.25,37.56,38.03,4590
2017.02.15,00:00,38.03,38.27,37.77,38.01,3728
2017.02.16,00:00,38.47,39.08,37.75,38.03,3814
2017.02.17,00:00,37.88,38.39,37.76,38.24,2999
2017.02.21,00:00,38.26,39.28,38.01,38.22,3516
2017.02.22,00:00,38.19,38.32,37.69,37.97,1608
2017.02.23,00:00,38.17,38.36,37.19,37.20,3238
2017.02.24,00:00,37.30,37.75,37.00,37.38,3807
