2009.01.06,00:00,9.13,9.43,8.93,9.17,97
2009.01.07,00:00,8.96,8.96,8.31,8.62,97
2009.01.08,00:00,8.51,8.51,7.88,8.40,116
2009.01.09,00:00,8.40,8.40,7.91,7.93,52
2009.01.12,00:00,7.93,7.97,7.50,7.61,63
2009.01.13,00:00,7.35,7.94,7.21,7.65,117
2009.01.14,00:00,7.38,7.47,7.20,7.31,48
2009.01.15,00:00,7.35,7.69,7.20,7.57,77
2009.01.16,00:00,7.78,8.06,7.53,7.99,86
2009.01.20,00:00,7.97,8.00,7.15,7.21,95
2009.01.21,00:00,7.35,7.61,7.08,7.56,86
2009.01.22,00:00,7.32,7.62,7.15,7.42,85
2009.01.23,00:00,7.21,7.94,7.20,7.71,99
2009.01.26,00:00,7.75,8.20,7.62,7.97,95
2009.01.27,00:00,8.10,8.50,8.07,8.44,53
2009.01.28,00:00,8.74,8.93,8.46,8.79,90
2009.01.29,00:00,8.50,8.60,8.24,8.28,51
2009.01.30,00:00,8.22,8.44,7.85,7.95,92
2009.02.02,00:00,7.83,8.47,7.79,8.38,82
2009.02.03,00:00,8.40,8.55,8.17,8.48,69
2009.02.04,00:00,8.50,9.15,8.50,8.72,109
2009.02.05,00:00,8.49,9.46,8.40,9.36,126
2009.02.06,00:00,9.39,9.93,9.23,9.87,93
2009.02.09,00:00,9.83,9.97,9.47,9.74,92
2009.02.10,00:00,9.73,9.86,9.14,9.32,104
2009.02.11,00:00,8.58,8.89,7.86,8.15,164
2009.02.12,00:00,7.97,8.37,7.86,8.32,68
2009.02.13,00:00,8.13,8.41,8.07,8.31,51
2009.02.17,00:00,8.00,8.19,7.80,7.83,62
2009.02.18,00:00,7.83,8.30,7.82,8.04,76
2009.02.19,00:00,8.20,8.27,7.42,7.42,93
2009.02.20,00:00,7.32,7.73,7.25,7.61,68
2009.02.23,00:00,7.74,7.78,7.21,7.26,67
2009.02.24,00:00,7.30,7.92,7.29,7.91,66
2009.02.25,00:00,7.89,8.24,7.62,8.00,114
2009.02.26,00:00,8.28,8.54,8.16,8.26,75
2009.02.27,00:00,8.05,8.47,7.99,8.28,74
2009.03.02,00:00,8.08,8.25,7.55,7.58,91
2009.03.03,00:00,7.72,8.18,7.47,7.88,127
2009.03.04,00:00,8.09,8.70,8.02,8.46,100
2009.03.05,00:00,8.34,8.68,8.22,8.26,85
2009.03.06,00:00,8.26,8.69,8.15,8.39,96
2009.03.09,00:00,8.33,8.96,8.28,8.30,134
2009.03.10,00:00,8.60,9.21,8.52,9.05,94
2009.03.12,00:00,9.27,9.95,9.15,9.85,103
2009.03.13,00:00,9.71,9.94,9.55,9.80,70
2009.03.16,00:00,9.90,9.91,9.34,9.42,67
2009.03.17,00:00,9.45,9.91,9.33,9.89,73
2009.03.18,00:00,9.74,10.49,9.73,10.20,107
2009.03.19,00:00,10.27,10.27,10.01,10.08,34
2009.03.20,00:00,10.23,10.24,9.27,9.53,125
2009.03.23,00:00,9.83,10.24,9.61,10.22,88
2009.03.24,00:00,9.97,10.06,9.73,9.78,48
2009.03.25,00:00,10.08,10.40,9.56,9.94,155
2009.03.26,00:00,10.10,10.58,9.99,10.56,73
2009.03.27,00:00,10.45,10.71,10.30,10.46,82
2009.03.30,00:00,10.06,10.19,9.65,9.79,82
2009.03.31,00:00,9.94,10.10,9.79,9.86,55
2009.04.01,00:00,9.74,10.20,9.37,10.11,130
2009.04.02,00:00,10.49,10.77,10.34,10.58,78
2009.04.03,00:00,10.59,11.35,10.41,11.32,116
2009.04.06,00:00,11.13,11.45,10.98,11.35,73
2009.04.07,00:00,11.13,11.25,10.89,10.96,56
2009.04.08,00:00,11.08,11.44,10.99,11.41,58
2009.04.09,00:00,11.70,12.08,11.61,12.04,61
2009.04.13,00:00,11.89,11.90,11.39,11.65,79
2009.04.14,00:00,11.49,12.00,11.44,11.72,90
2009.04.15,00:00,11.31,11.44,10.91,11.39,99
2009.04.16,00:00,11.60,11.82,11.16,11.68,125
2009.04.17,00:00,11.68,11.87,11.40,11.76,87
2009.04.20,00:00,11.31,11.41,10.99,11.05,59
2009.04.21,00:00,10.90,11.48,10.74,11.02,137
2009.04.22,00:00,10.92,11.81,10.74,11.35,172
2009.04.23,00:00,11.46,11.56,10.82,11.17,120
2009.04.24,00:00,11.28,11.51,11.01,11.43,86
2009.04.27,00:00,11.28,11.60,10.95,11.02,105
2009.04.28,00:00,10.88,11.28,10.78,11.05,84
2009.04.29,00:00,11.10,11.15,10.75,10.88,59
2009.04.30,00:00,11.09,11.80,11.00,11.48,122
2009.05.01,00:00,11.45,11.94,11.44,11.67,79
2009.05.04,00:00,11.87,12.39,11.71,12.30,94
2009.05.05,00:00,12.03,12.11,11.55,11.80,90
2009.05.06,00:00,11.93,12.04,11.33,11.56,106
2009.05.07,00:00,11.82,11.82,10.58,10.73,140
2009.05.08,00:00,10.50,10.50,9.11,9.25,154
2009.05.11,00:00,9.10,9.66,9.02,9.43,96
2009.05.12,00:00,9.64,9.64,8.80,8.98,103
2009.05.13,00:00,8.92,8.97,8.33,8.40,77
2009.05.14,00:00,8.39,8.70,8.33,8.52,62
2009.05.15,00:00,8.58,9.04,8.48,8.74,97
2009.05.18,00:00,8.96,9.33,8.94,9.27,48
2009.05.19,00:00,9.33,9.56,9.18,9.45,65
2009.05.20,00:00,9.62,10.25,9.58,9.73,124
2009.05.21,00:00,9.61,9.80,9.40,9.67,75
2009.05.22,00:00,9.67,9.96,9.49,9.82,80
2009.05.26,00:00,9.73,10.43,9.63,10.35,99
2009.05.27,00:00,10.30,10.68,10.20,10.37,90
2009.05.28,00:00,10.53,10.60,10.06,10.51,107
2009.05.29,00:00,10.52,10.54,10.07,10.43,86
2009.06.01,00:00,10.55,11.00,10.51,10.94,60
2009.06.02,00:00,10.94,11.18,10.65,10.85,98
2009.06.03,00:00,10.71,10.75,10.25,10.51,81
2009.06.04,00:00,10.54,10.91,10.53,10.89,42
2009.06.05,00:00,11.09,11.09,10.70,10.83,53
2009.06.08,00:00,10.75,10.92,10.50,10.77,83
2009.06.09,00:00,10.92,11.48,10.84,11.36,85
2009.06.10,00:00,11.42,11.79,11.17,11.72,95
2009.06.11,00:00,11.75,12.20,11.50,11.57,123
2009.06.12,00:00,11.40,11.55,11.14,11.51,72
2009.06.15,00:00,11.30,11.45,11.12,11.32,65
2009.06.16,00:00,11.32,11.46,10.85,11.01,92
2009.06.17,00:00,11.18,11.39,10.75,11.28,119
2009.06.18,00:00,11.24,11.45,10.94,11.06,85
2009.06.19,00:00,11.17,11.46,11.03,11.18,86
2009.06.22,00:00,11.22,11.22,10.51,10.55,76
2009.06.23,00:00,10.65,10.67,10.09,10.50,102
2009.06.24,00:00,10.63,11.10,10.63,10.85,73
2009.06.25,00:00,10.75,11.44,10.64,11.42,94
2009.06.26,00:00,11.37,11.61,11.27,11.57,49
2009.06.29,00:00,11.60,11.78,11.45,11.57,64
2009.06.30,00:00,11.53,11.69,11.08,11.29,99
2009.07.01,00:00,11.36,11.49,11.15,11.34,67
2009.07.02,00:00,10.97,11.11,10.75,10.90,66
2009.07.06,00:00,10.89,10.90,10.37,10.55,73
2009.07.07,00:00,10.59,10.65,10.06,10.09,69
2009.07.08,00:00,10.15,10.18,9.71,10.11,91
2009.07.09,00:00,10.28,10.50,10.25,10.33,46
2009.07.10,00:00,10.33,10.44,10.11,10.37,63
2009.07.13,00:00,10.58,10.58,9.95,10.49,118
2009.07.14,00:00,10.57,10.75,10.45,10.71,47
2009.07.15,00:00,11.10,11.37,11.00,11.15,70
2009.07.16,00:00,11.27,11.77,11.21,11.73,67
2009.07.17,00:00,11.73,12.11,11.61,12.07,67
2009.07.20,00:00,12.17,12.35,12.01,12.22,64
2009.07.21,00:00,12.19,12.24,11.69,11.97,89
2009.07.22,00:00,11.73,12.38,11.65,12.27,93
2009.07.23,00:00,12.29,13.04,12.16,13.00,106
2009.07.24,00:00,12.60,13.00,12.52,12.96,61
2009.07.27,00:00,12.84,13.21,12.72,13.02,81
2009.07.28,00:00,12.93,13.18,12.82,13.04,62
2009.07.29,00:00,12.89,12.97,12.65,12.78,54
2009.07.30,00:00,13.00,13.17,12.77,12.88,69
2009.07.31,00:00,12.88,13.11,12.58,12.93,102
2009.08.03,00:00,13.24,13.43,12.99,13.28,85
2009.08.04,00:00,13.05,13.60,13.03,13.37,83
2009.08.05,00:00,13.29,13.50,13.13,13.40,64
2009.08.06,00:00,13.45,13.69,13.04,13.12,98
2009.08.07,00:00,13.83,14.23,13.52,13.71,131
2009.08.10,00:00,13.81,14.01,13.18,13.26,112
2009.08.11,00:00,13.17,13.37,12.88,12.95,77
2009.08.12,00:00,12.96,13.57,12.95,13.43,78
2009.08.13,00:00,13.53,13.88,13.29,13.83,89
2009.08.14,00:00,13.81,13.83,13.24,13.42,80
2009.08.17,00:00,13.01,13.05,12.72,12.86,52
2009.08.18,00:00,12.86,13.48,12.85,13.33,80
2009.08.19,00:00,13.13,13.26,13.00,13.18,48
2009.08.20,00:00,13.12,13.76,13.09,13.70,77
2009.08.21,00:00,13.81,13.95,13.53,13.93,73
2009.08.24,00:00,13.85,14.00,13.46,13.54,78
2009.08.25,00:00,13.61,13.80,13.38,13.66,80
2009.08.26,00:00,13.63,13.85,13.58,13.82,36
2009.08.27,00:00,13.88,14.07,13.73,14.01,56
2009.08.28,00:00,14.39,15.03,14.37,14.73,99
2009.08.31,00:00,14.56,14.63,14.33,14.52,57
2009.09.01,00:00,14.51,14.92,13.95,14.03,147
2009.09.02,00:00,14.05,14.37,13.97,14.23,63
2009.09.03,00:00,14.23,14.59,14.19,14.57,47
2009.09.04,00:00,14.51,15.21,14.51,15.11,81
2009.09.08,00:00,15.22,15.53,15.10,15.53,56
2009.09.09,00:00,15.50,15.99,15.28,15.96,97
2009.09.10,00:00,16.01,16.49,15.83,16.47,87
2009.09.11,00:00,16.43,16.49,16.20,16.32,48
2009.09.14,00:00,16.08,16.21,15.91,16.05,58
2009.09.15,00:00,16.20,16.58,16.05,16.38,89
2009.09.16,00:00,16.34,16.37,15.70,15.94,95
2009.09.17,00:00,15.90,15.90,14.97,15.24,121
2009.09.18,00:00,15.39,15.50,15.10,15.22,64
2009.09.21,00:00,15.04,15.41,14.91,15.15,90
2009.09.22,00:00,15.26,15.35,15.06,15.18,51
2009.09.23,00:00,15.27,15.40,14.92,14.94,64
2009.09.24,00:00,15.19,15.19,14.69,14.74,56
2009.09.25,00:00,14.66,14.73,14.39,14.50,53
2009.09.28,00:00,14.55,15.20,14.55,14.83,103
2009.09.29,00:00,14.92,15.10,14.53,14.56,79
2009.09.30,00:00,14.86,15.21,14.53,15.03,120
2009.10.01,00:00,14.98,14.98,13.95,13.96,105
2009.10.02,00:00,13.82,14.15,13.74,13.85,80
2009.10.05,00:00,14.00,14.05,13.54,13.78,81
2009.10.06,00:00,13.95,14.25,13.85,14.01,75
2009.10.07,00:00,13.91,14.06,13.75,13.90,62
2009.10.08,00:00,13.98,14.02,13.49,13.99,106
2009.10.09,00:00,13.91,14.19,13.89,14.17,35
2009.10.12,00:00,13.93,14.28,13.92,14.01,65
2009.10.13,00:00,14.09,14.25,13.83,13.96,72
2009.10.14,00:00,14.50,14.50,13.87,13.94,71
2009.10.15,00:00,13.92,14.05,13.44,13.53,84
2009.10.16,00:00,13.36,13.40,12.98,13.22,71
2009.10.19,00:00,13.33,13.81,13.22,13.70,82
2009.10.20,00:00,13.93,14.03,13.60,13.71,65
2009.10.21,00:00,13.66,13.87,13.31,13.38,85
2009.10.22,00:00,13.31,13.54,13.08,13.47,77
2009.10.23,00:00,13.65,13.65,13.07,13.15,67
2009.10.26,00:00,13.25,13.45,12.91,12.98,82
2009.10.27,00:00,12.92,13.11,12.41,12.54,103
2009.10.28,00:00,12.26,12.54,11.96,12.02,93
2009.10.29,00:00,12.21,12.61,12.10,12.55,69
2009.10.30,00:00,12.49,12.54,11.90,11.96,76
2009.11.02,00:00,11.94,12.33,11.73,12.07,108
2009.11.03,00:00,11.68,12.07,11.56,12.01,70
2009.11.04,00:00,12.10,12.23,11.93,11.98,49
2009.11.05,00:00,12.12,12.39,12.08,12.27,48
2009.11.06,00:00,13.04,13.43,12.88,13.16,99
2009.11.09,00:00,13.34,13.65,13.33,13.46,53
2009.11.10,00:00,13.51,13.51,12.96,13.13,73
2009.11.11,00:00,13.35,13.82,13.33,13.50,84
2009.11.12,00:00,13.62,13.85,13.42,13.46,71
2009.11.13,00:00,13.45,13.63,13.39,13.56,38
2009.11.16,00:00,13.68,13.91,13.61,13.75,54
2009.11.17,00:00,13.76,13.76,13.47,13.73,56
2009.11.18,00:00,13.60,13.65,13.29,13.52,65
2009.11.19,00:00,13.23,13.23,12.74,12.98,74
2009.11.20,00:00,12.68,12.96,12.65,12.90,41
2009.11.23,00:00,13.09,13.33,12.94,13.00,70
2009.11.24,00:00,12.94,13.03,12.71,12.92,63
2009.11.25,00:00,13.07,13.25,12.98,13.07,55
2009.11.27,00:00,12.60,12.94,12.53,12.79,64
2009.11.30,00:00,12.84,13.07,12.70,13.06,53
2009.12.01,00:00,13.13,13.47,13.06,13.32,64
2009.12.02,00:00,13.35,13.75,13.27,13.72,60
2009.12.03,00:00,13.88,14.13,13.81,13.83,60
2009.12.04,00:00,14.09,14.32,13.87,14.26,74
2009.12.07,00:00,15.85,16.45,15.10,16.09,247
2009.12.08,00:00,15.83,15.90,15.22,15.31,85
2009.12.09,00:00,15.47,15.81,15.32,15.69,77
2009.12.10,00:00,15.80,15.90,15.36,15.41,70
2009.12.11,00:00,15.54,15.56,15.17,15.21,46
2009.12.14,00:00,15.43,15.72,15.26,15.67,69
2009.12.15,00:00,15.56,15.91,15.52,15.65,70
2009.12.16,00:00,16.21,17.09,16.12,16.91,125
2009.12.17,00:00,16.96,17.48,16.58,16.83,168
2009.12.18,00:00,16.97,17.03,16.62,16.82,68
2009.12.21,00:00,16.92,17.49,16.90,17.42,69
2009.12.22,00:00,17.42,18.06,17.40,17.88,87
2009.12.23,00:00,18.05,18.18,17.82,18.13,65
2009.12.24,00:00,18.18,18.21,18.02,18.09,30
2009.12.28,00:00,18.06,18.22,17.62,17.80,95
2009.12.29,00:00,17.74,18.07,17.70,18.02,47
2009.12.30,00:00,18.19,18.78,18.06,18.67,97
2009.12.31,00:00,18.71,18.95,18.66,18.68,56
2010.01.04,00:00,18.51,18.62,18.11,18.49,101
2010.01.05,00:00,18.42,18.96,18.42,18.76,75
2010.01.06,00:00,18.75,18.92,18.57,18.88,58
2010.01.07,00:00,18.78,18.86,18.37,18.51,72
2010.01.08,00:00,18.36,18.68,18.25,18.55,68
2010.01.11,00:00,18.65,18.73,18.03,18.29,105
2010.01.12,00:00,18.02,18.09,17.29,17.67,126
2010.01.13,00:00,17.79,17.97,17.10,17.91,163
2010.01.14,00:00,17.69,17.82,17.33,17.63,93
2010.01.15,00:00,17.50,17.65,16.88,17.11,116
2010.01.19,00:00,16.98,17.54,16.93,17.43,78
2010.01.20,00:00,17.21,17.43,16.98,17.36,76
2010.01.21,00:00,17.35,17.66,16.89,17.05,125
2010.01.22,00:00,16.85,17.16,16.36,16.46,122
2010.01.25,00:00,16.73,17.06,16.61,16.74,90
2010.01.26,00:00,16.66,16.77,16.20,16.21,70
2010.01.27,00:00,16.20,16.71,16.02,16.65,94
2010.01.28,00:00,16.78,16.84,15.86,16.09,128
2010.01.29,00:00,16.27,16.45,15.15,15.39,173
2010.02.01,00:00,15.45,16.60,15.32,16.57,145
2010.02.02,00:00,16.51,16.95,16.46,16.74,76
2010.02.03,00:00,16.59,16.95,16.51,16.88,60
2010.02.04,00:00,16.73,16.73,15.72,15.90,120
2010.02.05,00:00,15.88,16.26,15.60,16.22,99
2010.02.08,00:00,16.17,16.58,15.87,16.19,141
2010.02.09,00:00,16.45,16.53,15.90,16.06,88
2010.02.10,00:00,16.16,16.52,16.05,16.37,74
2010.02.11,00:00,16.63,17.30,16.51,17.12,110
2010.02.12,00:00,17.00,17.70,16.81,17.35,144
2010.02.16,00:00,17.58,17.74,17.37,17.67,66
2010.02.17,00:00,17.89,17.90,17.33,17.84,110
2010.02.18,00:00,16.86,16.95,16.21,16.67,130
2010.02.19,00:00,16.60,16.78,16.50,16.58,55
2010.02.22,00:00,16.65,16.90,16.50,16.61,77
2010.02.23,00:00,16.66,16.73,16.04,16.21,94
2010.02.24,00:00,16.35,16.71,16.30,16.55,63
2010.02.25,00:00,16.17,16.44,15.76,16.40,114
2010.02.26,00:00,16.32,16.44,16.10,16.20,57
2010.03.01,00:00,16.21,16.93,16.08,16.85,107
2010.03.02,00:00,17.00,17.21,16.72,16.84,83
2010.03.03,00:00,16.94,17.03,16.49,16.63,78
2010.03.04,00:00,16.70,16.83,16.45,16.66,73
2010.03.05,00:00,16.54,17.29,16.54,17.17,88
2010.03.08,00:00,17.18,17.23,16.85,16.92,51
2010.03.09,00:00,17.09,17.72,17.08,17.55,83
2010.03.10,00:00,17.50,17.78,17.49,17.59,50
2010.03.11,00:00,17.45,17.51,17.12,17.19,53
2010.03.12,00:00,17.38,17.43,17.16,17.25,42
2010.03.15,00:00,17.23,17.40,17.00,17.16,74
2010.03.16,00:00,17.15,17.86,17.14,17.76,84
2010.03.17,00:00,17.86,18.34,17.86,18.10,73
2010.03.18,00:00,18.13,18.13,17.30,17.46,100
2010.03.19,00:00,17.72,17.77,17.03,17.25,102
2010.03.22,00:00,17.03,17.60,17.03,17.53,65
2010.03.23,00:00,17.66,17.98,17.54,17.89,66
2010.03.24,00:00,17.74,17.79,17.26,17.29,62
2010.03.25,00:00,17.54,17.65,17.30,17.34,51
2010.03.26,00:00,17.49,17.67,17.20,17.34,80
2010.03.29,00:00,17.45,17.60,17.21,17.56,68
2010.03.30,00:00,17.76,17.85,17.33,17.63,92
2010.03.31,00:00,17.56,17.64,17.31,17.40,51
2010.04.01,00:00,17.48,17.68,17.04,17.22,103
2010.04.05,00:00,17.33,17.51,17.31,17.48,26
2010.04.06,00:00,17.26,17.30,16.75,17.05,90
2010.04.07,00:00,16.94,17.45,16.80,17.16,109
2010.04.08,00:00,17.05,17.18,16.79,16.88,62
2010.04.09,00:00,16.84,17.05,16.75,16.99,46
2010.04.12,00:00,17.01,17.37,16.98,17.30,50
2010.04.13,00:00,17.37,17.72,17.30,17.66,56
2010.04.14,00:00,18.04,18.13,17.60,17.88,91
2010.04.15,00:00,17.94,18.12,17.76,18.01,66
2010.04.16,00:00,17.28,17.35,16.68,17.06,113
2010.04.19,00:00,16.93,17.03,16.41,16.98,120
2010.04.20,00:00,17.10,17.28,16.82,17.04,87
2010.04.21,00:00,17.13,17.15,16.40,16.60,98
2010.04.22,00:00,16.33,16.72,16.10,16.67,91
2010.04.23,00:00,16.62,16.66,16.15,16.44,85
2010.04.26,00:00,16.46,16.80,16.43,16.60,61
2010.04.27,00:00,16.48,16.65,16.08,16.13,80
2010.04.28,00:00,16.12,16.39,15.83,16.16,109
2010.04.29,00:00,16.21,16.67,15.97,16.65,97
2010.04.30,00:00,16.45,16.48,15.70,15.71,83
2010.05.03,00:00,15.79,15.88,15.30,15.54,92
2010.05.04,00:00,15.30,15.33,14.53,14.75,106
2010.05.05,00:00,14.45,14.87,14.32,14.50,106
2010.05.06,00:00,14.40,14.70,13.04,14.20,313
2010.05.07,00:00,14.33,14.33,13.46,13.96,138
2010.05.10,00:00,14.80,14.98,14.40,14.56,93
2010.05.11,00:00,14.42,14.69,14.29,14.40,79
2010.05.12,00:00,14.50,14.76,14.41,14.68,53
2010.05.13,00:00,14.62,15.29,14.51,14.65,154
2010.05.14,00:00,13.66,13.70,12.60,12.96,151
2010.05.17,00:00,12.98,13.15,12.58,12.99,114
2010.05.18,00:00,13.10,13.18,12.49,12.56,85
2010.05.19,00:00,12.50,12.78,12.41,12.76,49
2010.05.20,00:00,12.39,12.76,12.01,12.46,144
2010.05.21,00:00,12.10,13.08,12.10,12.73,134
2010.05.24,00:00,12.69,12.84,12.32,12.36,72
2010.05.25,00:00,11.97,12.75,11.85,12.69,109
2010.05.26,00:00,13.20,13.45,12.71,12.75,104
2010.05.27,00:00,13.07,13.50,13.04,13.50,50
2010.05.28,00:00,13.48,13.48,12.94,13.14,75
2010.06.01,00:00,12.96,13.11,12.57,12.58,71
2010.06.02,00:00,12.60,12.74,12.52,12.72,33
2010.06.03,00:00,12.46,12.73,12.42,12.70,39
2010.06.04,00:00,12.33,12.55,12.03,12.10,82
2010.06.07,00:00,12.15,12.23,11.45,11.50,92
2010.06.08,00:00,11.45,11.45,10.89,11.18,86
2010.06.09,00:00,11.24,11.54,10.87,10.91,102
2010.06.10,00:00,11.13,11.40,11.10,11.35,39
2010.06.11,00:00,11.23,11.66,11.20,11.61,55
2010.06.14,00:00,11.78,11.80,11.33,11.36,53
2010.06.15,00:00,11.49,11.98,11.47,11.92,60
2010.06.16,00:00,11.84,11.95,11.61,11.77,62
2010.06.17,00:00,12.18,12.25,11.76,12.22,95
2010.06.18,00:00,12.29,12.45,12.20,12.30,50
2010.06.21,00:00,12.56,12.59,11.90,12.01,84
2010.06.22,00:00,12.16,12.31,11.50,11.56,103
2010.06.23,00:00,11.67,11.81,11.34,11.69,93
2010.06.24,00:00,11.62,11.68,11.07,11.11,72
2010.06.25,00:00,11.19,11.20,10.90,11.08,50
2010.06.28,00:00,11.16,11.26,10.90,11.10,67
2010.06.29,00:00,10.86,10.87,10.41,10.48,55
2010.06.30,00:00,10.50,10.61,10.21,10.21,52
2010.07.01,00:00,10.24,10.45,9.93,10.38,91
2010.07.02,00:00,10.42,10.44,9.90,10.25,92
2010.07.06,00:00,10.21,10.54,10.05,10.14,92
2010.07.07,00:00,10.18,10.69,10.16,10.63,62
2010.07.08,00:00,10.70,10.71,10.18,10.31,68
2010.07.09,00:00,10.36,10.42,10.22,10.35,40
2010.07.12,00:00,10.35,10.67,10.34,10.54,48
2010.07.13,00:00,10.71,10.99,10.65,10.92,48
2010.07.14,00:00,11.40,11.48,10.87,11.03,86
2010.07.15,00:00,11.04,11.05,10.59,10.72,61
2010.07.16,00:00,10.72,10.75,10.01,10.05,82
2010.07.19,00:00,10.19,10.50,10.12,10.46,50
2010.07.20,00:00,10.19,10.78,10.10,10.72,84
2010.07.21,00:00,10.82,10.83,10.27,10.37,68
2010.07.22,00:00,10.48,10.65,10.42,10.54,41
2010.07.23,00:00,10.53,10.54,10.26,10.36,40
2010.07.26,00:00,10.33,10.59,10.17,10.55,63
2010.07.27,00:00,10.58,10.60,10.33,10.46,43
2010.07.28,00:00,10.29,10.47,10.10,10.13,59
2010.07.29,00:00,9.40,9.60,9.07,9.13,80
2010.07.30,00:00,9.06,9.35,8.92,9.19,74
2010.08.02,00:00,9.35,9.39,9.14,9.18,34
2010.08.03,00:00,9.11,9.12,8.87,8.94,34
2010.08.04,00:00,9.02,9.35,8.98,9.32,45
2010.08.05,00:00,9.35,9.46,9.18,9.44,48
2010.08.06,00:00,9.40,9.65,9.32,9.55,52
2010.08.09,00:00,9.65,9.66,9.41,9.64,50
2010.08.10,00:00,9.48,9.50,9.20,9.24,37
2010.08.11,00:00,9.05,9.05,8.85,8.88,24
2010.08.12,00:00,8.72,9.16,8.65,8.96,79
2010.08.13,00:00,9.25,9.52,9.23,9.39,45
2010.08.16,00:00,9.26,9.45,9.03,9.15,74
2010.08.17,00:00,9.24,9.44,9.15,9.27,56
2010.08.18,00:00,9.24,9.40,9.18,9.32,37
2010.08.19,00:00,9.42,9.91,9.37,9.88,63
2010.08.20,00:00,9.81,10.21,9.80,9.97,67
2010.08.23,00:00,10.00,10.25,9.79,9.82,75
2010.08.24,00:00,9.50,9.82,9.48,9.72,47
2010.08.25,00:00,9.61,10.00,9.56,9.92,58
2010.08.26,00:00,10.05,10.16,9.80,9.80,48
2010.08.27,00:00,9.86,10.20,9.61,10.12,93
2010.08.30,00:00,10.00,10.08,9.64,9.64,53
2010.08.31,00:00,9.50,9.80,9.30,9.33,84
2010.09.01,00:00,9.47,9.59,9.35,9.40,42
2010.09.02,00:00,9.43,9.60,9.34,9.57,39
2010.09.03,00:00,9.80,9.93,9.68,9.90,41
2010.09.07,00:00,9.87,10.22,9.85,9.99,63
2010.09.08,00:00,10.01,10.39,9.90,10.32,68
2010.09.09,00:00,10.45,10.46,10.05,10.18,56
2010.09.10,00:00,10.25,10.28,9.98,10.07,43
2010.09.13,00:00,10.25,10.77,10.25,10.64,66
2010.09.14,00:00,10.55,10.68,10.45,10.54,46
2010.09.15,00:00,10.44,10.57,10.30,10.56,43
2010.09.16,00:00,10.42,10.66,10.42,10.57,34
2010.09.17,00:00,10.67,10.68,10.52,10.55,21
2010.09.20,00:00,10.55,10.75,10.45,10.71,45
2010.09.21,00:00,10.65,11.47,10.65,11.29,101
2010.09.22,00:00,11.25,11.49,11.18,11.39,49
2010.09.23,00:00,11.52,11.98,11.42,11.62,103
2010.09.24,00:00,11.88,12.30,11.79,12.26,65
2010.09.27,00:00,12.35,12.36,11.84,12.00,70
2010.09.28,00:00,12.01,12.14,11.76,11.97,73
2010.09.29,00:00,11.86,12.23,11.75,11.88,95
2010.09.30,00:00,12.03,12.17,11.58,11.68,84
2010.10.01,00:00,11.85,11.87,11.26,11.35,73
2010.10.04,00:00,11.24,11.43,11.01,11.24,85
2010.10.05,00:00,11.48,11.50,11.29,11.32,27
2010.10.06,00:00,11.32,11.37,10.67,10.78,87
2010.10.07,00:00,10.83,10.84,10.38,10.70,80
2010.10.08,00:00,10.66,10.95,10.51,10.86,69
2010.10.11,00:00,10.91,11.00,10.76,10.81,39
2010.10.12,00:00,10.72,11.07,10.63,11.02,59
2010.10.13,00:00,11.20,11.50,11.08,11.34,71
2010.10.14,00:00,11.35,11.37,11.11,11.16,34
2010.10.15,00:00,11.34,11.47,11.16,11.29,58
2010.10.18,00:00,11.30,11.41,11.10,11.36,57
2010.10.19,00:00,11.11,11.37,11.02,11.29,53
2010.10.20,00:00,11.30,11.60,11.10,11.29,100
2010.10.21,00:00,11.30,11.32,10.92,11.09,60
2010.10.22,00:00,11.16,11.89,11.04,11.80,107
2010.10.25,00:00,11.89,12.00,11.78,11.91,43
2010.10.26,00:00,11.77,12.05,11.67,11.87,67
2010.10.27,00:00,11.76,12.08,11.73,12.04,43
2010.10.28,00:00,12.20,12.24,11.94,12.05,46
2010.10.29,00:00,12.03,12.15,11.90,12.02,50
2010.11.01,00:00,12.10,12.29,11.94,12.04,65
2010.11.02,00:00,12.09,12.49,12.02,12.29,75
2010.11.03,00:00,12.37,12.46,12.05,12.38,82
2010.11.04,00:00,12.50,12.63,12.38,12.40,41
2010.11.05,00:00,12.49,12.72,12.43,12.61,47
2010.11.08,00:00,12.60,12.77,12.50,12.66,49
2010.11.09,00:00,12.66,12.76,12.52,12.59,42
2010.11.10,00:00,12.68,12.74,12.50,12.74,43
2010.11.11,00:00,12.44,12.82,12.27,12.61,94
2010.11.12,00:00,13.09,13.68,13.03,13.26,114
2010.11.15,00:00,13.32,13.51,13.07,13.10,67
2010.11.16,00:00,12.88,13.06,12.69,12.71,58
2010.11.17,00:00,12.70,13.07,12.58,12.92,77
2010.11.18,00:00,13.09,13.45,13.09,13.32,50
2010.11.19,00:00,13.29,13.80,13.27,13.75,61
2010.11.22,00:00,13.66,13.84,13.54,13.76,51
2010.11.23,00:00,13.60,13.74,13.34,13.44,65
2010.11.24,00:00,13.58,13.82,13.57,13.77,32
2010.11.26,00:00,13.76,13.84,13.60,13.64,37
2010.11.29,00:00,13.54,13.80,13.48,13.75,44
2010.11.30,00:00,13.54,13.68,13.36,13.61,58
2010.12.01,00:00,13.88,14.30,13.86,14.21,56
2010.12.02,00:00,14.21,14.47,14.20,14.38,38
2010.12.03,00:00,14.31,14.79,14.28,14.79,55
2010.12.06,00:00,14.84,14.87,14.45,14.51,52
2010.12.07,00:00,14.85,15.33,14.82,14.98,90
2010.12.08,00:00,14.96,15.27,14.85,15.11,70
2010.12.09,00:00,14.75,14.96,14.54,14.86,74
2010.12.10,00:00,14.86,15.09,14.82,14.95,46
2010.12.13,00:00,15.01,15.04,14.53,14.57,59
2010.12.14,00:00,14.85,15.12,14.57,14.59,85
2010.12.15,00:00,14.62,14.80,14.25,14.27,76
2010.12.16,00:00,14.42,14.50,14.25,14.29,38
2010.12.17,00:00,14.30,14.45,14.13,14.37,58
2010.12.20,00:00,14.42,14.49,14.30,14.31,28
2010.12.21,00:00,14.45,14.87,14.44,14.87,45
2010.12.22,00:00,14.84,15.05,14.70,15.03,52
2010.12.23,00:00,15.03,15.03,14.86,14.92,24
2010.12.27,00:00,14.88,15.11,14.61,15.00,89
2010.12.28,00:00,15.00,15.10,14.85,14.94,45
2010.12.29,00:00,14.93,15.05,14.80,14.94,50
2010.12.30,00:00,14.92,15.08,14.87,14.99,36
2010.12.31,00:00,15.00,15.42,14.98,15.40,49
2011.01.03,00:00,15.52,15.97,15.50,15.82,65
2011.01.04,00:00,15.85,15.92,15.42,15.77,93
2011.01.05,00:00,16.06,17.00,15.90,16.98,129
2011.01.06,00:00,17.42,19.34,17.37,19.33,204
2011.01.07,00:00,19.11,19.93,18.68,19.87,175
2011.01.10,00:00,19.51,20.67,19.36,20.63,151
2011.01.11,00:00,20.91,21.11,19.87,20.31,189
2011.01.12,00:00,20.32,23.37,20.25,23.35,322
2011.01.13,00:00,23.10,23.84,22.38,23.39,264
2011.01.14,00:00,22.99,23.98,22.85,23.59,167
2011.01.18,00:00,23.27,23.43,22.47,23.04,170
2011.01.19,00:00,23.05,23.60,22.36,22.41,185
2011.01.20,00:00,22.19,22.56,21.79,22.43,131
2011.01.21,00:00,22.67,22.99,22.18,22.22,118
2011.01.24,00:00,23.24,25.05,22.98,24.73,266
2011.01.25,00:00,24.62,24.88,23.81,23.97,150
2011.01.26,00:00,24.22,25.00,24.05,24.54,159
2011.01.27,00:00,24.89,24.95,24.00,24.47,149
2011.01.28,00:00,24.53,24.94,23.20,23.76,272
2011.01.31,00:00,23.80,24.25,23.41,23.92,157
2011.02.01,00:00,24.13,24.65,23.97,24.47,103
2011.02.02,00:00,24.33,26.17,24.33,25.58,244
2011.02.03,00:00,25.62,25.62,24.55,25.10,163
2011.02.04,00:00,25.45,25.87,25.35,25.67,83
2011.02.07,00:00,25.32,25.43,24.51,24.60,113
2011.02.08,00:00,24.63,24.79,23.76,23.87,131
2011.02.09,00:00,23.96,24.20,22.86,23.29,202
2011.02.10,00:00,22.77,23.21,22.60,22.82,118
2011.02.11,00:00,22.74,24.21,22.37,23.47,296
2011.02.14,00:00,23.75,24.50,23.02,23.11,233
2011.02.15,00:00,23.15,23.23,22.45,22.55,97
2011.02.16,00:00,22.85,23.71,22.77,23.38,136
2011.02.17,00:00,22.72,26.01,22.61,25.68,385
2011.02.18,00:00,25.54,25.95,25.23,25.63,136
2011.02.22,00:00,24.79,24.86,23.13,23.21,189
2011.02.23,00:00,23.21,23.43,21.78,22.11,221
2011.02.24,00:00,22.22,23.04,22.06,22.65,154
2011.02.25,00:00,23.26,23.50,22.94,23.12,99
2011.02.28,00:00,23.50,23.51,22.14,22.66,191
2011.03.01,00:00,22.70,22.99,21.65,21.65,164
2011.03.02,00:00,21.62,22.03,20.25,20.75,270
2011.03.03,00:00,21.23,21.35,20.24,20.87,187
2011.03.04,00:00,20.89,21.10,20.53,20.76,102
2011.03.07,00:00,20.91,20.98,19.95,20.47,163
2011.03.08,00:00,20.69,20.80,19.12,19.55,223
2011.03.09,00:00,19.49,19.68,18.97,19.14,108
2011.03.10,00:00,18.70,18.84,17.90,17.92,111
2011.03.11,00:00,18.07,18.55,17.66,18.05,177
2011.03.14,00:00,18.19,18.65,17.90,18.20,150
2011.03.15,00:00,17.31,17.96,17.01,17.66,156
2011.03.16,00:00,17.50,18.35,17.30,17.53,208
2011.03.17,00:00,18.00,18.03,17.20,17.86,153
2011.03.18,00:00,18.14,18.20,17.60,17.62,69
2011.03.21,00:00,18.00,18.18,17.58,17.76,97
2011.03.22,00:00,17.71,17.88,17.37,17.45,77
2011.03.23,00:00,17.42,17.86,17.04,17.81,126
2011.03.24,00:00,18.19,19.45,18.15,19.23,157
2011.03.25,00:00,19.40,19.45,18.60,18.63,94
2011.03.28,00:00,19.07,19.64,18.90,19.32,124
2011.03.29,00:00,19.32,19.39,18.91,19.17,82
2011.03.30,00:00,19.32,19.40,18.21,18.45,152
2011.03.31,00:00,18.48,18.68,18.12,18.46,111
2011.04.01,00:00,18.70,18.72,17.95,18.20,105
2011.04.04,00:00,18.20,18.25,17.42,17.55,102
2011.04.05,00:00,17.81,17.95,17.54,17.58,60
2011.04.06,00:00,17.71,17.73,17.31,17.46,60
2011.04.07,00:00,17.50,18.21,17.43,18.10,97
2011.04.08,00:00,18.24,18.24,17.50,17.55,80
2011.04.11,00:00,17.62,17.71,17.13,17.32,87
2011.04.12,00:00,17.15,17.49,16.83,17.37,111
2011.04.13,00:00,17.55,17.87,17.33,17.76,88
2011.04.14,00:00,17.60,18.52,17.50,18.51,114
2011.04.15,00:00,18.37,18.94,18.28,18.71,99
2011.04.18,00:00,18.27,18.39,17.80,18.09,101
2011.04.19,00:00,18.10,18.17,17.53,18.02,121
2011.04.20,00:00,18.68,18.95,18.27,18.57,126
2011.04.21,00:00,18.77,18.89,18.48,18.52,58
2011.04.25,00:00,18.60,19.12,18.59,18.81,86
2011.04.26,00:00,18.97,19.49,18.78,19.30,110
2011.04.27,00:00,19.40,19.40,18.90,19.30,91
2011.04.28,00:00,19.30,19.90,19.08,19.51,144
2011.04.29,00:00,19.64,20.44,19.61,20.00,131
2011.05.02,00:00,20.42,20.43,19.63,19.73,92
2011.05.03,00:00,19.50,19.56,18.55,18.79,132
2011.05.04,00:00,18.85,19.06,18.30,18.65,133
2011.05.05,00:00,18.50,18.88,18.25,18.66,111
2011.05.06,00:00,19.05,19.50,18.90,19.32,94
2011.05.09,00:00,19.38,19.85,19.33,19.75,68
2011.05.10,00:00,19.91,19.93,19.58,19.78,58
2011.05.11,00:00,19.88,20.08,19.60,19.87,96
2011.05.12,00:00,19.80,20.52,19.75,20.50,85
2011.05.13,00:00,19.20,19.25,18.12,18.26,133
2011.05.16,00:00,18.21,18.25,17.69,17.70,62
2011.05.17,00:00,17.64,17.65,17.12,17.63,106
2011.05.18,00:00,17.70,18.19,17.64,18.04,77
2011.05.19,00:00,18.18,18.19,17.51,17.78,97
2011.05.20,00:00,17.74,18.13,17.66,18.09,60
2011.05.23,00:00,17.83,18.20,17.60,18.07,97
2011.05.24,00:00,18.16,18.87,18.11,18.14,151
2011.05.25,00:00,18.05,18.48,17.87,18.36,92
2011.05.26,00:00,18.36,18.98,18.31,18.82,89
2011.05.27,00:00,18.90,19.53,18.88,19.50,71
2011.05.31,00:00,19.88,20.05,19.40,20.04,115
2011.06.01,00:00,19.95,19.98,19.10,19.14,96
2011.06.02,00:00,19.17,19.31,18.82,19.05,87
2011.06.03,00:00,18.83,19.00,18.37,18.46,90
2011.06.06,00:00,18.43,18.60,18.05,18.07,75
2011.06.07,00:00,18.21,18.31,17.98,18.06,52
2011.06.08,00:00,17.97,18.08,17.43,17.57,91
2011.06.09,00:00,17.56,17.60,16.74,17.37,154
2011.06.10,00:00,17.40,17.51,16.98,17.12,79
2011.06.13,00:00,17.12,17.34,16.88,17.00,81
2011.06.14,00:00,17.15,17.52,17.07,17.14,90
2011.06.15,00:00,16.91,17.01,16.42,16.77,105
2011.06.16,00:00,16.78,17.04,15.95,16.19,160
2011.06.17,00:00,16.38,16.39,15.31,15.81,160
2011.06.20,00:00,15.67,16.00,15.50,15.62,96
2011.06.21,00:00,15.68,16.08,15.53,15.96,83
2011.06.22,00:00,15.85,16.06,15.71,15.74,60
2011.06.23,00:00,15.54,16.32,15.40,16.21,118
2011.06.24,00:00,16.13,16.27,15.64,15.74,88
2011.06.27,00:00,15.74,15.84,14.86,15.41,164
2011.06.28,00:00,15.41,15.68,15.30,15.50,68
2011.06.29,00:00,15.60,15.90,15.06,15.74,155
2011.06.30,00:00,15.78,16.11,15.54,15.94,99
2011.07.01,00:00,15.94,16.21,15.62,16.15,98
2011.07.05,00:00,16.13,16.28,15.74,15.88,84
2011.07.06,00:00,15.87,15.90,15.48,15.67,65
2011.07.07,00:00,15.75,15.83,15.45,15.73,75
2011.07.08,00:00,15.51,15.62,15.30,15.43,57
2011.07.11,00:00,15.14,15.20,14.85,14.89,46
2011.07.12,00:00,14.82,14.96,14.44,14.69,92
2011.07.13,00:00,14.89,14.99,14.52,14.66,72
2011.07.14,00:00,14.72,14.81,14.01,14.08,97
2011.07.15,00:00,14.16,14.25,13.81,14.10,83
2011.07.18,00:00,13.99,14.07,13.62,13.80,72
2011.07.19,00:00,13.84,14.25,13.84,14.22,45
2011.07.20,00:00,14.27,14.35,14.00,14.04,48
2011.07.21,00:00,14.06,14.80,13.85,14.70,127
2011.07.22,00:00,14.83,15.05,14.64,15.00,66
2011.07.25,00:00,14.77,14.83,14.55,14.76,56
2011.07.26,00:00,14.34,14.70,14.19,14.40,97
2011.07.27,00:00,14.20,14.27,13.82,13.86,57
2011.07.28,00:00,13.81,14.12,13.59,13.83,105
2011.07.29,00:00,13.69,13.96,13.62,13.83,55
2011.08.01,00:00,14.15,14.61,14.03,14.57,75
2011.08.02,00:00,14.47,15.38,14.42,14.42,188
2011.08.03,00:00,14.45,14.86,14.31,14.81,75
2011.08.04,00:00,14.54,14.54,13.40,13.40,115
2011.08.05,00:00,13.71,13.88,12.60,12.95,181
2011.08.08,00:00,12.32,12.76,11.85,11.93,144
2011.08.09,00:00,12.16,12.95,12.00,12.93,114
2011.08.10,00:00,12.55,12.91,12.27,12.34,108
2011.08.11,00:00,12.34,13.59,12.34,13.41,144
2011.08.12,00:00,14.84,14.86,12.67,12.88,243
2011.08.15,00:00,13.01,13.40,12.94,13.37,57
2011.08.16,00:00,13.22,13.40,12.75,12.99,108
2011.08.17,00:00,13.03,13.25,12.64,12.81,101
2011.08.18,00:00,12.23,12.35,11.80,11.94,82
2011.08.19,00:00,11.74,12.39,11.65,11.73,148
2011.08.22,00:00,12.06,12.20,11.81,11.94,67
2011.08.23,00:00,12.23,13.24,12.21,13.23,107
2011.08.24,00:00,13.20,13.24,12.70,13.04,93
2011.08.25,00:00,12.78,13.01,12.46,12.48,81
2011.08.26,00:00,12.43,13.14,12.21,13.01,129
2011.08.29,00:00,13.38,13.41,13.07,13.36,67
2011.08.30,00:00,13.27,13.79,13.18,13.68,82
2011.08.31,00:00,13.78,13.92,13.20,13.31,98
2011.09.01,00:00,13.49,13.78,13.27,13.28,82
2011.09.02,00:00,12.98,13.16,12.82,12.92,63
2011.09.06,00:00,12.50,13.21,12.38,13.18,99
2011.09.07,00:00,14.25,14.64,13.86,14.25,157
2011.09.08,00:00,14.11,14.45,13.95,14.18,94
2011.09.09,00:00,14.06,14.44,13.76,13.88,119
2011.09.12,00:00,13.69,14.33,13.69,14.21,77
2011.09.13,00:00,14.33,14.60,14.11,14.53,79
2011.09.14,00:00,14.91,15.47,14.90,15.28,78
2011.09.15,00:00,15.62,15.70,15.36,15.50,57
2011.09.16,00:00,15.53,16.10,15.38,15.46,138
2011.09.19,00:00,15.20,15.31,14.75,15.14,107
2011.09.20,00:00,15.33,15.39,14.68,14.75,85
2011.09.21,00:00,14.83,15.09,14.46,14.47,91
2011.09.22,00:00,13.90,13.92,13.25,13.51,96
2011.09.23,00:00,13.43,14.18,13.35,13.79,131
2011.09.26,00:00,13.96,14.00,13.20,13.82,147
2011.09.27,00:00,14.17,14.29,13.73,13.84,80
2011.09.28,00:00,13.87,14.22,13.20,13.42,160
2011.09.29,00:00,13.66,13.89,12.75,13.09,172
2011.09.30,00:00,12.88,12.95,12.49,12.51,56
2011.10.03,00:00,12.35,12.74,11.81,11.81,133
2011.10.04,00:00,11.52,12.90,11.47,12.90,149
2011.10.05,00:00,12.87,13.48,12.61,13.36,126
2011.10.06,00:00,13.43,13.93,13.41,13.89,59
2011.10.07,00:00,13.95,14.36,13.66,14.15,121
2011.10.10,00:00,14.39,14.78,14.36,14.78,46
2011.10.11,00:00,14.66,14.90,14.57,14.62,63
2011.10.12,00:00,14.90,14.91,14.60,14.61,34
2011.10.13,00:00,14.54,15.49,14.50,15.46,107
2011.10.14,00:00,15.73,15.89,15.34,15.72,110
2011.10.17,00:00,15.54,15.54,14.86,14.94,77
2011.10.18,00:00,14.86,15.52,14.77,15.48,89
2011.10.19,00:00,15.50,15.77,15.13,15.17,96
2011.10.20,00:00,14.76,14.82,13.84,14.41,162
2011.10.21,00:00,14.59,14.83,14.24,14.48,108
2011.10.24,00:00,14.54,15.25,14.51,15.02,101
2011.10.25,00:00,14.81,14.93,14.42,14.45,67
2011.10.26,00:00,14.73,14.81,14.20,14.62,112
2011.10.27,00:00,15.16,15.40,14.82,15.25,108
2011.10.28,00:00,15.12,15.74,15.08,15.60,85
2011.10.31,00:00,15.10,15.19,14.80,14.80,49
2011.11.01,00:00,14.26,14.30,13.92,14.06,57
2011.11.02,00:00,14.20,14.27,13.53,13.82,111
2011.11.03,00:00,13.97,14.68,13.60,14.65,149
2011.11.04,00:00,14.52,14.87,14.29,14.82,87
2011.11.07,00:00,14.71,14.96,14.40,14.74,110
2011.11.08,00:00,14.93,15.17,14.69,15.08,82
2011.11.09,00:00,14.73,14.92,14.26,14.32,92
2011.11.10,00:00,14.67,14.82,14.11,14.47,123
2011.11.11,00:00,14.88,15.10,14.07,14.98,197
2011.11.14,00:00,14.98,15.13,14.65,14.69,68
2011.11.15,00:00,14.55,14.99,14.51,14.88,64
2011.11.16,00:00,14.60,14.99,14.53,14.58,91
2011.11.17,00:00,14.55,14.59,13.80,14.06,110
2011.11.18,00:00,14.14,14.14,13.78,13.93,52
2011.11.21,00:00,13.71,14.77,13.50,14.63,163
2011.11.22,00:00,14.79,15.16,14.71,15.08,62
2011.11.23,00:00,14.92,15.03,14.43,14.44,73
2011.11.25,00:00,14.25,14.58,14.00,14.04,96
2011.11.28,00:00,14.50,15.05,14.50,14.83,78
2011.11.29,00:00,14.81,15.10,14.67,14.91,77
2011.11.30,00:00,15.36,15.67,15.23,15.63,62
2011.12.01,00:00,15.50,15.86,15.43,15.82,55
2011.12.02,00:00,15.99,16.05,15.57,15.72,70
2011.12.05,00:00,15.98,16.00,15.35,15.48,81
2011.12.06,00:00,15.57,15.60,15.10,15.26,70
2011.12.07,00:00,15.16,15.28,14.85,15.17,86
2011.12.08,00:00,15.02,15.27,14.64,14.69,94
2011.12.09,00:00,14.58,15.02,14.38,14.90,97
2011.12.12,00:00,14.58,14.64,14.26,14.53,72
2011.12.13,00:00,14.72,14.90,14.04,14.13,114
2011.12.14,00:00,14.01,14.09,13.43,13.58,90
2011.12.15,00:00,13.81,13.90,13.43,13.46,60
2011.12.16,00:00,13.57,13.83,13.45,13.51,71
2011.12.19,00:00,13.57,13.73,13.11,13.16,84
2011.12.20,00:00,13.46,13.95,13.46,13.90,55
2011.12.21,00:00,13.82,13.97,13.45,13.72,95
2011.12.22,00:00,13.76,14.35,13.76,14.31,64
2011.12.23,00:00,14.38,14.40,14.05,14.17,50
2011.12.27,00:00,14.11,14.28,14.02,14.06,48
2011.12.28,00:00,14.06,14.09,13.70,13.71,44
2011.12.29,00:00,13.85,14.00,13.65,13.97,59
2011.12.30,00:00,13.92,14.07,13.84,13.86,41
2012.01.03,00:00,14.30,14.40,14.01,14.04,53
2012.01.04,00:00,14.05,14.26,13.92,14.20,54
2012.01.05,00:00,14.13,14.78,14.07,14.71,85
2012.01.06,00:00,14.70,14.71,14.37,14.54,53
2012.01.09,00:00,14.55,14.82,14.44,14.54,76
2012.01.10,00:00,14.76,14.77,14.38,14.48,51
2012.01.11,00:00,14.35,14.48,14.13,14.19,55
2012.01.12,00:00,14.22,14.23,13.79,14.10,77
2012.01.13,00:00,14.00,14.03,13.66,13.73,48
2012.01.17,00:00,13.94,13.94,13.50,13.52,47
2012.01.18,00:00,13.78,14.09,13.71,13.98,57
2012.01.19,00:00,14.10,14.37,13.95,14.35,60
2012.01.20,00:00,14.33,14.50,14.17,14.22,56
2012.01.23,00:00,14.23,14.62,14.05,14.61,77
2012.01.24,00:00,14.51,15.00,14.50,14.94,58
2012.01.25,00:00,14.54,14.89,14.12,14.85,124
2012.01.26,00:00,15.07,15.24,14.63,14.71,87
2012.01.27,00:00,14.62,14.99,14.50,14.91,70
2012.01.30,00:00,14.65,14.87,14.43,14.80,74
2012.01.31,00:00,14.84,14.85,14.51,14.77,62
2012.02.01,00:00,14.94,15.10,14.73,14.93,74
2012.02.02,00:00,15.01,15.55,14.86,15.49,91
2012.02.03,00:00,15.72,15.95,15.69,15.82,43
2012.02.06,00:00,15.74,15.76,15.56,15.70,37
2012.02.07,00:00,15.72,15.83,15.46,15.74,73
2012.02.08,00:00,15.74,16.62,15.66,16.31,136
2012.02.09,00:00,16.51,16.60,16.27,16.30,46
2012.02.10,00:00,16.14,16.20,15.81,15.90,55
2012.02.13,00:00,16.30,16.36,15.82,16.15,94
2012.02.14,00:00,16.15,16.38,16.01,16.24,66
2012.02.15,00:00,16.39,16.90,16.13,16.17,133
2012.02.16,00:00,15.06,16.58,15.00,16.45,178
2012.02.17,00:00,16.46,16.57,15.70,15.85,114
2012.02.21,00:00,15.84,16.32,15.81,15.93,94
2012.02.22,00:00,15.85,16.24,15.80,15.82,86
2012.02.23,00:00,15.85,16.00,15.60,15.91,75
2012.02.24,00:00,15.96,15.98,15.72,15.79,36
2012.02.27,00:00,15.59,15.66,15.25,15.47,71
2012.02.28,00:00,15.47,15.65,15.17,15.33,83
2012.02.29,00:00,15.38,15.64,15.14,15.15,78
2012.03.01,00:00,15.21,15.43,15.15,15.25,53
2012.03.02,00:00,15.20,15.60,15.20,15.38,63
2012.03.05,00:00,15.27,15.30,14.75,14.86,70
2012.03.06,00:00,14.69,14.81,14.46,14.72,68
2012.03.07,00:00,14.80,14.87,14.60,14.81,54
2012.03.08,00:00,14.85,15.01,14.77,14.86,48
2012.03.09,00:00,14.90,15.01,14.74,14.82,47
2012.03.12,00:00,14.88,14.98,14.55,14.59,58
2012.03.13,00:00,14.65,14.87,14.58,14.79,45
2012.03.14,00:00,14.79,14.82,14.32,14.37,59
2012.03.15,00:00,14.41,14.66,14.36,14.58,44
2012.03.16,00:00,14.59,14.66,14.51,14.60,30
2012.03.19,00:00,14.68,14.75,14.57,14.64,33
2012.03.20,00:00,14.56,14.56,14.27,14.40,43
2012.03.21,00:00,14.40,14.59,14.24,14.46,65
2012.03.22,00:00,14.35,14.56,14.31,14.44,42
2012.03.23,00:00,14.40,14.59,14.30,14.55,44
2012.03.26,00:00,14.69,14.79,14.55,14.72,46
2012.03.27,00:00,14.78,15.00,14.75,14.82,47
2012.03.28,00:00,15.01,15.36,14.90,15.16,78
2012.03.29,00:00,15.14,15.35,14.95,15.23,72
2012.03.30,00:00,15.36,15.49,15.14,15.40,67
2012.04.02,00:00,15.36,15.49,15.11,15.33,74
2012.04.03,00:00,15.44,15.46,15.00,15.08,57
2012.04.04,00:00,14.85,15.04,14.56,14.65,77
2012.04.05,00:00,14.67,14.85,14.58,14.63,51
2012.04.09,00:00,14.40,14.49,14.16,14.44,63
2012.04.10,00:00,14.38,14.58,14.09,14.16,77
2012.04.11,00:00,14.35,14.65,14.30,14.34,70
2012.04.12,00:00,14.36,14.76,14.30,14.68,61
2012.04.13,00:00,14.55,14.63,14.15,14.16,58
2012.04.16,00:00,14.26,14.30,13.76,13.99,82
2012.04.17,00:00,14.03,14.20,13.97,14.02,46
2012.04.18,00:00,13.93,14.00,13.70,13.87,55
2012.04.19,00:00,13.69,14.21,13.59,13.66,122
2012.04.20,00:00,13.74,13.78,13.36,13.39,50
2012.04.23,00:00,13.16,13.29,12.91,13.23,70
2012.04.24,00:00,13.27,13.38,12.75,12.82,82
2012.04.25,00:00,13.01,13.18,12.77,13.08,76
2012.04.26,00:00,13.07,13.20,12.98,13.09,43
2012.04.27,00:00,13.07,13.15,12.84,12.98,54
2012.04.30,00:00,12.91,13.07,12.82,13.00,42
2012.05.01,00:00,12.93,13.37,12.93,13.23,59
2012.05.02,00:00,13.18,13.23,12.78,12.85,58
2012.05.03,00:00,12.88,12.96,12.55,12.63,58
2012.05.04,00:00,12.55,12.62,12.26,12.26,44
2012.05.07,00:00,12.48,12.69,12.37,12.47,64
2012.05.08,00:00,12.36,12.54,12.14,12.46,71
2012.05.09,00:00,12.24,12.61,12.12,12.51,72
2012.05.10,00:00,12.63,12.65,12.22,12.42,66
2012.05.11,00:00,13.45,13.68,13.16,13.21,81
2012.05.14,00:00,13.10,13.33,12.83,13.13,98
2012.05.15,00:00,13.13,13.42,12.94,13.00,84
2012.05.16,00:00,13.02,13.17,12.70,12.74,67
2012.05.17,00:00,12.79,12.91,12.65,12.65,39
2012.05.18,00:00,12.68,12.74,12.02,12.08,85
2012.05.21,00:00,12.10,12.35,12.02,12.29,48
2012.05.22,00:00,12.28,12.30,11.96,12.14,55
2012.05.23,00:00,12.01,12.46,11.83,12.44,84
2012.05.24,00:00,12.51,12.53,12.02,12.11,63
2012.05.25,00:00,12.10,12.50,12.10,12.40,51
2012.05.29,00:00,12.60,12.80,12.55,12.72,39
2012.05.30,00:00,12.58,12.67,12.35,12.57,64
2012.05.31,00:00,12.57,12.62,12.27,12.43,57
2012.06.01,00:00,12.17,12.29,11.96,11.98,48
2012.06.04,00:00,12.04,12.11,11.63,11.73,66
2012.06.05,00:00,11.67,12.10,11.67,12.07,47
2012.06.06,00:00,12.16,12.42,12.07,12.39,48
2012.06.07,00:00,12.57,12.64,11.88,11.89,85
2012.06.08,00:00,11.93,12.16,11.91,12.12,32
2012.06.11,00:00,12.51,12.73,12.23,12.26,76
2012.06.12,00:00,12.40,12.63,12.38,12.51,40
2012.06.13,00:00,12.50,12.53,12.12,12.18,51
2012.06.14,00:00,12.16,12.26,11.91,12.03,58
2012.06.15,00:00,12.12,12.30,12.01,12.29,42
2012.06.18,00:00,12.20,12.50,12.10,12.40,61
2012.06.19,00:00,12.91,13.43,12.85,13.24,84
2012.06.20,00:00,13.37,13.70,13.29,13.45,75
2012.06.21,00:00,13.44,13.44,12.81,12.84,67
2012.06.22,00:00,13.00,13.15,12.82,13.00,67
2012.06.25,00:00,13.01,13.05,12.54,12.59,61
2012.06.26,00:00,12.66,12.82,12.48,12.73,62
2012.06.27,00:00,12.74,13.23,12.74,13.14,59
2012.06.28,00:00,13.02,13.32,12.91,13.24,61
2012.06.29,00:00,13.55,13.85,13.54,13.82,36
2012.07.02,00:00,13.89,13.90,13.34,13.45,69
2012.07.03,00:00,13.45,13.83,13.44,13.80,44
2012.07.05,00:00,13.71,13.77,13.45,13.66,60
2012.07.06,00:00,13.56,13.60,13.25,13.40,55
2012.07.09,00:00,13.32,13.38,13.11,13.22,45
2012.07.10,00:00,13.08,13.47,12.72,12.82,125
2012.07.11,00:00,12.86,13.02,12.55,12.61,70
2012.07.12,00:00,12.47,12.49,12.29,12.40,34
2012.07.13,00:00,12.41,12.62,12.33,12.56,44
2012.07.16,00:00,12.48,12.70,12.36,12.60,57
2012.07.17,00:00,12.64,12.71,12.16,12.37,84
2012.07.18,00:00,12.34,13.24,12.28,13.06,121
2012.07.19,00:00,13.15,13.36,13.06,13.19,57
2012.07.20,00:00,13.11,13.20,12.67,12.81,77
2012.07.23,00:00,12.47,13.07,12.33,12.98,98
2012.07.24,00:00,13.00,13.08,12.69,12.84,63
2012.07.25,00:00,12.80,13.22,12.74,13.09,68
2012.07.26,00:00,13.33,13.48,13.05,13.15,69
2012.07.27,00:00,13.20,13.52,13.10,13.48,57
2012.07.30,00:00,13.48,13.65,13.22,13.33,72
2012.07.31,00:00,13.33,13.73,13.31,13.54,64
2012.08.01,00:00,13.62,13.75,13.33,13.39,62
2012.08.02,00:00,13.32,13.64,13.10,13.44,97
2012.08.03,00:00,13.65,13.86,13.33,13.72,100
2012.08.06,00:00,13.85,14.08,13.83,14.01,35
2012.08.07,00:00,14.18,14.30,14.07,14.15,44
2012.08.08,00:00,14.14,14.38,14.10,14.23,48
2012.08.09,00:00,14.25,14.74,14.23,14.71,57
2012.08.10,00:00,15.10,15.22,14.43,14.62,111
2012.08.13,00:00,14.64,14.82,14.58,14.81,32
2012.08.14,00:00,14.86,14.88,14.53,14.59,44
2012.08.15,00:00,14.64,14.76,14.41,14.48,55
2012.08.16,00:00,14.61,14.83,14.56,14.78,38
2012.08.17,00:00,14.78,14.78,14.52,14.65,40
2012.08.20,00:00,14.60,14.67,14.43,14.65,44
2012.08.21,00:00,14.70,14.79,14.46,14.61,58
2012.08.22,00:00,14.52,14.70,14.47,14.64,35
2012.08.23,00:00,14.61,14.62,14.25,14.31,45
2012.08.24,00:00,14.31,14.67,14.28,14.60,50
2012.08.27,00:00,14.59,14.63,14.34,14.35,35
2012.08.28,00:00,14.24,14.43,14.21,14.29,40
2012.08.29,00:00,14.28,14.41,14.25,14.32,29
2012.08.30,00:00,14.29,14.34,13.98,14.05,49
2012.08.31,00:00,14.15,14.25,13.89,14.03,61
2012.09.04,00:00,13.80,13.85,13.15,13.28,89
2012.09.05,00:00,13.33,13.52,13.18,13.32,68
2012.09.06,00:00,13.42,14.09,13.41,13.73,106
2012.09.07,00:00,13.38,13.49,12.95,13.40,107
2012.09.10,00:00,13.37,13.56,13.25,13.28,54
2012.09.11,00:00,13.27,13.65,13.22,13.44,70
2012.09.12,00:00,13.55,13.66,13.42,13.59,45
2012.09.13,00:00,13.71,13.76,13.42,13.68,66
2012.09.14,00:00,13.67,14.08,13.67,13.84,66
2012.09.17,00:00,13.87,13.87,13.31,13.46,72
2012.09.18,00:00,13.31,13.71,13.30,13.55,59
2012.09.19,00:00,13.58,13.90,13.42,13.71,84
2012.09.20,00:00,13.68,13.75,13.50,13.61,44
2012.09.21,00:00,13.63,13.75,13.58,13.67,31
2012.09.24,00:00,13.45,13.68,13.43,13.66,30
2012.09.25,00:00,13.84,13.90,13.39,13.41,60
2012.09.26,00:00,13.36,13.37,13.02,13.18,53
2012.09.27,00:00,13.21,13.30,13.10,13.28,34
2012.09.28,00:00,13.22,13.53,13.05,13.34,85
2012.10.01,00:00,13.40,13.48,13.07,13.12,55
2012.10.02,00:00,13.21,13.21,13.02,13.17,35
2012.10.03,00:00,13.20,13.24,12.97,13.04,39
2012.10.04,00:00,13.07,13.70,13.00,13.62,86
2012.10.05,00:00,13.66,13.80,13.25,13.30,75
2012.10.08,00:00,13.25,13.31,13.07,13.17,41
2012.10.09,00:00,13.15,13.19,12.85,12.89,43
2012.10.10,00:00,12.83,12.89,12.62,12.67,39
2012.10.11,00:00,12.79,12.83,12.64,12.74,34
2012.10.12,00:00,12.65,12.75,12.55,12.63,39
2012.10.15,00:00,12.65,12.80,12.50,12.79,47
2012.10.16,00:00,12.90,13.20,12.78,13.16,59
2012.10.17,00:00,13.00,13.12,12.87,13.06,45
2012.10.18,00:00,13.03,13.03,12.81,12.86,28
2012.10.19,00:00,12.67,12.76,12.04,12.11,89
2012.10.22,00:00,12.16,12.23,11.87,11.97,54
2012.10.23,00:00,11.86,12.41,11.83,12.33,70
2012.10.24,00:00,12.41,12.46,12.05,12.17,59
2012.10.25,00:00,12.27,12.40,12.13,12.18,46
2012.10.26,00:00,12.20,12.27,12.05,12.05,30
2012.10.31,00:00,12.10,12.20,11.95,11.98,39
2012.11.01,00:00,12.04,12.56,12.03,12.55,56
2012.11.02,00:00,12.68,12.70,12.41,12.49,40
2012.11.05,00:00,12.46,13.07,12.46,13.02,67
2012.11.06,00:00,13.05,13.05,12.79,13.01,49
2012.11.07,00:00,12.91,12.99,12.55,12.61,59
2012.11.08,00:00,12.75,13.08,12.65,12.68,80
2012.11.09,00:00,12.75,12.90,12.15,12.19,95
2012.11.12,00:00,12.21,12.26,11.80,11.92,64
2012.11.13,00:00,11.86,12.13,11.82,11.83,60
2012.11.14,00:00,11.90,12.02,11.53,11.54,63
2012.11.15,00:00,11.61,11.91,11.51,11.59,79
2012.11.16,00:00,11.59,11.63,11.15,11.38,76
2012.11.19,00:00,11.59,11.74,11.45,11.70,48
2012.11.20,00:00,11.58,11.63,11.37,11.49,44
2012.11.21,00:00,11.49,11.85,11.48,11.82,42
2012.11.23,00:00,11.87,12.04,11.81,11.90,44
2012.11.26,00:00,11.92,12.14,11.90,12.11,30
2012.11.27,00:00,12.06,12.34,11.96,12.16,67
2012.11.28,00:00,12.11,12.32,11.96,12.26,58
2012.11.29,00:00,12.28,12.34,12.00,12.04,45
2012.11.30,00:00,12.03,12.12,11.90,11.97,39
2012.12.03,00:00,12.12,12.12,11.72,11.75,44
2012.12.04,00:00,11.77,12.12,11.70,12.10,52
2012.12.05,00:00,12.00,12.08,11.79,11.96,55
2012.12.06,00:00,11.93,12.06,11.89,11.98,30
2012.12.07,00:00,11.99,12.05,11.82,11.96,44
2012.12.10,00:00,11.96,12.45,11.93,12.36,65
2012.12.11,00:00,12.40,12.81,12.37,12.65,64
2012.12.12,00:00,12.69,12.76,12.47,12.52,42
2012.12.13,00:00,12.50,12.77,12.41,12.53,70
2012.12.14,00:00,12.58,12.72,12.49,12.59,46
2012.12.17,00:00,12.56,12.63,12.35,12.54,55
2012.12.18,00:00,12.54,12.70,12.50,12.56,39
2012.12.19,00:00,12.65,12.80,12.60,12.65,41
2012.12.20,00:00,12.70,12.71,12.50,12.64,37
2012.12.21,00:00,12.47,12.47,12.21,12.35,41
2012.12.24,00:00,12.34,12.38,12.21,12.25,26
2012.12.26,00:00,12.22,12.42,12.19,12.24,45
2012.12.27,00:00,12.26,12.28,12.02,12.16,43
2012.12.28,00:00,12.05,12.29,12.03,12.10,48
2012.12.31,00:00,12.06,12.31,12.03,12.26,37
2013.01.02,00:00,12.56,12.73,12.51,12.72,29
2013.01.03,00:00,12.72,12.87,12.58,12.73,58
2013.01.04,00:00,12.75,13.19,12.71,13.15,57
2013.01.07,00:00,13.14,13.18,12.68,12.77,64
2013.01.08,00:00,12.80,12.84,12.40,12.49,58
2013.01.09,00:00,12.59,12.65,12.13,12.21,67
2013.01.10,00:00,12.32,12.38,12.16,12.23,36
2013.01.11,00:00,12.28,12.29,12.09,12.21,34
2013.01.14,00:00,12.29,12.29,12.06,12.20,38
2013.01.15,00:00,12.14,12.14,11.91,11.98,31
2013.01.16,00:00,11.96,12.19,11.96,12.09,34
2013.01.17,00:00,12.13,12.30,12.10,12.25,29
2013.01.18,00:00,12.25,12.25,12.02,12.17,39
2013.01.22,00:00,12.16,12.27,12.05,12.11,40
2013.01.23,00:00,12.15,12.16,12.00,12.13,31
2013.01.24,00:00,12.09,12.24,12.03,12.19,33
2013.01.25,00:00,12.21,12.42,12.15,12.41,35
2013.01.28,00:00,12.47,12.69,12.44,12.61,37
2013.01.29,00:00,12.56,12.59,12.29,12.34,39
2013.01.30,00:00,12.35,12.52,12.28,12.32,46
2013.01.31,00:00,12.32,12.46,12.18,12.26,51
2013.02.01,00:00,12.36,12.41,12.26,12.37,30
2013.02.04,00:00,12.30,12.55,12.15,12.16,67
2013.02.05,00:00,12.22,12.51,12.18,12.44,45
2013.02.06,00:00,12.14,12.44,12.07,12.34,55
2013.02.07,00:00,12.30,12.40,12.17,12.29,46
2013.02.08,00:00,12.37,12.47,12.29,12.37,37
2013.02.11,00:00,12.47,12.64,12.35,12.51,55
2013.02.12,00:00,12.40,12.57,12.38,12.43,36
2013.02.13,00:00,12.44,12.67,12.33,12.37,62
2013.02.14,00:00,12.20,12.74,12.05,12.73,86
2013.02.15,00:00,12.70,12.79,12.45,12.73,66
2013.02.19,00:00,12.74,12.75,12.48,12.56,37
2013.02.20,00:00,12.60,12.80,12.34,12.38,71
2013.02.21,00:00,12.36,12.50,12.26,12.29,42
2013.02.22,00:00,12.37,12.53,12.30,12.52,32
2013.02.25,00:00,12.55,12.65,12.28,12.30,50
2013.02.26,00:00,12.25,12.44,12.21,12.37,35
2013.02.27,00:00,12.37,12.69,12.34,12.60,48
2013.02.28,00:00,12.56,12.85,12.51,12.66,59
2013.03.01,00:00,12.57,12.75,12.46,12.71,45
2013.03.04,00:00,12.62,12.78,12.52,12.66,49
2013.03.05,00:00,12.73,12.82,12.67,12.80,24
2013.03.06,00:00,12.88,13.00,12.73,12.79,46
2013.03.07,00:00,12.86,12.99,12.69,12.76,51
2013.03.08,00:00,12.79,12.88,12.73,12.82,28
2013.03.11,00:00,12.69,12.75,12.59,12.70,32
2013.03.12,00:00,12.68,12.78,12.56,12.74,39
2013.03.13,00:00,12.74,12.96,12.62,12.74,69
2013.03.14,00:00,12.82,12.86,12.67,12.75,32
2013.03.15,00:00,12.75,12.75,12.59,12.64,22
2013.03.18,00:00,12.56,12.67,12.46,12.55,42
2013.03.19,00:00,12.56,12.62,12.38,12.47,40
2013.03.20,00:00,12.59,12.66,12.48,12.62,34
2013.03.21,00:00,12.55,12.57,12.40,12.42,22
2013.03.22,00:00,12.46,12.53,12.41,12.48,23
2013.03.25,00:00,12.55,12.56,12.32,12.41,35
2013.03.26,00:00,12.44,12.51,12.39,12.50,19
2013.03.27,00:00,12.45,12.72,12.42,12.65,41
2013.03.28,00:00,12.62,12.84,12.53,12.83,42
2013.04.01,00:00,12.80,12.80,12.32,12.41,58
2013.04.02,00:00,12.42,12.45,12.20,12.28,37
2013.04.03,00:00,12.26,12.33,12.04,12.13,46
2013.04.04,00:00,12.09,12.29,12.05,12.25,33
2013.04.05,00:00,12.07,12.46,12.04,12.46,46
2013.04.08,00:00,12.47,12.47,12.20,12.43,51
2013.04.09,00:00,12.44,12.72,12.35,12.63,56
2013.04.10,00:00,12.64,12.85,12.61,12.83,30
2013.04.11,00:00,12.65,12.85,12.30,12.77,99
2013.04.12,00:00,12.83,13.23,12.72,13.09,77
2013.04.15,00:00,13.05,13.09,12.74,12.82,48
2013.04.16,00:00,12.94,13.05,12.87,12.96,35
2013.04.17,00:00,12.86,12.98,12.71,12.79,48
2013.04.18,00:00,12.82,12.90,12.54,12.54,45
2013.04.19,00:00,12.53,12.61,12.37,12.57,45
2013.04.22,00:00,12.56,12.70,12.46,12.59,46
2013.04.23,00:00,12.70,13.05,12.68,12.92,53
2013.04.24,00:00,12.96,13.47,12.95,13.36,65
2013.04.25,00:00,13.43,13.50,13.31,13.47,35
2013.04.26,00:00,13.45,13.47,13.34,13.41,23
2013.04.29,00:00,13.43,13.62,13.37,13.57,37
2013.04.30,00:00,13.60,13.77,13.51,13.77,36
2013.05.01,00:00,13.77,13.86,13.60,13.65,41
2013.05.02,00:00,13.64,13.85,13.56,13.81,42
2013.05.03,00:00,13.90,13.97,13.82,13.87,28
2013.05.06,00:00,13.87,13.95,13.75,13.83,37
2013.05.07,00:00,13.83,13.86,13.52,13.65,51
2013.05.08,00:00,13.67,13.98,13.62,13.90,50
2013.05.09,00:00,13.65,13.97,13.63,13.91,43
2013.05.10,00:00,14.20,14.60,14.20,14.54,47
2013.05.13,00:00,14.44,14.50,14.18,14.24,45
2013.05.14,00:00,14.41,14.57,14.27,14.45,57
2013.05.15,00:00,14.38,14.75,14.38,14.70,43
2013.05.16,00:00,14.68,14.83,14.58,14.63,46
2013.05.17,00:00,14.70,14.97,14.59,14.87,60
2013.05.20,00:00,14.81,14.90,14.76,14.84,26
2013.05.21,00:00,14.85,14.98,14.68,14.92,54
2013.05.22,00:00,14.98,14.98,14.34,14.40,71
2013.05.23,00:00,14.23,14.68,14.19,14.63,59
2013.05.24,00:00,14.55,14.67,14.38,14.54,58
2013.05.28,00:00,14.65,14.69,14.39,14.53,49
2013.05.29,00:00,14.44,14.53,14.38,14.44,31
2013.05.30,00:00,14.42,14.78,14.38,14.63,60
2013.05.31,00:00,14.55,14.76,14.47,14.47,51
2013.06.03,00:00,14.49,14.60,14.15,14.45,87
2013.06.04,00:00,14.54,14.80,14.38,14.47,78
2013.06.05,00:00,14.45,14.56,14.12,14.16,60
2013.06.06,00:00,14.16,14.36,14.15,14.25,34
2013.06.07,00:00,14.35,14.54,14.29,14.45,41
2013.06.10,00:00,14.41,14.53,14.33,14.44,38
2013.06.11,00:00,14.25,14.45,14.17,14.17,49
2013.06.12,00:00,14.24,14.36,13.97,14.05,60
2013.06.13,00:00,14.00,14.44,13.99,14.37,54
2013.06.14,00:00,14.42,14.44,14.25,14.35,32
2013.06.17,00:00,14.46,14.62,14.38,14.49,46
2013.06.18,00:00,14.56,14.72,14.28,14.40,73
2013.06.19,00:00,14.53,15.48,14.48,14.84,170
2013.06.20,00:00,14.72,14.74,14.34,14.44,53
2013.06.21,00:00,14.52,14.57,14.18,14.42,69
2013.06.24,00:00,14.21,14.39,13.91,14.12,88
2013.06.25,00:00,14.27,14.30,14.07,14.22,42
2013.06.26,00:00,14.38,14.40,14.08,14.14,41
2013.06.27,00:00,14.18,14.20,13.86,14.01,52
2013.06.28,00:00,14.01,14.18,13.83,14.04,68
2013.07.01,00:00,14.14,14.17,14.01,14.10,29
2013.07.02,00:00,14.02,14.30,13.96,14.09,62
2013.07.03,00:00,13.97,14.30,13.97,14.13,51
2013.07.05,00:00,14.17,14.27,14.08,14.24,32
2013.07.08,00:00,14.28,14.35,14.09,14.17,42
2013.07.09,00:00,14.20,14.33,14.16,14.24,31
2013.07.10,00:00,14.24,14.47,14.20,14.43,36
2013.07.11,00:00,14.51,14.65,14.48,14.63,23
2013.07.12,00:00,14.60,14.78,14.55,14.64,43
2013.07.15,00:00,14.67,14.67,14.38,14.61,53
2013.07.16,00:00,14.67,14.77,14.60,14.69,33
2013.07.17,00:00,14.69,14.74,14.57,14.61,27
2013.07.18,00:00,14.59,14.64,14.36,14.55,53
2013.07.19,00:00,14.46,14.53,14.09,14.24,67
2013.07.22,00:00,14.35,14.48,14.17,14.23,51
2013.07.23,00:00,14.41,14.41,14.14,14.21,35
2013.07.24,00:00,14.34,14.38,14.19,14.21,26
2013.07.25,00:00,14.20,14.45,14.10,14.26,65
2013.07.26,00:00,14.09,14.29,14.09,14.20,30
2013.07.29,00:00,14.17,14.35,14.13,14.17,45
2013.07.30,00:00,14.22,14.60,14.21,14.41,60
2013.07.31,00:00,14.34,14.58,14.33,14.44,41
2013.08.01,00:00,14.49,14.67,14.32,14.64,56
2013.08.02,00:00,14.61,14.79,14.51,14.76,42
2013.08.05,00:00,14.72,14.88,14.65,14.83,36
2013.08.06,00:00,14.84,14.87,14.58,14.61,36
2013.08.07,00:00,14.53,14.75,14.52,14.60,40
2013.08.08,00:00,14.68,14.77,14.51,14.70,51
2013.08.09,00:00,14.12,14.71,14.11,14.49,84
2013.08.12,00:00,13.90,14.58,13.11,14.37,248
2013.08.13,00:00,14.39,14.48,14.30,14.42,34
2013.08.14,00:00,14.39,15.12,14.38,15.03,85
2013.08.15,00:00,14.87,15.25,14.81,15.13,63
2013.08.16,00:00,15.10,15.40,15.07,15.19,58
2013.08.19,00:00,15.10,15.15,14.94,14.95,28
2013.08.20,00:00,14.87,15.05,14.85,14.95,33
2013.08.21,00:00,14.86,15.05,14.82,14.88,45
2013.08.22,00:00,14.87,15.10,14.87,14.96,38
2013.08.23,00:00,14.98,15.10,14.93,14.96,33
2013.08.26,00:00,14.97,15.03,14.93,15.00,18
2013.08.27,00:00,14.85,14.95,14.75,14.81,37
2013.08.28,00:00,14.83,14.94,14.74,14.80,38
2013.08.29,00:00,14.75,14.91,14.71,14.77,39
2013.08.30,00:00,14.78,14.82,14.68,14.75,26
2013.09.03,00:00,14.79,14.97,14.67,14.76,58
2013.09.04,00:00,14.76,14.99,14.74,14.90,37
2013.09.05,00:00,14.84,15.00,14.83,14.94,25
2013.09.06,00:00,14.95,15.03,14.77,14.88,46
2013.09.09,00:00,15.00,15.13,14.96,15.13,22
2013.09.10,00:00,15.24,15.46,15.17,15.45,38
2013.09.11,00:00,15.43,15.75,15.32,15.71,59
2013.09.12,00:00,15.63,15.90,15.63,15.70,48
2013.09.13,00:00,15.75,15.87,15.64,15.80,42
2013.09.16,00:00,15.93,16.04,15.75,15.81,47
2013.09.17,00:00,15.87,15.99,15.80,15.86,38
2013.09.18,00:00,15.87,16.04,15.79,16.00,38
2013.09.19,00:00,16.07,16.10,15.86,15.93,35
2013.09.20,00:00,15.97,16.07,15.76,15.80,46
2013.09.23,00:00,15.78,15.91,15.55,15.64,59
2013.09.24,00:00,15.65,15.76,15.56,15.70,36
2013.09.25,00:00,15.67,15.84,15.60,15.73,43
2013.09.26,00:00,15.76,15.79,15.58,15.67,34
2013.09.27,00:00,15.55,15.68,15.49,15.58,36
2013.09.30,00:00,15.42,15.67,15.33,15.56,55
2013.10.01,00:00,15.58,15.66,15.47,15.55,36
2013.10.02,00:00,15.39,15.60,15.39,15.54,28
2013.10.03,00:00,15.55,15.69,15.31,15.38,60
2013.10.04,00:00,15.36,15.72,15.32,15.59,58
2013.10.07,00:00,15.53,15.70,15.45,15.59,45
2013.10.08,00:00,15.55,15.77,15.34,15.46,78
2013.10.09,00:00,15.56,15.57,15.14,15.22,53
2013.10.10,00:00,15.33,15.43,15.22,15.39,37
2013.10.11,00:00,15.15,15.34,15.10,15.26,38
2013.10.14,00:00,15.22,15.49,15.22,15.49,28
2013.10.15,00:00,15.49,15.58,15.40,15.41,29
2013.10.16,00:00,15.50,15.66,15.48,15.60,27
2013.10.17,00:00,15.48,15.67,15.48,15.63,24
2013.10.18,00:00,15.60,15.86,15.54,15.81,44
2013.10.21,00:00,16.00,16.01,15.80,15.85,28
2013.10.22,00:00,15.85,15.86,15.63,15.77,39
2013.10.23,00:00,15.74,15.74,15.45,15.50,35
2013.10.24,00:00,15.54,15.64,15.36,15.39,42
2013.10.25,00:00,15.47,15.48,15.19,15.24,36
2013.10.28,00:00,15.22,15.29,15.00,15.21,58
2013.10.29,00:00,15.19,15.26,15.05,15.23,39
2013.10.30,00:00,15.28,15.35,15.09,15.22,47
2013.10.31,00:00,15.24,15.35,15.16,15.19,34
2013.11.01,00:00,15.27,15.33,15.15,15.26,36
2013.11.04,00:00,15.31,15.31,14.79,14.82,56
2013.11.05,00:00,14.73,14.87,14.57,14.80,54
2013.11.06,00:00,14.80,14.91,14.65,14.90,43
2013.11.07,00:00,14.85,14.89,14.52,14.55,45
2013.11.08,00:00,15.00,15.61,14.94,15.56,79
2013.11.11,00:00,15.50,15.73,15.47,15.69,34
2013.11.12,00:00,15.76,15.85,15.54,15.72,59
2013.11.13,00:00,15.68,16.15,15.65,16.15,54
2013.11.14,00:00,16.10,16.32,16.09,16.22,35
2013.11.15,00:00,16.28,16.30,16.01,16.17,48
2013.11.18,00:00,15.82,15.96,15.74,15.78,41
2013.11.19,00:00,15.62,15.76,15.42,15.44,51
2013.11.20,00:00,15.45,15.49,15.18,15.21,39
2013.11.21,00:00,15.23,15.36,15.16,15.33,31
2013.11.22,00:00,15.35,15.35,15.15,15.18,24
2013.11.25,00:00,15.18,15.53,15.18,15.51,38
2013.11.26,00:00,15.68,15.81,15.58,15.64,43
2013.11.27,00:00,15.63,15.75,15.53,15.70,38
2013.11.29,00:00,15.70,15.74,15.50,15.60,39
2013.12.02,00:00,15.54,15.86,15.51,15.75,50
2013.12.03,00:00,15.75,15.96,15.64,15.74,64
2013.12.04,00:00,15.70,15.99,15.66,15.96,41
2013.12.05,00:00,15.99,15.99,15.68,15.70,34
2013.12.06,00:00,15.89,15.89,15.43,15.47,51
2013.12.09,00:00,15.47,15.52,15.18,15.21,43
2013.12.10,00:00,15.21,15.63,15.19,15.56,54
2013.12.11,00:00,15.59,15.61,15.38,15.41,29
2013.12.12,00:00,15.36,15.44,15.08,15.11,48
2013.12.13,00:00,15.14,15.25,15.00,15.02,39
2013.12.16,00:00,15.03,15.17,15.02,15.04,30
2013.12.17,00:00,15.03,15.15,14.90,15.11,43
2013.12.18,00:00,15.14,15.35,14.95,15.32,63
2013.12.19,00:00,15.30,15.40,15.20,15.38,33
2013.12.20,00:00,15.41,15.70,15.37,15.69,39
2013.12.23,00:00,15.78,15.91,15.65,15.78,53
2013.12.24,00:00,15.87,15.87,15.66,15.82,38
2013.12.26,00:00,15.88,15.93,15.63,15.67,40
2013.12.27,00:00,15.75,15.79,15.66,15.76,26
2013.12.30,00:00,15.77,15.98,15.75,15.97,27
2013.12.31,00:00,16.00,16.10,15.90,16.02,39
2014.01.02,00:00,15.92,15.98,15.72,15.86,47
2014.01.03,00:00,15.89,15.92,15.62,15.67,39
2014.01.06,00:00,15.83,16.00,15.68,15.88,60
2014.01.07,00:00,16.04,16.20,15.93,16.14,45
2014.01.08,00:00,16.20,16.44,16.14,16.36,45
2014.01.09,00:00,16.11,16.14,15.70,15.75,53
2014.01.10,00:00,15.80,15.91,15.59,15.73,58
2014.01.13,00:00,15.73,15.83,15.33,15.36,64
2014.01.14,00:00,15.44,15.87,15.37,15.84,61
2014.01.15,00:00,15.91,16.07,15.84,16.01,37
2014.01.16,00:00,16.01,16.09,15.94,16.06,26
2014.01.17,00:00,16.06,16.25,15.89,15.99,66
2014.01.21,00:00,16.01,16.15,15.88,16.05,51
2014.01.22,00:00,16.08,16.10,15.84,16.03,48
2014.01.23,00:00,15.98,16.15,15.85,15.97,60
2014.01.24,00:00,15.84,15.90,15.56,15.56,41
2014.01.27,00:00,15.56,15.78,15.37,15.46,73
2014.01.28,00:00,15.43,15.62,15.37,15.61,33
2014.01.29,00:00,15.55,15.64,15.45,15.46,30
2014.01.30,00:00,15.55,15.75,15.50,15.72,34
2014.01.31,00:00,15.50,15.79,15.49,15.70,41
2014.02.03,00:00,15.81,15.83,15.43,15.49,49
2014.02.04,00:00,15.48,15.61,15.40,15.58,33
2014.02.05,00:00,15.47,15.52,15.32,15.44,38
2014.02.06,00:00,15.46,15.68,15.44,15.64,31
2014.02.07,00:00,15.68,15.89,15.54,15.87,52
2014.02.10,00:00,15.85,16.13,15.84,15.92,52
2014.02.11,00:00,16.01,16.29,15.93,16.25,49
2014.02.12,00:00,16.30,16.95,16.30,16.83,78
2014.02.13,00:00,17.25,17.46,16.95,17.36,92
2014.02.14,00:00,17.20,17.95,17.19,17.91,82
2014.02.18,00:00,17.92,17.98,17.75,17.90,45
2014.02.19,00:00,17.90,18.30,17.82,18.14,73
2014.02.20,00:00,18.18,18.82,18.15,18.78,75
2014.02.21,00:00,18.75,18.99,18.52,18.64,84
2014.02.24,00:00,18.60,19.05,18.43,18.91,94
2014.02.25,00:00,18.80,18.88,18.54,18.74,63
2014.02.26,00:00,18.70,18.98,18.65,18.71,66
2014.02.27,00:00,18.71,18.90,18.45,18.50,70
2014.02.28,00:00,18.40,18.58,18.11,18.38,93
2014.03.03,00:00,17.97,18.29,17.81,18.29,65
2014.03.04,00:00,18.38,18.60,18.35,18.48,41
2014.03.05,00:00,18.46,18.65,18.38,18.64,37
2014.03.06,00:00,18.67,18.77,18.35,18.38,56
2014.03.07,00:00,18.46,18.49,18.22,18.36,45
2014.03.10,00:00,18.30,18.38,18.01,18.09,54
2014.03.11,00:00,18.18,18.43,18.12,18.27,54
2014.03.12,00:00,18.18,18.43,18.11,18.32,51
2014.03.13,00:00,18.36,18.43,17.65,17.74,95
2014.03.14,00:00,17.56,17.98,17.56,17.82,59
2014.03.17,00:00,17.87,18.00,17.80,17.82,36
2014.03.18,00:00,17.89,18.36,17.81,18.24,76
2014.03.19,00:00,18.38,18.91,18.33,18.56,99
2014.03.20,00:00,18.46,18.73,18.38,18.57,60
2014.03.21,00:00,18.73,18.88,18.44,18.54,70
2014.03.24,00:00,18.55,18.70,18.18,18.45,95
2014.03.25,00:00,18.65,18.67,18.31,18.45,53
2014.03.26,00:00,18.62,18.97,17.87,18.03,162
2014.03.27,00:00,17.99,18.14,17.59,17.79,91
2014.03.28,00:00,17.76,18.01,17.71,17.90,47
2014.03.31,00:00,17.93,18.09,17.81,17.91,55
2014.04.01,00:00,18.48,18.87,18.26,18.65,106
2014.04.02,00:00,18.65,18.69,18.45,18.53,37
2014.04.03,00:00,18.57,19.19,18.56,18.73,111
2014.04.04,00:00,18.83,18.94,18.07,18.15,107
2014.04.07,00:00,18.16,18.56,18.06,18.21,96
2014.04.08,00:00,18.21,18.91,18.18,18.86,82
2014.04.09,00:00,18.95,19.11,18.69,18.84,74
2014.04.10,00:00,18.76,19.02,18.32,18.38,103
2014.04.11,00:00,18.24,18.52,17.88,18.12,117
2014.04.14,00:00,18.24,18.39,18.12,18.32,47
2014.04.15,00:00,18.34,18.55,18.16,18.45,68
2014.04.16,00:00,18.54,18.56,18.26,18.49,56
2014.04.17,00:00,18.42,18.73,18.38,18.56,57
2014.04.21,00:00,18.57,18.76,18.45,18.71,49
2014.04.22,00:00,18.74,18.99,18.64,18.87,58
2014.04.23,00:00,18.90,19.14,18.87,19.09,36
2014.04.24,00:00,19.22,19.46,19.22,19.26,45
2014.04.25,00:00,19.22,19.40,18.69,18.73,94
2014.04.28,00:00,18.88,18.98,18.42,18.65,90
2014.04.29,00:00,18.72,18.76,18.48,18.69,54
2014.04.30,00:00,18.66,18.68,18.43,18.47,32
2014.05.01,00:00,18.75,18.79,18.42,18.57,57
2014.05.02,00:00,18.66,18.66,18.32,18.43,46
2014.05.05,00:00,18.41,18.77,18.39,18.63,55
2014.05.06,00:00,18.81,18.97,18.20,18.25,99
2014.05.07,00:00,18.25,18.42,18.07,18.28,68
2014.05.08,00:00,18.20,18.79,18.11,18.50,107
2014.05.09,00:00,17.94,18.11,17.71,18.05,70
2014.05.12,00:00,18.09,18.62,18.08,18.58,60
2014.05.13,00:00,18.33,18.63,18.22,18.28,78
2014.05.14,00:00,18.29,18.36,18.09,18.10,36
2014.05.15,00:00,18.06,18.16,17.82,18.00,63
2014.05.16,00:00,17.86,18.09,17.86,17.96,37
2014.05.19,00:00,18.15,18.64,18.07,18.54,76
2014.05.20,00:00,18.46,18.51,18.15,18.24,51
2014.05.21,00:00,18.31,18.47,18.13,18.24,62
2014.05.22,00:00,18.20,18.42,18.20,18.32,33
2014.05.23,00:00,18.42,18.58,18.31,18.49,48
2014.05.27,00:00,18.60,18.82,18.54,18.82,35
2014.05.28,00:00,18.89,19.10,18.71,18.98,70
2014.05.29,00:00,18.97,19.13,18.91,18.95,43
2014.05.30,00:00,18.95,19.05,18.85,19.00,36
2014.06.02,00:00,19.06,19.18,18.78,18.94,69
2014.06.03,00:00,18.98,19.00,18.61,18.86,67
2014.06.04,00:00,18.81,19.02,18.80,18.88,38
2014.06.05,00:00,18.91,19.02,18.80,18.96,40
2014.06.06,00:00,19.05,19.20,18.98,19.03,43
2014.06.09,00:00,19.01,19.23,18.88,19.05,67
2014.06.10,00:00,18.98,19.24,18.90,19.15,52
2014.06.11,00:00,19.08,19.45,19.08,19.40,43
2014.06.12,00:00,19.40,19.61,19.23,19.52,65
2014.06.13,00:00,19.72,19.73,19.35,19.54,59
2014.06.16,00:00,19.45,19.61,19.31,19.48,58
2014.06.17,00:00,19.50,19.69,19.40,19.61,48
2014.06.18,00:00,19.56,19.68,19.38,19.59,58
2014.06.19,00:00,19.23,19.33,19.00,19.14,58
2014.06.20,00:00,19.19,19.26,18.78,18.93,71
2014.06.23,00:00,18.68,18.72,18.46,18.71,50
2014.06.24,00:00,18.68,18.83,18.34,18.42,73
2014.06.25,00:00,18.47,18.62,18.30,18.61,51
2014.06.26,00:00,18.61,18.62,18.30,18.36,40
2014.06.27,00:00,18.34,18.49,18.23,18.38,49
2014.06.30,00:00,18.31,18.59,18.31,18.54,34
2014.07.01,00:00,18.52,18.86,18.46,18.75,58
2014.07.02,00:00,18.68,18.76,18.57,18.68,39
2014.07.03,00:00,18.51,18.90,18.51,18.85,45
2014.07.07,00:00,18.88,18.89,18.67,18.70,27
2014.07.08,00:00,18.65,18.73,18.37,18.55,63
2014.07.09,00:00,18.71,19.19,18.57,19.11,85
2014.07.10,00:00,18.75,19.09,18.60,19.01,73
2014.07.11,00:00,19.03,19.11,18.96,19.05,29
2014.07.14,00:00,19.13,19.34,19.06,19.29,41
2014.07.15,00:00,19.32,19.42,19.19,19.37,42
2014.07.16,00:00,19.45,19.60,19.24,19.35,63
2014.07.17,00:00,19.13,19.50,19.13,19.30,58
2014.07.18,00:00,18.90,19.05,18.41,18.44,83
2014.07.21,00:00,18.37,18.68,18.37,18.55,45
2014.07.22,00:00,18.69,18.79,18.43,18.47,51
2014.07.23,00:00,18.48,18.49,18.06,18.08,47
2014.07.24,00:00,18.18,18.23,17.98,18.11,44
2014.07.25,00:00,18.05,18.09,17.76,17.79,41
2014.07.28,00:00,17.87,17.87,17.42,17.72,76
2014.07.29,00:00,17.73,18.02,17.72,17.78,56
2014.07.30,00:00,17.89,18.13,17.84,18.08,40
2014.07.31,00:00,17.86,18.00,17.47,17.50,71
2014.08.01,00:00,17.50,17.79,17.44,17.69,52
2014.08.04,00:00,17.67,17.82,17.56,17.65,51
2014.08.05,00:00,17.60,17.92,17.45,17.66,89
2014.08.06,00:00,17.54,17.86,17.41,17.64,81
2014.08.07,00:00,17.79,17.95,17.34,17.46,90
2014.08.08,00:00,18.22,19.10,18.22,19.00,99
2014.08.11,00:00,19.02,19.10,18.85,18.90,39
2014.08.12,00:00,18.89,19.00,18.69,18.90,62
2014.08.13,00:00,18.93,19.17,18.81,19.01,65
2014.08.14,00:00,19.08,19.08,18.72,18.80,45
2014.08.15,00:00,18.86,19.15,18.68,19.04,77
2014.08.18,00:00,19.12,19.32,18.93,19.30,61
2014.08.19,00:00,19.22,19.47,19.15,19.37,50
2014.08.20,00:00,19.30,19.39,19.21,19.25,32
2014.08.21,00:00,19.20,19.30,19.04,19.07,40
2014.08.22,00:00,19.05,19.24,18.93,19.08,60
2014.08.25,00:00,19.16,19.29,19.07,19.11,40
2014.08.26,00:00,19.16,19.49,19.09,19.46,51
2014.08.27,00:00,19.33,19.48,19.20,19.23,47
2014.08.28,00:00,19.19,19.43,19.13,19.39,41
2014.08.29,00:00,19.46,19.49,19.25,19.45,48
2014.09.02,00:00,19.50,19.50,19.32,19.50,37
2014.09.03,00:00,19.60,19.75,19.47,19.69,48
2014.09.04,00:00,19.65,20.15,19.64,20.03,65
2014.09.05,00:00,20.01,20.10,19.84,19.97,49
2014.09.08,00:00,19.95,19.99,19.71,19.79,41
2014.09.09,00:00,19.70,19.83,19.52,19.54,47
2014.09.10,00:00,19.65,19.69,19.43,19.61,49
2014.09.11,00:00,19.47,19.54,19.20,19.41,63
2014.09.12,00:00,19.53,19.53,19.10,19.12,46
2014.09.15,00:00,19.18,19.21,18.78,18.86,55
2014.09.16,00:00,18.81,19.24,18.75,19.14,66
2014.09.17,00:00,19.09,19.33,19.00,19.15,61
2014.09.18,00:00,19.27,19.46,19.21,19.44,34
2014.09.19,00:00,19.50,19.52,19.05,19.08,53
2014.09.22,00:00,19.47,19.47,18.87,18.89,63
2014.09.23,00:00,18.79,19.02,18.72,18.81,59
2014.09.24,00:00,18.80,18.98,18.78,18.92,29
2014.09.25,00:00,18.90,18.95,18.47,18.51,58
2014.09.26,00:00,18.57,18.69,18.49,18.55,39
2014.09.29,00:00,18.40,18.65,18.22,18.52,75
2014.09.30,00:00,18.44,18.58,18.23,18.45,70
2014.10.01,00:00,18.48,18.61,18.22,18.27,58
2014.10.02,00:00,18.24,18.33,17.77,18.19,108
2014.10.03,00:00,18.30,18.55,18.23,18.23,58
2014.10.06,00:00,18.30,18.45,18.00,18.12,73
2014.10.07,00:00,18.04,18.22,17.91,17.93,52
2014.10.08,00:00,17.91,18.35,17.77,18.26,82
2014.10.09,00:00,18.18,18.20,17.76,17.91,62
2014.10.10,00:00,17.77,17.83,16.84,16.85,107
2014.10.13,00:00,16.96,17.30,16.77,16.79,90
2014.10.14,00:00,17.02,17.65,16.92,17.18,131
2014.10.15,00:00,16.93,17.53,16.82,17.44,92
2014.10.16,00:00,17.13,17.65,17.09,17.45,81
2014.10.17,00:00,17.66,17.87,17.35,17.42,81
2014.10.20,00:00,17.42,17.73,17.30,17.57,72
2014.10.21,00:00,17.70,18.34,17.65,18.32,77
2014.10.22,00:00,18.29,18.35,17.89,17.89,53
2014.10.23,00:00,18.20,18.42,18.07,18.29,62
2014.10.24,00:00,18.40,18.59,18.29,18.48,53
2014.10.27,00:00,18.47,18.56,18.27,18.49,57
2014.10.28,00:00,18.44,18.96,18.42,18.93,60
2014.10.29,00:00,18.85,18.96,18.64,18.81,61
2014.10.30,00:00,18.76,18.84,18.45,18.69,72
2014.10.31,00:00,19.12,19.55,19.02,19.54,65
2014.11.03,00:00,19.99,20.06,19.77,19.87,47
2014.11.04,00:00,20.00,20.20,19.67,20.13,94
2014.11.05,00:00,20.25,20.26,19.98,20.13,45
2014.11.06,00:00,20.17,20.25,19.86,20.22,74
2014.11.07,00:00,20.45,20.69,19.59,19.79,155
2014.11.10,00:00,19.77,20.15,19.72,20.02,62
2014.11.11,00:00,19.90,20.01,19.61,19.78,69
2014.11.12,00:00,19.71,19.76,19.38,19.65,71
2014.11.13,00:00,19.72,19.75,19.39,19.55,56
2014.11.14,00:00,19.57,19.79,19.38,19.79,61
2014.11.17,00:00,19.70,19.91,19.57,19.70,69
2014.11.18,00:00,19.71,20.22,19.66,20.17,67
2014.11.19,00:00,20.10,20.16,19.80,20.01,64
2014.11.20,00:00,19.87,20.36,19.81,20.34,64
2014.11.21,00:00,20.52,20.55,20.28,20.46,49
2014.11.24,00:00,20.50,20.67,20.42,20.58,43
2014.11.25,00:00,20.54,20.72,20.50,20.57,42
2014.11.26,00:00,20.45,20.94,20.44,20.92,54
2014.11.28,00:00,20.99,21.09,20.80,20.97,57
2014.12.01,00:00,20.88,21.00,20.55,20.58,61
2014.12.02,00:00,20.56,20.70,20.37,20.61,62
2014.12.03,00:00,20.71,21.15,20.65,21.14,58
2014.12.04,00:00,21.11,21.19,20.81,20.95,61
2014.12.05,00:00,20.96,21.18,20.95,21.07,36
2014.12.08,00:00,21.04,21.25,20.63,20.80,101
2014.12.09,00:00,20.67,20.78,20.36,20.73,79
2014.12.10,00:00,20.67,20.75,20.25,20.27,61
2014.12.11,00:00,20.39,20.53,20.22,20.26,50
2014.12.12,00:00,19.99,20.17,19.61,19.63,77
2014.12.15,00:00,19.86,20.22,19.51,19.57,114
2014.12.16,00:00,19.55,19.86,19.34,19.35,85
2014.12.17,00:00,19.74,20.17,19.10,20.14,175
2014.12.18,00:00,20.39,20.63,20.03,20.22,104
2014.12.19,00:00,20.36,20.50,20.17,20.42,61
2014.12.22,00:00,20.40,20.78,20.33,20.78,53
2014.12.23,00:00,20.94,21.04,20.63,20.65,54
2014.12.24,00:00,20.70,20.73,20.55,20.57,24
2014.12.26,00:00,20.57,20.70,20.52,20.59,35
2014.12.29,00:00,20.53,20.70,20.43,20.56,52
2014.12.30,00:00,20.42,20.52,20.34,20.37,32
2014.12.31,00:00,20.40,20.51,19.99,20.05,70
2015.01.02,00:00,20.13,20.28,19.81,20.13,95
2015.01.05,00:00,20.13,20.19,19.70,19.79,65
2015.01.06,00:00,19.82,19.84,19.17,19.19,72
2015.01.07,00:00,19.33,19.50,19.08,19.14,66
2015.01.08,00:00,19.36,19.98,19.35,19.86,77
2015.01.09,00:00,19.93,20.09,19.66,19.94,86
2015.01.12,00:00,19.99,20.00,19.51,19.69,69
2015.01.13,00:00,19.84,20.24,19.53,19.66,125
2015.01.14,00:00,19.45,19.80,19.40,19.74,52
2015.01.15,00:00,19.88,20.00,19.59,19.60,55
2015.01.16,00:00,19.57,19.98,19.51,19.96,56
2015.01.20,00:00,20.10,20.21,19.77,20.02,81
2015.01.21,00:00,19.91,20.35,19.77,20.30,78
2015.01.22,00:00,20.34,20.71,20.13,20.65,86
2015.01.23,00:00,20.67,20.75,20.50,20.71,47
2015.01.26,00:00,20.62,20.72,20.49,20.62,47
2015.01.27,00:00,20.30,20.32,19.59,19.63,80
2015.01.28,00:00,19.87,19.95,19.30,19.31,75
2015.01.29,00:00,19.32,19.89,19.23,19.78,87
2015.01.30,00:00,19.64,19.87,19.17,19.21,98
2015.02.02,00:00,19.32,19.70,18.94,19.62,123
2015.02.03,00:00,19.76,20.13,19.66,20.11,60
2015.02.04,00:00,20.05,20.39,19.99,20.16,70
2015.02.05,00:00,20.18,20.50,20.16,20.49,38
2015.02.06,00:00,20.47,20.71,20.31,20.40,74
2015.02.09,00:00,20.28,20.44,20.15,20.38,49
2015.02.10,00:00,20.40,20.96,20.31,20.95,76
2015.02.11,00:00,21.00,21.00,20.67,20.81,48
2015.02.12,00:00,22.00,22.50,21.87,22.30,97
2015.02.13,00:00,22.25,22.34,21.91,22.31,81
2015.02.17,00:00,22.27,22.49,22.13,22.38,62
2015.02.18,00:00,22.35,22.39,22.08,22.12,40
2015.02.19,00:00,22.40,22.44,22.08,22.18,51
2015.02.20,00:00,22.16,22.35,22.00,22.34,53
2015.02.23,00:00,22.33,22.33,22.05,22.16,40
2015.02.24,00:00,22.16,22.31,21.96,22.31,56
2015.02.25,00:00,22.22,22.32,22.04,22.14,49
2015.02.26,00:00,22.16,22.33,22.02,22.20,59
2015.02.27,00:00,22.14,22.19,21.98,22.06,35
2015.03.02,00:00,22.00,22.72,21.97,22.60,91
2015.03.03,00:00,22.43,22.54,22.11,22.18,62
2015.03.04,00:00,22.10,22.48,22.01,22.43,62
2015.03.05,00:00,22.43,22.90,22.37,22.86,64
2015.03.06,00:00,22.73,22.84,22.53,22.55,45
2015.03.09,00:00,22.56,22.78,22.51,22.61,50
2015.03.10,00:00,22.71,23.15,22.67,23.00,68
2015.03.11,00:00,23.00,23.30,22.82,22.88,85
2015.03.12,00:00,22.66,22.83,22.24,22.67,118
2015.03.13,00:00,22.56,22.76,22.25,22.70,89
2015.03.16,00:00,22.88,23.11,22.73,22.97,68
2015.03.17,00:00,22.92,23.26,22.76,23.25,68
2015.03.18,00:00,23.25,23.37,22.66,22.87,105
2015.03.19,00:00,22.95,23.30,22.78,23.22,78
2015.03.20,00:00,23.41,23.61,23.19,23.47,79
2015.03.23,00:00,22.77,23.07,22.70,22.71,69
2015.03.24,00:00,22.64,22.80,22.30,22.40,77
2015.03.25,00:00,22.39,22.39,20.97,21.04,150
2015.03.26,00:00,20.61,21.06,20.46,20.97,85
2015.03.27,00:00,21.09,21.46,20.75,21.38,114
2015.03.30,00:00,21.48,21.58,21.20,21.47,76
2015.03.31,00:00,21.41,21.43,20.91,20.93,57
2015.04.01,00:00,21.01,21.08,20.65,21.01,87
2015.04.02,00:00,21.13,21.19,20.88,21.06,56
2015.04.06,00:00,20.97,21.74,20.75,21.67,129
2015.04.07,00:00,21.67,22.10,21.55,21.86,92
2015.04.08,00:00,21.88,22.10,21.67,22.02,73
2015.04.09,00:00,21.85,22.60,21.84,22.53,85
2015.04.10,00:00,22.55,22.77,22.47,22.76,40
2015.04.13,00:00,22.71,22.84,22.45,22.55,63
2015.04.14,00:00,22.46,22.55,22.14,22.36,73
2015.04.15,00:00,22.42,22.80,22.31,22.63,78
2015.04.16,00:00,22.50,22.69,22.33,22.49,72
2015.04.17,00:00,22.02,22.42,22.01,22.20,65
2015.04.20,00:00,22.30,22.44,22.05,22.09,58
2015.04.21,00:00,22.36,22.36,21.95,22.06,53
2015.04.22,00:00,22.19,22.34,21.85,22.31,87
2015.04.23,00:00,21.90,22.43,21.65,22.22,125
2015.04.24,00:00,22.21,22.22,21.78,22.03,71
2015.04.27,00:00,22.10,22.59,21.91,22.20,127
2015.04.28,00:00,22.16,22.39,21.95,22.31,74
2015.04.29,00:00,22.15,22.37,22.05,22.14,64
2015.04.30,00:00,22.03,22.31,21.98,22.20,50
2015.05.01,00:00,22.38,22.82,22.28,22.75,72
2015.05.04,00:00,22.73,22.88,22.54,22.61,57
2015.05.05,00:00,22.53,22.56,21.93,22.03,77
2015.05.06,00:00,22.15,22.36,21.81,22.10,106
2015.05.07,00:00,22.01,22.56,21.94,22.49,77
2015.05.08,00:00,21.01,21.84,20.49,20.83,253
2015.05.11,00:00,20.54,20.84,20.38,20.63,84
2015.05.12,00:00,20.48,21.00,20.47,20.83,72
2015.05.13,00:00,20.98,21.14,20.75,20.95,76
2015.05.14,00:00,21.01,21.40,20.96,21.29,61
2015.05.15,00:00,21.38,21.48,21.17,21.30,55
2015.05.18,00:00,21.25,21.40,21.15,21.27,49
2015.05.19,00:00,21.20,21.27,21.00,21.04,39
2015.05.20,00:00,21.05,21.30,21.02,21.04,56
2015.05.21,00:00,21.05,21.14,20.87,20.89,39
2015.05.22,00:00,20.94,21.02,20.81,20.86,35
2015.05.26,00:00,20.76,20.90,20.57,20.73,64
2015.05.27,00:00,20.87,21.94,20.80,21.84,132
2015.05.28,00:00,21.84,22.21,21.80,22.14,53
2015.05.29,00:00,22.14,22.28,22.10,22.13,36
2015.06.01,00:00,22.27,22.60,22.13,22.38,84
2015.06.02,00:00,22.24,22.36,21.92,21.94,59
2015.06.03,00:00,22.00,22.17,21.66,21.70,73
2015.06.04,00:00,21.57,22.16,21.57,22.09,67
2015.06.05,00:00,22.02,22.36,21.79,22.26,91
2015.06.08,00:00,22.19,22.34,21.50,21.75,125
2015.06.09,00:00,21.77,22.02,21.73,21.86,50
2015.06.10,00:00,21.60,21.74,21.35,21.47,66
2015.06.11,00:00,21.47,21.85,21.47,21.70,54
2015.06.12,00:00,21.56,21.69,21.06,21.11,82
2015.06.15,00:00,21.00,21.17,20.84,21.07,60
2015.06.16,00:00,21.03,21.36,20.82,21.33,79
2015.06.17,00:00,21.32,21.70,21.27,21.58,61
2015.06.18,00:00,21.76,22.08,21.70,21.94,59
2015.06.19,00:00,21.94,22.12,21.67,21.87,84
2015.06.22,00:00,21.91,22.03,21.45,21.78,104
2015.06.23,00:00,21.82,21.99,21.05,21.22,129
2015.06.24,00:00,21.19,21.30,20.91,21.01,61
2015.06.25,00:00,21.01,21.30,21.01,21.17,43
2015.06.26,00:00,21.00,21.17,20.65,20.74,79
2015.06.29,00:00,20.50,20.71,20.09,20.12,87
2015.06.30,00:00,20.24,20.33,19.97,20.11,60
2015.07.01,00:00,20.61,20.90,20.22,20.40,116
2015.07.02,00:00,20.39,20.55,20.29,20.42,50
2015.07.06,00:00,20.25,20.53,20.02,20.17,95
2015.07.07,00:00,20.05,20.13,19.16,19.79,169
2015.07.08,00:00,19.68,19.80,19.49,19.65,60
2015.07.09,00:00,19.96,20.05,19.29,19.41,98
2015.07.10,00:00,19.66,19.93,19.61,19.75,56
2015.07.13,00:00,19.95,19.99,19.75,19.88,42
2015.07.14,00:00,19.91,19.93,19.63,19.89,59
2015.07.15,00:00,19.84,19.97,19.57,19.75,72
2015.07.16,00:00,19.87,20.19,19.80,20.19,206
2015.07.17,00:00,20.12,20.14,19.81,20.06,140
2015.07.20,00:00,20.07,20.15,19.65,19.70,134
2015.07.21,00:00,19.66,20.07,19.66,19.79,139
2015.07.22,00:00,19.65,19.65,19.17,19.41,191
2015.07.23,00:00,19.45,19.94,19.41,19.65,206
2015.07.24,00:00,19.79,19.81,19.34,19.44,144
2015.07.27,00:00,19.25,19.53,19.09,19.31,198
2015.07.28,00:00,19.36,19.86,19.16,19.73,167
2015.07.29,00:00,19.69,20.13,19.61,19.97,176
2015.07.30,00:00,19.92,20.22,19.92,20.02,158
2015.07.31,00:00,20.10,20.11,19.83,19.94,128
2015.08.03,00:00,20.11,20.31,19.85,20.29,199
2015.08.04,00:00,20.22,20.43,20.14,20.37,202
2015.08.05,00:00,20.87,20.89,20.54,20.58,206
2015.08.06,00:00,20.53,20.68,20.11,20.45,298
2015.08.07,00:00,22.46,23.37,21.88,23.15,420
2015.08.10,00:00,22.82,23.95,22.68,23.78,269
2015.08.11,00:00,23.43,23.89,23.43,23.66,221
2015.08.12,00:00,23.28,23.89,23.28,23.72,204
2015.08.13,00:00,23.75,23.80,23.46,23.52,199
2015.08.14,00:00,23.50,23.68,23.36,23.57,181
2015.08.17,00:00,23.50,23.50,23.10,23.39,181
2015.08.18,00:00,23.22,23.38,22.90,23.08,210
2015.08.19,00:00,23.05,23.31,22.74,22.99,215
2015.08.20,00:00,22.73,22.84,22.05,22.16,290
2015.08.21,00:00,22.00,22.37,21.67,21.71,247
2015.08.24,00:00,20.27,21.83,20.00,20.71,611
2015.08.25,00:00,21.62,21.70,20.28,20.28,301
2015.08.26,00:00,20.94,21.83,20.78,21.81,346
2015.08.27,00:00,22.04,22.64,21.91,22.63,290
2015.08.28,00:00,22.63,22.87,22.47,22.74,217
2015.08.31,00:00,22.62,22.78,22.39,22.48,214
2015.09.01,00:00,21.83,22.20,21.40,21.56,257
2015.09.02,00:00,22.15,22.22,21.78,22.21,251
2015.09.03,00:00,22.54,22.65,22.23,22.27,213
2015.09.04,00:00,21.89,22.24,21.78,21.93,201
2015.09.08,00:00,22.28,22.77,22.19,22.68,203
2015.09.09,00:00,22.75,22.94,22.18,22.23,252
2015.09.10,00:00,22.10,22.86,22.00,22.58,328
2015.09.11,00:00,22.33,22.80,22.24,22.71,192
2015.09.14,00:00,22.76,22.83,22.57,22.69,174
2015.09.15,00:00,22.70,23.06,22.63,22.94,212
2015.09.16,00:00,22.90,23.23,22.73,23.10,181
2015.09.17,00:00,23.50,23.71,23.26,23.31,229
2015.09.18,00:00,22.99,23.49,22.85,23.30,172
2015.09.21,00:00,23.32,23.58,23.20,23.53,176
2015.09.22,00:00,23.02,23.18,22.77,22.89,243
2015.09.23,00:00,22.91,23.14,22.82,23.00,191
2015.09.24,00:00,22.86,23.68,22.50,23.44,339
2015.09.25,00:00,23.73,24.07,23.46,23.58,257
2015.09.28,00:00,23.61,23.76,23.15,23.30,250
2015.09.29,00:00,23.55,23.75,23.22,23.71,297
2015.09.30,00:00,23.93,24.68,23.79,24.65,300
2015.10.01,00:00,24.65,24.72,23.47,24.17,355
2015.10.02,00:00,24.04,24.63,23.79,24.54,241
2015.10.05,00:00,24.96,25.73,24.83,25.42,266
2015.10.06,00:00,25.15,25.86,25.05,25.75,347
2015.10.07,00:00,25.81,26.28,25.39,26.02,302
2015.10.08,00:00,25.91,26.24,25.47,26.17,363
2015.10.09,00:00,26.03,26.28,25.58,25.88,246
2015.10.12,00:00,26.10,26.50,25.91,26.35,247
2015.10.13,00:00,26.14,26.56,26.05,26.40,165
2015.10.14,00:00,26.43,27.79,26.40,27.36,425
2015.10.15,00:00,27.41,27.99,27.13,27.43,286
2015.10.16,00:00,27.52,28.12,27.45,27.70,244
2015.10.19,00:00,27.95,28.08,27.49,27.81,220
2015.10.20,00:00,27.69,27.90,27.48,27.77,212
2015.10.21,00:00,27.94,28.11,27.36,27.41,224
2015.10.22,00:00,27.73,28.49,27.69,28.40,277
2015.10.23,00:00,28.65,28.78,28.22,28.57,267
2015.10.26,00:00,28.61,28.68,28.20,28.46,237
2015.10.27,00:00,28.32,28.62,28.30,28.44,197
2015.10.28,00:00,28.62,28.67,28.20,28.67,249
2015.10.29,00:00,28.21,28.50,27.63,27.68,255
2015.10.30,00:00,27.98,28.57,27.77,28.37,250
2015.11.02,00:00,28.46,28.73,28.29,28.70,199
2015.11.03,00:00,28.53,28.69,28.18,28.50,254
2015.11.04,00:00,28.42,28.63,27.90,28.03,309
2015.11.05,00:00,28.17,28.25,27.63,27.71,365
2015.11.06,00:00,30.45,31.94,29.82,31.55,685
2015.11.09,00:00,31.24,31.50,30.97,31.41,290
2015.11.10,00:00,31.00,31.17,30.15,30.81,362
2015.11.11,00:00,30.83,31.05,30.40,30.51,398
2015.11.12,00:00,30.44,30.72,30.27,30.40,265
2015.11.13,00:00,30.43,30.56,29.65,29.81,291
2015.11.16,00:00,30.19,30.42,29.95,30.40,262
2015.11.17,00:00,30.48,30.66,30.27,30.40,289
2015.11.18,00:00,30.41,31.07,30.08,31.03,227
2015.11.19,00:00,31.14,31.43,30.89,31.12,270
2015.11.20,00:00,31.35,31.57,31.16,31.39,168
2015.11.23,00:00,31.65,31.65,30.81,30.92,298
2015.11.24,00:00,30.92,31.44,30.78,31.17,278
2015.11.25,00:00,31.11,31.48,31.02,31.13,193
2015.11.27,00:00,31.19,31.49,31.03,31.39,137
2015.11.30,00:00,31.42,31.86,31.39,31.72,264
2015.12.01,00:00,32.00,32.78,31.97,32.75,327
2015.12.02,00:00,32.80,33.14,32.43,32.50,291
2015.12.03,00:00,32.76,33.10,32.27,32.43,309
2015.12.04,00:00,32.43,33.81,32.43,33.75,402
2015.12.07,00:00,33.74,33.74,33.01,33.11,296
2015.12.08,00:00,32.70,33.70,32.49,33.56,316
2015.12.09,00:00,33.55,33.75,32.37,32.71,335
2015.12.10,00:00,32.81,33.16,32.70,32.98,232
2015.12.11,00:00,32.65,32.88,32.42,32.49,272
2015.12.14,00:00,32.52,32.75,32.18,32.57,2508
2015.12.15,00:00,32.94,33.20,32.76,32.97,1920
2015.12.16,00:00,33.04,33.28,32.75,33.17,2301
2015.12.17,00:00,33.22,33.56,32.65,32.67,1820
2015.12.18,00:00,32.44,32.77,32.10,32.16,2198
2015.12.21,00:00,32.49,32.93,32.20,32.90,1626
2015.12.22,00:00,33.00,33.26,32.73,32.93,1628
2015.12.23,00:00,32.98,33.19,32.92,33.06,1347
2015.12.24,00:00,32.96,33.25,32.91,33.17,805
2015.12.28,00:00,32.82,33.14,32.36,33.14,1489
2015.12.29,00:00,33.16,33.78,33.07,33.68,1498
2015.12.30,00:00,33.65,33.94,33.38,33.39,1430
2015.12.31,00:00,33.34,33.49,32.96,32.96,1449
2016.01.04,00:00,32.29,32.58,32.04,32.37,2046
2016.01.05,00:00,32.98,33.44,32.50,32.89,2453
2016.01.06,00:00,32.35,32.50,31.16,31.53,2238
2016.01.07,00:00,30.74,30.95,29.88,30.28,3189
2016.01.08,00:00,30.67,30.70,29.57,29.62,2502
2016.01.11,00:00,29.60,29.84,29.10,29.45,3429
2016.01.12,00:00,29.46,30.56,29.28,30.20,3941
2016.01.13,00:00,30.20,30.53,29.18,29.23,5546
2016.01.14,00:00,28.44,28.94,27.77,28.61,5292
2016.01.15,00:00,27.42,27.79,26.59,27.04,6434
2016.01.19,00:00,27.73,28.44,27.21,27.42,5528
2016.01.20,00:00,26.75,27.82,26.44,27.55,7846
2016.01.21,00:00,27.61,28.23,27.21,27.89,5578
2016.01.22,00:00,28.44,28.63,28.27,28.47,4203
2016.01.25,00:00,28.35,28.76,28.33,28.39,3023
2016.01.26,00:00,28.50,28.81,28.18,28.61,2858
2016.01.27,00:00,28.52,28.74,27.81,28.24,4396
2016.01.28,00:00,28.47,28.67,27.50,28.04,3614
2016.01.29,00:00,28.20,29.30,28.17,29.29,2451
2016.02.01,00:00,29.20,29.44,29.00,29.31,2387
2016.02.02,00:00,28.98,28.98,27.85,28.03,1948
2016.02.03,00:00,28.20,28.39,27.54,28.19,4371
2016.02.04,00:00,28.23,28.83,27.91,28.22,4100
2016.02.05,00:00,28.08,28.22,26.34,26.36,3174
2016.02.08,00:00,25.99,26.05,24.84,25.19,4995
2016.02.09,00:00,24.92,26.53,24.78,25.45,4990
2016.02.10,00:00,25.59,26.37,25.28,25.42,5614
2016.02.11,00:00,24.97,25.54,24.81,25.38,6514
2016.02.12,00:00,25.47,25.77,24.74,25.71,3133
2016.02.16,00:00,26.06,27.01,26.05,27.00,3824
2016.02.17,00:00,27.39,27.90,27.21,27.63,3989
2016.02.18,00:00,29.94,30.95,29.89,30.01,6414
2016.02.19,00:00,29.87,30.69,29.64,30.44,2907
2016.02.22,00:00,30.82,31.85,30.81,31.43,2755
2016.02.23,00:00,31.14,31.88,31.08,31.61,2242
2016.02.24,00:00,31.16,31.85,30.58,31.77,4194
2016.02.25,00:00,31.90,32.01,31.31,31.78,3136
2016.02.26,00:00,32.04,32.10,31.35,31.66,2107
2016.02.29,00:00,31.55,32.00,31.32,31.47,2504
2016.03.01,00:00,31.44,32.67,31.37,32.62,2373
2016.03.02,00:00,32.54,33.04,32.47,32.87,2169
2016.03.03,00:00,32.91,33.02,32.20,32.62,2290
2016.03.04,00:00,32.82,32.83,32.29,32.54,2690
2016.03.07,00:00,32.37,32.57,31.90,32.29,2450
2016.03.08,00:00,31.97,32.09,31.64,31.79,3015
2016.03.09,00:00,31.92,31.97,31.31,31.67,2664
2016.03.10,00:00,31.84,32.08,31.02,31.68,5276
2016.03.11,00:00,31.91,32.19,31.75,32.15,2432
2016.03.14,00:00,32.04,32.41,31.85,32.31,1994
2016.03.15,00:00,32.14,32.32,31.56,32.08,1954
2016.03.16,00:00,31.79,33.19,31.79,33.10,2647
2016.03.17,00:00,32.96,33.12,32.36,32.79,2551
2016.03.18,00:00,33.10,34.23,32.98,33.82,2904
2016.03.21,00:00,33.51,33.90,33.14,33.84,2178
2016.03.22,00:00,33.68,34.07,33.41,33.81,2355
2016.03.23,00:00,33.94,34.66,33.82,34.39,3056
2016.03.24,00:00,34.08,34.52,34.00,34.47,1980
2016.03.28,00:00,34.40,34.96,34.38,34.80,3456
2016.03.29,00:00,34.64,35.45,34.60,35.36,2275
2016.03.30,00:00,35.54,36.23,35.54,35.75,3839
2016.03.31,00:00,35.84,35.97,35.34,35.68,2666
2016.04.01,00:00,35.49,36.07,35.12,36.05,3365
2016.04.04,00:00,36.22,36.62,35.65,35.75,2576
2016.04.05,00:00,35.34,36.06,35.30,35.75,2784
2016.04.06,00:00,35.29,35.80,34.61,35.79,3833
2016.04.07,00:00,35.57,35.87,35.27,35.42,3149
2016.04.08,00:00,35.72,35.94,35.28,35.65,3062
2016.04.11,00:00,35.76,36.46,35.75,35.86,4385
2016.04.12,00:00,35.96,36.00,35.13,35.83,4631
2016.04.13,00:00,36.02,36.72,35.99,36.71,2375
2016.04.14,00:00,36.61,36.98,36.48,36.79,3291
2016.04.15,00:00,36.74,37.44,36.68,37.11,2200
2016.04.18,00:00,36.98,37.02,36.60,36.99,2125
2016.04.19,00:00,37.09,37.16,36.07,36.31,2997
2016.04.20,00:00,36.25,36.65,36.20,36.48,2139
2016.04.21,00:00,36.52,36.62,36.24,36.42,2587
2016.04.22,00:00,36.49,36.76,36.13,36.27,2326
2016.04.25,00:00,36.13,36.62,36.13,36.40,2263
2016.04.26,00:00,36.50,37.07,36.31,36.44,2357
2016.04.27,00:00,36.32,37.29,36.32,37.21,4284
2016.04.28,00:00,37.10,37.24,36.10,36.17,3227
2016.04.29,00:00,36.00,36.03,35.13,35.50,4937
2016.05.02,00:00,35.67,36.20,35.67,35.99,3425
2016.05.03,00:00,35.51,35.72,35.24,35.58,2353
2016.05.04,00:00,35.00,35.03,34.39,34.76,3559
2016.05.05,00:00,34.99,35.36,34.69,34.96,2809
2016.05.06,00:00,34.80,35.41,34.80,35.26,2918
2016.05.09,00:00,35.37,35.55,34.98,35.22,2664
2016.05.10,00:00,35.36,36.00,35.14,35.95,2443
2016.05.11,00:00,36.02,36.44,35.86,36.01,2227
2016.05.12,00:00,36.19,36.38,34.92,35.48,4135
2016.05.13,00:00,39.02,40.97,39.02,40.96,8569
2016.05.16,00:00,40.60,42.78,40.46,42.12,4996
2016.05.17,00:00,41.98,42.56,41.45,42.27,4487
2016.05.18,00:00,42.02,43.83,42.00,43.25,5963
2016.05.19,00:00,43.13,43.83,43.12,43.64,5021
2016.05.20,00:00,43.93,44.50,43.88,44.30,3424
2016.05.23,00:00,44.52,44.66,44.12,44.38,4185
2016.05.24,00:00,44.45,45.48,44.28,45.37,3995
2016.05.25,00:00,45.49,45.65,44.80,45.07,4131
2016.05.26,00:00,45.24,45.96,45.10,45.64,3379
2016.05.27,00:00,45.62,45.95,45.54,45.85,2755
2016.05.31,00:00,45.99,46.78,45.99,46.75,3199
2016.06.01,00:00,46.50,47.24,46.35,46.76,2753
2016.06.02,00:00,47.06,47.51,46.59,47.13,2999
2016.06.03,00:00,46.60,46.63,45.65,46.49,4217
2016.06.06,00:00,46.54,46.94,45.99,46.30,3116
2016.06.07,00:00,46.50,46.76,46.30,46.34,2360
2016.06.08,00:00,46.33,46.48,45.79,46.15,2672
2016.06.09,00:00,46.10,47.43,45.90,47.37,3740
2016.06.10,00:00,46.95,47.18,46.12,46.14,3804
2016.06.13,00:00,46.29,47.68,46.29,46.71,5116
2016.06.14,00:00,46.68,47.08,46.15,46.86,4313
2016.06.15,00:00,47.20,47.75,46.74,47.29,3789
2016.06.16,00:00,47.02,47.61,46.54,47.49,4005
2016.06.17,00:00,47.55,47.55,46.54,46.78,4447
2016.06.20,00:00,47.49,48.12,47.42,47.49,3010
2016.06.21,00:00,47.68,47.87,47.19,47.27,2647
2016.06.22,00:00,47.32,47.66,47.14,47.24,2920
2016.06.23,00:00,47.61,48.52,47.61,48.46,3192
2016.06.24,00:00,46.24,47.32,45.27,45.99,9449
2016.06.27,00:00,45.31,45.68,44.56,45.29,8933
2016.06.28,00:00,45.99,46.08,45.25,45.85,4761
2016.06.29,00:00,46.41,46.99,46.16,46.65,4564
2016.06.30,00:00,46.72,47.28,46.34,46.93,3744
2016.07.01,00:00,46.80,47.34,46.49,46.64,3384
2016.07.05,00:00,46.29,47.42,46.02,47.30,4240
2016.07.06,00:00,47.06,47.91,46.76,47.60,5623
2016.07.07,00:00,47.79,49.03,47.73,48.88,4398
2016.07.08,00:00,49.32,51.08,49.21,50.78,4060
2016.07.11,00:00,51.56,52.38,51.41,52.07,3666
2016.07.12,00:00,52.59,53.26,51.93,52.78,4479
2016.07.13,00:00,52.72,53.17,52.57,52.80,2850
2016.07.14,00:00,53.14,53.78,52.61,53.36,3334
2016.07.15,00:00,52.58,52.92,51.82,52.64,3856
2016.07.18,00:00,53.11,53.36,52.75,52.92,2541
2016.07.19,00:00,52.93,53.71,52.82,53.45,1972
2016.07.20,00:00,53.64,54.49,53.46,54.22,2262
2016.07.21,00:00,54.11,54.22,53.04,53.10,2883
2016.07.22,00:00,53.29,54.63,53.00,54.57,3791
2016.07.25,00:00,54.95,55.79,54.75,55.57,3789
2016.07.26,00:00,56.16,56.90,56.09,56.60,5174
2016.07.27,00:00,57.07,57.07,55.70,56.00,4520
2016.07.28,00:00,56.06,56.55,56.00,56.18,4216
2016.07.29,00:00,56.45,57.23,55.36,57.14,5318
2016.08.01,00:00,57.48,57.49,56.34,56.58,3810
2016.08.02,00:00,56.97,56.97,55.49,56.00,4560
2016.08.03,00:00,55.96,56.25,55.66,56.07,3392
2016.08.04,00:00,56.44,57.47,56.33,57.26,2353
2016.08.05,00:00,57.89,58.21,57.60,58.12,2865
2016.08.08,00:00,58.99,59.11,58.11,58.68,3609
2016.08.09,00:00,58.90,59.44,58.73,58.83,3081
2016.08.10,00:00,59.40,59.41,58.31,58.44,3356
2016.08.11,00:00,58.98,59.86,58.69,59.77,3480
2016.08.12,00:00,61.94,63.33,60.60,63.13,13872
2016.08.15,00:00,63.09,63.47,62.11,62.93,4996
2016.08.16,00:00,62.79,62.97,62.39,62.69,3010
2016.08.17,00:00,62.59,62.69,60.64,61.17,5271
2016.08.18,00:00,61.06,62.18,60.75,62.11,4075
2016.08.19,00:00,62.10,62.71,61.79,62.26,3556
2016.08.22,00:00,62.39,62.60,61.68,62.50,3573
2016.08.23,00:00,62.99,63.26,62.70,62.87,3093
2016.08.24,00:00,63.06,63.13,61.64,61.81,3225
2016.08.25,00:00,61.93,61.94,60.74,61.47,4138
2016.08.26,00:00,61.77,62.36,61.18,61.96,6068
2016.08.29,00:00,62.22,62.51,61.87,62.02,2891
2016.08.30,00:00,61.90,62.22,61.45,61.61,3230
2016.08.31,00:00,61.70,61.91,61.15,61.40,4300
2016.09.01,00:00,61.30,63.36,61.30,63.09,6007
2016.09.02,00:00,63.19,63.23,61.81,62.46,5061
2016.09.06,00:00,62.62,63.09,62.40,63.07,3197
2016.09.07,00:00,62.90,63.21,61.81,62.16,3045
2016.09.08,00:00,62.17,62.72,61.41,62.65,3602
2016.09.09,00:00,61.84,62.27,58.98,59.62,7883
2016.09.12,00:00,58.22,60.82,57.33,60.67,9603
2016.09.13,00:00,60.55,61.24,59.49,60.03,11792
2016.09.14,00:00,59.94,60.56,59.52,60.30,7691
2016.09.15,00:00,60.42,62.72,60.32,62.57,7085
2016.09.16,00:00,62.74,63.20,62.09,62.82,6460
2016.09.19,00:00,63.60,65.21,63.16,63.66,9802
2016.09.20,00:00,63.78,63.88,62.72,63.18,5865
2016.09.21,00:00,63.33,64.94,63.29,64.88,8022
2016.09.22,00:00,65.25,65.39,64.61,65.00,5278
2016.09.23,00:00,64.91,65.25,64.62,64.98,3639
2016.09.26,00:00,64.05,64.57,63.49,64.30,6386
2016.09.27,00:00,64.15,66.59,64.15,66.52,5382
2016.09.28,00:00,66.58,66.73,65.87,66.70,6059
2016.09.29,00:00,66.59,67.57,66.02,67.45,9916
2016.09.30,00:00,67.52,69.15,67.33,68.67,7808
2016.10.03,00:00,68.59,69.43,68.31,68.45,7093
2016.10.04,00:00,68.78,69.65,67.75,68.30,9405
2016.10.05,00:00,68.52,69.13,67.98,68.15,4583
2016.10.06,00:00,67.09,67.77,66.26,67.35,7297
2016.10.07,00:00,67.65,67.93,66.62,66.81,6568
2016.10.10,00:00,67.16,67.48,66.43,67.12,6098
2016.10.11,00:00,66.79,66.93,65.58,66.12,6389
2016.10.12,00:00,65.76,66.73,65.27,66.37,6728
2016.10.13,00:00,65.57,65.66,63.67,65.25,8683
2016.10.14,00:00,65.98,66.56,65.54,66.01,5638
2016.10.17,00:00,65.94,66.45,65.48,65.57,3083
2016.10.18,00:00,66.57,66.95,66.21,66.53,2677
2016.10.19,00:00,66.20,66.73,65.77,66.47,3283
2016.10.20,00:00,67.22,67.89,66.26,67.70,6445
2016.10.21,00:00,67.36,67.61,66.86,67.55,3851
2016.10.24,00:00,67.94,70.74,67.94,70.71,4971
2016.10.25,00:00,70.54,72.24,70.20,71.67,6262
2016.10.26,00:00,71.09,72.90,71.09,72.18,6417
2016.10.27,00:00,72.43,72.76,70.34,70.63,7580
2016.10.28,00:00,71.07,72.05,70.38,70.49,10298
2016.10.31,00:00,70.72,71.58,70.70,71.16,5374
2016.11.01,00:00,71.37,71.73,68.24,68.94,8846
2016.11.02,00:00,69.60,70.45,68.58,68.72,9760
2016.11.03,00:00,68.91,69.02,66.59,67.90,8474
2016.11.04,00:00,67.45,68.69,66.50,67.58,8423
2016.11.07,00:00,69.53,71.65,69.43,71.12,7400
2016.11.08,00:00,71.45,71.70,70.45,71.13,7197
2016.11.09,00:00,69.05,70.81,68.71,69.88,19076
2016.11.10,00:00,71.38,71.41,66.71,67.69,16070
2016.11.11,00:00,79.68,88.69,78.72,87.99,23040
2016.11.14,00:00,87.85,87.85,83.54,83.61,19220
2016.11.15,00:00,84.28,87.34,83.92,86.22,15349
2016.11.16,00:00,87.16,92.50,86.26,91.63,18394
2016.11.17,00:00,92.23,94.73,90.58,92.20,16595
2016.11.18,00:00,92.48,94.23,91.75,93.18,12563
2016.11.21,00:00,94.01,94.01,92.26,92.95,10224
2016.11.22,00:00,93.11,93.58,92.23,93.42,10101
2016.11.23,00:00,93.53,95.08,92.62,93.73,11209
2016.11.25,00:00,94.18,94.89,93.28,93.92,6095
2016.11.28,00:00,93.78,94.60,93.53,93.87,8628
2016.11.29,00:00,93.90,94.32,92.42,93.27,9692
2016.11.30,00:00,93.40,94.05,92.41,92.94,9725
2016.12.01,00:00,91.93,91.99,84.71,87.40,22713
2016.12.02,00:00,85.51,88.62,85.09,88.30,14823
2016.12.05,00:00,89.87,92.51,88.91,91.76,17947
2016.12.06,00:00,92.23,93.60,91.48,92.97,13342
2016.12.07,00:00,92.58,95.21,92.01,94.67,14170
2016.12.08,00:00,95.06,96.48,92.97,93.48,13543
2016.12.09,00:00,93.82,93.82,90.63,91.58,11532
2016.12.12,00:00,89.78,89.78,87.43,89.46,13241
2016.12.13,00:00,90.24,92.17,90.02,91.06,11613
2016.12.14,00:00,92.28,96.86,91.44,96.40,21278
2016.12.15,00:00,96.80,99.81,96.46,98.77,17564
2016.12.16,00:00,99.62,100.53,97.62,98.96,13599
2016.12.19,00:00,99.62,102.31,98.89,101.43,17183
2016.12.20,00:00,104.59,105.98,104.01,104.95,16924
2016.12.21,00:00,105.55,105.82,103.60,105.67,13358
2016.12.22,00:00,106.71,108.76,106.42,106.92,16691
2016.12.23,00:00,106.23,109.65,106.02,109.51,12282
2016.12.27,00:00,111.93,117.22,111.10,117.14,22209
2016.12.28,00:00,119.36,119.72,108.66,109.07,40496
2016.12.29,00:00,104.54,111.26,102.46,111.03,35045
2016.12.30,00:00,111.00,111.56,106.20,106.49,25993
2017.01.03,00:00,103.96,106.22,99.28,101.82,25493
2017.01.04,00:00,103.45,105.35,101.43,104.13,18860
2017.01.05,00:00,104.40,105.67,100.95,101.57,16368
2017.01.06,00:00,102.22,104.14,101.10,103.21,14738
2017.01.09,00:00,103.40,107.87,103.40,107.44,18742
2017.01.10,00:00,107.61,109.03,105.53,106.40,19596
2017.01.11,00:00,105.88,106.01,103.98,104.82,13666
2017.01.12,00:00,104.11,104.33,101.45,103.21,15324
2017.01.13,00:00,103.60,104.82,102.89,103.12,11309
2017.01.17,00:00,102.84,102.84,100.44,100.88,11464
2017.01.18,00:00,100.16,103.06,98.99,102.58,12311
2017.01.19,00:00,103.51,106.31,102.86,105.08,12258
2017.01.20,00:00,106.03,106.61,102.98,103.77,13022
2017.01.23,00:00,103.58,105.71,103.58,104.95,10040
2017.01.24,00:00,105.60,107.49,104.82,107.30,10316
2017.01.25,00:00,108.70,109.18,106.25,107.62,13316
2017.01.26,00:00,107.65,109.85,106.63,109.56,10227
2017.01.27,00:00,109.82,111.80,108.77,111.56,10131
2017.01.30,00:00,110.79,110.82,107.84,109.87,11418
2017.01.31,00:00,109.00,109.90,108.12,109.26,9156
2017.02.01,00:00,110.71,113.88,109.78,113.86,13154
2017.02.02,00:00,113.13,115.65,111.99,115.40,12546
2017.02.03,00:00,115.35,115.76,113.82,114.41,8611
2017.02.06,00:00,114.17,117.16,113.96,117.13,11254
2017.02.07,00:00,118.54,120.80,117.83,118.96,12605
2017.02.08,00:00,118.03,119.22,116.30,118.57,9138
2017.02.09,00:00,118.62,118.97,115.20,115.95,11185
2017.02.10,00:00,119.63,120.26,112.20,113.43,19289
2017.02.13,00:00,113.29,113.86,108.12,108.34,15131
2017.02.14,00:00,107.67,110.05,106.20,108.61,14607
2017.02.15,00:00,108.79,109.68,107.68,108.84,9210
2017.02.16,00:00,109.12,109.16,105.59,107.08,11046
2017.02.17,00:00,106.39,107.30,104.71,106.98,9768
2017.02.21,00:00,108.37,111.13,108.28,111.13,10595
2017.02.22,00:00,111.22,111.69,109.92,110.70,8868
2017.02.23,00:00,105.24,106.22,99.60,100.26,20129
2017.02.24,00:00,96.25,101.89,95.63,101.22,11912
