2016.05.03,13:00,16.96,16.98,16.94,16.98,7
2016.05.03,14:00,16.97,16.97,16.83,16.83,15
2016.05.03,15:00,16.83,16.85,16.72,16.80,24
2016.05.03,16:00,16.80,16.91,16.77,16.89,20
2016.05.03,17:00,16.91,16.91,16.80,16.82,14
2016.05.03,18:00,16.80,16.83,16.72,16.78,21
2016.05.03,19:00,16.78,17.05,16.77,17.02,33
2016.05.04,10:00,16.96,17.08,16.96,17.05,16
2016.05.04,11:00,17.06,17.06,17.03,17.04,5
2016.05.04,12:00,17.04,17.07,17.04,17.06,5
2016.05.04,13:00,17.05,17.05,17.02,17.02,4
2016.05.04,14:00,17.00,17.03,16.95,16.97,14
2016.05.04,15:00,16.97,17.16,16.97,17.14,22
2016.05.04,16:00,17.14,17.26,17.11,17.25,20
2016.05.04,17:00,17.26,17.26,17.14,17.17,16
2016.05.04,18:00,17.15,17.25,17.15,17.24,12
2016.05.04,19:00,17.26,17.43,17.25,17.27,36
2016.05.05,10:00,17.30,17.32,17.29,17.32,5
2016.05.05,11:00,17.32,17.33,17.31,17.33,4
2016.05.05,12:00,17.34,17.36,17.32,17.33,8
2016.05.05,13:00,17.32,17.32,17.25,17.29,12
2016.05.05,14:00,17.33,17.37,17.32,17.34,10
2016.05.05,15:00,17.36,17.49,17.36,17.48,15
2016.05.05,16:00,17.49,17.50,17.26,17.26,26
2016.05.05,17:00,17.27,17.30,16.60,16.72,86
2016.05.05,18:00,16.72,16.85,16.64,16.78,37
2016.05.05,19:00,16.77,16.88,16.54,16.54,46
2016.05.06,10:00,16.66,16.66,16.52,16.60,23
2016.05.06,11:00,16.59,16.68,16.57,16.67,15
2016.05.06,12:00,16.67,16.71,16.60,16.65,21
2016.05.06,13:00,16.67,16.69,16.65,16.69,7
2016.05.06,14:00,16.69,16.69,16.61,16.66,14
2016.05.06,15:00,16.69,16.83,16.63,16.78,32
2016.05.06,16:00,16.79,16.80,16.63,16.74,30
2016.05.06,17:00,16.74,16.79,16.71,16.72,15
2016.05.06,18:00,16.73,16.80,16.58,16.61,33
2016.05.06,19:00,16.61,16.68,16.50,16.67,31
2016.05.09,10:00,16.51,16.54,16.46,16.49,15
2016.05.09,11:00,16.49,16.55,16.49,16.53,9
2016.05.09,12:00,16.53,16.57,16.53,16.54,8
2016.05.09,13:00,16.54,16.54,16.52,16.54,5
2016.05.09,14:00,16.53,16.53,16.48,16.49,7
2016.05.09,15:00,16.49,16.56,16.45,16.52,20
2016.05.09,16:00,16.56,16.98,16.55,16.93,50
2016.05.09,17:00,16.92,17.03,16.84,16.88,35
2016.05.09,18:00,16.89,16.90,16.66,16.79,39
2016.05.09,19:00,16.78,16.93,16.72,16.81,40
2016.05.10,10:00,16.78,16.86,16.78,16.85,10
2016.05.10,11:00,16.83,16.88,16.83,16.88,6
2016.05.10,12:00,16.87,16.93,16.84,16.93,13
2016.05.10,13:00,16.92,17.00,16.88,16.96,21
2016.05.10,14:00,16.97,16.98,16.92,16.96,12
2016.05.10,15:00,16.95,17.02,16.92,16.96,20
2016.05.10,16:00,16.97,17.00,16.87,16.99,25
2016.05.10,17:00,16.99,16.99,16.75,16.90,40
2016.05.10,18:00,16.89,16.92,16.79,16.85,23
2016.05.10,19:00,16.86,17.06,16.84,16.89,42
2016.05.11,10:00,16.91,17.01,16.91,16.95,17
2016.05.11,11:00,16.93,17.18,16.92,17.17,29
2016.05.11,12:00,17.18,17.40,17.18,17.31,32
2016.05.11,13:00,17.29,17.35,17.28,17.30,14
2016.05.11,14:00,17.29,17.36,17.28,17.30,16
2016.05.11,15:00,17.30,17.47,17.30,17.39,26
2016.05.11,16:00,17.39,17.45,17.33,17.44,20
2016.05.11,17:00,17.44,17.56,17.42,17.44,29
2016.05.11,18:00,17.44,17.52,17.33,17.38,33
2016.05.11,19:00,17.38,17.54,17.38,17.53,18
2016.05.12,10:00,17.45,17.47,17.37,17.43,19
2016.05.12,11:00,17.43,17.46,17.40,17.41,11
2016.05.12,12:00,17.39,17.42,17.38,17.41,7
2016.05.12,13:00,17.41,17.44,17.40,17.44,6
2016.05.12,14:00,17.44,17.48,17.41,17.46,13
2016.05.12,15:00,17.45,17.51,17.38,17.40,22
2016.05.12,16:00,17.38,17.45,17.32,17.34,23
2016.05.12,17:00,17.35,17.45,17.35,17.45,11
2016.05.12,18:00,17.46,17.50,17.41,17.45,18
2016.05.12,19:00,17.46,17.62,17.45,17.60,21
2016.05.13,10:00,17.60,17.60,17.52,17.56,13
2016.05.13,11:00,17.56,17.56,17.02,17.31,84
2016.05.13,12:00,17.35,17.43,17.33,17.35,21
2016.05.13,13:00,17.38,17.42,17.38,17.40,7
2016.05.13,14:00,17.42,17.46,17.30,17.40,31
2016.05.13,15:00,17.41,17.54,17.36,17.49,29
2016.05.13,16:00,17.51,17.57,17.35,17.52,44
2016.05.13,17:00,17.53,17.53,17.43,17.48,16
2016.05.13,18:00,17.50,17.52,17.39,17.45,22
2016.05.13,19:00,17.46,17.52,17.34,17.37,28
2016.05.16,10:00,17.27,17.27,17.10,17.18,26
2016.05.16,11:00,17.20,17.23,17.19,17.21,8
2016.05.16,12:00,17.21,17.22,17.18,17.22,8
2016.05.16,13:00,17.25,17.26,17.25,17.26,2
2016.05.16,14:00,17.27,17.35,17.27,17.35,9
2016.05.16,15:00,17.35,17.40,17.16,17.18,32
2016.05.16,16:00,17.18,17.35,17.18,17.33,20
2016.05.16,17:00,17.33,17.49,17.33,17.43,23
2016.05.16,18:00,17.43,17.52,17.36,17.49,27
2016.05.16,19:00,17.50,17.54,17.46,17.51,16
2016.05.17,10:00,17.50,17.54,17.49,17.51,10
2016.05.17,11:00,17.53,17.54,17.39,17.40,18
2016.05.17,12:00,17.38,17.38,17.32,17.36,11
2016.05.17,13:00,17.36,17.37,17.36,17.37,2
2016.05.17,14:00,17.33,17.33,17.21,17.25,17
2016.05.17,15:00,17.23,17.43,17.22,17.41,25
2016.05.17,16:00,17.40,17.48,17.38,17.46,15
2016.05.17,17:00,17.47,17.55,17.45,17.46,20
2016.05.17,18:00,17.46,17.55,17.41,17.51,24
2016.05.17,19:00,17.54,17.55,17.39,17.42,21
2016.05.18,10:00,17.41,17.43,17.25,17.32,28
2016.05.18,11:00,17.34,17.34,17.32,17.33,4
2016.05.18,12:00,17.33,17.36,17.32,17.34,8
2016.05.18,13:00,17.40,17.41,17.29,17.29,14
2016.05.18,14:00,17.29,17.31,17.22,17.27,17
2016.05.18,15:00,17.24,17.31,17.09,17.12,33
2016.05.18,16:00,17.11,17.24,17.11,17.23,15
2016.05.18,17:00,17.24,17.42,17.19,17.42,29
2016.05.18,18:00,17.43,17.53,17.38,17.48,26
2016.05.18,19:00,17.49,17.53,17.39,17.50,28
2016.05.19,10:00,17.42,17.43,17.35,17.40,15
2016.05.19,11:00,17.37,17.39,17.36,17.39,5
2016.05.19,12:00,17.40,17.41,17.36,17.37,8
2016.05.19,13:00,17.38,17.45,17.38,17.45,8
2016.05.19,14:00,17.44,17.44,17.38,17.38,7
2016.05.19,15:00,17.38,17.50,17.38,17.46,17
2016.05.19,16:00,17.46,17.57,17.42,17.49,28
2016.05.19,17:00,17.50,17.51,17.27,17.42,41
2016.05.19,18:00,17.43,17.51,17.28,17.31,35
2016.05.19,19:00,17.30,17.48,17.29,17.46,23
2016.05.20,10:00,17.47,17.47,17.40,17.42,10
2016.05.20,11:00,17.42,17.47,17.39,17.41,16
2016.05.20,12:00,17.42,17.43,17.39,17.40,7
2016.05.20,13:00,17.40,17.47,17.40,17.44,11
2016.05.20,14:00,17.45,17.45,17.39,17.42,10
2016.05.20,15:00,17.40,17.66,17.38,17.65,32
2016.05.20,16:00,17.66,17.91,17.66,17.87,30
2016.05.20,17:00,17.88,17.91,17.77,17.88,29
2016.05.20,18:00,17.87,17.90,17.73,17.76,24
2016.05.20,19:00,17.78,17.86,17.73,17.77,26
2016.05.23,10:00,17.67,17.79,17.67,17.77,15
2016.05.23,11:00,17.77,17.77,17.74,17.75,5
2016.05.23,12:00,17.75,17.83,17.75,17.80,12
2016.05.23,13:00,17.78,17.80,17.68,17.75,22
2016.05.23,14:00,17.73,17.73,17.68,17.71,9
2016.05.23,15:00,17.71,17.71,17.48,17.49,25
2016.05.23,16:00,17.50,17.62,17.48,17.54,25
2016.05.23,17:00,17.56,17.60,17.50,17.51,16
2016.05.23,18:00,17.49,17.51,17.43,17.49,17
2016.05.23,19:00,17.49,17.62,17.47,17.53,27
2016.05.24,10:00,17.51,17.56,17.40,17.43,25
2016.05.24,11:00,17.46,17.46,17.43,17.46,7
2016.05.24,12:00,17.49,17.53,17.46,17.51,13
2016.05.24,13:00,17.49,17.53,17.49,17.52,6
2016.05.24,14:00,17.51,17.51,17.48,17.50,6
2016.05.24,15:00,17.52,17.59,17.45,17.46,23
2016.05.24,16:00,17.46,17.54,17.43,17.49,20
2016.05.24,17:00,17.50,17.71,17.48,17.62,35
2016.05.24,18:00,17.64,17.64,17.48,17.54,23
2016.05.24,19:00,17.55,17.56,17.39,17.49,29
2016.05.25,10:00,17.45,17.48,17.39,17.44,18
2016.05.25,11:00,17.45,17.47,17.42,17.47,9
2016.05.25,12:00,17.46,17.48,17.45,17.45,6
2016.05.25,13:00,17.46,17.49,17.42,17.42,11
2016.05.25,14:00,17.41,17.41,17.31,17.33,13
2016.05.25,15:00,17.32,17.35,17.26,17.30,17
2016.05.25,16:00,17.30,17.41,17.27,17.37,22
2016.05.25,17:00,17.39,17.70,17.37,17.61,45
2016.05.25,18:00,17.60,17.64,17.54,17.62,19
2016.05.25,19:00,17.63,17.88,17.63,17.83,31
2016.05.26,10:00,17.80,17.96,17.76,17.96,25
2016.05.26,11:00,17.96,17.97,17.92,17.94,9
2016.05.26,12:00,17.91,17.93,17.88,17.88,8
2016.05.26,13:00,17.89,17.92,17.89,17.91,5
2016.05.26,14:00,17.89,17.92,17.84,17.91,15
2016.05.26,15:00,17.90,17.98,17.90,17.98,9
2016.05.26,16:00,17.97,18.01,17.86,17.91,25
2016.05.26,17:00,17.93,17.94,17.76,17.78,22
2016.05.26,18:00,17.79,17.80,17.66,17.71,21
2016.05.26,19:00,17.72,18.02,17.71,17.99,36
2016.05.27,10:00,17.95,18.00,17.95,17.98,8
2016.05.27,11:00,17.97,17.99,17.89,17.90,14
2016.05.27,12:00,17.90,17.91,17.88,17.88,5
2016.05.27,13:00,17.89,17.94,17.89,17.94,6
2016.05.27,14:00,17.94,17.97,17.94,17.95,6
2016.05.27,15:00,17.96,18.00,17.87,17.92,23
2016.05.27,16:00,17.92,17.94,17.82,17.87,20
2016.05.27,17:00,17.88,17.98,17.87,17.98,13
2016.05.27,18:00,17.97,17.97,17.91,17.96,12
2016.05.27,19:00,17.96,18.02,17.91,17.99,20
2016.05.31,10:00,18.00,18.06,17.99,17.99,14
2016.05.31,11:00,17.99,18.05,17.97,18.03,13
2016.05.31,12:00,18.03,18.05,17.97,17.98,12
2016.05.31,13:00,17.98,18.00,17.96,17.97,8
2016.05.31,14:00,17.97,18.02,17.95,18.01,11
2016.05.31,15:00,18.00,18.06,17.95,18.05,18
2016.05.31,16:00,18.05,18.07,17.80,17.83,33
2016.05.31,17:00,17.83,17.92,17.68,17.83,49
2016.05.31,18:00,17.84,17.85,17.73,17.83,24
2016.05.31,19:00,17.84,18.00,17.75,17.81,48
2016.06.01,10:00,17.85,17.85,17.70,17.73,19
2016.06.01,11:00,17.74,17.74,17.71,17.73,6
2016.06.01,12:00,17.72,17.76,17.68,17.73,16
2016.06.01,13:00,17.73,17.83,17.70,17.80,20
2016.06.01,14:00,17.85,17.91,17.82,17.91,13
2016.06.01,15:00,17.90,18.00,17.73,17.78,43
2016.06.01,16:00,17.79,17.92,17.67,17.87,43
2016.06.01,17:00,17.88,17.94,17.83,17.85,20
2016.06.01,18:00,17.85,17.95,17.83,17.89,21
2016.06.01,19:00,17.91,17.98,17.81,17.92,34
2016.06.02,10:00,17.94,17.99,17.89,17.98,17
2016.06.02,11:00,17.98,18.04,17.96,18.02,13
2016.06.02,12:00,18.02,18.04,18.00,18.02,9
2016.06.02,13:00,18.00,18.05,18.00,18.02,9
2016.06.02,14:00,18.03,18.14,18.02,18.14,14
2016.06.02,15:00,18.14,18.20,18.05,18.15,30
2016.06.02,16:00,18.14,18.20,18.07,18.19,22
2016.06.02,17:00,18.18,18.26,18.16,18.20,19
2016.06.02,18:00,18.23,18.33,18.20,18.28,22
2016.06.02,19:00,18.28,18.39,18.25,18.34,23
2016.06.03,10:00,18.30,18.47,18.30,18.42,23
2016.06.03,11:00,18.40,18.45,18.38,18.43,12
2016.06.03,12:00,18.43,18.48,18.42,18.46,10
2016.06.03,13:00,18.46,18.46,18.41,18.43,8
2016.06.03,14:00,18.43,18.48,18.38,18.43,21
2016.06.03,15:00,18.43,18.49,18.40,18.47,15
2016.06.03,16:00,18.48,18.50,18.44,18.49,12
2016.06.03,17:00,18.49,18.55,18.46,18.51,17
2016.06.03,18:00,18.51,18.62,18.48,18.62,18
2016.06.03,19:00,18.60,18.81,18.57,18.77,32
2016.06.06,10:00,18.78,18.82,18.74,18.80,15
2016.06.06,11:00,18.81,18.90,18.78,18.84,22
2016.06.06,12:00,18.84,19.00,18.82,19.00,21
2016.06.06,13:00,19.00,19.15,18.95,19.05,36
2016.06.06,14:00,19.06,19.12,19.05,19.05,14
2016.06.06,15:00,19.06,19.09,18.85,18.97,40
2016.06.06,16:00,18.95,19.16,18.82,19.12,52
2016.06.06,17:00,19.12,19.13,18.97,19.02,23
2016.06.06,18:00,19.02,19.05,18.95,18.96,15
2016.06.06,19:00,18.97,19.00,18.87,18.89,19
2016.06.07,10:00,18.90,18.95,18.81,18.81,20
2016.06.07,11:00,18.82,18.86,18.69,18.71,24
2016.06.07,12:00,18.72,18.75,18.62,18.66,21
2016.06.07,13:00,18.62,18.66,18.56,18.66,17
2016.06.07,14:00,18.65,18.73,18.62,18.72,16
2016.06.07,15:00,18.73,19.10,18.72,19.10,40
2016.06.07,16:00,19.10,19.13,19.05,19.12,15
2016.06.07,17:00,19.12,19.14,19.05,19.09,16
2016.06.07,18:00,19.08,19.20,19.08,19.16,17
2016.06.07,19:00,19.18,19.25,19.16,19.20,17
2016.06.08,10:00,19.22,19.31,19.17,19.27,24
2016.06.08,11:00,19.27,19.32,19.26,19.32,8
2016.06.08,12:00,19.32,19.32,19.23,19.27,14
2016.06.08,13:00,19.27,19.34,19.25,19.32,14
2016.06.08,14:00,19.33,19.35,19.30,19.30,8
2016.06.08,15:00,19.28,19.41,19.28,19.37,18
2016.06.08,16:00,19.38,19.44,19.35,19.43,14
2016.06.08,17:00,19.43,19.64,19.39,19.61,33
2016.06.08,18:00,19.62,19.78,19.56,19.76,31
2016.06.08,19:00,19.77,19.82,19.69,19.78,26
2016.06.09,10:00,19.73,19.85,19.70,19.71,29
2016.06.09,11:00,19.71,19.77,19.70,19.72,14
2016.06.09,12:00,19.72,19.77,19.67,19.77,16
2016.06.09,13:00,19.75,19.75,19.66,19.69,13
2016.06.09,14:00,19.66,19.74,19.66,19.71,12
2016.06.09,15:00,19.71,19.83,19.65,19.83,25
2016.06.09,16:00,19.81,19.90,19.76,19.84,26
2016.06.09,17:00,19.81,19.87,19.65,19.71,35
2016.06.09,18:00,19.69,19.82,19.56,19.65,49
2016.06.09,19:00,19.68,19.90,19.68,19.77,36
2016.06.10,10:00,19.75,19.82,19.72,19.76,20
2016.06.10,11:00,19.77,19.83,19.67,19.69,25
2016.06.10,12:00,19.69,19.73,19.68,19.73,7
2016.06.10,13:00,19.73,19.74,19.66,19.72,16
2016.06.10,14:00,19.72,19.76,19.72,19.74,7
2016.06.10,15:00,19.74,19.78,19.33,19.46,63
2016.06.10,16:00,19.47,19.63,19.43,19.61,27
2016.06.10,17:00,19.60,19.70,19.56,19.63,26
2016.06.10,18:00,19.63,19.75,19.60,19.71,23
2016.06.10,19:00,19.73,19.84,19.68,19.84,22
2016.06.13,10:00,19.71,19.85,19.71,19.83,17
2016.06.13,11:00,19.83,19.84,19.77,19.78,10
2016.06.13,12:00,19.79,19.85,19.77,19.77,15
2016.06.13,13:00,19.78,19.78,19.60,19.60,19
2016.06.13,14:00,19.63,19.67,19.56,19.61,21
2016.06.13,15:00,19.64,19.81,19.64,19.75,24
2016.06.13,16:00,19.75,19.76,19.58,19.68,30
2016.06.13,17:00,19.68,19.72,19.55,19.61,28
2016.06.13,18:00,19.60,19.78,19.58,19.76,25
2016.06.13,19:00,19.77,19.79,19.70,19.76,18
2016.06.14,10:00,19.66,19.67,19.50,19.54,23
2016.06.14,11:00,19.53,19.60,19.50,19.51,19
2016.06.14,12:00,19.51,19.57,19.50,19.53,13
2016.06.14,13:00,19.56,19.60,19.55,19.59,8
2016.06.14,14:00,19.60,19.60,19.45,19.49,20
2016.06.14,15:00,19.51,19.58,19.44,19.53,27
2016.06.14,16:00,19.53,19.62,19.45,19.47,29
2016.06.14,17:00,19.49,19.59,19.28,19.41,55
2016.06.14,18:00,19.36,19.58,19.34,19.51,34
2016.06.14,19:00,19.52,19.62,19.45,19.61,26
2016.06.15,10:00,19.45,19.58,19.45,19.55,17
2016.06.15,11:00,19.57,19.78,19.56,19.73,29
2016.06.15,12:00,19.76,19.85,19.73,19.82,19
2016.06.15,13:00,19.82,19.88,19.79,19.82,19
2016.06.15,14:00,19.80,19.87,19.78,19.84,15
2016.06.15,15:00,19.82,19.87,19.73,19.76,23
2016.06.15,16:00,19.74,19.81,19.60,19.81,36
2016.06.15,17:00,19.82,19.83,19.66,19.81,34
2016.06.15,18:00,19.81,19.90,19.79,19.87,17
2016.06.15,19:00,19.87,19.94,19.87,19.93,9
2016.06.16,10:00,19.95,19.98,19.89,19.94,18
2016.06.16,11:00,19.95,20.01,19.90,19.98,20
2016.06.16,12:00,19.98,20.18,19.98,20.17,22
2016.06.16,13:00,20.15,20.20,20.08,20.15,25
2016.06.16,14:00,20.16,20.21,20.14,20.14,13
2016.06.16,15:00,20.13,20.17,20.00,20.14,34
2016.06.16,16:00,20.13,20.14,19.44,19.67,95
2016.06.16,17:00,19.67,19.90,19.55,19.76,62
2016.06.16,18:00,19.79,20.00,19.72,19.89,47
2016.06.16,19:00,19.91,20.05,19.77,19.87,53
2016.06.17,10:00,19.80,20.10,19.80,20.08,33
2016.06.17,11:00,20.07,20.15,20.04,20.04,20
2016.06.17,12:00,20.06,20.08,19.95,20.07,26
2016.06.17,13:00,20.06,20.09,20.02,20.03,12
2016.06.17,14:00,20.03,20.12,20.01,20.09,17
2016.06.17,15:00,20.09,20.20,20.04,20.09,33
2016.06.17,16:00,20.10,20.23,20.08,20.15,26
2016.06.17,17:00,20.13,20.19,20.03,20.11,31
2016.06.17,18:00,20.10,20.18,19.96,20.18,37
2016.06.17,19:00,20.17,20.21,19.95,19.96,32
2016.06.20,10:00,20.04,20.09,19.89,19.89,26
2016.06.20,11:00,19.88,19.94,19.73,19.82,37
2016.06.20,12:00,19.82,19.87,19.76,19.79,20
2016.06.20,13:00,19.78,19.90,19.77,19.85,20
2016.06.20,14:00,19.84,19.92,19.83,19.90,13
2016.06.20,15:00,19.89,19.94,19.78,19.84,28
2016.06.20,16:00,19.87,19.88,19.77,19.86,22
2016.06.20,17:00,19.86,19.96,19.82,19.95,20
2016.06.20,18:00,19.96,20.00,19.87,19.91,22
2016.06.20,19:00,19.91,19.98,19.83,19.86,26
2016.06.21,10:00,19.87,19.88,19.72,19.75,21
2016.06.21,11:00,19.75,19.76,19.56,19.67,33
2016.06.21,12:00,19.65,19.74,19.63,19.66,22
2016.06.21,13:00,19.65,19.67,19.51,19.51,19
2016.06.21,14:00,19.55,19.55,19.47,19.49,11
2016.06.21,15:00,19.49,19.61,19.43,19.60,26
2016.06.21,16:00,19.61,19.72,19.55,19.71,25
2016.06.21,17:00,19.72,19.80,19.60,19.75,38
2016.06.21,18:00,19.76,19.79,19.58,19.68,35
2016.06.21,19:00,19.69,19.72,19.49,19.51,29
2016.06.22,10:00,19.52,19.52,19.40,19.44,17
2016.06.22,11:00,19.44,19.53,19.44,19.48,15
2016.06.22,12:00,19.51,19.52,19.46,19.46,8
2016.06.22,13:00,19.46,19.48,19.43,19.48,9
2016.06.22,14:00,19.48,19.49,19.42,19.45,12
2016.06.22,15:00,19.44,19.48,19.36,19.48,21
2016.06.22,16:00,19.47,19.56,19.39,19.47,35
2016.06.22,17:00,19.47,19.52,19.38,19.41,23
2016.06.22,18:00,19.41,19.51,19.38,19.51,17
2016.06.22,19:00,19.51,19.53,19.38,19.39,19
2016.06.23,10:00,19.42,19.42,19.30,19.36,19
2016.06.23,11:00,19.36,19.36,19.33,19.36,7
2016.06.23,12:00,19.36,19.62,19.36,19.55,34
2016.06.23,13:00,19.57,19.73,19.56,19.61,31
2016.06.23,14:00,19.62,19.69,19.62,19.65,12
2016.06.23,15:00,19.65,19.69,19.40,19.47,41
2016.06.23,16:00,19.46,19.49,19.11,19.12,43
2016.06.23,17:00,19.13,19.21,19.03,19.13,37
2016.06.23,18:00,19.13,19.54,19.13,19.40,56
2016.06.23,19:00,19.41,19.60,19.25,19.58,54
2016.06.24,10:00,19.01,19.15,18.84,19.09,55
2016.06.24,11:00,19.09,19.17,19.09,19.17,9
2016.06.24,12:00,19.15,19.15,19.05,19.06,12
2016.06.24,13:00,19.03,19.06,18.96,18.96,14
2016.06.24,14:00,18.96,19.01,18.94,18.96,15
2016.06.24,15:00,18.95,19.10,18.94,19.09,19
2016.06.24,16:00,19.08,19.26,19.04,19.26,27
2016.06.24,17:00,19.25,19.26,19.10,19.21,29
2016.06.24,18:00,19.20,19.44,19.16,19.40,37
2016.06.24,19:00,19.38,19.49,19.33,19.41,30
2016.06.27,10:00,19.44,19.58,19.43,19.55,20
2016.06.27,11:00,19.56,19.69,19.51,19.68,25
2016.06.27,12:00,19.67,19.67,19.54,19.56,16
2016.06.27,13:00,19.54,19.54,19.44,19.51,18
2016.06.27,14:00,19.51,19.54,19.38,19.40,22
2016.06.27,15:00,19.42,19.57,19.40,19.55,22
2016.06.27,16:00,19.57,19.64,19.47,19.56,34
2016.06.27,17:00,19.57,19.66,19.56,19.59,19
2016.06.27,18:00,19.60,20.03,19.56,19.88,67
2016.06.27,19:00,19.87,19.93,19.76,19.89,33
2016.06.28,10:00,19.93,20.07,19.91,19.93,33
2016.06.28,11:00,19.93,20.03,19.89,19.96,26
2016.06.28,12:00,19.98,20.06,19.97,20.05,12
2016.06.28,13:00,20.04,20.17,19.96,20.05,42
2016.06.28,14:00,20.05,20.23,20.04,20.18,26
2016.06.28,15:00,20.15,20.19,20.08,20.15,23
2016.06.28,16:00,20.14,20.24,20.13,20.23,14
2016.06.28,17:00,20.23,20.25,20.11,20.13,19
2016.06.28,18:00,20.13,20.15,20.02,20.04,18
2016.06.28,19:00,20.03,20.09,19.93,20.07,29
2016.06.29,10:00,20.08,20.11,19.99,20.03,20
2016.06.29,11:00,20.07,20.20,20.07,20.18,16
2016.06.29,12:00,20.18,20.21,20.13,20.21,14
2016.06.29,13:00,20.20,20.22,20.18,20.21,8
2016.06.29,14:00,20.21,20.35,20.21,20.29,21
2016.06.29,15:00,20.28,20.59,20.28,20.56,35
2016.06.29,16:00,20.57,20.83,20.54,20.82,34
2016.06.29,17:00,20.82,20.97,20.81,20.90,25
2016.06.29,18:00,20.90,20.93,20.78,20.89,30
2016.06.29,19:00,20.88,21.20,20.87,21.16,39
2016.06.30,10:00,21.00,21.03,20.95,21.00,17
2016.06.30,11:00,20.98,21.20,20.98,21.13,30
2016.06.30,12:00,21.13,21.16,20.97,21.01,27
2016.06.30,13:00,21.01,21.13,20.95,21.05,33
2016.06.30,14:00,21.07,21.13,20.94,20.94,26
2016.06.30,15:00,20.94,21.01,20.75,20.79,38
2016.06.30,16:00,20.79,20.79,20.50,20.58,38
2016.06.30,17:00,20.59,20.69,20.38,20.63,59
2016.06.30,18:00,20.64,20.64,20.43,20.43,22
2016.06.30,19:00,20.45,20.55,20.33,20.43,43
2016.07.01,10:00,20.52,20.71,20.41,20.46,55
2016.07.01,11:00,20.46,20.62,20.46,20.56,23
2016.07.01,12:00,20.53,20.83,20.52,20.78,38
2016.07.01,13:00,20.78,20.78,20.70,20.74,13
2016.07.01,14:00,20.75,20.87,20.73,20.79,25
2016.07.01,15:00,20.80,20.86,20.64,20.68,33
2016.07.01,16:00,20.68,20.98,20.67,20.92,39
2016.07.01,17:00,20.93,21.07,20.86,21.03,33
2016.07.01,18:00,21.02,21.03,20.81,20.83,26
2016.07.01,19:00,20.82,21.00,20.71,20.71,48
2016.07.05,10:00,20.66,20.85,20.55,20.58,53
2016.07.05,11:00,20.58,20.63,20.56,20.63,10
2016.07.05,12:00,20.63,20.98,20.61,20.96,42
2016.07.05,13:00,20.96,20.99,20.88,20.97,22
2016.07.05,14:00,20.97,21.08,20.96,20.99,23
2016.07.05,15:00,20.96,21.00,20.80,20.92,37
2016.07.05,16:00,20.93,21.13,20.86,20.90,52
2016.07.05,17:00,20.88,20.94,20.63,20.71,46
2016.07.05,18:00,20.69,20.91,20.63,20.79,47
2016.07.05,19:00,20.76,21.04,20.72,20.99,42
2016.07.06,10:00,20.95,21.02,20.82,20.85,31
2016.07.06,11:00,20.84,20.84,20.66,20.70,23
2016.07.06,12:00,20.70,20.82,20.70,20.81,14
2016.07.06,13:00,20.81,20.82,20.66,20.70,22
2016.07.06,14:00,20.68,20.68,20.48,20.50,23
2016.07.06,15:00,20.50,20.51,20.34,20.44,29
2016.07.06,16:00,20.43,20.63,20.43,20.54,30
2016.07.06,17:00,20.54,20.67,20.48,20.65,28
2016.07.06,18:00,20.66,20.73,20.59,20.67,28
2016.07.06,19:00,20.66,20.80,20.63,20.68,33
2016.07.07,10:00,20.65,20.79,20.55,20.74,40
2016.07.07,11:00,20.75,20.82,20.70,20.71,21
2016.07.07,12:00,20.67,20.67,20.58,20.62,14
2016.07.07,13:00,20.61,20.61,20.54,20.56,10
2016.07.07,14:00,20.59,20.67,20.56,20.56,20
2016.07.07,15:00,20.59,20.76,20.59,20.63,31
2016.07.07,16:00,20.63,20.67,20.30,20.38,50
2016.07.07,17:00,20.38,20.39,20.11,20.20,39
2016.07.07,18:00,20.19,20.20,19.85,20.06,58
2016.07.07,19:00,20.06,20.13,19.88,19.91,36
2016.07.08,10:00,19.92,19.92,19.74,19.91,36
2016.07.08,11:00,19.93,19.94,19.85,19.92,18
2016.07.08,12:00,19.91,19.94,19.72,19.84,38
2016.07.08,13:00,19.85,19.95,19.85,19.90,16
2016.07.08,14:00,19.86,19.95,19.83,19.85,24
2016.07.08,15:00,19.87,19.90,19.72,19.81,31
2016.07.08,16:00,19.83,20.07,19.79,19.96,44
2016.07.08,17:00,19.96,20.09,19.96,20.03,20
2016.07.08,18:00,20.04,20.13,20.03,20.06,19
2016.07.08,19:00,20.04,20.07,19.77,19.83,40
2016.07.11,10:00,19.81,20.09,19.81,20.05,33
2016.07.11,11:00,20.06,20.07,20.02,20.04,9
2016.07.11,12:00,20.03,20.08,20.03,20.08,6
2016.07.11,13:00,20.07,20.07,19.93,19.93,15
2016.07.11,14:00,19.94,20.02,19.94,20.01,10
2016.07.11,15:00,20.01,20.32,19.93,20.14,66
2016.07.11,16:00,20.13,20.33,20.09,20.14,48
2016.07.11,17:00,20.15,20.30,20.13,20.30,20
2016.07.11,18:00,20.30,20.54,20.27,20.40,45
2016.07.11,19:00,20.40,20.57,20.37,20.55,26
2016.07.12,10:00,20.55,20.69,20.50,20.66,28
2016.07.12,11:00,20.65,20.71,20.64,20.66,14
2016.07.12,12:00,20.66,20.74,20.66,20.68,15
2016.07.12,13:00,20.69,20.75,20.69,20.69,13
2016.07.12,14:00,20.70,20.71,20.54,20.54,19
2016.07.12,15:00,20.54,20.62,20.16,20.17,56
2016.07.12,16:00,20.17,20.26,20.02,20.06,38
2016.07.12,17:00,20.06,20.09,19.85,19.93,36
2016.07.12,18:00,19.94,20.17,19.88,20.01,52
2016.07.12,19:00,20.02,20.09,19.91,20.00,35
2016.07.13,10:00,20.00,20.11,19.99,20.08,17
2016.07.13,11:00,20.08,20.15,19.78,19.84,51
2016.07.13,12:00,19.84,19.86,19.70,19.73,22
2016.07.13,13:00,19.70,19.73,19.66,19.71,14
2016.07.13,14:00,19.70,19.88,19.70,19.81,26
2016.07.13,15:00,19.80,20.37,19.80,20.25,70
2016.07.13,16:00,20.27,20.42,20.12,20.25,59
2016.07.13,17:00,20.26,20.30,20.06,20.06,29
2016.07.13,18:00,20.06,20.11,19.92,20.03,36
2016.07.13,19:00,20.03,20.07,19.68,19.75,51
2016.07.14,10:00,19.73,19.83,19.73,19.76,18
2016.07.14,11:00,19.76,19.77,19.71,19.71,8
2016.07.14,12:00,19.73,20.08,19.73,19.97,47
2016.07.14,13:00,20.02,20.44,19.91,20.29,80
2016.07.14,14:00,20.26,20.26,20.03,20.10,31
2016.07.14,15:00,20.10,20.48,20.10,20.29,58
2016.07.14,16:00,20.30,20.35,20.11,20.13,32
2016.07.14,17:00,20.11,20.29,20.06,20.26,32
2016.07.14,18:00,20.27,20.31,20.15,20.16,22
2016.07.14,19:00,20.13,20.23,20.01,20.17,41
2016.07.15,10:00,20.01,20.05,19.96,20.03,17
2016.07.15,11:00,20.02,20.06,20.00,20.03,12
2016.07.15,12:00,20.01,20.05,20.01,20.03,7
2016.07.15,13:00,20.00,20.04,19.96,19.99,16
2016.07.15,14:00,19.98,20.00,19.90,19.93,16
2016.07.15,15:00,19.93,19.98,19.86,19.88,20
2016.07.15,16:00,19.88,19.88,19.48,19.62,55
2016.07.15,17:00,19.63,19.70,19.59,19.63,23
2016.07.15,18:00,19.63,19.64,19.57,19.60,12
2016.07.15,19:00,19.59,19.69,19.47,19.68,36
2016.07.18,10:00,19.58,19.78,19.58,19.69,30
2016.07.18,11:00,19.69,19.75,19.68,19.70,14
2016.07.18,12:00,19.68,19.71,19.62,19.63,14
2016.07.18,13:00,19.63,19.64,19.60,19.61,7
2016.07.18,14:00,19.60,19.72,19.58,19.67,22
2016.07.18,15:00,19.67,19.75,19.48,19.55,43
2016.07.18,16:00,19.55,19.59,19.40,19.44,28
2016.07.18,17:00,19.45,19.64,19.45,19.53,31
2016.07.18,18:00,19.53,19.64,19.49,19.57,27
2016.07.18,19:00,19.58,19.73,19.50,19.64,41
2016.07.19,10:00,19.72,19.74,19.67,19.70,13
2016.07.19,11:00,19.68,19.73,19.64,19.68,19
2016.07.19,12:00,19.66,19.70,19.64,19.67,12
2016.07.19,13:00,19.68,19.69,19.61,19.66,15
2016.07.19,14:00,19.66,19.70,19.66,19.68,7
2016.07.19,15:00,19.68,19.68,19.49,19.53,24
2016.07.19,16:00,19.53,19.79,19.52,19.62,46
2016.07.19,17:00,19.63,19.76,19.53,19.76,34
2016.07.19,18:00,19.76,19.94,19.68,19.72,49
2016.07.19,19:00,19.71,19.73,19.57,19.64,26
2016.07.20,10:00,19.69,19.76,19.65,19.65,19
2016.07.20,11:00,19.66,19.68,19.63,19.65,10
2016.07.20,12:00,19.68,19.72,19.67,19.68,11
2016.07.20,13:00,19.67,19.69,19.65,19.67,9
2016.07.20,14:00,19.65,19.67,19.55,19.61,21
2016.07.20,15:00,19.60,19.63,19.45,19.48,25
2016.07.20,16:00,19.47,19.68,19.47,19.60,30
2016.07.20,17:00,19.60,19.62,19.52,19.61,20
2016.07.20,18:00,19.60,19.66,19.51,19.54,25
2016.07.20,19:00,19.53,19.62,19.50,19.57,21
2016.07.21,10:00,19.64,19.72,19.62,19.68,17
2016.07.21,11:00,19.67,19.71,19.67,19.69,7
2016.07.21,12:00,19.71,19.71,19.65,19.65,7
2016.07.21,13:00,19.65,19.82,19.65,19.81,19
2016.07.21,14:00,19.81,19.81,19.56,19.65,35
2016.07.21,15:00,19.65,19.92,19.63,19.86,38
2016.07.21,16:00,19.85,19.93,19.79,19.89,25
2016.07.21,17:00,19.89,20.11,19.87,20.06,32
2016.07.21,18:00,20.07,20.08,19.99,20.03,15
2016.07.21,19:00,20.00,20.02,19.78,19.83,32
2016.07.22,10:00,19.88,19.91,19.73,19.79,28
2016.07.22,11:00,19.77,19.79,19.69,19.70,14
2016.07.22,12:00,19.70,19.75,19.69,19.71,12
2016.07.22,13:00,19.72,19.81,19.71,19.77,16
2016.07.22,14:00,19.75,19.84,19.73,19.78,20
2016.07.22,15:00,19.80,19.81,19.68,19.72,19
2016.07.22,16:00,19.71,19.71,19.56,19.58,18
2016.07.22,17:00,19.58,19.72,19.58,19.64,23
2016.07.22,18:00,19.63,19.72,19.62,19.68,16
2016.07.22,19:00,19.68,19.91,19.67,19.88,29
2016.07.25,10:00,19.82,19.96,19.81,19.96,17
2016.07.25,11:00,19.95,20.03,19.95,20.00,12
2016.07.25,12:00,20.00,20.01,19.98,19.99,6
2016.07.25,13:00,19.99,20.03,19.96,19.99,15
2016.07.25,14:00,19.96,19.96,19.89,19.92,11
2016.07.25,15:00,19.93,20.17,19.93,20.14,28
2016.07.25,16:00,20.13,20.29,20.07,20.26,32
2016.07.25,17:00,20.25,20.31,20.23,20.27,15
2016.07.25,18:00,20.26,20.29,20.10,20.15,28
2016.07.25,19:00,20.14,20.26,20.05,20.15,42
2016.07.26,10:00,20.15,20.26,20.15,20.19,19
2016.07.26,11:00,20.17,20.22,20.11,20.15,21
2016.07.26,12:00,20.17,20.23,20.16,20.21,11
2016.07.26,13:00,20.19,20.23,20.19,20.21,7
2016.07.26,14:00,20.17,20.22,20.10,20.21,21
2016.07.26,15:00,20.20,20.20,19.61,19.69,68
2016.07.26,16:00,19.68,19.79,19.63,19.70,31
2016.07.26,17:00,19.71,19.83,19.67,19.79,25
2016.07.26,18:00,19.78,19.84,19.64,19.80,39
2016.07.26,19:00,19.80,19.84,19.69,19.75,26
2016.07.27,10:00,19.72,19.78,19.69,19.74,17
2016.07.27,11:00,19.75,19.77,19.69,19.69,11
2016.07.27,12:00,19.68,19.73,19.67,19.69,12
2016.07.27,13:00,19.68,19.68,19.58,19.59,12
2016.07.27,14:00,19.59,19.59,19.43,19.47,21
2016.07.27,15:00,19.47,19.48,19.28,19.37,31
2016.07.27,16:00,19.38,19.49,19.38,19.45,16
2016.07.27,17:00,19.46,19.59,19.40,19.51,34
2016.07.27,18:00,19.51,19.51,19.39,19.43,17
2016.07.27,19:00,19.43,19.46,19.34,19.34,16
2016.07.28,10:00,19.37,19.39,19.31,19.32,12
2016.07.28,11:00,19.32,19.37,19.31,19.37,8
2016.07.28,12:00,19.37,19.38,19.34,19.38,8
2016.07.28,13:00,19.38,19.38,19.33,19.33,6
2016.07.28,14:00,19.33,19.35,19.30,19.32,10
2016.07.28,15:00,19.34,19.38,19.30,19.37,14
2016.07.28,16:00,19.37,19.46,19.36,19.40,18
2016.07.28,17:00,19.39,19.42,19.24,19.34,32
2016.07.28,18:00,19.34,19.35,19.18,19.19,20
2016.07.28,19:00,19.19,19.22,19.14,19.19,17
2016.07.29,10:00,19.18,19.18,19.09,19.12,13
2016.07.29,11:00,19.14,19.18,19.10,19.17,14
2016.07.29,12:00,19.17,19.19,19.16,19.16,6
2016.07.29,13:00,19.18,19.25,19.16,19.20,17
2016.07.29,14:00,19.20,19.26,19.19,19.19,14
2016.07.29,15:00,19.22,19.30,19.17,19.27,22
2016.07.29,16:00,19.28,19.36,19.19,19.36,27
2016.07.29,17:00,19.37,19.70,19.37,19.62,42
2016.07.29,18:00,19.63,19.65,19.51,19.52,18
2016.07.29,19:00,19.52,19.55,19.33,19.37,30
2016.08.01,10:00,19.46,19.55,19.45,19.49,18
2016.08.01,11:00,19.49,19.53,19.43,19.43,15
2016.08.01,12:00,19.43,19.46,19.34,19.38,20
2016.08.01,13:00,19.37,19.38,19.36,19.38,4
2016.08.01,14:00,19.38,19.46,19.38,19.45,10
2016.08.01,15:00,19.43,19.45,19.26,19.37,33
2016.08.01,16:00,19.34,19.43,19.32,19.38,19
2016.08.01,17:00,19.37,19.64,19.31,19.59,45
2016.08.01,18:00,19.59,19.68,19.34,19.38,48
2016.08.01,19:00,19.37,19.42,19.19,19.21,31
2016.08.02,10:00,19.26,19.26,19.18,19.22,13
2016.08.02,11:00,19.21,19.26,19.20,19.24,10
2016.08.02,12:00,19.24,19.31,19.24,19.31,8
2016.08.02,13:00,19.30,19.46,19.30,19.46,17
2016.08.02,14:00,19.46,19.58,19.45,19.50,23
2016.08.02,15:00,19.48,19.58,19.46,19.54,19
2016.08.02,16:00,19.54,19.60,19.46,19.47,22
2016.08.02,17:00,19.46,19.46,19.31,19.33,18
2016.08.02,18:00,19.31,19.34,19.25,19.28,16
2016.08.02,19:00,19.27,19.52,19.25,19.46,36
2016.08.03,10:00,19.45,19.45,19.36,19.37,11
2016.08.03,11:00,19.36,19.40,19.33,19.39,12
2016.08.03,12:00,19.37,19.41,19.36,19.41,7
2016.08.03,13:00,19.40,19.42,19.35,19.40,15
2016.08.03,14:00,19.41,19.41,19.35,19.36,8
2016.08.03,15:00,19.39,19.54,19.28,19.38,52
2016.08.03,16:00,19.38,19.44,19.32,19.35,22
2016.08.03,17:00,19.34,19.66,19.31,19.63,42
2016.08.03,18:00,19.64,19.66,19.46,19.49,26
2016.08.03,19:00,19.49,19.51,19.35,19.45,29
2016.08.04,10:00,19.49,19.57,19.40,19.44,30
2016.08.04,11:00,19.45,19.54,19.44,19.48,18
2016.08.04,12:00,19.47,19.50,19.41,19.42,14
2016.08.04,13:00,19.40,19.43,19.32,19.32,15
2016.08.04,14:00,19.34,19.40,19.34,19.40,7
2016.08.04,15:00,19.41,19.44,19.29,19.41,31
2016.08.04,16:00,19.41,19.55,19.37,19.53,25
2016.08.04,17:00,19.53,19.67,19.48,19.59,33
2016.08.04,18:00,19.58,19.87,19.56,19.84,37
2016.08.04,19:00,19.83,20.21,19.82,20.17,45
2016.08.05,10:00,20.25,20.30,20.10,20.30,36
2016.08.05,11:00,20.30,20.30,20.23,20.28,13
2016.08.05,12:00,20.28,20.29,20.25,20.28,9
2016.08.05,13:00,20.29,20.30,20.24,20.28,12
2016.08.05,14:00,20.29,20.39,20.26,20.26,24
2016.08.05,15:00,20.26,20.34,20.19,20.21,26
2016.08.05,16:00,20.20,20.29,20.19,20.26,15
2016.08.05,17:00,20.26,20.37,20.02,20.05,50
2016.08.05,18:00,20.06,20.31,20.03,20.31,32
2016.08.05,19:00,20.31,20.81,20.31,20.73,59
2016.08.08,10:00,20.77,20.86,20.71,20.86,22
2016.08.08,11:00,20.86,20.94,20.84,20.92,15
2016.08.08,12:00,20.93,21.07,20.90,21.05,23
2016.08.08,13:00,21.05,21.19,21.05,21.17,17
2016.08.08,14:00,21.17,21.25,21.17,21.23,11
2016.08.08,15:00,21.23,21.24,21.04,21.19,37
2016.08.08,16:00,21.15,21.19,21.04,21.12,28
2016.08.08,17:00,21.13,21.15,20.85,20.90,38
2016.08.08,18:00,20.89,21.11,20.82,21.08,40
2016.08.08,19:00,21.10,21.13,20.84,20.86,35
2016.08.09,10:00,20.95,21.07,20.90,21.05,25
2016.08.09,11:00,21.03,21.07,21.02,21.06,8
2016.08.09,12:00,21.05,21.12,21.01,21.08,20
2016.08.09,13:00,21.09,21.11,21.00,21.07,21
2016.08.09,14:00,21.07,21.11,21.00,21.07,23
2016.08.09,15:00,21.07,21.17,21.04,21.08,26
2016.08.09,16:00,21.07,21.24,21.01,21.19,35
2016.08.09,17:00,21.19,21.24,21.14,21.22,18
2016.08.09,18:00,21.22,21.27,20.97,21.03,42
2016.08.09,19:00,21.04,21.08,20.70,20.74,47
2016.08.10,10:00,20.81,20.91,20.79,20.84,22
2016.08.10,11:00,20.81,20.86,20.66,20.66,26
2016.08.10,12:00,20.66,20.67,20.60,20.60,9
2016.08.10,13:00,20.62,20.70,20.53,20.61,34
2016.08.10,14:00,20.61,20.70,20.61,20.69,11
2016.08.10,15:00,20.69,20.90,20.69,20.86,26
2016.08.10,16:00,20.86,20.96,20.64,20.67,46
2016.08.10,17:00,20.66,20.68,20.55,20.67,26
2016.08.10,18:00,20.67,20.67,20.44,20.51,31
2016.08.10,19:00,20.51,20.55,20.06,20.15,63
2016.08.11,10:00,20.11,20.19,20.09,20.12,20
2016.08.11,11:00,20.12,20.22,20.12,20.18,15
2016.08.11,12:00,20.17,20.24,20.16,20.24,10
2016.08.11,13:00,20.25,20.30,20.25,20.29,7
2016.08.11,14:00,20.29,20.36,20.22,20.25,25
2016.08.11,15:00,20.25,20.27,20.14,20.22,24
2016.08.11,16:00,20.23,20.33,20.15,20.18,32
2016.08.11,17:00,20.19,20.33,20.15,20.30,26
2016.08.11,18:00,20.30,20.31,20.02,20.06,35
2016.08.11,19:00,20.06,20.20,20.05,20.09,28
2016.08.12,10:00,20.04,20.14,20.00,20.14,19
2016.08.12,11:00,20.15,20.25,20.10,20.22,24
2016.08.12,12:00,20.21,20.24,20.17,20.18,12
2016.08.12,13:00,20.18,20.22,20.18,20.19,8
2016.08.12,14:00,20.20,20.27,20.20,20.26,9
2016.08.12,15:00,20.27,20.29,20.16,20.28,26
2016.08.12,16:00,20.29,20.33,20.21,20.29,25
2016.08.12,17:00,20.30,20.42,20.25,20.27,32
2016.08.12,18:00,20.28,20.37,20.22,20.28,31
2016.08.12,19:00,20.26,20.28,20.17,20.19,16
2016.08.15,10:00,20.34,20.34,20.12,20.13,24
2016.08.15,11:00,20.12,20.13,20.03,20.04,13
2016.08.15,12:00,20.04,20.09,20.04,20.06,9
2016.08.15,13:00,20.06,20.10,20.06,20.10,5
2016.08.15,14:00,20.09,20.10,20.08,20.10,4
2016.08.15,15:00,20.09,20.22,20.02,20.16,34
2016.08.15,16:00,20.17,20.26,20.05,20.23,37
2016.08.15,17:00,20.23,20.33,20.20,20.28,22
2016.08.15,18:00,20.27,20.32,20.22,20.28,20
2016.08.15,19:00,20.28,20.54,20.27,20.52,31
2016.08.16,10:00,20.50,20.84,20.50,20.78,41
2016.08.16,11:00,20.77,20.82,20.72,20.75,19
2016.08.16,12:00,20.76,20.78,20.72,20.78,11
2016.08.16,13:00,20.78,20.78,20.65,20.69,18
2016.08.16,14:00,20.69,20.75,20.63,20.75,19
2016.08.16,15:00,20.74,20.92,20.62,20.72,59
2016.08.16,16:00,20.71,20.77,20.51,20.63,45
2016.08.16,17:00,20.62,20.75,20.57,20.65,34
2016.08.16,18:00,20.63,20.83,20.63,20.79,25
2016.08.16,19:00,20.79,20.87,20.67,20.69,31
2016.08.17,10:00,20.76,20.76,20.63,20.63,14
2016.08.17,11:00,20.64,20.65,20.60,20.63,10
2016.08.17,12:00,20.61,20.65,20.60,20.65,7
2016.08.17,13:00,20.64,20.65,20.58,20.62,13
2016.08.17,14:00,20.61,20.65,20.59,20.60,12
2016.08.17,15:00,20.61,20.63,20.36,20.39,33
2016.08.17,16:00,20.40,20.48,20.27,20.30,33
2016.08.17,17:00,20.30,20.38,20.27,20.37,16
2016.08.17,18:00,20.37,20.42,20.15,20.21,39
2016.08.17,19:00,20.21,20.27,20.16,20.21,23
2016.08.18,10:00,20.25,20.30,20.19,20.19,17
2016.08.18,11:00,20.20,20.32,20.19,20.29,18
2016.08.18,12:00,20.31,20.40,20.28,20.29,23
2016.08.18,13:00,20.31,20.31,20.26,20.28,8
2016.08.18,14:00,20.27,20.30,20.27,20.28,6
2016.08.18,15:00,20.27,20.39,20.24,20.38,20
2016.08.18,16:00,20.39,20.49,20.38,20.46,16
2016.08.18,17:00,20.46,20.59,20.42,20.54,27
2016.08.18,18:00,20.55,20.68,20.46,20.48,38
2016.08.18,19:00,20.50,20.61,20.40,20.46,39
2016.08.19,10:00,20.53,20.59,20.51,20.56,14
2016.08.19,11:00,20.55,20.59,20.47,20.53,23
2016.08.19,12:00,20.52,20.54,20.50,20.50,7
2016.08.19,13:00,20.50,20.54,20.49,20.53,8
2016.08.19,14:00,20.52,20.55,20.47,20.51,16
2016.08.19,15:00,20.47,20.48,20.33,20.33,17
2016.08.19,16:00,20.32,20.33,20.21,20.22,15
2016.08.19,17:00,20.23,20.32,20.22,20.25,19
2016.08.19,18:00,20.24,20.27,20.20,20.26,13
2016.08.19,19:00,20.26,20.31,20.25,20.26,13
2016.08.22,10:00,20.31,20.32,20.17,20.24,24
2016.08.22,11:00,20.24,20.27,20.24,20.26,5
2016.08.22,12:00,20.28,20.34,20.27,20.34,9
2016.08.22,13:00,20.35,20.44,20.32,20.36,24
2016.08.22,14:00,20.41,20.42,20.37,20.39,9
2016.08.22,15:00,20.37,20.50,20.36,20.47,19
2016.08.22,16:00,20.48,20.80,20.48,20.76,37
2016.08.22,17:00,20.77,20.87,20.73,20.79,27
2016.08.22,18:00,20.79,20.79,20.68,20.72,16
2016.08.22,19:00,20.72,20.92,20.71,20.91,24
2016.08.23,10:00,20.87,21.00,20.87,20.96,18
2016.08.23,11:00,20.95,20.96,20.87,20.87,11
2016.08.23,12:00,20.89,20.93,20.85,20.88,16
2016.08.23,13:00,20.89,20.90,20.80,20.81,13
2016.08.23,14:00,20.81,20.86,20.81,20.81,11
2016.08.23,15:00,20.82,20.90,20.69,20.86,39
2016.08.23,16:00,20.85,20.86,20.68,20.81,33
2016.08.23,17:00,20.79,20.99,20.79,20.98,22
2016.08.23,18:00,20.97,21.16,20.95,21.16,24
2016.08.23,19:00,21.15,21.25,21.11,21.19,25
2016.08.24,10:00,21.17,21.17,21.12,21.13,7
2016.08.24,11:00,21.14,21.20,21.13,21.20,9
2016.08.24,12:00,21.21,21.36,21.19,21.31,25
2016.08.24,13:00,21.31,21.37,21.22,21.23,23
2016.08.24,14:00,21.22,21.29,21.20,21.22,19
2016.08.24,15:00,21.23,21.37,21.15,21.26,42
2016.08.24,16:00,21.25,21.25,20.90,20.91,37
2016.08.24,17:00,20.91,20.93,20.78,20.88,28
2016.08.24,18:00,20.88,20.88,20.55,20.63,42
2016.08.24,19:00,20.61,20.84,20.43,20.73,71
2016.08.25,10:00,20.82,20.84,20.75,20.84,17
2016.08.25,11:00,20.85,20.90,20.82,20.87,15
2016.08.25,12:00,20.87,20.99,20.87,20.95,17
2016.08.25,13:00,20.94,20.97,20.89,20.93,16
2016.08.25,14:00,20.91,20.92,20.86,20.89,11
2016.08.25,15:00,20.89,21.20,20.89,21.12,40
2016.08.25,16:00,21.13,21.14,20.94,20.95,23
2016.08.25,17:00,20.95,21.12,20.92,21.07,29
2016.08.25,18:00,21.07,21.07,20.70,20.74,42
2016.08.25,19:00,20.74,21.08,20.72,20.98,49
2016.08.26,10:00,21.17,21.17,21.08,21.10,12
2016.08.26,11:00,21.09,21.10,21.06,21.07,7
2016.08.26,12:00,21.06,21.10,21.02,21.05,16
2016.08.26,13:00,21.04,21.09,21.02,21.05,14
2016.08.26,14:00,21.07,21.11,21.04,21.08,14
2016.08.26,15:00,21.07,21.15,20.83,20.99,57
2016.08.26,16:00,21.01,21.08,20.96,21.02,24
2016.08.26,17:00,21.03,21.15,20.89,20.97,47
2016.08.26,18:00,20.96,21.01,20.87,20.92,25
2016.08.26,19:00,20.91,21.11,20.80,21.05,49
2016.08.29,14:00,21.09,21.09,20.82,20.92,38
2016.08.29,15:00,20.92,20.97,20.86,20.94,21
2016.08.29,16:00,20.96,21.30,20.96,21.23,42
2016.08.29,17:00,21.23,21.24,21.08,21.22,32
2016.08.29,18:00,21.22,21.27,21.18,21.19,16
2016.08.29,19:00,21.20,21.23,21.02,21.09,32
2016.08.30,10:00,21.20,21.27,21.14,21.24,23
2016.08.30,11:00,21.24,21.25,21.22,21.23,6
2016.08.30,12:00,21.22,21.22,21.16,21.16,7
2016.08.30,13:00,21.17,21.22,21.17,21.20,8
2016.08.30,14:00,21.21,21.25,21.21,21.23,7
2016.08.30,15:00,21.23,21.25,21.06,21.14,30
2016.08.30,16:00,21.16,21.21,20.97,21.06,39
2016.08.30,17:00,21.05,21.10,20.98,21.05,25
2016.08.30,18:00,21.04,21.06,20.92,21.00,25
2016.08.30,19:00,21.00,21.02,20.92,20.99,20
2016.08.31,10:00,21.02,21.08,20.91,20.95,28
2016.08.31,11:00,20.95,20.96,20.88,20.94,16
2016.08.31,12:00,20.95,20.95,20.91,20.94,8
2016.08.31,13:00,20.93,20.93,20.80,20.80,14
2016.08.31,14:00,20.81,20.94,20.80,20.92,18
2016.08.31,15:00,20.91,20.91,20.55,20.59,41
2016.08.31,16:00,20.59,20.80,20.59,20.66,36
2016.08.31,17:00,20.66,20.77,20.48,20.54,47
2016.08.31,18:00,20.53,20.66,20.52,20.61,21
2016.08.31,19:00,20.61,20.67,20.52,20.57,27
2016.09.01,10:00,20.55,20.66,20.53,20.59,23
2016.09.01,11:00,20.58,20.71,20.57,20.65,22
2016.09.01,12:00,20.65,20.69,20.65,20.69,5
2016.09.01,13:00,20.68,20.69,20.66,20.68,7
2016.09.01,14:00,20.67,20.67,20.52,20.60,24
2016.09.01,15:00,20.62,20.66,20.38,20.47,42
2016.09.01,16:00,20.47,20.52,20.36,20.37,23
2016.09.01,17:00,20.36,20.40,20.19,20.22,29
2016.09.01,18:00,20.21,20.22,20.10,20.17,21
2016.09.01,19:00,20.18,20.24,20.15,20.23,14
2016.09.02,10:00,20.22,20.24,20.18,20.20,11
2016.09.02,11:00,20.23,20.28,20.22,20.27,9
2016.09.02,12:00,20.27,20.42,20.27,20.38,20
2016.09.02,13:00,20.40,20.40,20.35,20.38,9
2016.09.02,14:00,20.39,20.60,20.38,20.60,24
2016.09.02,15:00,20.62,20.98,20.61,20.70,67
2016.09.02,16:00,20.71,20.86,20.64,20.85,31
2016.09.02,17:00,20.84,20.85,20.67,20.81,34
2016.09.02,18:00,20.81,20.83,20.73,20.80,20
2016.09.02,19:00,20.80,20.85,20.63,20.82,43
2016.09.06,10:00,20.91,20.91,20.68,20.68,24
2016.09.06,11:00,20.68,20.72,20.67,20.71,8
2016.09.06,12:00,20.70,20.75,20.70,20.74,7
2016.09.06,13:00,20.73,20.73,20.67,20.71,11
2016.09.06,14:00,20.69,20.69,20.66,20.68,6
2016.09.06,15:00,20.68,20.68,20.36,20.41,38
2016.09.06,16:00,20.41,20.53,20.38,20.51,21
2016.09.06,17:00,20.51,20.76,20.50,20.72,32
2016.09.06,18:00,20.72,20.75,20.56,20.66,33
2016.09.06,19:00,20.65,20.89,20.55,20.84,50
2016.09.07,10:00,20.81,20.86,20.81,20.85,7
2016.09.07,11:00,20.85,20.90,20.84,20.87,11
2016.09.07,12:00,20.87,20.87,20.84,20.86,6
2016.09.07,13:00,20.85,20.94,20.85,20.94,10
2016.09.07,14:00,20.94,20.94,20.86,20.86,9
2016.09.07,15:00,20.87,21.12,20.85,21.09,33
2016.09.07,16:00,21.09,21.12,20.89,20.94,32
2016.09.07,17:00,20.94,20.98,20.79,20.83,28
2016.09.07,18:00,20.83,20.84,20.62,20.80,42
2016.09.07,19:00,20.80,20.97,20.76,20.82,41
2016.09.08,10:00,20.82,20.86,20.77,20.81,18
2016.09.08,11:00,20.81,20.82,20.74,20.79,15
2016.09.08,12:00,20.79,20.79,20.77,20.79,5
2016.09.08,13:00,20.78,20.79,20.61,20.68,27
2016.09.08,14:00,20.67,20.87,20.67,20.83,25
2016.09.08,15:00,20.82,20.84,20.70,20.72,19
2016.09.08,16:00,20.72,20.77,20.68,20.71,18
2016.09.08,17:00,20.71,20.79,20.63,20.79,25
2016.09.08,18:00,20.79,20.89,20.75,20.82,26
2016.09.08,19:00,20.80,20.90,20.78,20.86,19
2016.09.09,10:00,20.85,20.85,20.77,20.80,12
2016.09.09,11:00,20.79,20.97,20.73,20.94,34
2016.09.09,12:00,20.95,21.03,20.91,20.96,24
2016.09.09,13:00,20.97,20.99,20.94,20.95,9
2016.09.09,14:00,20.95,20.96,20.91,20.94,10
2016.09.09,15:00,20.94,20.99,20.70,20.74,39
2016.09.09,16:00,20.75,20.78,20.70,20.74,16
2016.09.09,17:00,20.73,20.82,20.65,20.80,28
2016.09.09,18:00,20.80,20.93,20.79,20.82,27
2016.09.09,19:00,20.82,20.86,20.66,20.69,28
2016.09.12,10:00,20.63,20.75,20.63,20.72,16
2016.09.12,11:00,20.71,20.77,20.70,20.77,9
2016.09.12,12:00,20.77,20.80,20.75,20.78,10
2016.09.12,13:00,20.78,20.81,20.76,20.77,10
2016.09.12,14:00,20.77,20.80,20.71,20.77,19
2016.09.12,15:00,20.74,20.75,20.56,20.62,27
2016.09.12,16:00,20.63,20.65,20.50,20.52,20
2016.09.12,17:00,20.51,20.68,20.50,20.64,24
2016.09.12,18:00,20.63,20.79,20.62,20.70,28
2016.09.12,19:00,20.69,20.90,20.66,20.82,36
2016.09.13,10:00,20.84,20.89,20.81,20.87,14
2016.09.13,11:00,20.87,20.96,20.86,20.89,19
2016.09.13,12:00,20.89,20.92,20.88,20.90,8
2016.09.13,13:00,20.90,20.90,20.77,20.82,19
2016.09.13,14:00,20.82,20.88,20.81,20.83,14
2016.09.13,15:00,20.84,21.06,20.82,21.00,33
2016.09.13,16:00,21.00,21.01,20.85,20.91,24
2016.09.13,17:00,20.90,21.01,20.80,20.88,41
2016.09.13,18:00,20.88,20.99,20.85,20.94,23
2016.09.13,19:00,20.93,20.99,20.88,20.93,23
2016.09.14,10:00,20.96,20.99,20.89,20.95,20
2016.09.14,11:00,20.95,20.97,20.89,20.93,15
2016.09.14,12:00,20.93,20.96,20.88,20.95,15
2016.09.14,13:00,20.95,20.96,20.91,20.92,8
2016.09.14,14:00,20.92,20.97,20.84,20.94,25
2016.09.14,15:00,20.94,21.00,20.90,20.99,16
2016.09.14,16:00,20.99,20.99,20.64,20.75,47
2016.09.14,17:00,20.75,20.89,20.72,20.76,34
2016.09.14,18:00,20.76,20.84,20.75,20.84,11
2016.09.14,19:00,20.84,20.87,20.69,20.80,33
2016.09.15,10:00,20.85,20.89,20.71,20.76,28
2016.09.15,11:00,20.76,20.76,20.73,20.76,7
2016.09.15,12:00,20.77,20.77,20.73,20.75,7
2016.09.15,13:00,20.75,20.77,20.73,20.76,8
2016.09.15,14:00,20.77,20.79,20.75,20.76,8
2016.09.15,15:00,20.76,21.20,20.75,21.03,64
2016.09.15,16:00,21.02,21.08,20.85,20.92,37
2016.09.15,17:00,20.92,21.11,20.90,21.01,34
2016.09.15,18:00,21.01,21.12,20.99,21.01,27
2016.09.15,19:00,21.01,21.20,21.00,21.16,26
2016.09.16,10:00,21.17,21.20,21.12,21.14,14
2016.09.16,11:00,21.14,21.15,21.13,21.14,5
2016.09.16,12:00,21.14,21.29,21.13,21.25,22
2016.09.16,13:00,21.25,21.52,21.24,21.48,34
2016.09.16,14:00,21.48,21.58,21.46,21.57,16
2016.09.16,15:00,21.57,22.00,21.55,21.99,49
2016.09.16,16:00,21.99,22.04,21.85,21.96,36
2016.09.16,17:00,21.96,22.22,21.90,22.20,41
2016.09.16,18:00,22.19,22.50,22.08,22.49,55
2016.09.16,19:00,22.48,22.86,22.36,22.40,93
2016.09.19,10:00,22.43,22.54,22.40,22.44,28
2016.09.19,11:00,22.43,22.61,22.42,22.57,25
2016.09.19,12:00,22.57,22.70,22.52,22.65,29
2016.09.19,13:00,22.64,22.65,22.49,22.50,19
2016.09.19,14:00,22.50,22.59,22.49,22.54,17
2016.09.19,15:00,22.54,22.83,22.47,22.81,46
2016.09.19,16:00,22.81,22.95,22.74,22.74,36
2016.09.19,17:00,22.74,22.82,22.64,22.73,36
2016.09.19,18:00,22.73,22.82,22.72,22.79,15
2016.09.19,19:00,22.79,22.92,22.68,22.70,40
2016.09.20,10:00,22.74,22.74,22.59,22.68,25
2016.09.20,11:00,22.68,22.80,22.68,22.73,20
2016.09.20,12:00,22.73,22.77,22.69,22.76,14
2016.09.20,13:00,22.76,22.85,22.75,22.76,21
2016.09.20,14:00,22.75,22.76,22.63,22.72,24
2016.09.20,15:00,22.72,22.81,22.55,22.55,36
2016.09.20,16:00,22.56,22.64,22.37,22.50,49
2016.09.20,17:00,22.50,22.67,22.48,22.55,34
2016.09.20,18:00,22.55,22.70,22.53,22.59,31
2016.09.20,19:00,22.60,22.75,22.55,22.69,32
2016.09.21,10:00,22.75,22.82,22.75,22.81,9
2016.09.21,11:00,22.82,22.83,22.78,22.80,9
2016.09.21,12:00,22.80,22.82,22.77,22.78,9
2016.09.21,13:00,22.77,22.80,22.74,22.76,12
2016.09.21,14:00,22.75,22.77,22.72,22.72,8
2016.09.21,15:00,22.73,22.83,22.71,22.79,19
2016.09.21,16:00,22.79,22.88,22.66,22.75,41
2016.09.21,17:00,22.75,22.77,22.48,22.52,36
2016.09.21,18:00,22.51,22.70,22.51,22.61,29
2016.09.21,19:00,22.62,22.78,22.57,22.67,38
2016.09.22,10:00,22.88,23.29,22.81,23.15,70
2016.09.22,11:00,23.15,23.53,23.12,23.51,47
2016.09.22,12:00,23.50,23.88,23.40,23.64,83
2016.09.22,13:00,23.64,23.68,23.60,23.63,16
2016.09.22,14:00,23.62,23.62,23.52,23.57,16
2016.09.22,15:00,23.57,23.61,23.30,23.49,55
2016.09.22,16:00,23.48,23.59,23.30,23.32,43
2016.09.22,17:00,23.32,23.49,23.31,23.40,29
2016.09.22,18:00,23.40,23.44,23.10,23.12,41
2016.09.22,19:00,23.13,23.15,22.54,22.57,67
2016.09.23,10:00,22.65,22.67,22.22,22.26,52
2016.09.23,11:00,22.25,22.50,22.24,22.41,37
2016.09.23,12:00,22.40,22.44,22.36,22.37,14
2016.09.23,13:00,22.37,22.37,22.29,22.29,9
2016.09.23,14:00,22.29,22.43,22.29,22.40,18
2016.09.23,15:00,22.40,22.85,22.35,22.83,58
2016.09.23,16:00,22.83,22.84,22.56,22.58,32
2016.09.23,17:00,22.58,22.71,22.45,22.55,50
2016.09.23,18:00,22.55,22.65,22.51,22.64,20
2016.09.23,19:00,22.64,22.79,22.58,22.74,33
2016.09.26,10:00,22.60,22.71,22.57,22.59,111
2016.09.26,11:00,22.58,22.70,22.57,22.70,110
2016.09.26,12:00,22.69,22.74,22.60,22.65,170
2016.09.26,13:00,22.65,22.67,22.61,22.62,112
2016.09.26,14:00,22.63,22.72,22.61,22.68,128
2016.09.26,15:00,22.68,22.71,22.51,22.69,263
2016.09.26,16:00,22.69,22.79,22.58,22.68,263
2016.09.26,17:00,22.68,22.97,22.61,22.92,318
2016.09.26,18:00,22.91,23.15,22.88,23.10,348
2016.09.26,19:00,23.10,23.18,23.06,23.13,252
2016.09.27,10:00,23.13,23.35,23.13,23.34,120
2016.09.27,11:00,23.34,23.37,23.25,23.36,128
2016.09.27,12:00,23.36,23.48,23.30,23.42,165
2016.09.27,13:00,23.42,23.43,23.25,23.40,153
2016.09.27,14:00,23.39,23.47,23.30,23.31,151
2016.09.27,15:00,23.32,23.39,22.84,23.07,398
2016.09.27,16:00,23.07,23.07,22.92,23.01,202
2016.09.27,17:00,23.01,23.15,22.92,23.12,190
2016.09.27,18:00,23.12,23.38,23.09,23.33,242
2016.09.27,19:00,23.33,23.55,23.30,23.44,283
2016.09.28,10:00,23.59,23.63,23.40,23.49,151
2016.09.28,11:00,23.49,23.55,23.44,23.47,94
2016.09.28,12:00,23.47,23.51,23.44,23.48,77
2016.09.28,13:00,23.48,23.52,23.36,23.52,111
2016.09.28,14:00,23.51,23.60,23.44,23.51,138
2016.09.28,15:00,23.49,23.58,23.41,23.48,234
2016.09.28,16:00,23.48,23.63,23.37,23.59,236
2016.09.28,17:00,23.60,23.79,23.54,23.65,319
2016.09.28,18:00,23.65,23.69,23.50,23.60,244
2016.09.28,19:00,23.60,23.85,23.60,23.81,235
2016.09.29,10:00,23.84,23.98,23.82,23.92,119
2016.09.29,11:00,23.92,24.10,23.92,24.00,170
2016.09.29,12:00,24.00,24.00,23.92,24.00,78
2016.09.29,13:00,23.99,24.04,23.98,24.04,62
2016.09.29,14:00,24.03,24.06,23.98,23.98,113
2016.09.29,15:00,23.98,24.06,23.72,23.75,245
2016.09.29,16:00,23.74,23.80,23.46,23.76,295
2016.09.29,17:00,23.76,23.83,23.69,23.75,220
2016.09.29,18:00,23.75,23.76,23.57,23.63,251
2016.09.29,19:00,23.63,23.70,23.24,23.43,416
2016.09.30,10:00,23.39,23.48,23.29,23.33,162
2016.09.30,11:00,23.32,23.32,23.00,23.10,296
2016.09.30,12:00,23.09,23.23,23.07,23.16,176
2016.09.30,13:00,23.15,23.29,23.10,23.28,175
2016.09.30,14:00,23.26,23.47,23.23,23.37,171
2016.09.30,15:00,23.38,23.56,23.24,23.41,358
2016.09.30,16:00,23.41,23.55,23.19,23.24,433
2016.09.30,17:00,23.23,23.33,23.06,23.21,270
2016.09.30,18:00,23.21,23.25,23.11,23.12,265
2016.09.30,19:00,23.13,23.55,22.79,23.00,580
2016.10.03,10:00,22.80,23.13,22.69,23.07,198
2016.10.03,11:00,23.07,23.07,22.81,22.82,161
2016.10.03,12:00,22.82,22.88,22.80,22.88,92
2016.10.03,13:00,22.88,22.88,22.75,22.81,127
2016.10.03,14:00,22.80,22.87,22.75,22.81,118
2016.10.03,15:00,22.80,22.86,22.72,22.81,242
2016.10.03,16:00,22.81,22.83,22.55,22.68,260
2016.10.03,17:00,22.68,22.73,22.60,22.62,261
2016.10.03,18:00,22.61,22.75,22.58,22.66,237
2016.10.03,19:00,22.66,22.71,22.52,22.56,313
2016.10.04,10:00,22.62,22.74,22.56,22.71,90
2016.10.04,11:00,22.72,22.80,22.70,22.76,121
2016.10.04,12:00,22.76,22.76,22.70,22.73,55
2016.10.04,13:00,22.73,23.47,22.72,23.16,327
2016.10.04,14:00,23.15,23.25,22.88,22.93,257
2016.10.04,15:00,22.94,22.94,22.73,22.80,289
2016.10.04,16:00,22.81,23.15,22.80,23.01,290
2016.10.04,17:00,23.02,23.18,22.92,23.15,260
2016.10.04,18:00,23.15,23.23,22.98,23.07,278
2016.10.04,19:00,23.08,23.30,23.04,23.29,315
2016.10.05,10:00,23.35,23.38,23.25,23.36,114
2016.10.05,11:00,23.36,23.77,23.28,23.68,252
2016.10.05,12:00,23.67,23.70,23.44,23.47,151
2016.10.05,13:00,23.47,23.64,23.47,23.53,152
2016.10.05,14:00,23.52,23.66,23.47,23.55,136
2016.10.05,15:00,23.53,23.65,23.44,23.55,288
2016.10.05,16:00,23.55,23.63,23.36,23.53,268
2016.10.05,17:00,23.52,23.57,23.26,23.50,374
2016.10.05,18:00,23.49,23.65,23.43,23.52,257
2016.10.05,19:00,23.53,23.86,23.48,23.61,326
2016.10.06,10:00,23.90,23.90,23.46,23.53,182
2016.10.06,11:00,23.52,23.57,23.50,23.55,93
2016.10.06,12:00,23.55,23.63,23.55,23.59,55
2016.10.06,13:00,23.59,23.59,23.42,23.52,116
2016.10.06,14:00,23.51,23.63,23.45,23.58,116
2016.10.06,15:00,23.57,23.57,23.12,23.25,367
2016.10.06,16:00,23.25,23.26,22.83,23.11,371
2016.10.06,17:00,23.11,23.25,23.05,23.25,238
2016.10.06,18:00,23.24,23.24,23.00,23.14,255
2016.10.06,19:00,23.14,23.19,22.97,23.16,261
2016.10.07,10:00,23.02,23.08,22.92,22.99,106
2016.10.07,11:00,22.99,23.23,22.98,23.20,142
2016.10.07,12:00,23.20,23.24,23.14,23.20,103
2016.10.07,13:00,23.19,23.25,23.18,23.21,91
2016.10.07,14:00,23.21,23.25,23.15,23.17,74
2016.10.07,15:00,23.16,23.67,23.11,23.61,431
2016.10.07,16:00,23.60,23.69,23.49,23.68,282
2016.10.07,17:00,23.67,23.68,23.46,23.48,257
2016.10.07,18:00,23.48,23.58,23.37,23.44,292
2016.10.07,19:00,23.44,23.57,23.35,23.38,278
2016.10.10,10:00,23.24,23.35,23.14,23.34,126
2016.10.10,11:00,23.33,23.38,23.25,23.28,94
2016.10.10,12:00,23.28,23.34,23.21,23.28,71
2016.10.10,13:00,23.27,23.27,23.21,23.24,83
2016.10.10,14:00,23.24,23.28,23.10,23.15,123
2016.10.10,15:00,23.16,23.27,23.04,23.16,247
2016.10.10,16:00,23.16,23.16,23.03,23.09,229
2016.10.10,17:00,23.09,23.21,23.05,23.07,197
2016.10.10,18:00,23.06,23.06,22.82,23.00,292
2016.10.10,19:00,23.00,23.22,22.87,23.10,363
2016.10.11,10:00,23.00,23.09,22.95,23.09,120
2016.10.11,11:00,23.09,23.13,23.01,23.02,79
2016.10.11,12:00,23.02,23.08,23.02,23.08,58
2016.10.11,13:00,23.08,23.08,23.03,23.07,60
2016.10.11,14:00,23.07,23.09,23.03,23.06,62
2016.10.11,15:00,23.04,23.05,22.83,22.88,245
2016.10.11,16:00,22.88,22.95,22.76,22.82,214
2016.10.11,17:00,22.82,22.84,22.66,22.76,296
2016.10.11,18:00,22.76,22.81,22.66,22.81,217
2016.10.11,19:00,22.81,23.40,22.80,23.30,511
2016.10.12,10:00,23.42,23.48,23.32,23.45,128
2016.10.12,11:00,23.44,23.50,23.28,23.30,157
2016.10.12,12:00,23.30,23.54,23.30,23.47,149
2016.10.12,13:00,23.48,23.59,23.39,23.43,119
2016.10.12,14:00,23.42,23.45,23.38,23.38,76
2016.10.12,15:00,23.39,23.51,22.87,23.17,427
2016.10.12,16:00,23.16,23.16,22.92,23.06,232
2016.10.12,17:00,23.06,23.32,22.99,23.24,249
2016.10.12,18:00,23.25,23.32,23.12,23.16,209
2016.10.12,19:00,23.17,23.18,23.01,23.15,279
2016.10.13,10:00,23.15,23.15,22.96,23.00,126
2016.10.13,11:00,22.99,23.01,22.93,22.99,99
2016.10.13,12:00,22.98,23.06,22.93,22.95,84
2016.10.13,13:00,22.94,22.97,22.91,22.97,92
2016.10.13,14:00,22.96,23.18,22.95,23.13,176
2016.10.13,15:00,23.13,23.30,23.05,23.13,302
2016.10.13,16:00,23.12,23.13,22.95,23.03,288
2016.10.13,17:00,23.03,23.10,22.97,23.03,259
2016.10.13,18:00,23.02,23.19,22.88,23.05,307
2016.10.13,19:00,23.05,23.16,22.88,22.89,245
2016.10.14,10:00,22.95,23.13,22.95,23.09,95
2016.10.14,11:00,23.10,23.16,23.07,23.09,136
2016.10.14,12:00,23.09,23.09,23.01,23.02,115
2016.10.14,13:00,23.02,23.03,22.95,22.96,103
2016.10.14,14:00,22.96,22.98,22.87,22.95,103
2016.10.14,15:00,22.96,23.09,22.77,22.82,271
2016.10.14,16:00,22.82,23.12,22.73,22.82,358
2016.10.14,17:00,22.82,23.01,22.80,22.93,231
2016.10.14,18:00,22.92,23.20,22.85,23.16,242
2016.10.14,19:00,23.16,23.33,22.85,22.96,385
2016.10.17,10:00,23.12,23.13,22.98,23.02,126
2016.10.17,11:00,23.02,23.23,23.02,23.19,143
2016.10.17,12:00,23.18,23.29,23.13,23.15,112
2016.10.17,13:00,23.15,23.15,23.07,23.09,67
2016.10.17,14:00,23.09,23.17,23.03,23.07,95
2016.10.17,15:00,23.06,23.07,22.85,22.90,215
2016.10.17,16:00,22.90,23.01,22.75,22.77,238
2016.10.17,17:00,22.76,22.85,22.71,22.79,208
2016.10.17,18:00,22.79,23.20,22.79,22.99,322
2016.10.17,19:00,22.98,23.19,22.84,23.18,324
2016.10.18,10:00,23.14,23.18,23.13,23.15,59
2016.10.18,11:00,23.14,23.15,23.06,23.14,71
2016.10.18,12:00,23.14,23.15,23.01,23.08,94
2016.10.18,13:00,23.07,23.07,22.94,22.97,104
2016.10.18,14:00,22.97,23.07,22.97,23.04,97
2016.10.18,15:00,23.03,23.04,22.88,22.92,247
2016.10.18,16:00,22.91,23.03,22.84,22.92,232
2016.10.18,17:00,22.91,23.06,22.83,23.02,247
2016.10.18,18:00,23.02,23.03,22.92,23.01,162
2016.10.18,19:00,23.01,23.09,22.91,23.02,226
2016.10.19,10:00,22.90,23.00,22.90,23.00,73
2016.10.19,11:00,23.00,23.04,22.95,23.01,111
2016.10.19,12:00,23.00,23.03,22.97,23.01,79
2016.10.19,13:00,23.02,23.03,22.97,23.02,71
2016.10.19,14:00,23.02,23.02,22.94,22.98,65
2016.10.19,15:00,22.98,23.10,22.94,23.02,207
2016.10.19,16:00,23.02,23.08,22.90,22.93,172
2016.10.19,17:00,22.92,22.97,22.80,22.89,205
2016.10.19,18:00,22.89,22.94,22.83,22.89,151
2016.10.19,19:00,22.89,22.99,22.85,22.95,204
2016.10.20,10:00,22.91,22.92,22.83,22.92,74
2016.10.20,11:00,22.92,22.97,22.90,22.97,61
2016.10.20,12:00,22.97,22.98,22.43,22.53,258
2016.10.20,13:00,22.53,22.67,22.50,22.67,181
2016.10.20,14:00,22.66,22.68,22.61,22.64,131
2016.10.20,15:00,22.62,22.64,22.41,22.49,297
2016.10.20,16:00,22.48,22.54,22.35,22.51,268
2016.10.20,17:00,22.50,22.70,22.45,22.68,251
2016.10.20,18:00,22.67,22.76,22.57,22.60,224
2016.10.20,19:00,22.61,22.70,22.52,22.67,221
2016.10.21,10:00,22.67,22.68,22.57,22.58,103
2016.10.21,11:00,22.58,22.63,22.49,22.63,150
2016.10.21,12:00,22.63,22.64,22.56,22.63,66
2016.10.21,13:00,22.63,22.69,22.60,22.65,98
2016.10.21,14:00,22.65,22.69,22.60,22.62,83
2016.10.21,15:00,22.62,22.67,22.44,22.51,257
2016.10.21,16:00,22.51,22.58,22.44,22.58,172
2016.10.21,17:00,22.58,22.66,22.50,22.54,213
2016.10.21,18:00,22.54,22.73,22.44,22.71,186
2016.10.24,09:00,22.75,22.84,22.72,22.82,126
2016.10.24,10:00,22.81,22.96,22.76,22.93,149
2016.10.24,11:00,22.92,23.00,22.89,22.97,119
2016.10.24,12:00,22.96,22.99,22.89,22.93,109
2016.10.24,13:00,22.93,22.95,22.86,22.91,102
2016.10.24,14:00,22.90,23.32,22.90,23.18,287
2016.10.24,15:00,23.18,23.25,23.07,23.23,207
2016.10.24,16:00,23.22,23.23,23.09,23.14,213
2016.10.24,17:00,23.15,23.22,23.10,23.22,205
2016.10.24,18:00,23.21,23.23,23.12,23.15,179
2016.10.25,09:00,23.14,23.17,23.11,23.14,65
2016.10.25,10:00,23.13,23.18,23.11,23.15,75
2016.10.25,11:00,23.15,23.20,23.15,23.16,79
2016.10.25,12:00,23.15,23.17,23.12,23.14,59
2016.10.25,13:00,23.13,23.15,23.11,23.12,62
2016.10.25,14:00,23.11,23.20,23.02,23.10,224
2016.10.25,15:00,23.11,23.12,22.76,22.87,263
2016.10.25,16:00,22.86,22.94,22.83,22.91,239
2016.10.25,17:00,22.91,22.98,22.89,22.98,150
2016.10.25,18:00,22.97,22.99,22.88,22.92,193
2016.10.26,09:00,22.90,22.93,22.84,22.92,69
2016.10.26,10:00,22.92,22.95,22.84,22.89,90
2016.10.26,11:00,22.88,22.89,22.80,22.84,56
2016.10.26,12:00,22.83,22.87,22.80,22.82,87
2016.10.26,13:00,22.82,22.95,22.71,22.77,164
2016.10.26,14:00,22.77,22.84,22.76,22.84,135
2016.10.26,15:00,22.83,22.83,22.66,22.73,163
2016.10.26,16:00,22.72,22.85,22.70,22.81,172
2016.10.26,17:00,22.80,22.81,22.75,22.76,146
2016.10.26,18:00,22.75,22.80,22.62,22.64,214
2016.10.27,09:00,22.60,22.60,22.56,22.59,78
2016.10.27,10:00,22.58,22.62,22.53,22.58,123
2016.10.27,11:00,22.58,22.64,22.57,22.62,115
2016.10.27,12:00,22.62,22.64,22.58,22.60,102
2016.10.27,13:00,22.59,22.67,22.55,22.56,96
2016.10.27,14:00,22.56,22.57,22.44,22.56,223
2016.10.27,15:00,22.56,22.70,22.51,22.60,195
2016.10.27,16:00,22.59,22.60,22.47,22.51,169
2016.10.27,17:00,22.50,22.65,22.50,22.58,145
2016.10.27,18:00,22.58,22.60,22.49,22.57,188
2016.10.28,09:00,22.63,22.65,22.55,22.60,80
2016.10.28,10:00,22.60,22.60,22.51,22.53,82
2016.10.28,11:00,22.52,22.53,22.46,22.48,91
2016.10.28,12:00,22.47,22.48,22.40,22.46,94
2016.10.28,13:00,22.45,22.48,22.37,22.45,132
2016.10.28,14:00,22.45,22.46,22.14,22.21,284
2016.10.28,15:00,22.21,22.35,22.17,22.24,243
2016.10.28,16:00,22.23,22.28,22.17,22.26,195
2016.10.28,17:00,22.25,22.29,22.20,22.23,144
2016.10.28,18:00,22.22,22.28,22.12,22.15,192
2016.10.31,10:00,22.18,22.18,22.11,22.11,18
2016.10.31,11:00,22.18,22.18,22.04,22.06,166
2016.10.31,12:00,22.05,22.05,22.00,22.01,129
2016.10.31,13:00,22.00,22.14,21.94,22.04,291
2016.10.31,14:00,22.03,22.08,22.01,22.07,169
2016.10.31,15:00,22.07,22.07,21.80,21.88,485
2016.10.31,16:00,21.88,21.89,21.65,21.68,342
2016.10.31,17:00,21.69,21.73,21.56,21.61,362
2016.10.31,18:00,21.61,21.74,21.58,21.72,230
2016.10.31,19:00,21.71,21.74,21.55,21.56,475
2016.11.01,11:00,21.51,21.56,21.46,21.48,208
2016.11.01,12:00,21.47,21.50,21.40,21.42,261
2016.11.01,13:00,21.41,21.44,21.40,21.43,96
2016.11.01,14:00,21.42,21.52,21.42,21.49,153
2016.11.01,15:00,21.50,21.50,21.33,21.38,364
2016.11.01,16:00,21.38,21.38,21.16,21.17,326
2016.11.01,17:00,21.18,21.39,21.11,21.33,498
2016.11.01,18:00,21.33,21.39,21.22,21.24,276
2016.11.01,19:00,21.23,21.33,21.16,21.16,408
2016.11.02,11:00,21.16,21.20,21.11,21.14,140
2016.11.02,12:00,21.13,21.18,21.08,21.17,177
2016.11.02,13:00,21.18,21.19,21.10,21.10,117
2016.11.02,14:00,21.10,21.25,21.10,21.25,201
2016.11.02,15:00,21.24,21.25,21.11,21.16,295
2016.11.02,16:00,21.15,21.29,21.15,21.15,334
2016.11.02,17:00,21.16,21.28,21.15,21.21,308
2016.11.02,18:00,21.22,21.37,21.21,21.35,346
2016.11.02,19:00,21.35,21.82,21.35,21.74,796
2016.11.03,11:00,21.79,21.84,21.70,21.75,250
2016.11.03,12:00,21.76,21.77,21.69,21.76,212
2016.11.03,13:00,21.77,21.79,21.58,21.60,271
2016.11.03,14:00,21.59,21.66,21.42,21.42,328
2016.11.03,15:00,21.42,21.58,21.35,21.53,360
2016.11.03,16:00,21.54,21.64,21.47,21.49,410
2016.11.03,17:00,21.48,21.59,21.44,21.52,345
2016.11.03,18:00,21.51,21.55,21.42,21.51,288
2016.11.03,19:00,21.50,21.56,21.35,21.47,552
2016.11.04,11:00,21.47,21.49,21.29,21.32,277
2016.11.04,12:00,21.33,21.38,21.32,21.36,152
2016.11.04,13:00,21.37,21.39,21.33,21.36,110
2016.11.04,14:00,21.36,21.46,21.36,21.41,287
2016.11.04,15:00,21.41,21.77,21.40,21.68,662
2016.11.04,16:00,21.69,21.80,21.55,21.72,570
2016.11.04,17:00,21.72,21.79,21.64,21.68,492
2016.11.04,18:00,21.69,21.69,21.51,21.65,418
2016.11.04,19:00,21.66,21.78,21.64,21.73,383
2016.11.07,10:00,21.81,21.82,21.75,21.78,194
2016.11.07,11:00,21.79,21.79,21.75,21.76,139
2016.11.07,12:00,21.76,21.76,21.73,21.76,114
2016.11.07,13:00,21.76,22.04,21.76,22.04,281
2016.11.07,14:00,22.05,22.14,21.98,22.12,352
2016.11.07,15:00,22.13,22.43,22.11,22.42,657
2016.11.07,16:00,22.41,22.58,22.29,22.42,492
2016.11.07,17:00,22.43,22.44,22.20,22.30,487
2016.11.07,18:00,22.30,22.32,22.23,22.28,206
2016.11.07,19:00,22.27,22.30,22.15,22.17,444
2016.11.08,10:00,22.31,22.31,22.28,22.28,52
2016.11.08,11:00,22.29,22.29,22.18,22.20,156
2016.11.08,12:00,22.21,22.22,22.17,22.20,92
2016.11.08,13:00,22.20,22.23,22.16,22.18,100
2016.11.08,14:00,22.18,22.18,22.06,22.14,231
2016.11.08,15:00,22.14,22.14,21.95,22.00,485
2016.11.08,16:00,21.99,22.18,21.93,22.12,369
2016.11.08,17:00,22.12,22.14,22.00,22.02,307
2016.11.08,18:00,22.03,22.12,21.99,22.03,351
2016.11.08,19:00,22.04,22.04,21.92,21.99,469
2016.11.09,10:00,21.42,21.67,21.35,21.67,347
2016.11.09,11:00,21.67,21.67,21.60,21.66,119
2016.11.09,12:00,21.66,21.69,21.61,21.66,114
2016.11.09,13:00,21.65,21.78,21.60,21.75,214
2016.11.09,14:00,21.75,21.82,21.72,21.81,130
2016.11.09,15:00,21.81,21.81,21.67,21.68,302
2016.11.09,16:00,21.68,21.96,21.68,21.88,358
2016.11.09,17:00,21.88,21.92,21.79,21.83,312
2016.11.09,18:00,21.84,22.19,21.83,22.07,413
2016.11.09,19:00,22.08,22.14,21.94,22.07,544
2016.11.10,10:00,22.19,22.49,22.18,22.31,289
2016.11.10,11:00,22.31,22.35,22.25,22.35,246
2016.11.10,12:00,22.34,22.37,22.29,22.35,144
2016.11.10,13:00,22.35,22.35,22.15,22.15,303
2016.11.10,14:00,22.16,22.19,21.83,21.90,455
2016.11.10,15:00,21.89,21.91,21.80,21.83,544
2016.11.10,16:00,21.84,21.87,21.63,21.70,411
2016.11.10,17:00,21.69,21.78,21.66,21.67,411
2016.11.10,18:00,21.66,21.81,21.65,21.74,431
2016.11.10,19:00,21.75,21.80,21.57,21.57,330
2016.11.11,10:00,21.58,21.61,21.53,21.60,121
2016.11.11,11:00,21.59,21.66,21.57,21.66,77
2016.11.11,12:00,21.64,21.69,21.60,21.61,109
2016.11.11,13:00,21.60,21.62,21.50,21.51,409
2016.11.11,14:00,21.52,21.71,21.50,21.63,260
2016.11.11,15:00,21.62,21.78,21.61,21.68,489
2016.11.11,16:00,21.67,21.73,21.60,21.64,315
2016.11.11,17:00,21.63,21.65,21.55,21.56,251
2016.11.11,18:00,21.57,21.79,21.52,21.76,474
2016.11.11,19:00,21.76,21.80,21.69,21.76,381
2016.11.14,10:00,21.85,21.89,21.64,21.66,156
2016.11.14,11:00,21.66,21.72,21.63,21.64,123
2016.11.14,12:00,21.63,21.64,21.62,21.63,76
2016.11.14,13:00,21.62,21.63,21.60,21.61,110
2016.11.14,14:00,21.62,21.69,21.58,21.69,155
2016.11.14,15:00,21.70,21.86,21.63,21.85,612
2016.11.14,16:00,21.86,21.87,21.63,21.66,322
2016.11.14,17:00,21.67,21.72,21.61,21.62,242
2016.11.14,18:00,21.61,21.69,21.61,21.66,208
2016.11.14,19:00,21.66,21.73,21.61,21.61,329
2016.11.15,10:00,21.77,21.79,21.65,21.69,153
2016.11.15,11:00,21.70,21.80,21.69,21.75,168
2016.11.15,12:00,21.76,21.77,21.72,21.73,74
2016.11.15,13:00,21.72,21.74,21.71,21.73,79
2016.11.15,14:00,21.73,21.77,21.72,21.77,166
2016.11.15,15:00,21.76,21.77,21.53,21.54,361
2016.11.15,16:00,21.53,21.53,21.30,21.35,521
2016.11.15,17:00,21.34,21.47,21.31,21.40,354
2016.11.15,18:00,21.39,21.40,21.25,21.27,263
2016.11.15,19:00,21.27,21.28,20.89,21.08,1412
2016.11.16,10:00,21.10,21.12,21.04,21.09,189
2016.11.16,11:00,21.08,21.14,21.07,21.13,73
2016.11.16,12:00,21.12,21.15,21.00,21.01,86
2016.11.16,13:00,21.02,21.06,20.84,20.86,358
2016.11.16,14:00,20.85,20.87,20.79,20.80,234
2016.11.16,15:00,20.81,20.89,20.32,20.46,897
2016.11.16,16:00,20.47,20.54,20.33,20.36,480
2016.11.16,17:00,20.37,20.46,20.35,20.44,348
2016.11.16,18:00,20.43,20.53,20.41,20.50,331
2016.11.16,19:00,20.49,20.50,20.31,20.33,456
2016.11.17,10:00,20.32,20.44,20.25,20.39,166
2016.11.17,11:00,20.40,20.48,20.39,20.42,246
2016.11.17,12:00,20.41,20.52,20.39,20.48,157
2016.11.17,13:00,20.49,20.49,20.31,20.39,287
2016.11.17,14:00,20.38,20.38,20.30,20.31,112
2016.11.17,15:00,20.30,20.41,20.25,20.38,442
2016.11.17,16:00,20.37,20.51,20.35,20.46,304
2016.11.17,17:00,20.46,20.48,20.37,20.40,250
2016.11.17,18:00,20.40,20.46,20.38,20.41,258
2016.11.17,19:00,20.41,20.42,20.18,20.23,302
2016.11.18,10:00,20.18,20.22,20.08,20.13,204
2016.11.18,11:00,20.12,20.23,20.10,20.19,149
2016.11.18,12:00,20.20,20.33,20.20,20.31,83
2016.11.18,13:00,20.31,20.42,20.29,20.35,169
2016.11.18,14:00,20.35,20.49,20.35,20.40,259
2016.11.18,15:00,20.39,20.41,20.27,20.32,292
2016.11.18,16:00,20.31,20.31,20.14,20.21,327
2016.11.18,17:00,20.22,20.24,20.12,20.14,293
2016.11.18,18:00,20.13,20.20,20.09,20.10,287
2016.11.18,19:00,20.09,20.25,20.05,20.23,342
2016.11.18,20:00,20.23,20.23,20.23,20.23,1
2016.11.21,10:00,20.26,20.37,20.22,20.36,141
2016.11.21,11:00,20.36,20.46,20.28,20.38,354
2016.11.21,12:00,20.38,20.46,20.36,20.39,121
2016.11.21,13:00,20.40,20.40,20.29,20.33,104
2016.11.21,14:00,20.32,20.38,20.31,20.34,92
2016.11.21,15:00,20.33,20.45,20.20,20.44,379
2016.11.21,16:00,20.43,20.43,20.24,20.33,206
2016.11.21,17:00,20.34,20.43,20.27,20.33,223
2016.11.21,18:00,20.33,20.40,20.28,20.34,178
2016.11.21,19:00,20.34,20.39,20.28,20.37,358
2016.11.22,10:00,20.35,20.44,20.33,20.37,95
2016.11.22,11:00,20.37,20.39,20.22,20.27,171
2016.11.22,12:00,20.28,20.40,20.28,20.32,123
2016.11.22,13:00,20.31,20.36,20.31,20.35,73
2016.11.22,14:00,20.36,20.41,20.31,20.31,127
2016.11.22,15:00,20.32,20.35,20.13,20.16,412
2016.11.22,16:00,20.16,20.23,19.94,19.99,531
2016.11.22,17:00,19.98,20.03,19.92,19.94,298
2016.11.22,18:00,19.94,19.97,19.80,19.80,323
2016.11.22,19:00,19.81,19.82,19.65,19.73,483
2016.11.23,10:00,19.75,19.83,19.73,19.80,94
2016.11.23,11:00,19.79,19.79,19.66,19.73,107
2016.11.23,12:00,19.73,19.78,19.72,19.76,72
2016.11.23,13:00,19.74,19.75,19.67,19.67,76
2016.11.23,14:00,19.67,19.75,19.61,19.75,154
2016.11.23,15:00,19.75,19.79,19.58,19.61,327
2016.11.23,16:00,19.60,19.88,19.57,19.77,440
2016.11.23,17:00,19.77,19.79,19.65,19.71,272
2016.11.23,18:00,19.71,19.72,19.63,19.65,186
2016.11.23,19:00,19.66,19.66,19.57,19.63,341
2016.11.25,10:00,19.73,19.79,19.62,19.76,224
2016.11.25,11:00,19.75,20.04,19.75,19.83,312
2016.11.25,12:00,19.84,19.89,19.81,19.89,161
2016.11.25,13:00,19.90,19.90,19.74,19.83,212
2016.11.25,14:00,19.82,19.82,19.73,19.75,111
2016.11.25,15:00,19.75,19.75,19.60,19.65,220
2016.11.25,16:00,19.64,19.79,19.58,19.74,283
2016.11.25,17:00,19.74,19.84,19.70,19.73,292
2016.11.25,18:00,19.73,19.76,19.68,19.76,159
2016.11.25,19:00,19.75,19.86,19.70,19.86,313
2016.11.28,10:00,19.94,20.00,19.90,19.96,171
2016.11.28,11:00,19.96,19.99,19.91,19.94,117
2016.11.28,12:00,19.94,20.11,19.94,20.02,129
2016.11.28,13:00,20.03,20.09,19.91,19.92,136
2016.11.28,14:00,19.91,20.05,19.91,19.98,165
2016.11.28,15:00,19.99,20.04,19.87,19.89,273
2016.11.28,16:00,19.89,19.95,19.80,19.84,289
2016.11.28,17:00,19.83,19.95,19.83,19.91,156
2016.11.28,18:00,19.91,19.97,19.89,19.89,194
2016.11.28,19:00,19.90,19.99,19.87,19.98,260
2016.11.29,10:00,20.21,20.30,20.14,20.25,241
2016.11.29,11:00,20.26,20.27,20.20,20.22,111
2016.11.29,12:00,20.21,20.21,20.08,20.13,249
2016.11.29,13:00,20.11,20.15,20.08,20.10,110
2016.11.29,14:00,20.08,20.12,20.06,20.07,144
2016.11.29,15:00,20.06,20.11,19.82,19.96,469
2016.11.29,16:00,19.95,20.01,19.91,19.94,235
2016.11.29,17:00,19.95,19.96,19.89,19.89,151
2016.11.29,18:00,19.90,19.90,19.66,19.67,239
2016.11.29,19:00,19.68,19.73,19.57,19.57,418
2016.11.30,10:00,19.63,19.64,19.51,19.60,204
2016.11.30,11:00,19.61,19.62,19.55,19.60,119
2016.11.30,12:00,19.59,19.77,19.58,19.68,176
2016.11.30,13:00,19.68,19.77,19.62,19.77,160
2016.11.30,14:00,19.75,19.76,19.70,19.71,118
2016.11.30,15:00,19.72,19.78,19.59,19.73,464
2016.11.30,16:00,19.74,19.74,19.50,19.54,353
2016.11.30,17:00,19.53,19.56,19.49,19.54,187
2016.11.30,18:00,19.55,19.64,19.51,19.58,237
2016.11.30,19:00,19.57,19.83,19.57,19.79,336
2016.12.01,10:00,19.82,19.89,19.80,19.89,183
2016.12.01,11:00,19.88,19.94,19.69,19.72,203
2016.12.01,12:00,19.71,19.77,19.70,19.72,82
2016.12.01,13:00,19.71,19.73,19.59,19.59,113
2016.12.01,14:00,19.57,19.60,19.49,19.53,182
2016.12.01,15:00,19.53,19.54,19.37,19.38,392
2016.12.01,16:00,19.38,19.43,19.35,19.35,153
2016.12.01,17:00,19.36,19.55,19.34,19.52,410
2016.12.01,18:00,19.51,19.52,19.33,19.45,248
2016.12.01,19:00,19.44,19.45,19.32,19.33,351
2016.12.02,10:00,19.32,19.36,19.30,19.35,111
2016.12.02,11:00,19.34,19.35,19.26,19.26,130
2016.12.02,12:00,19.25,19.27,19.18,19.25,158
2016.12.02,13:00,19.26,19.30,19.15,19.16,224
2016.12.02,14:00,19.17,19.21,19.11,19.12,112
2016.12.02,15:00,19.12,19.17,18.91,18.92,500
2016.12.02,16:00,18.93,18.95,18.87,18.88,182
2016.12.02,17:00,18.87,19.04,18.87,18.97,241
2016.12.02,18:00,18.98,19.17,18.95,19.09,434
2016.12.02,19:00,19.09,19.23,19.04,19.21,484
2016.12.05,10:00,19.15,19.15,18.95,19.03,221
2016.12.05,11:00,19.03,19.06,18.99,19.00,66
2016.12.05,12:00,18.99,19.05,18.99,19.03,42
2016.12.05,13:00,19.02,19.02,18.91,18.96,119
2016.12.05,14:00,18.96,19.00,18.93,18.97,82
2016.12.05,15:00,18.97,18.97,18.88,18.92,187
2016.12.05,16:00,18.91,19.10,18.88,19.09,336
2016.12.05,17:00,19.09,19.10,18.88,18.97,283
2016.12.05,18:00,18.98,19.01,18.90,18.95,256
2016.12.05,19:00,18.95,19.02,18.89,18.89,303
2016.12.06,10:00,18.99,19.21,18.99,19.21,177
2016.12.06,11:00,19.20,19.44,19.19,19.32,438
2016.12.06,12:00,19.32,19.33,19.24,19.26,171
2016.12.06,13:00,19.25,19.26,19.11,19.16,206
2016.12.06,14:00,19.15,19.15,18.96,18.97,274
2016.12.06,15:00,18.97,19.32,18.79,19.29,705
2016.12.06,16:00,19.30,19.48,19.28,19.45,431
2016.12.06,17:00,19.45,19.83,19.36,19.68,636
2016.12.06,18:00,19.67,19.72,19.56,19.58,307
2016.12.06,19:00,19.58,19.65,19.44,19.52,285
2016.12.07,10:00,19.50,19.57,19.34,19.54,287
2016.12.07,11:00,19.54,19.65,19.50,19.60,197
2016.12.07,12:00,19.61,19.61,19.46,19.51,112
2016.12.07,13:00,19.52,19.67,19.49,19.62,224
2016.12.07,14:00,19.61,19.65,19.50,19.53,191
2016.12.07,15:00,19.51,19.51,19.29,19.34,327
2016.12.07,16:00,19.35,19.41,19.25,19.26,352
2016.12.07,17:00,19.27,19.44,19.21,19.41,414
2016.12.07,18:00,19.40,19.43,19.34,19.38,260
2016.12.07,19:00,19.39,19.75,19.37,19.61,626
2016.12.08,10:00,19.59,19.77,19.57,19.72,196
2016.12.08,11:00,19.73,19.78,19.68,19.74,210
2016.12.08,12:00,19.75,19.80,19.64,19.66,245
2016.12.08,13:00,19.67,19.68,19.64,19.64,93
2016.12.08,14:00,19.64,19.66,19.59,19.59,171
2016.12.08,15:00,19.58,19.59,19.49,19.57,368
2016.12.08,16:00,19.56,19.57,19.44,19.50,252
2016.12.08,17:00,19.49,19.54,19.39,19.45,284
2016.12.08,18:00,19.45,19.48,19.32,19.47,274
2016.12.08,19:00,19.46,19.51,19.40,19.47,294
2016.12.09,10:00,19.49,19.56,19.48,19.49,136
2016.12.09,11:00,19.49,19.56,19.49,19.54,114
2016.12.09,12:00,19.55,19.56,19.47,19.52,151
2016.12.09,13:00,19.52,19.53,19.21,19.22,267
2016.12.09,14:00,19.21,19.22,19.10,19.15,230
2016.12.09,15:00,19.14,19.24,19.14,19.21,351
2016.12.09,16:00,19.20,19.48,19.19,19.45,265
2016.12.09,17:00,19.45,19.48,19.26,19.30,215
2016.12.09,18:00,19.31,19.41,19.22,19.28,202
2016.12.09,19:00,19.29,19.29,19.20,19.23,327
2016.12.12,10:00,19.33,19.50,19.33,19.47,218
2016.12.12,11:00,19.46,19.54,19.42,19.45,159
2016.12.12,12:00,19.45,19.52,19.44,19.48,118
2016.12.12,13:00,19.47,19.55,19.45,19.53,139
2016.12.12,14:00,19.53,19.53,19.43,19.44,115
2016.12.12,15:00,19.43,19.82,19.39,19.73,559
2016.12.12,16:00,19.72,19.77,19.68,19.70,184
2016.12.12,17:00,19.69,19.70,19.22,19.25,420
2016.12.12,18:00,19.24,19.35,19.16,19.27,392
2016.12.12,19:00,19.26,19.39,19.16,19.16,377
2016.12.13,10:00,19.20,19.25,19.17,19.21,98
2016.12.13,11:00,19.20,19.25,19.20,19.22,99
2016.12.13,12:00,19.23,19.24,19.06,19.07,236
2016.12.13,13:00,19.06,19.12,19.04,19.10,150
2016.12.13,14:00,19.11,19.20,19.10,19.13,170
2016.12.13,15:00,19.12,19.12,18.95,18.97,436
2016.12.13,16:00,18.97,19.03,18.89,18.96,326
2016.12.13,17:00,18.95,18.95,18.51,18.65,705
2016.12.13,18:00,18.64,18.70,18.55,18.62,319
2016.12.13,19:00,18.63,18.67,18.55,18.62,450
2016.12.14,10:00,18.36,18.46,18.29,18.42,400
2016.12.14,11:00,18.42,18.44,18.20,18.23,253
2016.12.14,12:00,18.24,18.40,18.21,18.37,277
2016.12.14,13:00,18.37,18.50,18.36,18.39,180
2016.12.14,14:00,18.40,18.53,18.32,18.46,369
2016.12.14,15:00,18.47,18.47,18.08,18.11,496
2016.12.14,16:00,18.10,18.16,18.01,18.05,453
2016.12.14,17:00,18.06,18.20,18.05,18.07,332
2016.12.14,18:00,18.06,18.16,18.02,18.15,339
2016.12.14,19:00,18.16,18.16,17.96,18.03,412
2016.12.15,10:00,17.88,17.95,17.83,17.93,217
2016.12.15,11:00,17.94,18.08,17.94,18.07,241
2016.12.15,12:00,18.08,18.16,18.06,18.10,195
2016.12.15,13:00,18.09,18.19,18.02,18.03,214
2016.12.15,14:00,18.03,18.21,18.03,18.18,244
2016.12.15,15:00,18.18,18.19,18.03,18.10,354
2016.12.15,16:00,18.11,18.17,18.09,18.13,314
2016.12.15,17:00,18.13,18.31,18.12,18.21,519
2016.12.15,18:00,18.22,18.58,18.22,18.50,583
2016.12.15,19:00,18.49,18.67,18.46,18.53,639
2016.12.16,10:00,18.67,18.70,18.44,18.44,265
2016.12.16,11:00,18.45,18.47,18.40,18.41,172
2016.12.16,12:00,18.40,18.43,18.33,18.34,89
2016.12.16,13:00,18.35,18.38,18.26,18.27,126
2016.12.16,14:00,18.26,18.30,18.20,18.22,208
2016.12.16,15:00,18.20,18.27,18.15,18.16,358
2016.12.16,16:00,18.15,18.18,18.05,18.07,237
2016.12.16,17:00,18.06,18.12,17.94,18.08,227
2016.12.16,18:00,18.08,18.24,18.06,18.15,469
2016.12.16,19:00,18.14,18.27,18.04,18.23,471
2016.12.19,10:00,18.20,18.42,18.15,18.36,257
2016.12.19,11:00,18.35,18.52,18.26,18.45,233
2016.12.19,12:00,18.45,18.45,18.39,18.40,65
2016.12.19,13:00,18.39,18.39,18.31,18.32,45
2016.12.19,14:00,18.33,18.40,18.33,18.37,72
2016.12.19,15:00,18.35,18.37,18.27,18.32,273
2016.12.19,16:00,18.33,18.35,18.19,18.23,226
2016.12.19,17:00,18.22,18.25,18.11,18.17,186
2016.12.19,18:00,18.16,18.26,18.15,18.15,212
2016.12.19,19:00,18.16,18.36,18.15,18.29,394
2016.12.20,10:00,18.31,18.31,18.19,18.20,121
2016.12.20,11:00,18.21,18.29,18.21,18.28,100
2016.12.20,12:00,18.29,18.32,18.25,18.26,62
2016.12.20,13:00,18.26,18.32,18.25,18.26,37
2016.12.20,14:00,18.25,18.29,18.25,18.26,46
2016.12.20,15:00,18.26,18.28,18.15,18.21,227
2016.12.20,16:00,18.20,18.26,18.16,18.26,114
2016.12.20,17:00,18.27,18.30,18.15,18.18,158
2016.12.20,18:00,18.17,18.19,18.09,18.15,251
2016.12.20,19:00,18.14,18.29,18.12,18.25,320
2016.12.21,10:00,18.26,18.26,18.18,18.23,117
2016.12.21,11:00,18.22,18.22,18.19,18.21,66
2016.12.21,12:00,18.20,18.24,18.20,18.22,30
2016.12.21,13:00,18.22,18.24,18.20,18.21,56
2016.12.21,14:00,18.22,18.24,18.18,18.21,79
2016.12.21,15:00,18.20,18.43,18.11,18.38,300
2016.12.21,16:00,18.39,18.42,18.27,18.28,177
2016.12.21,17:00,18.27,18.32,18.22,18.24,179
2016.12.21,18:00,18.25,18.31,18.15,18.16,214
2016.12.21,19:00,18.16,18.24,18.14,18.14,364
2016.12.22,10:00,18.17,18.20,18.17,18.18,70
2016.12.22,11:00,18.19,18.20,18.13,18.16,108
2016.12.22,12:00,18.17,18.19,18.15,18.16,74
2016.12.22,13:00,18.15,18.18,18.12,18.14,52
2016.12.22,14:00,18.13,18.17,18.12,18.16,53
2016.12.22,15:00,18.16,18.18,18.13,18.15,134
2016.12.22,16:00,18.14,18.20,18.13,18.13,115
2016.12.22,17:00,18.12,18.29,18.12,18.27,190
2016.12.22,18:00,18.27,18.27,18.18,18.21,156
2016.12.22,19:00,18.22,18.24,18.12,18.12,277
2016.12.23,10:00,18.17,18.19,18.15,18.18,72
2016.12.23,11:00,18.19,18.20,18.18,18.19,32
2016.12.23,12:00,18.18,18.22,18.16,18.21,40
2016.12.23,13:00,18.20,18.24,18.20,18.21,35
2016.12.23,14:00,18.21,18.26,18.19,18.26,162
2016.12.23,15:00,18.26,18.27,18.18,18.18,219
2016.12.23,16:00,18.18,18.20,18.16,18.19,100
2016.12.23,17:00,18.17,18.29,18.17,18.23,173
2016.12.23,18:00,18.23,18.23,18.15,18.16,96
2016.12.23,19:00,18.17,18.21,18.13,18.16,146
2016.12.27,15:00,18.19,18.27,18.14,18.21,205
2016.12.27,16:00,18.20,18.21,18.15,18.19,72
2016.12.27,17:00,18.19,18.92,18.18,18.72,766
2016.12.27,18:00,18.73,18.77,18.53,18.64,332
2016.12.27,19:00,18.65,18.70,18.44,18.45,460
2016.12.28,10:00,18.62,18.77,18.62,18.70,159
2016.12.28,11:00,18.69,18.81,18.68,18.71,244
2016.12.28,12:00,18.72,18.77,18.70,18.70,52
2016.12.28,13:00,18.69,18.72,18.60,18.64,68
2016.12.28,14:00,18.63,18.73,18.63,18.65,137
2016.12.28,15:00,18.65,18.68,18.56,18.65,257
2016.12.28,16:00,18.64,18.75,18.59,18.69,412
2016.12.28,17:00,18.70,18.81,18.66,18.76,278
2016.12.28,18:00,18.77,18.86,18.72,18.79,226
2016.12.28,19:00,18.79,19.10,18.77,19.03,895
2016.12.29,10:00,19.04,19.22,19.00,19.17,182
2016.12.29,11:00,19.18,19.28,19.16,19.28,260
2016.12.29,12:00,19.27,19.48,19.27,19.43,265
2016.12.29,13:00,19.43,19.46,19.32,19.34,244
2016.12.29,14:00,19.35,19.38,19.32,19.36,207
2016.12.29,15:00,19.34,19.54,19.29,19.52,367
2016.12.29,16:00,19.52,19.66,19.44,19.64,470
2016.12.29,17:00,19.63,19.66,19.58,19.64,376
2016.12.29,18:00,19.64,19.70,19.52,19.64,309
2016.12.29,19:00,19.63,19.65,19.39,19.48,451
2016.12.30,10:00,19.48,19.63,19.48,19.58,141
2016.12.30,11:00,19.58,19.58,19.45,19.50,83
2016.12.30,12:00,19.51,19.51,19.45,19.50,101
2016.12.30,13:00,19.51,19.52,19.48,19.52,63
2016.12.30,14:00,19.53,19.61,19.51,19.60,156
2016.12.30,15:00,19.60,19.68,19.52,19.61,280
2016.12.30,16:00,19.61,19.66,19.59,19.61,209
2016.12.30,17:00,19.61,19.64,19.55,19.57,165
2016.12.30,18:00,19.57,19.64,19.56,19.61,186
2016.12.30,19:00,19.61,19.65,19.39,19.61,586
2017.01.03,10:00,19.62,19.80,19.57,19.79,267
2017.01.03,11:00,19.80,19.97,19.80,19.83,370
2017.01.03,12:00,19.82,19.94,19.73,19.84,179
2017.01.03,13:00,19.82,19.82,19.67,19.72,173
2017.01.03,14:00,19.71,19.80,19.68,19.75,139
2017.01.03,15:00,19.75,20.25,19.75,20.18,555
2017.01.03,16:00,20.17,20.28,20.12,20.18,445
2017.01.03,17:00,20.17,20.32,20.14,20.27,296
2017.01.03,18:00,20.27,20.38,20.27,20.29,304
2017.01.03,19:00,20.30,20.53,20.27,20.52,462
2017.01.04,10:00,20.50,20.73,20.50,20.68,247
2017.01.04,11:00,20.69,20.89,20.69,20.76,359
2017.01.04,12:00,20.77,20.78,20.45,20.56,340
2017.01.04,13:00,20.57,20.59,20.50,20.58,120
2017.01.04,14:00,20.59,20.73,20.59,20.73,232
2017.01.04,15:00,20.72,20.76,20.57,20.58,316
2017.01.04,16:00,20.58,20.73,20.39,20.68,587
2017.01.04,17:00,20.69,20.70,20.55,20.62,282
2017.01.04,18:00,20.62,20.83,20.62,20.81,291
2017.01.04,19:00,20.82,20.93,20.80,20.93,266
2017.01.05,10:00,20.83,20.84,20.64,20.73,271
2017.01.05,11:00,20.73,20.78,20.70,20.71,153
2017.01.05,12:00,20.71,20.78,20.70,20.72,80
2017.01.05,13:00,20.73,20.91,20.73,20.88,231
2017.01.05,14:00,20.87,20.88,20.75,20.84,195
2017.01.05,15:00,20.84,21.15,20.82,20.87,765
2017.01.05,16:00,20.88,21.01,20.87,20.94,496
2017.01.05,17:00,20.94,21.03,20.85,20.93,414
2017.01.05,18:00,20.94,20.95,20.71,20.71,450
2017.01.05,19:00,20.70,20.84,20.66,20.66,666
2017.01.06,10:00,20.49,20.55,20.29,20.40,412
2017.01.06,11:00,20.41,20.43,20.35,20.40,201
2017.01.06,12:00,20.40,20.49,20.38,20.43,183
2017.01.06,13:00,20.41,20.48,20.39,20.46,193
2017.01.06,14:00,20.45,20.47,20.40,20.42,140
2017.01.06,15:00,20.42,20.63,20.42,20.52,478
2017.01.06,16:00,20.52,20.66,20.52,20.61,262
2017.01.06,17:00,20.62,20.68,20.59,20.60,237
2017.01.06,18:00,20.60,20.75,20.60,20.72,186
2017.01.06,19:00,20.72,20.81,20.65,20.79,587
2017.01.09,10:00,20.71,20.74,20.59,20.59,190
2017.01.09,11:00,20.58,20.64,20.56,20.61,189
2017.01.09,12:00,20.62,20.64,20.59,20.61,125
2017.01.09,13:00,20.60,20.63,20.56,20.62,86
2017.01.09,14:00,20.63,20.63,20.51,20.57,164
2017.01.09,15:00,20.56,20.60,20.47,20.60,355
2017.01.09,16:00,20.60,20.73,20.59,20.64,286
2017.01.09,17:00,20.65,20.73,20.42,20.51,464
2017.01.09,18:00,20.52,20.56,20.42,20.45,309
2017.01.09,19:00,20.45,20.54,20.35,20.46,566
2017.01.09,20:00,20.45,20.45,20.45,20.45,1
2017.01.10,10:00,20.46,20.55,20.31,20.54,193
2017.01.10,11:00,20.53,20.54,20.43,20.49,117
2017.01.10,12:00,20.47,20.49,20.45,20.45,41
2017.01.10,13:00,20.44,20.46,20.38,20.38,62
2017.01.10,14:00,20.39,20.39,20.14,20.26,313
2017.01.10,15:00,20.25,20.33,20.19,20.22,404
2017.01.10,16:00,20.22,20.30,20.21,20.30,225
2017.01.10,17:00,20.30,20.48,20.25,20.35,297
2017.01.10,18:00,20.36,20.50,20.35,20.44,253
2017.01.10,19:00,20.45,20.53,20.37,20.47,472
2017.01.11,10:00,20.57,20.73,20.54,20.72,235
2017.01.11,11:00,20.72,20.72,20.60,20.61,242
2017.01.11,12:00,20.61,20.65,20.57,20.60,100
2017.01.11,13:00,20.61,20.65,20.56,20.58,71
2017.01.11,14:00,20.59,20.72,20.57,20.68,206
2017.01.11,15:00,20.67,20.79,20.59,20.67,554
2017.01.11,16:00,20.66,20.88,20.65,20.73,422
2017.01.11,17:00,20.74,20.76,20.57,20.58,511
2017.01.11,18:00,20.57,20.59,20.47,20.55,365
2017.01.11,19:00,20.55,20.65,20.48,20.52,509
2017.01.12,10:00,20.61,20.69,20.59,20.68,209
2017.01.12,11:00,20.67,20.74,20.58,20.61,246
2017.01.12,12:00,20.60,20.67,20.56,20.61,160
2017.01.12,13:00,20.60,20.73,20.59,20.66,356
2017.01.12,14:00,20.67,20.75,20.64,20.69,336
2017.01.12,15:00,20.69,20.76,20.59,20.60,332
2017.01.12,16:00,20.59,20.73,20.59,20.72,199
2017.01.12,17:00,20.73,20.75,20.67,20.68,174
2017.01.12,18:00,20.69,20.80,20.64,20.73,307
2017.01.12,19:00,20.74,20.86,20.68,20.70,464
2017.01.13,10:00,20.78,20.90,20.74,20.85,215
2017.01.13,11:00,20.86,20.88,20.82,20.85,146
2017.01.13,12:00,20.85,20.86,20.71,20.71,117
2017.01.13,13:00,20.71,20.77,20.69,20.75,196
2017.01.13,14:00,20.74,20.75,20.68,20.75,197
2017.01.13,15:00,20.75,20.76,20.60,20.63,399
2017.01.13,16:00,20.62,20.75,20.57,20.73,202
2017.01.13,17:00,20.73,20.85,20.71,20.72,316
2017.01.13,18:00,20.72,20.75,20.60,20.65,172
2017.01.13,19:00,20.65,20.66,20.47,20.52,437
2017.01.17,10:00,20.51,20.62,20.51,20.56,138
2017.01.17,11:00,20.56,20.61,20.55,20.56,162
2017.01.17,12:00,20.55,20.55,20.51,20.55,107
2017.01.17,13:00,20.54,20.66,20.54,20.61,171
2017.01.17,14:00,20.61,20.62,20.58,20.59,85
2017.01.17,15:00,20.59,20.67,20.58,20.61,202
2017.01.17,16:00,20.60,20.76,20.58,20.73,226
2017.01.17,17:00,20.73,20.81,20.71,20.76,345
2017.01.17,18:00,20.75,20.76,20.60,20.64,183
2017.01.17,19:00,20.65,20.76,20.64,20.66,333
2017.01.18,10:00,20.71,20.73,20.65,20.70,113
2017.01.18,11:00,20.70,20.74,20.69,20.73,144
2017.01.18,12:00,20.72,20.73,20.67,20.68,107
2017.01.18,13:00,20.69,20.73,20.68,20.70,62
2017.01.18,14:00,20.69,20.73,20.69,20.72,70
2017.01.18,15:00,20.72,20.79,20.64,20.73,327
2017.01.18,16:00,20.73,20.75,20.67,20.68,212
2017.01.18,17:00,20.69,20.69,20.54,20.66,385
2017.01.18,18:00,20.66,20.77,20.64,20.76,174
2017.01.18,19:00,20.75,20.98,20.72,20.93,334
2017.01.19,10:00,21.00,21.29,20.99,21.24,351
2017.01.19,11:00,21.22,21.35,21.21,21.22,263
2017.01.19,12:00,21.23,21.30,21.14,21.20,301
2017.01.19,13:00,21.19,21.25,21.14,21.24,287
2017.01.19,14:00,21.24,21.30,21.18,21.29,272
2017.01.19,15:00,21.29,21.31,21.18,21.27,327
2017.01.19,16:00,21.27,21.33,21.19,21.30,320
2017.01.19,17:00,21.31,21.31,21.20,21.25,369
2017.01.19,18:00,21.26,21.28,21.18,21.19,237
2017.01.19,19:00,21.18,21.23,20.04,20.09,1275
2017.01.20,10:00,20.08,20.23,20.05,20.20,417
2017.01.20,11:00,20.20,20.52,20.20,20.37,378
2017.01.20,12:00,20.38,20.47,20.34,20.34,422
2017.01.20,13:00,20.35,20.44,20.34,20.37,207
2017.01.20,14:00,20.38,20.40,20.31,20.32,169
2017.01.20,15:00,20.33,20.36,20.22,20.29,478
2017.01.20,16:00,20.29,20.38,20.29,20.30,251
2017.01.20,17:00,20.29,20.32,20.20,20.21,177
2017.01.20,18:00,20.19,20.20,20.04,20.08,316
2017.01.20,19:00,20.07,20.22,20.04,20.22,365
2017.01.23,10:00,20.33,20.42,20.27,20.34,367
2017.01.23,11:00,20.34,20.34,20.24,20.26,269
2017.01.23,12:00,20.27,20.33,20.25,20.32,132
2017.01.23,13:00,20.31,20.48,20.28,20.41,419
2017.01.23,14:00,20.42,20.43,20.32,20.32,162
2017.01.23,15:00,20.32,20.44,20.25,20.42,444
2017.01.23,16:00,20.43,20.44,20.37,20.44,252
2017.01.23,17:00,20.43,20.45,20.35,20.45,320
2017.01.23,18:00,20.44,20.59,20.34,20.53,289
2017.01.23,19:00,20.54,20.66,20.46,20.62,768
2017.01.24,10:00,20.62,20.73,20.62,20.69,165
2017.01.24,11:00,20.68,20.72,20.68,20.71,88
2017.01.24,12:00,20.72,20.91,20.72,20.91,178
2017.01.24,13:00,20.91,20.92,20.79,20.81,103
2017.01.24,14:00,20.81,20.89,20.79,20.84,188
2017.01.24,15:00,20.84,20.92,20.64,20.74,486
2017.01.24,16:00,20.73,20.82,20.65,20.76,478
2017.01.24,17:00,20.76,20.82,20.59,20.66,323
2017.01.24,18:00,20.66,20.69,20.61,20.68,261
2017.01.24,19:00,20.67,20.67,20.58,20.59,265
2017.01.25,10:00,20.56,20.67,20.49,20.65,157
2017.01.25,11:00,20.64,20.72,20.64,20.69,93
2017.01.25,12:00,20.69,20.69,20.54,20.64,246
2017.01.25,13:00,20.65,20.67,20.61,20.67,68
2017.01.25,14:00,20.67,20.73,20.66,20.66,165
2017.01.25,15:00,20.66,20.75,20.65,20.71,168
2017.01.25,16:00,20.72,20.73,20.62,20.65,306
2017.01.25,17:00,20.65,20.70,20.56,20.64,326
2017.01.25,18:00,20.63,20.70,20.58,20.60,265
2017.01.25,19:00,20.60,20.62,20.31,20.40,741
2017.01.26,10:00,20.43,20.47,20.35,20.44,161
2017.01.26,11:00,20.43,20.51,20.42,20.48,170
2017.01.26,12:00,20.47,20.53,20.43,20.51,168
2017.01.26,13:00,20.50,20.50,20.45,20.48,151
2017.01.26,14:00,20.47,20.50,20.40,20.42,167
2017.01.26,15:00,20.41,20.45,20.36,20.40,335
2017.01.26,16:00,20.39,20.39,20.29,20.32,294
2017.01.26,17:00,20.31,20.40,20.29,20.39,251
2017.01.26,18:00,20.40,20.61,20.40,20.56,428
2017.01.26,19:00,20.55,20.58,20.30,20.33,504
2017.01.27,10:00,20.35,20.38,20.35,20.35,81
2017.01.27,11:00,20.36,20.41,20.35,20.39,92
2017.01.27,12:00,20.38,20.44,20.37,20.44,78
2017.01.27,13:00,20.44,20.45,20.41,20.43,80
2017.01.27,14:00,20.44,20.45,20.38,20.42,84
2017.01.27,15:00,20.39,20.40,20.31,20.32,273
2017.01.27,16:00,20.32,20.48,20.27,20.41,311
2017.01.27,17:00,20.42,20.46,20.37,20.43,264
2017.01.27,18:00,20.43,20.47,20.39,20.42,176
2017.01.27,19:00,20.44,20.44,20.32,20.35,267
2017.01.27,20:00,20.36,20.36,20.36,20.36,1
2017.01.30,10:00,20.37,20.40,20.36,20.36,68
2017.01.30,11:00,20.36,20.37,20.31,20.34,84
2017.01.30,12:00,20.34,20.35,20.32,20.32,63
2017.01.30,13:00,20.33,20.37,20.33,20.33,80
2017.01.30,14:00,20.33,20.36,20.30,20.30,132
2017.01.30,15:00,20.30,20.30,20.19,20.23,252
2017.01.30,16:00,20.23,20.28,20.19,20.20,218
2017.01.30,17:00,20.21,20.47,20.19,20.40,364
2017.01.30,18:00,20.40,20.47,20.34,20.34,244
2017.01.30,19:00,20.35,20.45,20.31,20.38,303
2017.01.31,10:00,20.36,20.41,20.34,20.35,129
2017.01.31,11:00,20.34,20.38,20.33,20.34,89
2017.01.31,12:00,20.35,20.36,20.31,20.35,53
2017.01.31,13:00,20.36,20.41,20.34,20.41,110
2017.01.31,14:00,20.40,20.42,20.36,20.42,96
2017.01.31,15:00,20.41,20.46,20.35,20.37,311
2017.01.31,16:00,20.38,20.40,20.34,20.38,227
2017.01.31,17:00,20.37,20.38,20.31,20.33,158
2017.01.31,18:00,20.33,20.36,20.29,20.36,152
2017.01.31,19:00,20.35,20.51,20.33,20.47,355
2017.02.01,10:00,20.48,20.51,20.44,20.49,111
2017.02.01,11:00,20.50,20.54,20.48,20.52,131
2017.02.01,12:00,20.53,20.60,20.53,20.58,196
2017.02.01,13:00,20.58,20.59,20.52,20.53,134
2017.02.01,14:00,20.54,20.54,20.49,20.52,93
2017.02.01,15:00,20.51,20.63,20.49,20.60,391
2017.02.01,16:00,20.60,20.62,20.56,20.59,342
2017.02.01,17:00,20.60,20.62,20.55,20.56,261
2017.02.01,18:00,20.55,20.70,20.54,20.67,487
2017.02.01,19:00,20.68,20.70,20.60,20.65,465
2017.02.02,10:00,20.64,20.79,20.64,20.77,128
2017.02.02,11:00,20.78,20.83,20.77,20.77,159
2017.02.02,12:00,20.78,20.85,20.76,20.82,108
2017.02.02,13:00,20.81,20.90,20.78,20.88,238
2017.02.02,14:00,20.88,20.89,20.83,20.89,151
2017.02.02,15:00,20.88,20.94,20.87,20.91,267
2017.02.02,16:00,20.92,20.96,20.86,20.87,369
2017.02.02,17:00,20.87,20.91,20.27,20.49,1087
2017.02.02,18:00,20.49,20.63,20.44,20.53,551
2017.02.02,19:00,20.54,20.57,20.37,20.41,574
2017.02.03,10:00,20.40,20.45,20.35,20.43,181
2017.02.03,11:00,20.43,20.44,20.39,20.43,125
2017.02.03,12:00,20.43,20.51,20.42,20.49,88
2017.02.03,13:00,20.49,20.51,20.47,20.49,86
2017.02.03,14:00,20.50,20.50,20.48,20.49,23
2017.02.03,15:00,20.50,20.58,20.45,20.53,289
2017.02.03,16:00,20.53,20.56,20.35,20.37,327
2017.02.03,17:00,20.36,20.85,20.36,20.84,829
2017.02.03,18:00,20.85,20.85,20.76,20.82,413
2017.02.03,19:00,20.83,21.00,20.76,21.00,428
2017.02.06,10:00,21.01,21.18,20.99,21.17,284
2017.02.06,11:00,21.16,21.19,21.08,21.13,160
2017.02.06,12:00,21.13,21.15,21.08,21.10,69
2017.02.06,13:00,21.09,21.10,21.06,21.09,102
2017.02.06,14:00,21.10,21.14,21.08,21.12,117
2017.02.06,15:00,21.12,21.18,21.06,21.13,414
2017.02.06,16:00,21.14,21.17,21.05,21.12,353
2017.02.06,17:00,21.13,21.14,21.05,21.14,399
2017.02.06,18:00,21.15,21.17,21.11,21.12,243
2017.02.06,19:00,21.11,21.14,20.84,20.95,336
2017.02.06,20:00,20.95,20.96,20.95,20.96,2
2017.02.07,10:00,20.97,21.08,20.89,20.98,244
2017.02.07,11:00,20.98,20.99,20.85,20.95,237
2017.02.07,12:00,20.96,21.01,20.94,20.94,229
2017.02.07,13:00,20.95,20.96,20.89,20.89,143
2017.02.07,14:00,20.89,20.93,20.82,20.83,218
2017.02.07,15:00,20.84,20.97,20.82,20.89,451
2017.02.07,16:00,20.89,21.02,20.89,20.98,328
2017.02.07,17:00,20.98,21.00,20.91,20.96,460
2017.02.07,18:00,20.96,20.98,20.80,20.81,401
2017.02.07,19:00,20.80,20.80,20.59,20.67,617
2017.02.08,10:00,20.66,20.70,20.63,20.67,122
2017.02.08,11:00,20.66,20.74,20.66,20.73,98
2017.02.08,12:00,20.72,20.77,20.71,20.73,92
2017.02.08,13:00,20.73,20.82,20.73,20.81,97
2017.02.08,14:00,20.80,20.80,20.70,20.70,168
2017.02.08,15:00,20.70,20.75,20.59,20.60,326
2017.02.08,16:00,20.61,20.72,20.56,20.68,373
2017.02.08,17:00,20.69,20.73,20.63,20.63,198
2017.02.08,18:00,20.63,20.73,20.63,20.65,246
2017.02.08,19:00,20.66,20.82,20.66,20.73,354
2017.02.09,10:00,20.69,20.85,20.69,20.82,147
2017.02.09,11:00,20.81,20.95,20.81,20.89,256
2017.02.09,12:00,20.90,20.92,20.84,20.85,130
2017.02.09,13:00,20.86,20.86,20.75,20.77,128
2017.02.09,14:00,20.78,20.79,20.73,20.77,85
2017.02.09,15:00,20.77,20.82,20.63,20.73,456
2017.02.09,16:00,20.73,20.83,20.71,20.75,286
2017.02.09,17:00,20.75,20.81,20.75,20.80,183
2017.02.09,18:00,20.79,20.80,20.72,20.78,162
2017.02.09,19:00,20.78,20.78,20.60,20.65,337
2017.02.10,10:00,20.66,20.68,20.63,20.66,110
2017.02.10,11:00,20.66,20.70,20.65,20.66,87
2017.02.10,12:00,20.65,20.66,20.49,20.51,122
2017.02.10,13:00,20.51,20.55,20.50,20.54,113
2017.02.10,14:00,20.54,20.62,20.54,20.57,150
2017.02.10,15:00,20.57,20.59,20.35,20.39,436
2017.02.10,16:00,20.39,20.45,20.35,20.39,305
2017.02.10,17:00,20.38,20.40,20.30,20.35,262
2017.02.10,18:00,20.35,20.36,20.30,20.31,177
2017.02.10,19:00,20.32,20.46,20.31,20.45,409
2017.02.13,10:00,20.48,20.50,20.38,20.40,113
2017.02.13,11:00,20.40,20.45,20.36,20.45,107
2017.02.13,12:00,20.44,20.59,20.42,20.52,129
2017.02.13,13:00,20.50,20.53,20.48,20.52,127
2017.02.13,14:00,20.52,20.53,20.41,20.46,151
2017.02.13,15:00,20.46,20.49,20.31,20.35,304
2017.02.13,16:00,20.35,20.35,19.91,19.96,367
2017.02.13,17:00,19.95,20.11,19.94,20.09,564
2017.02.13,18:00,20.08,20.18,19.99,19.99,266
2017.02.13,19:00,20.00,20.03,19.88,20.03,362
2017.02.14,10:00,20.04,20.18,20.03,20.09,187
2017.02.14,11:00,20.08,20.14,20.08,20.13,132
2017.02.14,12:00,20.12,20.20,20.11,20.16,149
2017.02.14,13:00,20.17,20.28,20.14,20.27,188
2017.02.14,14:00,20.26,20.28,20.20,20.23,94
2017.02.14,15:00,20.24,20.41,20.24,20.36,438
2017.02.14,16:00,20.35,20.36,20.16,20.21,252
2017.02.14,17:00,20.22,20.27,20.11,20.25,369
2017.02.14,18:00,20.25,20.31,20.21,20.30,160
2017.02.14,19:00,20.29,20.39,20.25,20.36,283
2017.02.14,20:00,20.35,20.35,20.35,20.35,2
2017.02.15,10:00,20.36,20.51,20.31,20.49,384
2017.02.15,11:00,20.50,20.59,20.47,20.58,234
2017.02.15,12:00,20.59,20.61,20.50,20.52,185
2017.02.15,13:00,20.51,20.53,20.46,20.46,151
2017.02.15,14:00,20.47,20.52,20.41,20.41,157
2017.02.15,15:00,20.41,20.63,20.39,20.62,467
2017.02.15,16:00,20.62,20.67,20.43,20.63,424
2017.02.15,17:00,20.62,20.65,20.52,20.63,383
2017.02.15,18:00,20.63,20.68,20.55,20.56,254
2017.02.15,19:00,20.56,20.58,20.38,20.42,426
2017.02.16,10:00,20.47,20.48,20.32,20.36,248
2017.02.16,11:00,20.35,20.43,20.27,20.28,252
2017.02.16,12:00,20.27,20.31,20.22,20.26,190
2017.02.16,13:00,20.25,20.30,20.22,20.30,190
2017.02.16,14:00,20.29,20.32,20.24,20.29,173
2017.02.16,15:00,20.29,20.40,20.27,20.34,310
2017.02.16,16:00,20.33,20.36,20.23,20.25,344
2017.02.16,17:00,20.24,20.26,20.04,20.05,374
2017.02.16,18:00,20.06,20.21,20.06,20.16,341
2017.02.16,19:00,20.15,20.38,20.15,20.38,466
2017.02.17,10:00,20.33,20.36,20.19,20.33,205
2017.02.17,11:00,20.33,20.34,20.24,20.26,159
2017.02.17,12:00,20.25,20.32,20.24,20.28,140
2017.02.17,13:00,20.28,20.28,20.15,20.21,178
2017.02.17,14:00,20.22,20.24,20.17,20.17,178
2017.02.17,15:00,20.18,20.23,20.12,20.15,226
2017.02.17,16:00,20.14,20.27,20.12,20.24,274
2017.02.17,17:00,20.24,20.24,20.15,20.18,183
2017.02.17,18:00,20.18,20.20,20.12,20.16,160
2017.02.17,19:00,20.16,20.28,20.15,20.27,293
2017.02.21,10:00,20.37,20.39,20.32,20.36,131
2017.02.21,11:00,20.36,20.39,20.33,20.35,120
2017.02.21,12:00,20.34,20.35,20.34,20.35,20
2017.02.21,13:00,20.35,20.35,20.30,20.31,65
2017.02.21,14:00,20.31,20.34,20.31,20.33,86
2017.02.21,15:00,20.33,20.35,20.25,20.33,166
2017.02.21,16:00,20.34,20.44,20.32,20.43,315
2017.02.21,17:00,20.43,20.45,20.37,20.42,132
2017.02.21,18:00,20.41,20.43,20.37,20.40,158
2017.02.21,19:00,20.41,20.81,20.37,20.77,523
2017.02.22,10:00,20.76,20.83,20.75,20.78,76
2017.02.22,11:00,20.77,20.84,20.71,20.83,95
2017.02.22,12:00,20.84,20.85,20.76,20.79,60
2017.02.22,13:00,20.76,20.79,20.63,20.66,141
2017.02.22,14:00,20.67,20.71,20.66,20.71,69
2017.02.22,15:00,20.69,20.92,20.68,20.89,170
2017.02.22,16:00,20.88,20.92,20.73,20.80,128
2017.02.22,17:00,20.79,20.84,20.68,20.73,196
2017.02.22,18:00,20.72,20.74,20.61,20.66,147
2017.02.22,19:00,20.67,20.70,20.61,20.64,190
2017.02.23,10:00,20.67,20.68,20.60,20.60,87
2017.02.23,11:00,20.59,20.60,20.50,20.52,94
2017.02.23,12:00,20.51,20.53,20.51,20.53,13
2017.02.23,13:00,20.52,20.54,20.51,20.54,5
2017.02.23,14:00,20.55,20.57,20.38,20.41,66
2017.02.23,15:00,20.40,20.44,20.14,20.30,355
2017.02.23,16:00,20.31,20.32,20.18,20.18,72
2017.02.23,17:00,20.17,20.24,20.12,20.15,151
2017.02.23,18:00,20.14,20.23,20.08,20.18,125
2017.02.23,19:00,20.17,20.29,20.08,20.09,282
2017.02.24,10:00,20.10,20.17,20.08,20.13,71
2017.02.24,11:00,20.14,20.15,20.02,20.06,89
2017.02.24,12:00,20.05,20.09,20.04,20.09,53
2017.02.24,13:00,20.10,20.19,20.10,20.16,61
2017.02.24,14:00,20.17,20.18,20.11,20.11,119
2017.02.24,15:00,20.10,20.11,19.74,19.86,426
2017.02.24,16:00,19.85,19.92,19.80,19.85,179
2017.02.24,17:00,19.84,19.91,19.78,19.81,103
2017.02.24,18:00,19.80,19.85,19.75,19.79,68
2017.02.24,19:00,19.77,19.85,19.75,19.80,139
