2014.11.14,17:00,131.05,131.25,130.65,131.05,121
2014.11.14,18:00,131.00,131.20,131.00,131.05,36
2014.11.17,10:00,130.30,130.75,130.10,130.35,126
2014.11.17,11:00,130.35,130.45,129.95,130.45,91
2014.11.17,12:00,130.45,130.65,130.30,130.40,66
2014.11.17,13:00,130.45,130.75,130.25,130.65,81
2014.11.17,14:00,130.60,131.30,130.40,131.20,121
2014.11.17,15:00,131.15,131.65,131.05,131.45,91
2014.11.17,16:00,131.40,131.55,131.10,131.45,86
2014.11.17,17:00,131.50,132.60,131.15,132.35,206
2014.11.17,18:00,132.40,132.40,132.10,132.15,36
2014.11.18,10:00,132.00,132.70,131.65,132.50,161
2014.11.18,11:00,132.50,132.95,132.50,132.90,51
2014.11.18,12:00,132.95,133.55,132.65,132.95,181
2014.11.18,13:00,133.00,133.00,132.80,132.90,31
2014.11.18,14:00,132.85,133.30,132.80,133.15,71
2014.11.18,15:00,133.20,133.25,132.40,132.85,136
2014.11.18,16:00,132.80,133.30,132.75,133.25,66
2014.11.18,17:00,133.25,133.30,132.75,132.95,81
2014.11.18,18:00,133.00,133.00,132.80,132.85,26
2014.11.19,10:00,132.95,133.40,132.85,133.30,76
2014.11.19,11:00,133.30,133.85,133.10,133.80,101
2014.11.19,12:00,133.80,133.85,133.55,133.75,56
2014.11.19,13:00,133.80,133.95,133.65,133.85,56
2014.11.19,14:00,133.85,134.10,133.70,133.80,76
2014.11.19,15:00,133.75,133.80,133.35,133.55,71
2014.11.19,16:00,133.50,133.70,133.05,133.30,111
2014.11.19,17:00,133.25,133.35,132.70,132.80,86
2014.11.19,18:00,132.85,132.95,132.70,132.90,46
2014.11.20,10:00,133.10,133.40,132.30,132.75,186
2014.11.20,11:00,132.75,133.00,132.55,133.00,66
2014.11.20,12:00,133.05,133.25,132.90,133.05,71
2014.11.20,13:00,133.00,133.20,132.90,133.10,51
2014.11.20,14:00,133.05,133.25,132.50,132.55,101
2014.11.20,15:00,132.60,132.90,132.60,132.65,56
2014.11.20,16:00,132.60,132.80,132.30,132.80,81
2014.11.20,17:00,132.85,133.45,132.80,133.40,76
2014.11.20,18:00,133.40,133.75,133.30,133.70,61
2014.11.21,10:00,133.55,135.35,133.55,135.30,186
2014.11.21,11:00,135.25,135.35,134.80,135.10,96
2014.11.21,12:00,135.05,135.70,135.05,135.20,116
2014.11.21,13:00,135.20,135.85,135.15,135.65,96
2014.11.21,14:00,135.65,136.20,135.65,136.00,76
2014.11.21,15:00,135.95,136.10,135.70,135.90,76
2014.11.21,16:00,135.95,136.15,135.50,136.05,121
2014.11.21,17:00,136.10,136.25,135.90,136.20,61
2014.11.21,18:00,136.15,136.20,135.60,135.60,66
2014.11.24,10:00,135.55,136.90,135.25,136.80,206
2014.11.24,11:00,136.80,137.30,136.70,136.85,116
2014.11.24,12:00,136.90,137.05,136.65,136.90,81
2014.11.24,13:00,136.95,137.05,136.55,136.80,86
2014.11.24,14:00,136.80,136.95,136.55,136.75,76
2014.11.24,15:00,136.70,137.00,136.45,136.45,86
2014.11.24,16:00,136.50,137.00,136.45,136.60,101
2014.11.24,17:00,136.60,136.80,136.45,136.45,56
2014.11.24,18:00,136.50,136.50,136.10,136.40,71
2014.11.25,10:00,136.35,136.80,135.95,135.95,131
2014.11.25,11:00,136.00,136.25,135.90,136.15,56
2014.11.25,12:00,136.20,136.55,136.10,136.30,81
2014.11.25,13:00,136.35,136.50,136.25,136.35,51
2014.11.25,14:00,136.30,136.55,136.30,136.50,31
2014.11.25,15:00,136.55,137.05,136.45,136.70,106
2014.11.25,16:00,136.70,136.70,136.00,136.40,111
2014.11.25,17:00,136.30,136.30,135.85,135.95,56
2014.11.25,18:00,136.00,136.10,135.80,135.85,46
2014.11.26,10:00,136.25,137.00,136.25,136.85,91
2014.11.26,11:00,136.85,137.25,136.65,137.15,91
2014.11.26,12:00,137.10,137.25,136.95,137.05,56
2014.11.26,13:00,137.05,137.15,136.95,137.10,36
2014.11.26,14:00,137.05,137.15,136.25,136.25,101
2014.11.26,15:00,136.30,136.75,136.25,136.60,71
2014.11.26,16:00,136.60,137.05,136.50,137.00,71
2014.11.26,17:00,136.90,137.10,136.75,136.95,66
2014.11.26,18:00,137.00,137.00,136.60,136.75,56
2014.11.27,10:00,137.00,137.65,137.00,137.55,76
2014.11.27,11:00,137.60,137.90,137.45,137.85,66
2014.11.27,12:00,137.90,137.90,137.75,137.85,26
2014.11.27,13:00,137.85,137.90,137.55,137.65,51
2014.11.27,14:00,137.70,137.90,137.60,137.90,41
2014.11.27,15:00,137.95,138.15,137.80,137.95,71
2014.11.27,16:00,137.90,138.05,137.75,138.05,46
2014.11.27,17:00,138.05,138.25,137.80,138.05,91
2014.11.27,18:00,138.05,138.15,137.80,138.10,66
2014.11.28,10:00,138.40,139.10,137.80,137.85,206
2014.11.28,11:00,137.85,138.20,137.40,137.65,141
2014.11.28,12:00,137.65,138.15,137.40,138.00,116
2014.11.28,13:00,138.00,138.10,137.85,138.00,51
2014.11.28,14:00,138.00,138.00,137.65,137.65,36
2014.11.28,15:00,137.60,138.25,137.55,137.90,111
2014.11.28,16:00,138.00,138.20,137.65,138.20,91
2014.11.28,17:00,138.20,138.25,137.75,137.90,71
2014.11.28,18:00,137.90,138.20,137.90,138.15,36
2014.12.01,10:00,137.05,137.95,136.85,136.90,206
2014.12.01,11:00,136.75,137.10,136.25,136.90,156
2014.12.01,12:00,136.90,137.05,136.70,136.90,71
2014.12.01,13:00,136.90,137.30,136.90,137.25,46
2014.12.01,14:00,137.25,137.45,137.00,137.00,66
2014.12.01,15:00,137.05,137.45,137.00,137.05,91
2014.12.01,16:00,137.10,137.50,136.80,136.90,121
2014.12.01,17:00,136.80,137.15,136.75,136.90,71
2014.12.01,18:00,136.85,137.15,136.85,137.05,41
2014.12.02,10:00,137.40,138.05,137.25,137.60,141
2014.12.02,11:00,137.65,137.90,137.60,137.65,61
2014.12.02,12:00,137.60,137.75,136.85,137.00,121
2014.12.02,13:00,137.05,137.30,136.80,137.30,76
2014.12.02,14:00,137.20,137.70,137.15,137.55,76
2014.12.02,15:00,137.55,137.75,137.45,137.75,41
2014.12.02,16:00,137.80,137.80,137.40,137.55,56
2014.12.02,17:00,137.55,137.85,137.20,137.40,116
2014.12.02,18:00,137.45,137.60,137.40,137.45,41
2014.12.03,10:00,137.75,137.95,137.65,137.85,51
2014.12.03,11:00,137.85,138.05,137.70,137.80,66
2014.12.03,12:00,137.85,138.10,137.60,137.95,91
2014.12.03,13:00,137.90,138.15,137.65,138.00,91
2014.12.03,14:00,138.00,138.15,137.95,138.10,31
2014.12.03,15:00,138.10,138.35,138.00,138.30,51
2014.12.03,16:00,138.25,138.55,138.20,138.45,51
2014.12.03,17:00,138.50,138.70,138.30,138.55,76
2014.12.03,18:00,138.50,138.55,138.20,138.50,71
2014.12.04,10:00,138.55,138.95,138.40,138.85,81
2014.12.04,11:00,138.85,139.10,138.60,138.70,86
2014.12.04,12:00,138.70,139.00,138.65,138.90,51
2014.12.04,13:00,138.85,139.00,138.60,138.95,71
2014.12.04,14:00,138.90,139.00,138.60,138.85,76
2014.12.04,15:00,138.85,139.70,136.65,136.90,416
2014.12.04,16:00,136.85,137.80,136.45,136.65,251
2014.12.04,17:00,136.70,137.10,136.45,136.80,121
2014.12.04,18:00,136.80,137.00,136.70,136.80,61
2014.12.05,10:00,137.85,138.25,137.70,137.90,106
2014.12.05,11:00,137.95,138.25,137.80,138.00,86
2014.12.05,12:00,138.00,138.20,137.80,138.10,71
2014.12.05,13:00,138.15,138.20,137.95,138.10,46
2014.12.05,14:00,138.10,138.35,138.10,138.30,31
2014.12.05,15:00,138.30,138.75,138.10,138.40,121
2014.12.05,16:00,138.40,138.55,138.15,138.45,76
2014.12.05,17:00,138.50,138.60,138.30,138.45,56
2014.12.05,18:00,138.50,138.90,138.30,138.90,81
2014.12.08,10:00,138.60,138.95,138.25,138.65,136
2014.12.08,11:00,138.70,138.70,138.10,138.50,101
2014.12.08,12:00,138.45,138.50,138.05,138.10,56
2014.12.08,13:00,138.10,138.15,137.55,137.55,66
2014.12.08,14:00,137.50,137.70,137.45,137.70,31
2014.12.08,15:00,137.75,137.85,137.50,137.85,61
2014.12.08,16:00,137.80,138.45,137.80,138.45,66
2014.12.08,17:00,138.45,138.55,138.20,138.45,71
2014.12.08,18:00,138.40,138.50,138.30,138.30,31
2014.12.09,10:00,137.15,138.05,137.10,137.40,166
2014.12.09,11:00,137.35,138.00,137.35,137.55,111
2014.12.09,12:00,137.60,137.80,137.45,137.65,66
2014.12.09,13:00,137.70,137.80,137.25,137.35,76
2014.12.09,14:00,137.35,137.45,136.85,137.05,91
2014.12.09,15:00,137.05,137.05,136.55,136.75,71
2014.12.09,16:00,136.75,137.00,136.30,137.00,116
2014.12.09,17:00,136.95,136.95,135.90,136.35,151
2014.12.09,18:00,136.35,136.45,135.85,136.15,101
2014.12.10,10:00,136.75,137.65,136.40,136.80,246
2014.12.10,11:00,136.80,137.45,136.60,137.35,116
2014.12.10,12:00,137.30,137.50,137.00,137.20,91
2014.12.10,13:00,137.20,137.30,136.90,137.20,81
2014.12.10,14:00,137.15,137.40,136.80,136.90,96
2014.12.10,15:00,136.85,137.15,136.75,137.15,51
2014.12.10,16:00,137.10,137.35,136.80,136.95,96
2014.12.10,17:00,136.90,137.15,136.60,137.15,86
2014.12.10,18:00,137.10,137.15,136.75,136.85,56
2014.12.11,10:00,136.75,137.65,136.75,137.40,116
2014.12.11,11:00,137.40,137.40,137.00,137.20,61
2014.12.11,12:00,137.15,137.85,137.15,137.30,126
2014.12.11,13:00,137.35,137.45,136.80,136.80,76
2014.12.11,14:00,136.80,137.40,136.70,137.35,86
2014.12.11,15:00,137.35,137.95,137.05,137.70,146
2014.12.11,16:00,137.75,138.25,137.60,138.15,91
2014.12.11,17:00,138.10,138.60,138.05,138.20,101
2014.12.11,18:00,138.20,138.30,137.95,137.95,46
2014.12.12,10:00,136.90,137.90,136.50,136.60,251
2014.12.12,11:00,136.55,136.80,136.20,136.60,116
2014.12.12,12:00,136.65,136.75,136.15,136.55,111
2014.12.12,13:00,136.50,136.50,136.15,136.35,56
2014.12.12,14:00,136.30,136.60,136.20,136.30,81
2014.12.12,15:00,136.35,136.45,135.90,136.00,76
2014.12.12,16:00,136.00,136.75,135.90,136.75,96
2014.12.12,17:00,136.75,136.75,135.10,135.25,181
2014.12.12,18:00,135.30,135.35,134.05,134.10,141
2014.12.15,10:00,134.60,135.30,134.20,135.20,161
2014.12.15,11:00,135.15,135.45,134.95,135.35,81
2014.12.15,12:00,135.40,135.50,135.05,135.30,81
2014.12.15,13:00,135.30,135.40,134.70,134.95,106
2014.12.15,14:00,134.90,135.30,134.75,134.95,106
2014.12.15,15:00,135.00,135.10,134.40,134.55,96
2014.12.15,16:00,134.55,135.15,134.40,134.60,146
2014.12.15,17:00,134.55,134.60,132.10,132.55,301
2014.12.15,18:00,132.50,132.75,130.90,131.00,221
2014.12.16,10:00,131.95,132.45,129.45,130.50,456
2014.12.16,11:00,130.45,132.05,130.45,131.65,201
2014.12.16,12:00,131.70,132.20,131.05,131.80,221
2014.12.16,13:00,131.75,131.90,130.75,130.75,131
2014.12.16,14:00,130.60,130.85,129.85,130.25,166
2014.12.16,15:00,130.25,131.40,130.15,130.80,196
2014.12.16,16:00,130.75,131.80,130.50,131.25,211
2014.12.16,17:00,131.30,133.30,131.20,133.10,241
2014.12.16,18:00,133.10,134.25,133.00,134.00,161
2014.12.17,10:00,132.35,134.05,132.30,133.65,221
2014.12.17,11:00,133.65,134.35,133.15,133.80,226
2014.12.17,12:00,133.85,134.60,133.65,134.05,171
2014.12.17,13:00,134.10,134.65,133.80,134.45,136
2014.12.17,14:00,134.40,134.70,133.95,134.10,121
2014.12.17,15:00,134.05,134.45,133.95,134.10,96
2014.12.17,16:00,134.15,135.10,133.75,135.05,181
2014.12.17,17:00,135.00,135.80,134.65,135.00,231
2014.12.17,18:00,135.00,135.35,134.80,134.95,106
2014.12.18,10:00,136.75,137.10,136.20,137.05,151
2014.12.18,11:00,137.05,137.30,136.30,136.45,141
2014.12.18,12:00,136.50,137.00,136.35,136.85,96
2014.12.18,13:00,136.90,137.05,136.30,136.55,116
2014.12.18,14:00,136.55,136.95,136.55,136.90,46
2014.12.18,15:00,136.85,137.25,136.65,137.25,81
2014.12.18,16:00,137.30,137.75,137.10,137.55,106
2014.12.18,17:00,137.55,138.10,137.45,137.85,101
2014.12.18,18:00,137.85,138.05,137.40,138.00,116
2014.12.19,10:00,138.85,139.15,138.40,138.75,141
2014.12.19,11:00,138.75,138.85,138.55,138.75,61
2014.12.19,12:00,138.80,138.80,137.45,137.65,156
2014.12.19,13:00,137.70,137.85,136.60,137.35,216
2014.12.19,14:00,137.35,137.70,136.95,137.60,126
2014.12.19,15:00,137.60,137.65,136.75,137.05,126
2014.12.19,16:00,137.05,137.45,136.50,137.40,156
2014.12.19,17:00,137.40,138.70,137.35,138.65,146
2014.12.19,18:00,138.60,138.75,137.85,138.00,121
2014.12.22,10:00,138.55,139.05,138.45,138.85,91
2014.12.22,11:00,138.80,139.05,138.65,138.95,66
2014.12.22,12:00,139.00,139.05,138.60,139.05,86
2014.12.22,13:00,139.10,139.30,139.00,139.30,41
2014.12.22,14:00,139.25,139.70,139.25,139.65,51
2014.12.22,15:00,139.65,139.85,139.30,139.55,101
2014.12.22,16:00,139.50,139.50,139.00,139.25,76
2014.12.22,17:00,139.35,139.50,138.95,139.40,106
2014.12.22,18:00,139.35,139.45,139.15,139.45,51
2014.12.23,10:00,139.35,139.95,139.20,139.90,96
2014.12.23,11:00,139.85,139.85,139.25,139.35,71
2014.12.23,12:00,139.30,139.60,139.20,139.35,76
2014.12.23,13:00,139.40,139.50,139.25,139.35,46
2014.12.23,14:00,139.30,139.45,139.20,139.30,51
2014.12.23,15:00,139.30,139.50,139.10,139.25,76
2014.12.23,16:00,139.35,139.55,139.15,139.35,81
2014.12.23,17:00,139.30,139.40,138.85,139.20,101
2014.12.23,18:00,139.15,139.35,139.05,139.30,46
2014.12.29,10:00,138.95,139.30,137.70,137.70,196
2014.12.29,11:00,137.65,138.30,137.55,138.00,116
2014.12.29,12:00,138.05,138.35,137.00,138.00,266
2014.12.29,13:00,138.00,138.55,137.40,137.70,201
2014.12.29,14:00,137.70,137.90,137.50,137.50,61
2014.12.29,15:00,137.50,137.75,137.10,137.55,126
2014.12.29,16:00,137.50,138.20,137.40,138.00,111
2014.12.29,17:00,138.10,138.75,137.90,138.75,106
2014.12.29,18:00,138.70,139.05,138.45,139.00,91
2014.12.30,10:00,138.15,138.20,137.55,137.80,96
2014.12.30,11:00,137.80,137.90,137.50,137.90,71
2014.12.30,12:00,137.85,138.10,137.75,137.90,66
2014.12.30,13:00,137.85,138.15,137.85,138.10,36
2014.12.30,14:00,138.05,138.30,137.80,138.05,101
2015.01.02,10:00,137.25,137.75,136.35,136.60,216
2015.01.02,11:00,136.55,136.60,135.75,136.25,141
2015.01.02,12:00,136.30,136.30,135.90,136.00,51
2015.01.02,13:00,136.00,136.40,135.80,136.20,101
2015.01.02,14:00,136.20,136.50,136.15,136.35,56
2015.01.02,15:00,136.35,136.70,136.35,136.60,46
2015.01.02,16:00,136.60,137.30,136.55,137.15,96
2015.01.02,17:00,137.10,137.40,136.35,136.80,181
2015.01.02,18:00,136.80,136.80,136.20,136.50,91
2015.01.05,10:00,136.10,137.45,136.10,137.40,141
2015.01.05,11:00,137.35,137.40,136.90,137.20,86
2015.01.05,12:00,137.15,137.35,136.60,136.65,101
2015.01.05,13:00,136.60,137.00,136.50,136.60,101
2015.01.05,14:00,136.55,136.80,136.35,136.50,86
2015.01.05,15:00,136.55,136.90,135.20,135.25,211
2015.01.05,16:00,135.25,135.60,133.95,134.25,231
2015.01.05,17:00,134.20,134.65,133.95,134.30,131
2015.01.05,18:00,134.25,134.25,133.10,133.15,121
2015.01.06,10:00,133.65,134.45,132.60,132.95,301
2015.01.06,11:00,132.90,134.05,132.70,133.75,186
2015.01.06,12:00,133.75,134.20,133.35,133.90,156
2015.01.06,13:00,133.95,134.55,133.90,134.35,91
2015.01.06,14:00,134.30,134.85,134.10,134.75,106
2015.01.06,15:00,134.80,135.25,134.50,134.70,141
2015.01.06,16:00,134.65,134.95,134.45,134.65,101
2015.01.06,17:00,134.65,135.35,134.40,134.45,171
2015.01.06,18:00,134.45,134.45,133.70,133.70,76
2015.01.07,10:00,133.40,134.50,133.00,134.50,191
2015.01.07,11:00,134.50,134.70,133.50,134.40,231
2015.01.07,12:00,134.40,135.20,134.25,135.10,121
2015.01.07,13:00,135.05,135.25,134.90,135.10,66
2015.01.07,14:00,135.15,135.45,135.05,135.30,66
2015.01.07,15:00,135.30,135.30,134.85,134.95,56
2015.01.07,16:00,134.95,135.15,134.60,134.90,106
2015.01.07,17:00,134.90,135.10,134.45,134.65,106
2015.01.07,18:00,134.70,134.85,134.05,134.40,131
2015.01.08,10:00,136.05,136.35,135.90,136.00,86
2015.01.08,11:00,136.00,136.10,135.30,135.35,96
2015.01.08,12:00,135.30,135.65,135.15,135.60,71
2015.01.08,13:00,135.65,136.55,135.60,136.35,121
2015.01.08,14:00,136.45,136.85,136.20,136.25,111
2015.01.08,15:00,136.30,136.65,136.05,136.50,101
2015.01.08,16:00,136.50,136.85,136.40,136.85,56
2015.01.08,17:00,136.85,138.05,136.85,138.05,121
2015.01.08,18:00,138.05,138.70,138.05,138.50,86
2015.01.09,10:00,137.60,138.25,137.50,137.85,126
2015.01.09,11:00,137.90,138.25,137.35,137.60,151
2015.01.09,12:00,137.60,137.85,137.15,137.45,126
2015.01.09,13:00,137.45,137.65,137.15,137.45,101
2015.01.09,14:00,137.45,137.55,137.20,137.25,51
2015.01.09,15:00,137.30,138.15,137.05,137.95,156
2015.01.09,16:00,137.90,138.05,136.45,136.65,196
2015.01.09,17:00,136.65,136.95,135.65,136.10,206
2015.01.09,18:00,136.10,136.10,134.75,135.00,161
2015.01.12,10:00,136.10,137.35,136.10,136.75,186
2015.01.12,11:00,136.70,137.30,135.90,137.25,226
2015.01.12,12:00,137.30,137.70,136.85,136.85,126
2015.01.12,13:00,136.90,137.15,136.75,137.10,61
2015.01.12,14:00,137.05,137.10,136.40,136.40,76
2015.01.12,15:00,136.40,136.50,136.05,136.20,71
2015.01.12,16:00,136.20,137.10,135.15,135.45,316
2015.01.12,17:00,135.45,136.60,134.80,136.60,246
2015.01.12,18:00,136.65,137.05,136.40,136.60,126
2015.01.13,10:00,136.20,137.25,136.10,137.15,136
2015.01.13,11:00,137.20,138.20,136.90,137.95,186
2015.01.13,12:00,137.95,138.25,137.50,138.05,141
2015.01.13,13:00,138.00,138.65,137.80,138.60,111
2015.01.13,14:00,138.60,138.60,138.25,138.40,51
2015.01.13,15:00,138.45,138.70,137.95,138.65,131
2015.01.13,16:00,138.65,139.45,138.60,139.30,106
2015.01.13,17:00,139.35,139.50,139.00,139.20,86
2015.01.13,18:00,139.25,139.45,138.90,139.25,111
2015.01.14,10:00,137.70,138.80,137.45,138.25,216
2015.01.14,11:00,138.30,139.35,137.75,139.35,216
2015.01.14,12:00,139.35,139.50,138.60,138.80,126
2015.01.14,13:00,138.80,139.20,138.65,138.75,106
2015.01.14,14:00,138.75,139.15,138.35,138.50,136
2015.01.14,15:00,138.50,138.75,137.20,137.75,236
2015.01.14,16:00,137.70,138.30,137.50,138.20,111
2015.01.14,17:00,138.25,139.15,138.20,138.65,151
2015.01.14,18:00,138.65,138.70,137.85,137.85,91
2015.01.15,10:00,139.05,139.55,139.00,139.45,71
2015.01.15,11:00,139.50,139.55,134.80,137.15,716
2015.01.15,12:00,137.05,139.10,136.45,138.50,386
2015.01.15,13:00,138.50,138.65,136.65,138.20,371
2015.01.15,14:00,138.15,139.60,138.00,139.50,186
2015.01.15,15:00,139.45,140.40,138.90,140.30,216
2015.01.15,16:00,140.30,140.95,139.95,140.90,141
2015.01.15,17:00,140.10,141.20,140.10,140.40,191
2015.01.15,18:00,140.45,140.65,140.30,140.35,61
2015.01.16,10:00,139.65,140.70,139.45,140.25,191
2015.01.16,11:00,140.25,140.40,139.40,139.95,171
2015.01.16,12:00,139.90,140.30,139.60,139.85,136
2015.01.16,13:00,139.80,141.15,139.75,140.80,181
2015.01.16,14:00,140.75,140.75,140.10,140.40,96
2015.01.16,15:00,140.45,140.60,139.90,140.60,126
2015.01.16,16:00,140.60,141.95,140.50,141.25,226
2015.01.16,17:00,141.30,142.45,141.10,142.45,156
2015.01.16,18:00,142.50,143.45,142.40,143.40,121
2015.01.19,10:00,141.00,143.75,141.00,142.70,381
2015.01.19,11:00,142.65,143.05,141.85,141.85,161
2015.01.19,12:00,141.80,142.10,141.60,141.65,86
2015.01.19,13:00,141.70,141.95,141.65,141.75,56
2015.01.19,14:00,141.75,142.05,141.65,141.95,61
2015.01.19,15:00,141.95,142.25,141.50,142.10,136
2015.01.19,16:00,142.10,142.70,142.10,142.30,101
2015.01.19,17:00,142.35,142.50,141.95,142.05,81
2015.01.19,18:00,142.10,142.10,141.65,142.10,91
2015.01.20,10:00,142.85,143.10,141.90,142.10,166
2015.01.20,11:00,142.15,142.35,141.70,142.00,116
2015.01.20,12:00,142.00,142.25,141.75,141.95,96
2015.01.20,13:00,141.90,142.25,141.80,142.20,61
2015.01.20,14:00,142.20,142.20,141.80,142.00,61
2015.01.20,15:00,142.00,142.20,141.95,142.10,41
2015.01.20,16:00,142.15,142.70,141.75,142.10,186
2015.01.20,17:00,142.05,142.65,141.90,142.30,126
2015.01.20,18:00,142.25,142.45,142.15,142.35,51
2015.01.21,10:00,142.55,142.75,141.70,141.95,151
2015.01.21,11:00,142.00,142.60,142.00,142.35,86
2015.01.21,12:00,142.30,142.90,142.15,142.80,101
2015.01.21,13:00,142.85,142.85,142.30,142.30,56
2015.01.21,14:00,142.35,142.50,142.20,142.30,56
2015.01.21,15:00,142.30,142.50,141.90,141.90,81
2015.01.21,16:00,141.95,143.25,141.50,142.55,291
2015.01.21,17:00,142.60,143.50,142.00,143.50,211
2015.01.21,18:00,143.55,143.60,143.05,143.35,91
2015.01.22,10:00,143.35,143.45,143.05,143.15,61
2015.01.22,11:00,143.20,143.60,142.90,143.10,131
2015.01.22,12:00,143.10,143.30,142.85,143.20,81
2015.01.22,13:00,143.20,143.55,142.95,143.50,91
2015.01.22,14:00,143.50,143.75,142.20,143.65,296
2015.01.22,15:00,143.70,145.10,142.85,144.15,406
2015.01.22,16:00,144.20,144.70,142.95,143.75,306
2015.01.22,17:00,143.85,144.90,143.65,144.90,146
2015.01.22,18:00,144.85,145.15,144.60,145.05,91
2015.01.23,10:00,145.00,147.55,145.00,147.25,286
2015.01.23,11:00,147.25,147.35,146.20,146.90,196
2015.01.23,12:00,146.90,147.10,146.35,146.80,141
2015.01.23,13:00,146.80,147.05,146.35,147.00,121
2015.01.23,14:00,147.05,148.30,146.80,147.90,216
2015.01.23,15:00,147.90,148.10,147.15,147.30,131
2015.01.23,16:00,147.30,148.05,147.10,147.60,161
2015.01.23,17:00,147.60,148.10,147.20,147.85,156
2015.01.23,18:00,147.90,147.90,147.20,147.60,111
2015.01.26,10:00,146.90,147.75,146.65,147.35,176
2015.01.26,11:00,147.30,148.40,147.25,148.15,146
2015.01.26,12:00,148.10,148.35,147.80,147.90,91
2015.01.26,13:00,147.85,147.95,147.65,147.90,56
2015.01.26,14:00,147.90,148.15,147.80,148.10,51
2015.01.26,15:00,148.10,148.40,147.80,148.30,101
2015.01.26,16:00,148.30,148.40,147.60,148.20,151
2015.01.26,17:00,148.25,148.90,148.10,148.85,101
2015.01.26,18:00,148.90,149.15,148.50,148.65,106
2015.01.27,10:00,147.60,148.30,146.80,147.05,246
2015.01.27,11:00,147.10,147.40,146.50,146.65,136
2015.01.27,12:00,146.70,147.35,146.70,147.10,91
2015.01.27,13:00,147.10,147.40,146.70,147.05,136
2015.01.27,14:00,146.95,147.10,146.50,146.80,106
2015.01.27,15:00,146.80,146.85,146.20,146.55,106
2015.01.27,16:00,146.55,146.75,146.00,146.70,136
2015.01.27,17:00,146.70,147.00,146.25,146.60,141
2015.01.27,18:00,146.65,146.75,146.10,146.70,126
2015.01.28,10:00,147.65,148.10,147.05,147.10,156
2015.01.28,11:00,147.15,147.40,146.55,147.25,161
2015.01.28,12:00,147.25,147.25,145.85,146.30,186
2015.01.28,13:00,146.35,146.95,146.30,146.85,81
2015.01.28,14:00,146.85,147.15,146.45,147.10,116
2015.01.28,15:00,147.05,147.30,146.90,147.05,81
2015.01.28,16:00,147.00,147.85,146.95,147.55,126
2015.01.28,17:00,147.60,147.65,146.65,146.65,106
2015.01.28,18:00,146.70,147.60,146.65,147.55,106
2015.01.29,10:00,146.65,147.40,146.60,146.65,161
2015.01.29,11:00,146.70,147.30,146.60,147.05,106
2015.01.29,12:00,147.00,147.60,146.95,147.30,101
2015.01.29,13:00,147.30,148.20,147.10,148.05,146
2015.01.29,14:00,148.10,148.15,147.45,147.55,86
2015.01.29,15:00,147.50,147.85,147.05,147.40,151
2015.01.29,16:00,147.45,148.15,147.25,148.00,126
2015.01.29,17:00,148.10,148.30,147.30,147.70,161
2015.01.29,18:00,147.75,148.10,147.60,147.90,86
2015.01.30,10:00,147.55,148.75,147.55,148.70,126
2015.01.30,11:00,148.75,148.85,147.70,147.95,151
2015.01.30,12:00,147.90,147.95,147.10,147.10,91
2015.01.30,13:00,147.10,147.70,146.75,147.65,136
2015.01.30,14:00,147.60,147.65,147.05,147.10,71
2015.01.30,15:00,147.15,147.30,146.45,146.65,121
2015.01.30,16:00,146.60,148.15,146.60,147.20,251
2015.01.30,17:00,147.15,147.40,146.20,146.45,171
2015.01.30,18:00,146.40,146.55,145.60,146.30,181
2015.02.02,10:00,146.55,148.20,146.45,148.00,206
2015.02.02,11:00,148.05,148.15,147.45,147.70,106
2015.02.02,12:00,147.65,147.70,146.90,147.40,136
2015.02.02,13:00,147.35,147.60,147.20,147.25,71
2015.02.02,14:00,147.25,147.40,146.95,147.35,81
2015.02.02,15:00,147.35,147.40,147.00,147.15,61
2015.02.02,16:00,147.15,147.85,147.15,147.35,121
2015.02.02,17:00,147.30,147.75,146.85,147.70,141
2015.02.02,18:00,147.70,148.45,147.70,148.30,91
2015.02.03,10:00,149.10,150.75,148.70,150.60,261
2015.02.03,11:00,150.65,151.40,150.60,151.40,86
2015.02.03,12:00,151.35,151.40,150.75,151.05,101
2015.02.03,13:00,151.00,151.20,150.95,151.10,41
2015.02.03,14:00,151.10,151.15,150.65,150.90,81
2015.02.03,15:00,150.90,150.95,150.40,150.70,91
2015.02.03,16:00,150.75,151.25,150.55,151.20,96
2015.02.03,17:00,151.15,151.25,150.60,150.65,81
2015.02.03,18:00,150.60,150.70,150.40,150.55,56
2015.02.04,10:00,150.00,150.00,149.25,149.50,101
2015.02.04,11:00,149.55,149.65,148.55,149.05,171
2015.02.04,12:00,149.10,149.25,148.65,149.15,116
2015.02.04,13:00,149.20,149.60,149.15,149.30,81
2015.02.04,14:00,149.30,149.40,148.75,148.75,76
2015.02.04,15:00,148.75,149.10,148.70,148.80,76
2015.02.04,16:00,148.75,149.00,148.55,148.95,71
2015.02.04,17:00,148.95,149.40,148.60,148.95,161
2015.02.04,18:00,148.95,149.30,148.85,149.20,66
2015.02.05,10:00,148.10,148.95,147.90,148.40,181
2015.02.05,11:00,148.45,149.00,148.40,148.95,71
2015.02.05,12:00,148.95,149.15,148.75,148.80,66
2015.02.05,13:00,148.85,148.90,148.20,148.55,111
2015.02.05,14:00,148.55,148.65,148.25,148.40,66
2015.02.05,15:00,148.35,148.65,148.20,148.30,86
2015.02.05,16:00,148.30,148.35,147.70,147.80,81
2015.02.05,17:00,147.75,148.70,147.70,148.50,126
2015.02.05,18:00,148.45,148.85,148.40,148.75,61
2015.02.06,10:00,148.25,148.60,147.80,148.55,131
2015.02.06,11:00,148.60,148.70,148.35,148.45,56
2015.02.06,12:00,148.45,149.05,148.35,148.75,111
2015.02.06,13:00,148.80,149.10,148.80,149.05,36
2015.02.06,14:00,149.05,149.50,148.95,149.35,81
2015.02.06,15:00,149.35,150.15,149.00,149.95,171
2015.02.06,16:00,149.95,150.00,149.25,149.35,91
2015.02.06,17:00,149.30,149.65,149.20,149.35,86
2015.02.06,18:00,149.40,149.50,148.80,148.95,96
2015.02.09,10:00,148.10,148.45,146.90,147.35,236
2015.02.09,11:00,147.30,147.65,146.90,147.00,121
2015.02.09,12:00,146.95,147.90,146.95,147.70,116
2015.02.09,13:00,147.75,147.80,147.10,147.10,76
2015.02.09,14:00,147.05,147.50,146.90,146.95,111
2015.02.09,15:00,146.95,147.15,145.90,146.55,211
2015.02.09,16:00,146.55,146.65,146.10,146.30,86
2015.02.09,17:00,146.25,146.60,145.70,146.25,181
2015.02.09,18:00,146.20,146.95,146.20,146.85,86
2015.02.10,10:00,146.90,147.15,145.40,145.65,226
2015.02.10,11:00,145.60,145.90,145.40,145.60,101
2015.02.10,12:00,145.60,146.15,145.45,145.80,121
2015.02.10,13:00,145.80,146.25,145.80,146.25,46
2015.02.10,14:00,146.25,147.45,146.15,146.50,236
2015.02.10,15:00,146.50,146.85,146.40,146.75,66
2015.02.10,16:00,146.75,147.05,146.50,146.55,91
2015.02.10,17:00,146.55,146.85,145.70,145.95,171
2015.02.10,18:00,145.90,146.15,145.50,146.00,121
2015.02.11,10:00,146.75,147.65,146.15,146.40,266
2015.02.11,11:00,146.40,146.60,146.30,146.40,61
2015.02.11,12:00,146.35,146.65,146.15,146.20,86
2015.02.11,13:00,146.20,146.50,145.85,146.00,111
2015.02.11,14:00,145.95,146.15,145.65,146.15,81
2015.02.11,15:00,146.10,146.35,145.85,146.15,96
2015.02.11,16:00,146.20,146.65,146.10,146.60,71
2015.02.11,17:00,146.65,146.75,146.25,146.45,81
2015.02.11,18:00,146.50,146.80,146.45,146.50,71
2015.02.12,10:00,146.60,147.45,146.35,147.35,146
2015.02.12,11:00,147.40,148.55,147.30,148.10,181
2015.02.12,12:00,148.10,149.20,147.95,149.00,161
2015.02.12,13:00,149.05,149.05,148.65,148.90,66
2015.02.12,14:00,148.90,149.00,148.65,148.75,56
2015.02.12,15:00,148.70,148.95,148.50,148.80,81
2015.02.12,16:00,148.80,149.05,148.65,148.90,71
2015.02.12,17:00,148.85,149.05,148.15,148.35,131
2015.02.12,18:00,148.30,148.45,148.15,148.20,51
2015.02.13,10:00,148.65,149.50,147.85,149.35,261
2015.02.13,11:00,149.35,149.45,148.85,148.95,81
2015.02.13,12:00,148.95,149.10,148.80,148.90,56
2015.02.13,13:00,148.90,148.95,148.50,148.55,56
2015.02.13,14:00,148.55,148.70,148.45,148.50,46
2015.02.13,15:00,148.55,149.20,148.50,149.15,81
2015.02.13,16:00,149.10,149.25,148.35,148.75,146
2015.02.13,17:00,148.75,148.80,148.15,148.35,91
2015.02.13,18:00,148.40,148.55,148.30,148.45,46
2015.02.16,10:00,148.25,148.40,147.50,147.65,121
2015.02.16,11:00,147.70,148.05,147.60,147.85,76
2015.02.16,12:00,147.85,148.00,147.70,147.75,51
2015.02.16,13:00,147.80,147.80,147.30,147.40,61
2015.02.16,14:00,147.40,147.50,147.25,147.30,41
2015.02.16,15:00,147.25,147.25,147.00,147.00,26
2015.02.16,16:00,147.05,147.05,146.75,146.85,41
2015.02.16,17:00,146.80,146.90,146.50,146.80,81
2015.02.16,18:00,146.75,146.95,146.70,146.90,36
2015.02.17,10:00,145.95,146.10,143.35,144.05,361
2015.02.17,11:00,144.10,145.30,144.10,145.10,141
2015.02.17,12:00,145.15,145.75,145.05,145.75,81
2015.02.17,13:00,145.80,146.35,145.75,146.05,96
2015.02.17,14:00,146.10,146.20,145.80,146.05,76
2015.02.17,15:00,146.10,146.15,145.55,146.00,111
2015.02.17,16:00,146.00,146.50,145.55,145.90,181
2015.02.17,17:00,145.95,146.50,145.90,146.30,86
2015.02.17,18:00,146.35,146.60,146.05,146.55,91
2015.02.18,10:00,147.50,147.50,144.75,145.95,396
2015.02.18,11:00,146.00,146.55,145.85,145.95,136
2015.02.18,12:00,145.85,146.40,145.85,146.20,76
2015.02.18,13:00,146.25,146.30,145.95,146.30,66
2015.02.18,14:00,146.30,146.45,146.00,146.15,76
2015.02.18,15:00,146.10,146.40,146.05,146.40,41
2015.02.18,16:00,146.40,146.55,146.25,146.30,51
2015.02.18,17:00,146.35,146.40,146.05,146.15,51
2015.02.18,18:00,146.20,146.30,146.05,146.25,46
2015.02.19,10:00,146.10,146.35,145.05,145.60,211
2015.02.19,11:00,145.65,146.45,145.65,146.25,101
2015.02.19,12:00,146.30,146.45,145.85,146.10,101
2015.02.19,13:00,146.10,146.30,145.95,146.05,66
2015.02.19,14:00,146.05,146.50,145.50,146.20,186
2015.02.19,15:00,146.20,146.45,146.00,146.35,76
2015.02.19,16:00,146.30,146.45,146.10,146.30,71
2015.02.19,17:00,146.40,146.95,146.20,146.85,106
2015.02.19,18:00,146.85,147.10,146.60,147.05,81
2015.02.20,10:00,146.25,146.25,145.45,145.95,131
2015.02.20,11:00,145.95,146.05,145.70,145.70,46
2015.02.20,12:00,145.65,146.00,145.35,145.60,126
2015.02.20,13:00,145.65,145.65,145.30,145.55,61
2015.02.20,14:00,145.55,146.40,144.90,145.05,251
2015.02.20,15:00,145.10,145.30,144.60,145.15,136
2015.02.20,16:00,145.20,145.50,145.00,145.10,91
2015.02.20,17:00,145.10,146.10,145.00,145.90,141
2015.02.20,18:00,145.90,146.45,145.80,146.45,76
2015.02.23,10:00,147.95,148.05,146.95,147.35,161
2015.02.23,11:00,147.40,147.40,146.60,146.75,96
2015.02.23,12:00,146.80,147.25,146.70,147.15,76
2015.02.23,13:00,147.10,147.50,146.80,147.50,101
2015.02.23,14:00,147.45,147.75,147.45,147.50,56
2015.02.23,15:00,147.55,147.65,147.45,147.55,41
2015.02.23,16:00,147.55,147.65,147.25,147.35,61
2015.02.23,17:00,147.35,147.40,147.05,147.25,61
2015.02.23,18:00,147.20,147.65,147.20,147.55,56
2015.02.24,10:00,147.50,148.75,147.50,148.15,186
2015.02.24,11:00,148.15,148.45,148.05,148.35,61
2015.02.24,12:00,148.35,149.10,148.35,149.10,76
2015.02.24,13:00,149.15,149.15,148.45,148.50,76
2015.02.24,14:00,148.45,148.85,148.45,148.70,56
2015.02.24,15:00,148.75,148.85,148.70,148.85,21
2015.02.24,16:00,148.90,148.90,148.30,148.40,71
2015.02.24,17:00,148.40,149.55,148.30,149.40,151
2015.02.24,18:00,149.45,149.65,149.25,149.25,61
2015.02.25,10:00,149.60,149.60,148.80,149.00,101
2015.02.25,11:00,148.95,149.05,148.65,148.70,56
2015.02.25,12:00,148.65,149.05,148.65,149.00,46
2015.02.25,13:00,149.05,149.15,148.80,149.00,66
2015.02.25,14:00,149.00,149.45,148.95,149.40,61
2015.02.25,15:00,149.40,149.45,148.85,148.95,76
2015.02.25,16:00,148.95,149.25,148.95,149.20,36
2015.02.25,17:00,149.20,149.45,148.95,149.45,76
2015.02.25,18:00,149.40,149.75,149.35,149.70,51
2015.02.26,10:00,144.55,146.45,143.80,146.10,376
2015.02.26,11:00,146.10,147.25,145.60,147.20,221
2015.02.26,12:00,147.25,147.65,146.35,146.85,221
2015.02.26,13:00,146.80,147.05,146.55,146.85,96
2015.02.26,14:00,146.80,147.15,146.70,147.15,56
2015.02.26,15:00,147.15,148.15,147.15,148.00,116
2015.02.26,16:00,148.05,149.05,148.00,148.25,191
2015.02.26,17:00,148.20,148.50,147.80,148.50,111
2015.02.26,18:00,148.55,149.15,148.50,148.85,101
2015.02.27,10:00,149.55,149.80,148.20,148.40,206
2015.02.27,11:00,148.35,148.75,148.20,148.60,86
2015.02.27,12:00,148.65,148.70,148.35,148.50,56
2015.02.27,13:00,148.50,148.70,148.30,148.40,71
2015.02.27,14:00,148.40,148.60,148.30,148.45,56
2015.02.27,15:00,148.40,148.90,148.30,148.75,86
2015.02.27,16:00,148.80,148.95,148.30,148.75,126
2015.02.27,17:00,148.80,149.15,148.70,149.15,56
2015.02.27,18:00,149.10,149.45,148.95,149.10,101
2015.03.02,10:00,149.85,149.95,149.40,149.70,96
2015.03.02,11:00,149.70,149.85,149.45,149.80,71
2015.03.02,12:00,149.80,150.70,149.75,150.65,106
2015.03.02,13:00,150.70,150.70,150.35,150.40,41
2015.03.02,14:00,150.45,150.65,150.25,150.60,66
2015.03.02,15:00,150.60,150.85,150.55,150.75,46
2015.03.02,16:00,150.80,151.10,150.65,150.90,81
2015.03.02,17:00,150.80,151.10,150.65,150.90,81
2015.03.02,18:00,150.95,151.20,150.85,150.85,61
2015.03.03,10:00,151.25,151.45,149.80,150.30,236
2015.03.03,11:00,150.30,150.55,149.65,149.85,136
2015.03.03,12:00,149.90,150.25,149.90,150.20,41
2015.03.03,13:00,150.25,150.25,149.55,149.90,106
2015.03.03,14:00,149.90,150.10,149.70,149.95,76
2015.03.03,15:00,149.90,150.15,149.80,150.10,51
2015.03.03,16:00,150.05,150.35,149.85,150.05,101
2015.03.03,17:00,150.00,150.25,149.85,149.90,71
2015.03.03,18:00,149.85,149.95,149.30,149.30,76
2015.03.04,10:00,149.55,150.30,148.85,148.95,231
2015.03.04,11:00,149.00,149.00,148.00,148.65,166
2015.03.04,12:00,148.65,149.25,148.60,149.05,91
2015.03.04,13:00,149.00,149.50,149.00,149.50,51
2015.03.04,14:00,149.50,150.00,149.30,149.90,101
2015.03.04,15:00,149.95,150.05,149.80,149.80,36
2015.03.04,16:00,149.75,149.90,149.15,149.55,131
2015.03.04,17:00,149.60,150.65,149.55,150.55,126
2015.03.04,18:00,150.60,150.80,150.50,150.75,46
2015.03.05,10:00,151.45,151.60,150.80,151.05,121
2015.03.05,11:00,151.10,151.10,150.15,150.70,151
2015.03.05,12:00,150.70,151.05,150.70,150.75,66
2015.03.05,13:00,150.80,151.35,150.75,151.05,96
2015.03.05,14:00,151.05,151.35,150.90,151.30,66
2015.03.05,15:00,151.30,151.60,150.55,151.30,211
2015.03.05,16:00,151.30,151.55,150.85,151.25,136
2015.03.05,17:00,151.25,151.55,151.15,151.20,76
2015.03.05,18:00,151.20,151.25,150.85,150.90,51
2015.03.06,10:00,150.90,151.60,150.75,151.55,106
2015.03.06,11:00,151.55,151.65,151.35,151.45,51
2015.03.06,12:00,151.50,151.65,151.35,151.50,61
2015.03.06,13:00,151.55,151.75,151.55,151.70,26
2015.03.06,14:00,151.65,151.80,151.55,151.70,46
2015.03.06,15:00,151.75,152.05,151.60,151.90,76
2015.03.06,16:00,151.95,152.05,151.40,151.95,131
2015.03.06,17:00,151.95,152.30,151.80,151.95,101
2015.03.06,18:00,151.90,151.90,151.20,151.30,81
2015.03.09,11:00,149.10,150.75,149.10,150.05,236
2015.03.09,12:00,150.00,150.65,150.00,150.55,76
2015.03.09,13:00,150.55,151.05,150.50,150.75,91
2015.03.09,14:00,150.75,150.85,150.40,150.75,91
2015.03.09,15:00,150.70,151.05,150.65,151.00,51
2015.03.09,16:00,151.00,151.20,150.65,150.85,96
2015.03.09,17:00,150.90,151.30,150.80,151.10,81
2015.03.09,18:00,151.15,151.70,151.15,151.60,66
2015.03.09,19:00,151.60,151.65,151.40,151.55,46
2015.03.10,11:00,150.80,151.65,150.65,150.95,186
2015.03.10,12:00,150.95,151.05,150.60,150.70,66
2015.03.10,13:00,150.65,150.70,150.25,150.55,81
2015.03.10,14:00,150.45,150.60,150.20,150.40,76
2015.03.10,15:00,150.30,150.55,149.80,150.25,146
2015.03.10,16:00,150.20,150.80,150.20,150.25,116
2015.03.10,17:00,150.30,151.10,150.25,150.85,116
2015.03.10,18:00,150.80,151.45,150.50,150.55,166
2015.03.10,19:00,150.55,151.10,150.45,150.90,96
2015.03.11,11:00,150.80,151.90,150.75,151.80,131
2015.03.11,12:00,151.85,152.50,151.75,152.40,96
2015.03.11,13:00,152.45,152.95,152.35,152.95,71
2015.03.11,14:00,152.95,153.05,152.55,152.65,71
2015.03.11,15:00,152.60,153.00,152.55,152.90,61
2015.03.11,16:00,152.90,152.95,152.55,152.70,61
2015.03.11,17:00,152.65,152.85,152.00,152.50,156
2015.03.11,18:00,152.55,153.70,152.50,153.70,126
2015.03.11,19:00,153.70,153.85,153.50,153.75,66
2015.03.12,11:00,154.00,154.50,153.30,153.30,171
2015.03.12,12:00,153.35,153.75,153.10,153.35,131
2015.03.12,13:00,153.30,153.75,153.10,153.55,106
2015.03.12,14:00,153.60,153.75,153.50,153.65,46
2015.03.12,15:00,153.60,153.85,153.50,153.65,66
2015.03.12,16:00,153.60,153.90,153.45,153.80,71
2015.03.12,17:00,153.75,154.15,153.50,153.70,126
2015.03.12,18:00,153.65,153.95,153.60,153.85,51
2015.03.12,19:00,153.85,154.35,153.80,154.30,66
2015.03.13,11:00,154.70,154.80,154.20,154.30,81
2015.03.13,12:00,154.30,154.45,154.05,154.25,76
2015.03.13,13:00,154.30,154.45,153.75,154.45,126
2015.03.13,14:00,154.45,154.60,153.60,153.60,116
2015.03.13,15:00,153.60,154.00,153.25,153.90,121
2015.03.13,16:00,153.90,154.60,153.75,154.35,126
2015.03.13,17:00,154.40,154.80,154.05,154.75,116
2015.03.13,18:00,154.70,155.55,154.70,155.55,86
2015.03.13,19:00,155.50,155.75,155.25,155.50,101
2015.03.16,11:00,156.05,157.05,155.90,157.05,131
2015.03.16,12:00,157.00,157.20,156.65,157.20,91
2015.03.16,13:00,157.20,157.45,157.05,157.30,71
2015.03.16,14:00,157.30,158.00,157.30,157.85,86
2015.03.16,15:00,157.80,158.80,157.70,158.60,141
2015.03.16,16:00,158.55,159.40,158.45,158.95,151
2015.03.16,17:00,159.00,159.45,158.90,159.45,66
2015.03.16,18:00,159.50,160.40,159.40,160.35,116
2015.03.16,19:00,160.35,160.45,159.30,159.40,136
2015.03.17,11:00,160.05,160.20,159.35,159.70,136
2015.03.17,12:00,159.70,160.10,159.60,159.70,101
2015.03.17,13:00,159.75,159.90,159.20,159.35,101
2015.03.17,14:00,159.35,159.60,158.60,158.70,136
2015.03.17,15:00,158.65,159.45,158.55,159.35,111
2015.03.17,16:00,159.35,159.40,157.85,158.55,231
2015.03.17,17:00,158.50,159.35,158.45,158.80,151
2015.03.17,18:00,158.75,158.95,158.30,158.95,111
2015.03.17,19:00,158.90,158.95,158.50,158.75,76
2015.03.18,11:00,158.65,158.85,157.55,158.35,231
2015.03.18,12:00,158.40,158.40,157.75,158.20,111
2015.03.18,13:00,158.15,158.20,156.50,156.55,181
2015.03.18,14:00,156.55,157.70,156.50,157.35,161
2015.03.18,15:00,157.35,157.80,157.15,157.75,91
2015.03.18,16:00,157.70,158.30,157.50,157.75,156
2015.03.18,17:00,157.80,158.05,157.35,157.70,131
2015.03.18,18:00,157.75,157.85,157.05,157.20,106
2015.03.18,19:00,157.20,157.85,157.05,157.75,106
2015.03.19,11:00,157.25,158.50,157.15,157.70,226
2015.03.19,12:00,157.70,158.40,157.60,158.10,121
2015.03.19,13:00,158.05,158.20,157.70,158.05,101
2015.03.19,14:00,158.10,158.15,157.70,157.95,76
2015.03.19,15:00,157.95,158.15,157.70,157.80,76
2015.03.19,16:00,157.80,158.10,157.40,157.90,131
2015.03.19,17:00,157.90,158.15,157.30,157.80,161
2015.03.19,18:00,157.80,158.30,157.50,158.30,111
2015.03.19,19:00,158.30,158.55,158.20,158.45,56
2015.03.20,11:00,158.65,159.30,158.45,159.10,126
2015.03.20,12:00,159.10,159.25,158.75,159.20,91
2015.03.20,13:00,159.20,159.95,159.05,159.85,116
2015.03.20,14:00,159.80,160.75,159.80,160.45,126
2015.03.20,15:00,160.30,161.30,159.55,161.15,266
2015.03.20,16:00,161.15,161.20,160.35,160.45,101
2015.03.20,17:00,160.35,161.25,160.20,161.10,136
2015.03.20,18:00,161.15,161.75,161.05,161.35,121
2015.03.20,19:00,161.40,161.50,161.05,161.25,76
2015.03.23,11:00,160.20,160.50,159.60,159.75,136
2015.03.23,12:00,159.80,160.15,159.55,159.70,111
2015.03.23,13:00,159.75,159.90,158.55,158.75,171
2015.03.23,14:00,158.80,159.35,158.80,159.25,66
2015.03.23,15:00,159.15,159.55,159.15,159.40,56
2015.03.23,16:00,159.35,159.95,159.30,159.30,126
2015.03.23,17:00,159.45,160.15,159.40,160.15,81
2015.03.23,18:00,160.20,160.55,159.60,159.85,156
2015.03.23,19:00,159.80,159.95,159.60,159.90,61
2015.03.24,11:00,159.45,160.40,158.60,159.90,316
2015.03.24,12:00,160.05,160.25,159.75,160.15,91
2015.03.24,13:00,160.20,160.50,159.80,159.90,111
2015.03.24,14:00,159.85,160.15,159.25,160.15,151
2015.03.24,15:00,160.20,160.20,159.55,159.70,81
2015.03.24,16:00,159.65,160.50,159.65,160.30,106
2015.03.24,17:00,160.50,161.45,160.45,161.40,111
2015.03.24,18:00,161.45,161.85,161.25,161.85,81
2015.03.24,19:00,161.80,161.90,161.65,161.75,46
2015.03.25,11:00,161.40,162.40,161.15,162.30,161
2015.03.25,12:00,162.35,162.45,161.65,161.80,106
2015.03.25,13:00,161.85,162.35,161.85,162.15,71
2015.03.25,14:00,162.05,162.05,161.40,161.50,76
2015.03.25,15:00,161.55,161.90,161.45,161.50,86
2015.03.25,16:00,161.55,162.15,161.50,161.85,101
2015.03.25,17:00,161.90,162.45,161.85,162.40,71
2015.03.25,18:00,162.45,162.45,161.20,161.45,151
2015.03.25,19:00,161.50,161.60,161.20,161.60,71
2015.03.26,11:00,157.45,157.65,156.70,156.95,141
2015.03.26,12:00,157.00,158.75,156.95,158.70,191
2015.03.26,13:00,158.70,159.40,158.60,159.00,131
2015.03.26,14:00,159.05,159.15,158.30,158.50,116
2015.03.26,15:00,158.55,159.20,158.55,159.00,86
2015.03.26,16:00,159.00,159.40,158.75,158.95,126
2015.03.26,17:00,158.95,159.55,158.45,159.20,196
2015.03.26,18:00,159.15,159.70,158.80,159.70,126
2015.03.26,19:00,159.65,160.10,159.55,159.95,81
2015.03.27,11:00,161.45,161.70,160.35,160.65,191
2015.03.27,12:00,160.60,160.80,159.30,159.80,221
2015.03.27,13:00,159.75,161.10,159.75,160.95,151
2015.03.27,14:00,160.90,161.10,160.40,161.05,126
2015.03.27,15:00,161.00,161.00,160.15,160.30,101
2015.03.27,16:00,160.30,160.65,160.15,160.35,96
2015.03.27,17:00,160.30,160.90,160.05,160.65,136
2015.03.27,18:00,160.60,160.75,159.75,160.05,146
2015.03.27,19:00,160.05,160.15,159.55,159.90,106
2015.03.30,10:00,160.30,161.00,160.05,160.85,136
2015.03.30,11:00,160.90,161.85,160.90,161.60,121
2015.03.30,12:00,161.70,161.85,161.50,161.70,71
2015.03.30,13:00,161.75,162.00,161.60,161.70,76
2015.03.30,14:00,161.65,161.90,161.60,161.85,41
2015.03.30,15:00,161.85,162.00,161.75,161.90,46
2015.03.30,16:00,161.90,162.25,161.85,162.05,66
2015.03.30,17:00,162.10,162.35,161.85,162.15,96
2015.03.30,18:00,162.10,162.45,162.00,162.30,71
2015.03.31,10:00,162.10,163.80,161.65,163.70,271
2015.03.31,11:00,163.70,163.90,163.30,163.55,106
2015.03.31,12:00,163.55,163.55,162.55,162.65,111
2015.03.31,13:00,162.65,162.70,162.15,162.20,66
2015.03.31,14:00,162.15,162.35,161.75,162.10,116
2015.03.31,15:00,162.15,162.15,161.45,161.90,116
2015.03.31,16:00,161.80,162.40,161.55,162.10,141
2015.03.31,17:00,162.15,162.65,162.00,162.00,116
2015.03.31,18:00,162.00,162.25,161.90,162.05,66
2015.04.01,10:00,160.85,163.00,160.75,162.95,241
2015.04.01,11:00,163.00,163.60,162.80,163.55,106
2015.04.01,12:00,163.60,164.55,163.50,164.30,141
2015.04.01,13:00,164.40,164.50,163.95,164.00,71
2015.04.01,14:00,163.95,164.00,163.50,163.90,96
2015.04.01,15:00,163.85,164.05,163.50,163.75,101
2015.04.01,16:00,163.75,164.05,162.90,163.05,161
2015.04.01,17:00,163.10,163.80,162.85,163.30,171
2015.04.01,18:00,163.35,163.45,163.10,163.25,61
2015.04.02,10:00,163.30,163.60,162.50,163.05,196
2015.04.02,11:00,163.00,163.50,163.00,163.40,61
2015.04.02,12:00,163.35,163.60,163.20,163.35,81
2015.04.02,13:00,163.35,163.65,163.20,163.65,61
2015.04.02,14:00,163.60,163.80,163.45,163.60,71
2015.04.02,15:00,163.55,163.70,163.45,163.65,41
2015.04.02,16:00,163.60,163.65,163.05,163.60,121
2015.04.02,17:00,163.65,164.05,163.15,163.45,161
2015.04.02,18:00,163.40,163.65,163.15,163.15,76
2015.04.07,10:00,164.55,164.95,164.10,164.65,161
2015.04.07,11:00,164.70,164.75,164.35,164.65,76
2015.04.07,12:00,164.60,164.90,164.60,164.90,31
2015.04.07,13:00,164.85,165.20,164.75,165.10,66
2015.04.07,14:00,165.05,165.65,165.00,165.35,101
2015.04.07,15:00,165.40,165.80,165.25,165.45,106
2015.04.07,16:00,165.45,165.70,165.35,165.50,66
2015.04.07,17:00,165.55,165.90,165.35,165.65,101
2015.04.07,18:00,165.60,165.60,165.20,165.35,56
2015.04.08,10:00,165.60,166.30,165.25,166.20,151
2015.04.08,11:00,166.25,166.70,166.05,166.20,126
2015.04.08,12:00,166.25,166.35,166.00,166.15,61
2015.04.08,13:00,166.10,166.10,165.70,165.95,66
2015.04.08,14:00,165.95,166.15,165.85,165.95,61
2015.04.08,15:00,165.90,166.10,165.90,166.00,31
2015.04.08,16:00,166.05,166.15,165.85,166.00,56
2015.04.08,17:00,166.05,166.05,165.15,165.55,131
2015.04.08,18:00,165.50,165.55,165.15,165.30,61
2015.04.09,10:00,166.10,166.30,165.25,165.50,151
2015.04.09,11:00,165.45,165.55,165.10,165.30,76
2015.04.09,12:00,165.35,165.75,165.30,165.55,71
2015.04.09,13:00,165.60,165.95,165.25,165.35,116
2015.04.09,14:00,165.40,165.75,165.40,165.50,61
2015.04.09,15:00,165.55,165.55,165.15,165.30,56
2015.04.09,16:00,165.25,165.40,165.00,165.25,81
2015.04.09,17:00,165.30,165.75,165.20,165.60,81
2015.04.09,18:00,165.55,165.95,165.50,165.90,56
2015.04.10,10:00,166.70,166.90,166.50,166.85,66
2015.04.10,11:00,166.90,167.70,166.75,167.65,116
2015.04.10,12:00,167.65,168.45,167.65,168.15,111
2015.04.10,13:00,168.20,168.70,168.20,168.65,56
2015.04.10,14:00,168.70,169.05,168.65,169.00,51
2015.04.10,15:00,169.00,169.75,169.00,169.70,81
2015.04.10,16:00,169.70,169.75,169.25,169.45,76
2015.04.10,17:00,169.45,169.60,169.10,169.15,71
2015.04.10,18:00,169.15,169.60,169.05,169.50,76
2015.04.13,10:00,169.55,170.10,169.45,169.70,116
2015.04.13,11:00,169.70,169.75,169.10,169.55,116
2015.04.13,12:00,169.65,169.85,169.35,169.65,101
2015.04.13,13:00,169.65,169.70,169.25,169.30,56
2015.04.13,14:00,169.30,169.45,169.10,169.20,61
2015.04.13,15:00,169.20,169.40,169.00,169.30,71
2015.04.13,16:00,169.30,169.55,169.15,169.55,56
2015.04.13,17:00,169.50,169.85,169.20,169.40,121
2015.04.13,18:00,169.35,169.65,169.25,169.35,81
2015.04.14,10:00,169.50,169.80,169.40,169.55,76
2015.04.14,11:00,169.55,169.70,168.10,168.25,191
2015.04.14,12:00,168.20,168.25,167.70,168.00,91
2015.04.14,13:00,168.00,168.65,168.00,168.10,121
2015.04.14,14:00,168.05,168.65,168.05,168.40,86
2015.04.14,15:00,168.40,168.55,168.25,168.40,61
2015.04.14,16:00,168.35,168.35,167.50,168.00,136
2015.04.14,17:00,168.00,168.25,167.80,167.85,76
2015.04.14,18:00,167.80,168.50,167.65,168.50,101
2015.04.15,10:00,168.05,168.95,167.80,168.75,161
2015.04.15,11:00,168.75,168.95,168.35,168.65,111
2015.04.15,12:00,168.65,168.85,168.55,168.65,61
2015.04.15,13:00,168.65,168.80,168.50,168.55,51
2015.04.15,14:00,168.50,168.75,168.35,168.55,76
2015.04.15,15:00,168.50,168.90,168.40,168.80,71
2015.04.15,16:00,168.80,169.35,168.70,169.25,86
2015.04.15,17:00,169.25,169.35,168.95,169.15,71
2015.04.15,18:00,169.10,169.10,168.10,168.25,116
2015.04.16,10:00,168.40,168.50,165.80,165.85,286
2015.04.16,11:00,165.75,166.55,165.45,166.15,181
2015.04.16,12:00,166.20,166.45,165.70,165.70,101
2015.04.16,13:00,165.75,165.95,165.30,165.40,96
2015.04.16,14:00,165.35,165.65,165.05,165.20,106
2015.04.16,15:00,165.15,165.35,164.85,165.20,96
2015.04.16,16:00,165.15,165.75,165.15,165.20,116
2015.04.16,17:00,165.25,165.50,165.05,165.20,86
2015.04.16,18:00,165.25,165.60,165.00,165.35,111
2015.04.17,10:00,165.05,165.75,164.60,165.50,186
2015.04.17,11:00,165.55,165.60,165.05,165.05,61
2015.04.17,12:00,165.10,165.20,164.30,164.30,101
2015.04.17,13:00,164.35,164.35,158.85,161.35,801
2015.04.17,14:00,161.15,162.10,161.00,161.80,156
2015.04.17,15:00,161.85,162.05,161.50,161.90,106
2015.04.17,16:00,161.95,162.45,161.50,161.65,161
2015.04.17,17:00,161.65,161.75,161.10,161.25,91
2015.04.17,18:00,161.30,161.50,160.85,160.90,91
2015.04.20,10:00,161.55,162.45,161.25,162.45,151
2015.04.20,11:00,162.55,163.70,162.50,163.60,136
2015.04.20,12:00,163.60,163.95,163.05,163.40,161
2015.04.20,13:00,163.35,163.90,163.20,163.80,96
2015.04.20,14:00,163.80,163.85,162.90,163.10,121
2015.04.20,15:00,163.15,163.50,163.10,163.40,56
2015.04.20,16:00,163.45,163.75,162.90,163.20,146
2015.04.20,17:00,163.20,163.70,163.20,163.65,56
2015.04.20,18:00,163.60,163.75,163.60,163.75,16
2015.04.21,10:00,165.10,166.15,164.75,165.40,251
2015.04.21,11:00,165.35,165.70,164.55,164.65,161
2015.04.21,12:00,164.65,164.65,162.75,163.15,231
2015.04.21,13:00,163.15,164.00,162.55,162.90,266
2015.04.21,14:00,162.85,163.95,162.85,163.70,136
2015.04.21,15:00,163.75,164.25,163.30,164.20,146
2015.04.21,16:00,164.15,165.10,164.15,164.70,136
2015.04.21,17:00,164.70,164.70,163.40,163.55,146
2015.04.21,18:00,163.50,163.80,163.40,163.45,76
2015.04.22,10:00,163.70,164.90,162.80,163.05,356
2015.04.22,11:00,163.00,163.10,161.65,161.80,171
2015.04.22,12:00,161.75,161.75,160.75,161.30,156
2015.04.22,13:00,161.25,161.25,160.55,160.90,106
2015.04.22,14:00,160.95,161.65,160.95,161.55,81
2015.04.22,15:00,161.60,162.30,161.45,162.30,101
2015.04.22,16:00,162.30,162.80,161.00,161.45,276
2015.04.22,17:00,161.45,162.00,160.90,161.95,171
2015.04.22,18:00,162.05,162.40,161.75,162.00,126
2015.04.23,10:00,162.25,163.65,160.10,160.25,511
2015.04.23,11:00,160.30,160.50,159.55,160.25,186
2015.04.23,12:00,160.25,160.70,159.70,160.25,201
2015.04.23,13:00,160.20,160.25,159.40,159.70,121
2015.04.23,14:00,159.70,159.75,158.65,159.10,161
2015.04.23,15:00,159.10,159.70,159.00,159.65,86
2015.04.23,16:00,159.65,160.50,159.40,160.45,141
2015.04.23,17:00,160.45,160.70,159.15,159.25,191
2015.04.23,18:00,159.30,159.75,159.15,159.55,96
2015.04.24,10:00,158.05,158.25,155.70,156.20,326
2015.04.24,11:00,156.15,156.95,156.00,156.65,141
2015.04.24,12:00,156.70,157.00,156.25,156.75,146
2015.04.24,13:00,156.70,156.75,156.00,156.30,111
2015.04.24,14:00,156.25,156.30,155.75,156.25,111
2015.04.24,15:00,156.30,156.50,155.85,155.95,96
2015.04.24,16:00,155.90,155.95,154.25,154.55,206
2015.04.24,17:00,154.50,155.05,153.95,154.65,206
2015.04.24,18:00,154.60,155.95,154.50,155.60,191
2015.04.27,10:00,155.80,156.05,151.30,153.70,741
2015.04.27,11:00,153.70,153.90,153.55,153.90,51
2015.04.27,12:00,153.85,154.10,153.70,154.10,56
2015.04.27,13:00,154.15,155.45,154.10,155.35,151
2015.04.27,14:00,155.40,156.65,155.40,156.45,146
2015.04.27,15:00,156.50,156.75,156.30,156.45,86
2015.04.27,16:00,156.50,157.80,156.50,157.55,156
2015.04.27,17:00,157.60,157.95,157.30,157.45,116
2015.04.27,18:00,157.50,157.90,157.15,157.80,121
2015.04.28,10:00,157.30,157.45,156.10,156.10,151
2015.04.28,11:00,156.15,157.05,156.10,156.65,141
2015.04.28,12:00,156.60,156.60,155.95,156.25,96
2015.04.28,13:00,156.20,156.50,155.40,155.50,151
2015.04.28,14:00,155.50,155.90,155.20,155.70,121
2015.04.28,15:00,155.80,156.10,155.55,155.95,96
2015.04.28,16:00,155.95,156.35,155.20,155.25,161
2015.04.28,16:30,156.08,156.13,156.08,156.13,3
2015.04.29,10:00,155.71,155.91,154.58,154.91,1271
2015.04.29,11:00,154.88,155.31,154.61,154.91,823
2015.04.29,12:00,154.88,154.98,154.36,154.71,552
2015.04.29,13:00,154.68,154.93,154.21,154.66,509
2015.04.29,14:00,154.68,154.76,153.86,154.46,545
2015.04.29,15:00,154.43,154.43,152.26,152.91,1413
2015.04.29,16:00,152.93,153.56,152.81,153.21,496
2015.04.30,10:00,151.88,152.86,150.48,151.26,2167
2015.04.30,11:00,151.23,153.43,150.98,153.26,1813
2015.04.30,12:00,153.23,153.41,152.23,153.11,1043
2015.04.30,13:00,153.13,153.41,152.66,153.18,651
2015.04.30,14:00,153.21,153.81,152.93,153.66,534
2015.04.30,15:00,153.68,154.81,153.66,154.51,794
2015.04.30,16:00,154.48,154.63,153.66,153.98,542
2015.05.04,10:00,154.16,154.61,153.06,153.48,1516
2015.05.04,11:00,153.51,155.48,153.26,155.38,1077
2015.05.04,12:00,155.41,156.01,155.16,155.23,780
2015.05.04,13:00,155.26,155.51,154.83,154.96,499
2015.05.04,14:00,154.93,155.06,154.33,154.41,321
2015.05.04,15:00,154.43,155.58,154.36,155.23,552
2015.05.04,16:00,155.26,155.28,154.71,155.06,286
2015.05.05,10:00,154.36,154.36,152.68,153.43,1377
2015.05.05,11:00,153.46,154.36,153.23,153.76,1551
2015.05.05,12:00,153.73,153.91,152.68,153.23,830
2015.05.05,13:00,153.26,153.41,152.71,152.96,702
2015.05.05,14:00,152.93,153.31,152.81,153.16,526
2015.05.05,15:00,153.18,153.31,151.63,151.96,1334
2015.05.05,16:00,151.93,152.76,151.88,152.71,572
2015.05.05,17:00,152.08,152.26,151.31,151.58,1346
2015.05.05,18:00,151.56,151.68,150.58,150.98,810
2015.05.06,10:00,153.38,155.41,153.38,154.56,3128
2015.05.06,11:00,154.50,155.10,153.20,154.10,341
2015.05.06,12:00,154.05,154.75,153.55,153.65,201
2015.05.06,13:00,153.70,154.45,153.50,154.20,141
2015.05.06,14:00,154.10,154.70,154.05,154.70,71
2015.05.06,15:00,154.65,154.90,154.30,154.45,101
2015.05.06,16:00,154.35,154.70,154.15,154.60,86
2015.05.06,17:00,154.35,154.55,153.70,154.25,1463
2015.05.06,18:00,154.25,154.45,153.60,153.80,570
2015.05.07,15:00,149.40,150.40,149.00,149.00,947
2015.05.07,16:00,149.00,149.20,148.35,148.50,998
2015.05.07,17:00,148.35,148.90,147.65,148.10,867
2015.05.07,18:00,148.10,148.20,147.55,147.85,384
2015.05.08,10:00,148.85,149.30,147.90,148.10,1299
2015.05.08,11:00,148.10,148.30,147.15,147.90,800
2015.05.08,12:00,147.95,148.00,147.10,147.10,382
2015.05.08,13:00,147.05,147.75,146.75,147.70,343
2015.05.08,14:00,147.70,148.05,147.35,147.65,387
2015.05.08,15:00,147.65,149.05,147.30,148.60,886
2015.05.08,16:00,148.60,150.15,148.60,150.00,855
2015.05.08,17:00,150.00,150.30,149.70,150.20,828
2015.05.08,18:00,150.20,150.75,150.20,150.45,345
2015.05.11,10:00,150.70,150.70,149.40,149.55,876
2015.05.11,11:00,149.55,150.00,149.45,149.95,584
2015.05.11,12:00,149.90,150.20,149.75,149.80,397
2015.05.11,13:00,149.85,149.90,149.40,149.65,272
2015.05.11,14:00,149.60,150.25,149.55,150.05,290
2015.05.11,15:00,150.10,150.20,149.70,149.90,227
2015.05.11,16:00,149.85,150.05,149.40,149.40,390
2015.05.11,17:00,149.45,149.80,149.00,149.60,665
2015.05.11,18:00,149.55,149.60,149.00,149.20,275
2015.05.12,10:00,147.55,147.55,146.00,146.75,1248
2015.05.12,11:00,146.75,146.80,144.35,145.30,1256
2015.05.12,12:00,145.25,145.80,144.65,145.75,890
2015.05.12,13:00,145.75,146.05,145.65,145.85,454
2015.05.12,14:00,145.85,146.75,145.35,145.70,424
2015.05.12,15:00,145.70,146.40,145.15,146.20,411
2015.05.12,16:00,146.15,146.25,145.40,145.80,536
2015.05.12,17:00,145.70,145.90,144.80,145.25,747
2015.05.12,18:00,145.25,145.80,145.20,145.35,317
2015.05.13,10:00,146.00,147.60,145.10,147.45,917
2015.05.13,11:00,147.45,147.80,146.55,146.75,678
2015.05.13,12:00,147.00,147.65,146.95,147.50,364
2015.05.13,13:00,147.55,147.85,147.45,147.50,338
2015.05.13,14:00,147.45,147.60,146.70,147.60,313
2015.05.13,15:00,147.60,147.80,146.35,146.40,685
2015.05.13,16:00,146.40,147.35,145.90,146.65,927
2015.05.13,17:00,146.65,147.00,144.90,144.95,1004
2015.05.13,18:00,144.95,145.30,144.70,144.95,515
2015.05.14,10:00,144.80,146.40,144.35,146.40,1022
2015.05.14,11:00,146.35,146.70,145.30,146.40,847
2015.05.14,12:00,146.45,146.50,145.90,145.90,432
2015.05.14,13:00,145.90,146.10,145.55,146.10,253
2015.05.14,14:00,146.10,147.10,146.00,146.90,510
2015.05.14,15:00,146.90,147.00,146.35,146.75,389
2015.05.14,16:00,146.75,147.40,146.75,147.10,360
2015.05.14,17:00,147.05,148.45,146.95,148.45,611
2015.05.14,18:00,148.60,148.60,148.15,148.45,369
2015.05.15,10:00,146.55,149.85,146.55,149.55,1010
2015.05.15,11:00,149.55,149.85,149.25,149.30,549
2015.05.15,12:00,149.30,149.55,148.85,148.95,470
2015.05.15,13:00,148.95,149.15,148.55,148.75,292
2015.05.15,14:00,148.70,148.90,148.15,148.80,456
2015.05.15,15:00,148.85,149.00,148.55,148.75,334
2015.05.15,16:00,148.75,148.80,147.70,147.90,582
2015.05.15,17:00,147.85,147.85,146.50,146.85,1140
2015.05.15,18:00,146.85,147.40,146.70,146.85,244
2015.05.18,10:00,146.60,148.95,146.60,147.90,1078
2015.05.18,11:00,147.90,148.60,147.60,148.30,635
2015.05.18,12:00,148.25,148.25,147.05,147.25,387
2015.05.18,13:00,147.20,147.65,146.50,147.15,609
2015.05.18,14:00,147.15,147.15,145.85,146.30,520
2015.05.18,15:00,146.35,147.15,146.20,146.90,434
2015.05.18,16:00,146.90,147.60,146.70,147.55,698
2015.05.18,17:00,147.55,148.10,147.15,147.85,649
2015.05.18,18:00,147.85,148.70,147.85,148.70,213
2015.05.19,10:00,150.00,151.95,150.00,151.65,1396
2015.05.19,11:00,151.70,152.25,151.65,152.20,535
2015.05.19,12:00,152.20,152.20,151.35,151.60,357
2015.05.19,13:00,151.65,152.05,151.45,151.75,283
2015.05.19,14:00,151.75,151.90,151.50,151.90,254
2015.05.19,15:00,151.90,152.45,151.80,152.05,383
2015.05.19,16:00,152.05,152.10,151.05,151.80,564
2015.05.19,17:00,151.75,152.65,151.40,152.20,548
2015.05.19,18:00,152.20,152.40,151.80,152.35,316
2015.05.20,10:00,151.45,152.30,150.05,151.60,995
2015.05.20,11:00,151.55,151.95,151.20,151.35,512
2015.05.20,12:00,151.40,152.05,151.15,151.15,373
2015.05.20,13:00,151.20,151.60,151.10,151.30,307
2015.05.20,14:00,151.25,151.30,150.95,151.00,215
2015.05.20,15:00,151.00,151.30,150.35,150.95,304
2015.05.20,16:00,150.90,151.55,150.85,151.55,360
2015.05.20,17:00,151.50,152.05,151.50,151.85,299
2015.05.20,18:00,151.90,152.00,151.70,151.75,167
2015.05.21,10:00,150.95,152.20,150.95,151.45,559
2015.05.21,11:00,151.45,152.10,151.35,151.40,417
2015.05.21,12:00,151.40,151.70,151.30,151.50,277
2015.05.21,13:00,151.45,151.55,150.85,150.95,344
2015.05.21,14:00,150.90,151.50,150.80,151.25,216
2015.05.21,15:00,151.20,151.70,151.00,151.70,300
2015.05.21,16:00,151.70,152.55,151.70,152.30,377
2015.05.21,17:00,152.25,152.65,151.85,151.90,438
2015.05.21,18:00,151.90,152.40,151.90,152.35,208
2015.05.22,10:00,152.35,153.10,152.35,152.90,375
2015.05.22,11:00,152.85,153.00,152.30,152.50,310
2015.05.22,12:00,152.55,152.65,151.85,152.05,303
2015.05.22,13:00,152.05,152.30,151.85,152.25,202
2015.05.22,14:00,152.25,152.35,151.80,152.35,264
2015.05.22,15:00,152.35,152.40,151.90,152.30,340
2015.05.22,16:00,152.35,152.75,152.30,152.55,283
2015.05.22,17:00,152.55,152.70,152.35,152.50,210
2015.05.22,18:00,152.50,152.50,152.00,152.10,204
2015.05.26,10:00,152.10,153.40,150.25,151.25,1048
2015.05.26,11:00,151.20,151.80,151.05,151.75,558
2015.05.26,12:00,151.70,151.85,151.25,151.30,253
2015.05.26,13:00,151.35,151.90,151.35,151.75,256
2015.05.26,14:00,151.70,151.90,151.50,151.85,83
2015.05.26,15:00,151.85,152.00,150.70,151.15,455
2015.05.26,16:00,151.15,151.15,149.20,149.25,969
2015.05.26,17:00,149.35,149.70,148.90,149.15,965
2015.05.26,18:00,149.20,149.25,148.80,149.25,502
2015.05.27,10:00,149.85,150.70,148.30,148.45,838
2015.05.27,11:00,148.50,148.90,147.85,148.40,749
2015.05.27,12:00,148.45,149.00,148.15,148.50,571
2015.05.27,13:00,148.55,148.75,148.05,148.40,557
2015.05.27,14:00,148.45,148.65,147.95,148.50,333
2015.05.27,15:00,148.55,149.25,148.35,148.65,371
2015.05.27,16:00,148.70,150.40,148.45,149.70,571
2015.05.27,17:00,149.75,150.60,149.50,150.50,731
2015.05.27,18:00,150.55,150.65,150.30,150.35,200
2015.05.28,10:00,149.05,149.50,147.35,147.70,497
2015.05.28,11:00,147.75,148.45,147.55,148.40,305
2015.05.28,12:00,148.45,148.60,147.55,147.65,253
2015.05.28,13:00,147.70,148.05,147.60,147.85,224
2015.05.28,14:00,147.90,147.90,147.30,147.45,165
2015.05.28,15:00,147.40,147.50,147.00,147.05,250
2015.05.28,16:00,147.10,147.15,146.25,146.30,310
2015.05.28,17:00,146.25,146.60,145.35,145.80,674
2015.05.28,18:00,145.85,146.65,145.75,146.60,247
2015.05.29,10:00,146.60,146.80,144.35,145.00,590
2015.05.29,11:00,144.95,145.00,144.00,144.85,546
2015.05.29,12:00,144.80,144.95,144.05,144.25,396
2015.05.29,13:00,144.30,145.90,144.20,145.60,338
2015.05.29,14:00,145.65,145.65,144.80,145.00,251
2015.05.29,15:00,145.05,145.10,144.25,144.75,514
2015.05.29,16:00,144.70,145.20,144.00,144.10,396
2015.05.29,17:00,144.15,144.20,142.55,143.15,787
2015.05.29,18:00,143.10,143.30,142.35,142.40,408
2015.06.01,10:00,142.80,143.00,139.65,142.10,942
2015.06.01,11:00,142.15,142.15,140.75,141.30,535
2015.06.01,12:00,141.25,141.40,140.10,140.50,384
2015.06.01,13:00,140.45,141.10,140.15,140.75,449
2015.06.01,14:00,140.80,141.30,140.35,140.75,492
2015.06.01,15:00,140.80,141.10,140.40,140.55,285
2015.06.01,16:00,140.60,141.60,140.60,141.35,398
2015.06.01,17:00,141.40,142.60,141.05,142.55,603
2015.06.01,18:00,142.60,142.90,142.40,142.55,144
2015.06.02,10:00,142.50,142.75,141.65,142.50,634
2015.06.02,11:00,142.45,143.45,141.60,141.95,739
2015.06.02,12:00,141.90,143.25,141.75,143.00,453
2015.06.02,13:00,142.95,143.95,142.50,143.00,527
2015.06.02,14:00,142.95,143.65,142.85,143.40,317
2015.06.02,15:00,143.35,143.35,142.20,142.75,378
2015.06.02,16:00,142.70,142.75,141.65,142.25,480
2015.06.02,17:00,142.30,142.90,142.10,142.90,419
2015.06.02,18:00,142.95,143.20,142.75,142.80,203
2015.06.03,10:00,143.45,144.30,143.25,144.00,633
2015.06.03,11:00,144.05,144.15,143.00,143.25,296
2015.06.03,12:00,143.20,143.75,143.10,143.55,163
2015.06.03,13:00,143.50,143.70,143.30,143.35,160
2015.06.03,14:00,143.40,144.75,143.40,144.45,238
2015.06.03,15:00,144.50,144.70,144.00,144.10,280
2015.06.03,16:00,144.15,144.20,143.25,144.05,572
2015.06.03,17:00,144.00,145.15,143.55,144.80,398
2015.06.03,18:00,144.75,145.00,144.15,144.20,152
2015.06.04,10:00,143.40,143.40,141.50,141.50,747
2015.06.04,11:00,141.50,141.70,140.90,141.70,773
2015.06.04,12:00,141.75,142.20,141.50,141.80,293
2015.06.04,13:00,141.85,141.95,141.10,141.45,249
2015.06.04,14:00,141.40,142.55,141.25,142.35,220
2015.06.04,15:00,142.40,142.95,141.95,142.45,319
2015.06.04,16:00,142.40,144.20,142.35,143.85,520
2015.06.04,17:00,143.90,144.70,143.35,143.40,527
2015.06.04,18:00,143.35,143.85,143.00,143.50,255
2015.06.05,10:00,141.60,143.35,141.10,142.40,876
2015.06.05,11:00,142.35,142.90,142.15,142.65,393
2015.06.05,12:00,142.70,142.95,142.20,142.65,200
2015.06.05,13:00,142.70,142.80,142.05,142.45,388
2015.06.05,14:00,142.50,142.50,142.00,142.05,218
2015.06.05,15:00,142.10,143.10,141.85,143.05,603
2015.06.05,16:00,143.00,143.15,141.95,142.85,1008
2015.06.05,17:00,142.90,143.75,142.55,142.85,596
2015.06.05,18:00,142.80,143.10,142.65,143.05,288
2015.06.08,10:00,142.45,142.95,141.55,141.95,749
2015.06.08,11:00,141.90,142.55,141.25,142.55,498
2015.06.08,12:00,142.50,142.50,141.50,141.60,350
2015.06.08,13:00,141.65,141.70,141.05,141.30,206
2015.06.08,14:00,141.25,141.75,141.05,141.35,208
2015.06.08,15:00,141.40,141.90,141.25,141.35,320
2015.06.08,16:00,141.30,141.40,140.65,141.20,457
2015.06.08,17:00,141.15,141.60,140.90,141.05,479
2015.06.08,18:00,141.00,141.15,140.55,140.55,242
2015.06.09,10:00,140.35,141.60,140.10,140.95,628
2015.06.09,11:00,140.90,141.15,139.95,140.05,473
2015.06.09,12:00,140.00,140.00,138.30,138.60,595
2015.06.09,13:00,138.65,139.10,138.55,139.00,353
2015.06.09,14:00,139.05,139.45,138.30,139.35,292
2015.06.09,15:00,139.40,139.50,138.85,139.15,284
2015.06.09,16:00,139.10,139.55,138.65,138.70,439
2015.06.09,17:00,138.65,139.65,138.35,139.55,438
2015.06.09,18:00,139.60,140.05,139.35,139.55,232
2015.06.10,10:00,138.80,139.50,138.55,138.75,613
2015.06.10,11:00,138.80,139.00,138.30,138.85,415
2015.06.10,12:00,138.80,140.45,138.60,140.00,502
2015.06.10,13:00,140.05,140.80,139.95,140.40,314
2015.06.10,14:00,140.45,141.00,140.30,141.00,184
2015.06.10,15:00,141.05,141.20,140.15,140.25,195
2015.06.10,16:00,140.30,140.80,140.00,140.75,283
2015.06.10,17:00,140.80,141.25,140.30,141.15,504
2015.06.10,18:00,141.20,142.65,140.70,142.00,660
2015.06.11,14:00,144.50,144.50,144.05,144.15,42
2015.06.12,10:00,143.60,144.25,143.30,143.80,574
2015.06.12,11:00,143.85,143.90,143.00,143.65,447
2015.06.12,12:00,143.60,144.20,142.95,143.90,435
2015.06.12,13:00,143.95,144.20,142.95,143.10,276
2015.06.12,14:00,143.15,143.30,141.80,142.45,394
2015.06.12,15:00,142.50,142.60,142.10,142.10,397
2015.06.12,16:00,142.05,142.30,141.05,141.40,430
2015.06.12,17:00,141.50,142.00,140.65,141.05,765
2015.06.12,18:00,141.00,142.65,140.95,142.25,717
2015.06.15,10:00,139.05,141.35,139.05,140.85,705
2015.06.15,11:00,140.90,141.25,140.80,141.00,347
2015.06.15,12:00,140.95,141.25,140.25,140.30,288
2015.06.15,13:00,140.25,140.45,139.65,140.30,301
2015.06.15,14:00,140.35,140.35,139.25,139.65,276
2015.06.15,15:00,139.60,139.95,139.20,139.65,326
2015.06.15,16:00,139.70,140.40,139.55,140.15,556
2015.06.15,17:00,140.20,140.50,139.60,139.80,472
2015.06.15,18:00,139.85,140.75,139.85,139.95,288
2015.06.16,10:00,139.20,139.85,137.75,138.60,772
2015.06.16,11:00,138.55,139.65,138.55,139.60,557
2015.06.16,12:00,139.60,139.65,138.90,139.05,382
2015.06.16,13:00,139.10,139.15,138.55,138.95,258
2015.06.16,14:00,139.00,140.10,138.90,139.75,432
2015.06.16,15:00,139.70,140.30,139.45,140.05,294
2015.06.16,16:00,140.00,140.65,139.90,140.30,286
2015.06.16,17:00,140.35,140.40,139.65,139.85,285
2015.06.16,18:00,139.90,140.60,139.65,140.05,241
2015.06.17,10:00,140.30,141.20,139.20,139.50,565
2015.06.17,11:00,139.45,140.25,139.40,139.85,280
2015.06.17,12:00,139.80,139.90,139.30,139.40,260
2015.06.17,13:00,139.35,139.65,139.05,139.30,262
2015.06.17,14:00,139.25,139.45,138.45,138.60,371
2015.06.17,15:00,138.65,139.40,138.50,139.10,236
2015.06.17,16:00,139.15,139.75,139.05,139.20,317
2015.06.17,17:00,139.25,140.20,139.15,139.90,361
2015.06.17,18:00,139.95,139.95,138.95,139.05,217
2015.06.18,10:00,139.20,139.40,138.50,139.30,490
2015.06.18,11:00,139.35,139.35,138.10,138.40,425
2015.06.18,12:00,138.35,138.95,137.75,138.60,449
2015.06.18,13:00,138.65,139.75,138.65,139.45,499
2015.06.18,14:00,139.40,139.45,138.60,139.05,233
2015.06.18,15:00,139.00,139.45,138.80,139.10,237
2015.06.18,16:00,139.05,140.10,138.80,139.85,342
2015.06.18,17:00,139.90,141.15,139.90,141.05,441
2015.06.18,18:00,141.10,141.80,141.00,141.65,263
2015.06.19,10:00,141.85,142.60,141.50,141.90,511
2015.06.19,11:00,141.85,142.25,141.50,142.15,312
2015.06.19,12:00,142.20,143.05,142.10,142.45,436
2015.06.19,13:00,142.40,143.15,142.15,142.95,254
2015.06.19,14:00,142.95,142.95,140.75,141.45,497
2015.06.19,15:00,141.40,141.85,141.00,141.35,281
2015.06.19,16:00,141.30,141.50,139.60,140.05,603
2015.06.19,17:00,140.00,141.10,139.90,141.05,501
2015.06.19,18:00,141.00,141.20,140.25,140.45,194
2015.06.22,10:00,143.35,145.25,142.95,145.15,849
2015.06.22,11:00,145.15,146.05,145.00,145.50,518
2015.06.22,12:00,145.55,145.55,144.95,145.35,301
2015.06.22,13:00,145.30,145.65,144.25,144.50,327
2015.06.22,14:00,144.50,145.20,144.30,145.05,378
2015.06.22,15:00,145.00,145.15,144.15,144.35,414
2015.06.22,16:00,144.30,145.65,144.05,145.60,578
2015.06.22,17:00,145.65,146.80,145.50,146.75,570
2015.06.22,18:00,146.80,146.80,146.35,146.65,258
2015.06.23,10:00,148.00,148.50,147.55,148.25,527
2015.06.23,11:00,148.30,148.70,148.05,148.35,303
2015.06.23,12:00,148.30,148.35,147.80,148.05,196
2015.06.23,13:00,148.00,148.20,147.80,148.10,164
2015.06.23,14:00,148.05,148.65,147.95,148.35,186
2015.06.23,15:00,148.40,148.75,147.65,147.70,254
2015.06.23,16:00,147.75,148.30,147.65,148.30,190
2015.06.23,17:00,148.25,148.30,147.25,147.45,304
2015.06.23,18:00,147.50,147.85,147.00,147.25,221
2015.06.24,10:00,147.25,148.35,147.10,147.90,409
2015.06.24,11:00,147.85,148.50,147.50,147.75,397
2015.06.24,12:00,147.70,147.80,145.55,146.10,970
2015.06.24,13:00,146.15,147.35,146.15,146.75,709
2015.06.24,14:00,146.75,147.25,146.30,146.35,343
2015.06.24,15:00,146.30,146.75,145.90,146.55,321
2015.06.24,16:00,146.50,147.50,146.40,146.85,317
2015.06.24,17:00,146.80,146.90,146.25,146.40,276
2015.06.24,18:00,146.35,146.35,145.90,146.30,160
2015.06.25,10:00,145.05,146.90,145.05,146.65,433
2015.06.25,11:00,146.70,147.75,146.50,146.80,338
2015.06.25,12:00,146.75,146.90,145.60,146.90,488
2015.06.25,13:00,146.90,147.90,146.50,147.35,573
2015.06.25,14:00,147.35,147.60,146.40,146.75,266
2015.06.25,15:00,146.80,147.05,146.00,146.25,199
2015.06.25,16:00,146.20,146.35,144.40,145.80,781
2015.06.25,17:00,145.75,146.20,145.50,146.05,308
2015.06.25,18:00,146.00,146.05,145.70,145.95,173
2015.06.26,10:00,144.50,145.35,144.30,145.15,481
2015.06.26,11:00,145.10,145.55,144.60,144.75,209
2015.06.26,12:00,144.70,145.35,144.60,144.65,174
2015.06.26,13:00,144.70,145.75,144.70,145.70,168
2015.06.26,14:00,145.75,146.15,145.60,145.95,216
2015.06.26,15:00,146.00,146.25,145.35,146.15,158
2015.06.26,16:00,146.20,147.15,145.90,146.95,337
2015.06.26,17:00,146.90,147.05,146.15,146.25,334
2015.06.26,18:00,146.20,146.85,146.20,146.65,82
2015.06.29,10:00,139.60,142.40,139.55,141.20,1282
2015.06.29,11:00,141.15,142.40,140.80,142.00,689
2015.06.29,12:00,141.95,142.05,141.05,141.35,427
2015.06.29,13:00,141.30,141.45,140.75,141.10,342
2015.06.29,14:00,141.15,142.05,140.95,141.90,179
2015.06.29,15:00,141.85,142.75,141.75,142.65,293
2015.06.29,16:00,142.70,144.00,142.65,143.05,519
2015.06.29,17:00,143.00,143.30,141.80,141.90,669
2015.06.29,18:00,141.85,141.95,141.00,141.30,346
2015.06.30,10:00,140.80,141.05,138.60,140.05,827
2015.06.30,11:00,140.00,140.05,138.50,139.45,573
2015.06.30,12:00,139.50,141.15,139.45,140.90,914
2015.06.30,13:00,140.95,141.85,140.05,140.95,805
2015.06.30,14:00,140.95,141.90,140.70,141.65,359
2015.06.30,15:00,141.70,142.20,141.25,142.10,406
2015.06.30,16:00,142.10,142.50,140.10,140.45,818
2015.06.30,17:00,140.40,141.20,139.95,140.75,734
2015.06.30,18:00,140.70,141.30,140.05,140.05,367
2015.07.01,10:00,140.90,141.10,140.10,140.15,544
2015.07.01,11:00,140.15,141.75,139.75,141.60,455
2015.07.01,12:00,141.65,143.55,141.15,142.05,1312
2015.07.01,13:00,142.00,143.20,142.00,142.90,433
2015.07.01,14:00,142.85,143.40,142.15,143.25,286
2015.07.01,15:00,143.30,143.55,142.85,143.30,196
2015.07.01,16:00,143.35,143.75,143.05,143.75,184
2015.07.01,17:00,143.70,144.20,142.10,142.55,629
2015.07.01,18:00,142.60,143.20,142.40,142.45,207
2015.07.02,10:00,142.65,143.05,142.10,142.60,617
2015.07.02,11:00,142.55,143.20,142.45,142.75,195
2015.07.02,12:00,142.80,143.05,142.20,142.75,158
2015.07.02,13:00,142.70,142.95,142.60,142.85,90
2015.07.02,14:00,142.90,143.00,142.70,142.80,55
2015.07.02,15:00,142.85,143.10,142.50,142.65,216
2015.07.02,16:00,142.70,142.70,142.00,142.20,291
2015.07.02,17:00,142.15,142.30,141.45,142.05,273
2015.07.02,18:00,142.00,142.10,141.65,141.85,154
2015.07.03,10:00,141.65,142.20,141.20,142.00,550
2015.07.03,11:00,142.05,142.10,140.95,141.25,226
2015.07.03,12:00,141.20,142.20,140.95,141.80,299
2015.07.03,13:00,141.85,142.20,141.65,142.00,165
2015.07.03,14:00,141.95,142.30,141.85,142.00,140
2015.07.03,15:00,142.05,142.25,141.75,142.05,166
2015.07.03,16:00,142.00,142.25,141.10,141.35,195
2015.07.03,17:00,141.30,141.95,141.15,141.90,187
2015.07.03,18:00,141.95,142.20,141.55,141.60,160
2015.07.06,10:00,137.55,139.60,137.55,139.05,1196
2015.07.06,11:00,139.05,139.20,138.60,138.85,288
2015.07.06,12:00,138.80,139.65,138.55,139.45,381
2015.07.06,13:00,139.50,139.65,138.60,138.95,252
2015.07.06,14:00,138.90,139.05,138.50,138.75,158
2015.07.06,15:00,138.80,139.25,138.65,138.80,247
2015.07.06,16:00,138.85,139.05,138.45,138.85,307
2015.07.06,17:00,138.80,139.50,138.65,139.00,341
2015.07.06,18:00,138.95,139.10,137.95,137.95,305
2015.07.07,10:00,139.05,139.65,138.70,139.50,396
2015.07.07,11:00,139.45,139.60,138.70,139.10,242
2015.07.07,12:00,139.05,139.35,138.65,139.10,207
2015.07.07,13:00,139.15,139.15,138.00,138.05,207
2015.07.07,14:00,138.00,138.45,137.50,137.80,286
2015.07.07,15:00,137.75,138.40,137.75,138.00,231
2015.07.07,16:00,137.95,138.20,137.30,137.55,404
2015.07.07,17:00,137.60,137.75,136.00,136.75,728
2015.07.07,18:00,136.70,136.70,136.05,136.15,333
2015.07.08,10:00,136.55,137.45,136.10,137.40,859
2015.07.08,11:00,137.35,137.90,137.05,137.65,610
2015.07.08,12:00,137.65,137.95,137.05,137.40,277
2015.07.08,13:00,137.45,137.90,137.15,137.80,255
2015.07.08,14:00,137.80,138.55,137.80,138.20,285
2015.07.08,15:00,138.25,138.60,137.90,138.35,216
2015.07.08,16:00,138.30,138.35,137.55,137.70,347
2015.07.08,17:00,137.65,138.80,137.35,138.60,432
2015.07.08,18:00,138.55,138.65,138.05,138.20,182
2015.07.09,10:00,138.85,139.25,138.50,138.95,553
2015.07.09,11:00,138.90,139.55,138.75,139.55,265
2015.07.09,12:00,139.60,140.35,139.30,140.20,309
2015.07.09,13:00,140.15,140.25,139.75,140.15,156
2015.07.09,14:00,140.15,141.20,140.00,140.75,303
2015.07.09,15:00,140.80,141.45,140.60,141.45,162
2015.07.09,16:00,141.40,141.50,140.70,141.40,391
2015.07.09,17:00,141.45,141.50,140.30,141.25,328
2015.07.09,18:00,141.20,141.75,141.10,141.55,225
2015.07.10,10:00,144.45,145.05,144.25,144.80,888
2015.07.10,11:00,144.75,144.75,143.50,144.25,417
2015.07.10,12:00,144.20,145.30,144.10,145.10,320
2015.07.10,13:00,145.15,145.70,145.05,145.55,163
2015.07.10,14:00,145.60,146.00,145.55,145.95,157
2015.07.10,15:00,145.90,146.15,145.50,146.00,198
2015.07.10,16:00,146.05,146.15,145.35,145.70,229
2015.07.10,17:00,145.75,146.10,145.50,146.05,296
2015.07.10,18:00,146.10,146.85,146.05,146.75,230
2015.07.13,10:00,148.80,148.90,147.85,148.30,1114
2015.07.13,11:00,148.30,149.05,148.10,148.45,441
2015.07.13,12:00,148.50,149.20,148.45,149.20,333
2015.07.13,13:00,149.15,149.20,148.60,149.00,212
2015.07.13,14:00,149.05,149.35,148.75,149.30,181
2015.07.13,15:00,149.25,149.25,148.55,148.60,181
2015.07.13,16:00,148.55,148.90,148.55,148.70,231
2015.07.13,17:00,148.70,149.50,148.70,149.45,247
2015.07.13,18:00,149.40,149.70,149.15,149.25,144
2015.07.14,10:00,149.05,149.45,148.70,149.15,558
2015.07.14,11:00,149.20,149.75,149.00,149.55,234
2015.07.14,12:00,149.60,149.65,149.10,149.15,171
2015.07.14,13:00,149.10,149.65,149.10,149.60,99
2015.07.14,14:00,149.55,149.80,149.50,149.55,95
2015.07.14,15:00,149.60,149.90,149.55,149.75,133
2015.07.14,16:00,149.70,149.90,149.55,149.65,139
2015.07.14,17:00,149.70,150.45,149.70,150.30,220
2015.07.14,18:00,150.25,150.80,150.25,150.70,155
2015.07.15,10:00,150.90,151.25,150.45,150.85,404
2015.07.15,11:00,150.80,151.75,150.65,151.70,156
2015.07.15,12:00,151.75,152.10,151.35,151.40,78
2015.07.15,13:00,151.35,151.60,151.15,151.35,65
2015.07.15,14:00,151.30,151.80,151.30,151.60,43
2015.07.15,15:00,151.65,151.85,151.35,151.60,76
2015.07.15,16:00,151.65,151.95,151.50,151.80,104
2015.07.15,17:00,151.75,152.10,151.70,152.00,84
2015.07.15,18:00,152.05,152.20,151.85,151.95,48
2015.07.16,10:00,152.00,153.80,152.00,153.50,448
2015.07.16,11:00,153.55,153.90,153.40,153.85,258
2015.07.16,12:00,153.80,153.80,153.25,153.65,184
2015.07.16,13:00,153.60,153.75,153.40,153.70,126
2015.07.16,14:00,153.70,154.20,153.70,154.15,165
2015.07.16,15:00,154.10,154.70,153.95,154.65,227
2015.07.16,16:00,154.60,154.90,154.15,154.20,256
2015.07.16,17:00,154.15,154.60,153.95,154.60,280
2015.07.16,18:00,154.55,154.70,154.15,154.40,146
2015.07.17,10:00,154.80,154.85,153.50,153.75,314
2015.07.17,11:00,153.70,154.40,153.65,154.15,208
2015.07.17,12:00,154.20,154.35,153.90,154.30,174
2015.07.17,13:00,154.25,154.50,153.80,154.35,150
2015.07.17,14:00,154.30,154.30,153.75,154.05,124
2015.07.17,15:00,154.10,154.45,153.95,154.35,167
2015.07.17,16:00,154.40,154.65,154.20,154.60,159
2015.07.17,17:00,154.55,154.70,154.05,154.40,198
2015.07.17,18:00,154.45,154.45,153.90,154.15,107
2015.07.20,10:00,154.50,154.85,154.50,154.75,130
2015.07.20,11:00,154.80,156.00,154.70,155.90,256
2015.07.20,12:00,155.95,156.05,155.30,156.00,142
2015.07.20,13:00,156.05,156.10,155.45,155.85,116
2015.07.20,14:00,155.80,156.05,155.55,156.00,76
2015.07.20,15:00,156.05,156.20,155.85,156.00,68
2015.07.20,16:00,156.05,156.15,155.40,155.40,153
2015.07.20,17:00,155.35,155.55,154.85,155.30,180
2015.07.20,18:00,155.35,155.50,155.00,155.35,86
2015.07.21,10:00,155.55,155.65,153.95,154.25,318
2015.07.21,11:00,154.20,154.50,154.00,154.30,140
2015.07.21,12:00,154.25,154.40,153.95,153.95,121
2015.07.21,13:00,154.00,154.45,153.95,154.00,93
2015.07.21,14:00,153.95,154.20,153.85,153.85,103
2015.07.21,15:00,153.90,153.95,153.50,153.75,98
2015.07.21,16:00,153.70,153.75,152.85,152.90,233
2015.07.21,17:00,152.95,153.20,152.50,152.60,296
2015.07.21,18:00,152.65,152.80,152.30,152.60,165
2015.07.22,10:00,151.60,152.80,151.45,152.75,397
2015.07.22,11:00,152.80,153.00,152.60,152.95,198
2015.07.22,12:00,152.90,152.95,152.65,152.95,114
2015.07.22,13:00,153.00,153.20,152.95,153.00,117
2015.07.22,14:00,152.95,153.20,152.80,152.85,99
2015.07.22,15:00,152.90,153.35,152.60,153.10,142
2015.07.22,16:00,153.05,154.10,153.05,154.10,189
2015.07.22,17:00,154.15,154.40,153.55,153.90,245
2015.07.22,18:00,153.85,153.90,153.25,153.25,106
2015.07.23,10:00,154.25,154.55,152.80,152.90,519
2015.07.23,11:00,152.95,153.15,152.65,153.15,188
2015.07.23,12:00,153.10,153.45,153.05,153.35,101
2015.07.23,13:00,153.30,153.35,152.70,152.90,111
2015.07.23,14:00,152.90,153.35,152.70,153.35,182
2015.07.23,15:00,153.30,153.70,153.30,153.50,120
2015.07.23,16:00,153.45,153.60,152.75,153.10,231
2015.07.23,17:00,153.05,154.20,152.95,153.90,260
2015.07.23,18:00,153.90,154.00,153.45,153.50,92
2015.07.24,10:00,153.45,154.00,153.20,153.35,367
2015.07.24,11:00,153.40,153.90,153.30,153.50,258
2015.07.24,12:00,153.55,153.90,153.40,153.85,179
2015.07.24,13:00,153.80,153.95,153.70,153.90,110
2015.07.24,14:00,153.85,153.85,153.60,153.65,76
2015.07.24,15:00,153.70,153.80,153.10,153.25,151
2015.07.24,16:00,153.30,153.70,152.85,153.70,270
2015.07.24,17:00,153.65,153.80,153.05,153.15,336
2015.07.24,18:00,153.20,153.50,152.95,152.95,192
2015.07.27,10:00,152.10,152.30,150.75,150.75,525
2015.07.27,11:00,150.80,151.60,150.80,151.10,363
2015.07.27,12:00,151.15,151.20,150.20,150.35,195
2015.07.27,13:00,150.40,150.55,150.10,150.30,152
2015.07.27,14:00,150.25,150.25,149.55,149.60,273
2015.07.27,15:00,149.65,149.80,149.00,149.70,256
2015.07.27,16:00,149.75,149.85,148.45,148.90,325
2015.07.27,17:00,148.85,149.35,148.30,148.60,322
2015.07.27,18:00,148.65,148.95,148.30,148.60,192
2015.07.28,10:00,149.45,149.55,148.70,148.95,548
2015.07.28,11:00,149.00,149.90,148.90,149.85,261
2015.07.28,12:00,149.80,150.75,149.80,150.55,224
2015.07.28,13:00,150.60,151.05,150.55,150.80,140
2015.07.28,14:00,150.75,151.00,150.55,151.00,102
2015.07.28,15:00,151.05,151.20,150.45,150.60,177
2015.07.28,16:00,150.55,150.65,149.85,150.05,337
2015.07.28,17:00,150.00,150.10,149.10,150.05,354
2015.07.28,18:00,150.00,150.10,149.75,149.85,135
2015.07.29,10:00,150.85,151.15,149.85,149.95,462
2015.07.29,11:00,150.00,150.15,149.00,149.60,293
2015.07.29,12:00,149.65,150.05,149.45,149.75,147
2015.07.29,13:00,149.80,150.00,149.20,149.90,172
2015.07.29,14:00,149.85,150.10,149.40,149.60,139
2015.07.29,15:00,149.55,150.00,149.20,149.40,150
2015.07.29,16:00,149.35,150.15,149.25,150.15,251
2015.07.29,17:00,150.10,150.40,149.80,150.00,272
2015.07.29,18:00,149.95,150.20,149.60,149.70,99
2015.07.30,10:00,150.40,150.75,149.40,149.45,458
2015.07.30,11:00,149.40,149.75,149.00,149.70,198
2015.07.30,12:00,149.70,150.00,149.35,149.95,191
2015.07.30,13:00,150.00,150.65,150.00,150.20,154
2015.07.30,14:00,150.25,150.30,149.75,150.05,121
2015.07.30,15:00,150.00,150.35,149.40,150.00,208
2015.07.30,16:00,150.05,150.05,148.45,148.55,379
2015.07.30,17:00,148.50,149.45,148.35,149.20,240
2015.07.30,18:00,149.25,150.15,149.15,150.10,126
2015.07.31,10:00,150.15,150.20,149.00,149.05,393
2015.07.31,11:00,149.05,149.15,148.30,148.40,238
2015.07.31,12:00,148.45,148.60,147.85,147.95,193
2015.07.31,13:00,148.00,148.35,147.85,148.20,118
2015.07.31,14:00,148.15,148.20,147.85,148.05,92
2015.07.31,15:00,148.00,148.15,147.20,147.40,156
2015.07.31,16:00,147.35,147.45,146.40,147.05,344
2015.07.31,17:00,147.10,148.20,147.00,148.05,309
2015.07.31,18:00,148.10,148.65,147.75,148.55,196
2015.08.03,10:00,148.60,150.85,148.45,150.55,522
2015.08.03,11:00,150.60,150.70,149.50,150.50,340
2015.08.03,12:00,150.45,150.80,150.20,150.40,170
2015.08.03,13:00,150.35,151.35,150.35,151.05,135
2015.08.03,14:00,151.10,151.65,151.05,151.35,152
2015.08.03,15:00,151.30,151.95,151.25,151.85,105
2015.08.03,16:00,151.80,151.90,151.25,151.65,171
2015.08.03,17:00,151.65,151.80,151.15,151.60,295
2015.08.03,18:00,151.65,151.75,151.35,151.60,141
2015.08.04,10:00,151.85,151.85,150.90,151.55,322
2015.08.04,11:00,151.50,152.20,151.35,151.70,192
2015.08.04,12:00,151.75,153.55,151.65,152.90,206
2015.08.04,13:00,152.85,152.90,152.15,152.40,134
2015.08.04,14:00,152.35,152.75,152.10,152.55,114
2015.08.04,15:00,152.60,152.85,152.35,152.80,94
2015.08.04,16:00,152.85,153.10,152.60,153.00,168
2015.08.04,17:00,153.05,153.15,152.55,152.70,182
2015.08.04,18:00,152.75,153.15,152.60,152.75,131
2015.08.05,10:00,153.40,154.60,153.15,154.30,368
2015.08.05,11:00,154.30,154.40,153.55,154.25,206
2015.08.05,12:00,154.30,154.30,153.60,154.20,124
2015.08.05,13:00,154.20,154.45,154.10,154.25,92
2015.08.05,14:00,154.20,154.40,153.95,154.05,97
2015.08.05,15:00,154.00,154.40,153.90,153.90,223
2015.08.05,16:00,153.95,154.65,153.75,154.20,229
2015.08.05,17:00,154.30,154.85,154.20,154.55,222
2015.08.05,18:00,154.60,154.90,154.55,154.90,98
2015.08.06,10:00,154.20,154.90,154.10,154.70,325
2015.08.06,11:00,154.65,155.20,154.65,154.85,175
2015.08.06,12:00,154.80,155.05,154.70,154.90,123
2015.08.06,13:00,154.85,155.10,154.70,155.00,133
2015.08.06,14:00,154.95,155.50,154.90,155.25,141
2015.08.06,15:00,155.30,155.70,155.10,155.35,145
2015.08.06,16:00,155.40,155.55,154.90,155.00,201
2015.08.06,17:00,154.95,155.25,154.60,155.10,207
2015.08.06,18:00,155.15,155.30,154.75,154.95,127
2015.08.07,10:00,153.60,153.85,151.50,153.25,604
2015.08.07,11:00,153.20,154.10,153.10,154.10,158
2015.08.07,12:00,154.15,154.30,153.50,153.50,165
2015.08.07,13:00,153.50,153.95,153.50,153.90,131
2015.08.07,14:00,153.95,154.20,153.70,153.75,123
2015.08.07,15:00,153.80,154.30,153.55,154.25,410
2015.08.07,16:00,154.30,154.30,153.60,154.10,452
2015.08.07,17:00,154.05,154.10,153.10,153.10,440
2015.08.07,18:00,153.05,153.45,153.00,153.20,184
2015.08.10,10:00,154.80,155.45,154.40,155.05,467
2015.08.10,11:00,155.10,155.50,154.70,155.45,381
2015.08.10,12:00,155.50,156.20,155.15,155.70,275
2015.08.10,13:00,155.75,156.30,155.65,156.10,248
2015.08.10,14:00,156.05,156.25,155.80,156.05,215
2015.08.10,15:00,156.00,156.30,155.85,156.15,204
2015.08.10,16:00,156.20,156.55,155.85,156.45,330
2015.08.10,17:00,156.50,157.20,156.20,157.20,346
2015.08.10,18:00,157.25,157.70,157.15,157.20,146
2015.08.11,10:00,156.70,157.70,156.70,156.95,462
2015.08.11,11:00,157.00,157.50,155.85,156.05,417
2015.08.11,12:00,156.00,156.35,155.65,155.75,327
2015.08.11,13:00,155.70,155.80,154.95,155.60,275
2015.08.11,14:00,155.55,155.75,155.20,155.40,268
2015.08.11,15:00,155.35,155.40,154.40,154.50,351
2015.08.11,16:00,154.45,154.75,153.90,154.25,650
2015.08.11,17:00,154.20,154.90,154.05,154.40,555
2015.08.11,18:00,154.35,154.70,154.15,154.25,209
2015.08.12,10:00,152.65,153.40,151.15,151.95,954
2015.08.12,11:00,152.00,152.20,150.90,151.20,547
2015.08.12,12:00,151.25,151.70,151.00,151.15,418
2015.08.12,13:00,151.15,152.00,151.15,151.55,299
2015.08.12,14:00,151.50,151.75,151.10,151.70,245
2015.08.12,15:00,151.75,151.95,151.45,151.45,228
2015.08.12,16:00,151.50,151.55,150.55,150.80,467
2015.08.12,17:00,150.75,150.90,150.05,150.35,612
2015.08.12,18:00,150.40,150.70,150.05,150.60,275
2015.08.13,10:00,151.55,153.10,151.55,152.35,494
2015.08.13,11:00,152.40,153.20,151.70,153.15,459
2015.08.13,12:00,153.15,153.75,152.95,153.65,224
2015.08.13,13:00,153.70,154.00,153.65,153.90,175
2015.08.13,14:00,153.95,154.25,153.40,153.45,164
2015.08.13,15:00,153.50,153.90,153.05,153.10,261
2015.08.13,16:00,153.15,153.35,152.50,152.95,484
2015.08.13,17:00,152.90,153.45,152.60,152.85,468
2015.08.13,18:00,152.90,153.10,152.25,152.60,369
2015.08.14,10:00,152.15,153.95,152.10,153.65,639
2015.08.14,11:00,153.70,153.75,153.20,153.20,285
2015.08.14,12:00,153.15,153.55,152.65,152.95,304
2015.08.14,13:00,153.00,153.20,151.85,152.10,294
2015.08.14,14:00,152.05,152.35,151.40,152.20,280
2015.08.14,15:00,152.25,152.65,152.05,152.35,211
2015.08.14,16:00,152.30,153.10,152.20,152.95,350
2015.08.14,17:00,152.95,153.00,152.20,152.80,388
2015.08.14,18:00,152.75,152.90,152.45,152.60,168
2015.08.17,10:00,153.40,154.65,152.85,153.30,733
2015.08.17,11:00,153.25,153.40,152.75,153.10,584
2015.08.17,12:00,153.15,153.60,153.00,153.50,265
2015.08.17,13:00,153.55,153.55,152.85,153.05,236
2015.08.17,14:00,153.00,153.20,152.80,153.05,178
2015.08.17,15:00,153.00,153.05,150.35,151.10,837
2015.08.17,16:00,151.05,151.35,150.40,151.30,537
2015.08.17,17:00,151.30,152.00,151.15,151.90,361
2015.08.17,18:00,151.85,152.70,151.85,152.25,224
2015.08.18,10:00,151.80,152.80,151.50,151.75,581
2015.08.18,11:00,151.75,152.35,151.45,152.20,473
2015.08.18,12:00,152.25,152.65,151.85,151.95,279
2015.08.18,13:00,152.00,152.65,151.70,152.60,230
2015.08.18,14:00,152.55,152.60,152.20,152.20,244
2015.08.18,15:00,152.15,152.95,151.70,152.85,290
2015.08.18,16:00,152.90,153.20,152.55,152.55,496
2015.08.18,17:00,152.60,152.95,152.45,152.95,357
2015.08.18,18:00,152.90,152.95,152.30,152.30,153
2015.08.19,10:00,151.20,151.75,150.80,150.90,659
2015.08.19,11:00,150.85,150.90,150.15,150.60,529
2015.08.19,12:00,150.55,151.55,150.50,151.30,323
2015.08.19,13:00,151.25,151.75,151.20,151.60,300
2015.08.19,14:00,151.65,151.70,151.20,151.40,300
2015.08.19,15:00,151.35,151.40,150.90,151.00,321
2015.08.19,16:00,151.05,151.20,150.35,150.50,443
2015.08.19,17:00,150.45,150.95,149.95,150.00,507
2015.08.19,18:00,150.05,150.25,149.90,149.90,195
2015.08.20,10:00,148.75,149.55,148.45,148.55,647
2015.08.20,11:00,148.50,148.80,147.30,147.55,563
2015.08.20,12:00,147.50,148.00,147.25,147.80,353
2015.08.20,13:00,147.85,147.95,147.05,147.15,285
2015.08.20,14:00,147.15,147.70,146.65,147.50,276
2015.08.20,15:00,147.45,148.15,147.00,147.65,253
2015.08.20,16:00,147.70,147.70,146.15,146.20,553
2015.08.20,17:00,146.15,146.60,145.20,145.25,939
2015.08.20,18:00,145.30,145.30,144.25,144.40,442
2015.08.21,10:00,143.65,144.30,140.65,143.75,984
2015.08.21,11:00,143.80,144.15,143.45,143.85,492
2015.08.21,12:00,143.80,144.40,143.25,143.45,505
2015.08.21,13:00,143.50,143.95,142.00,142.15,520
2015.08.21,14:00,142.10,142.60,141.35,142.35,369
2015.08.21,15:00,142.40,142.45,141.65,142.05,374
2015.08.21,16:00,142.10,142.50,141.35,142.30,486
2015.08.21,17:00,142.25,143.30,141.50,141.90,856
2015.08.21,18:00,141.85,141.90,140.35,140.40,512
2015.08.24,10:00,135.20,137.60,134.45,137.10,1396
2015.08.24,11:00,137.10,137.15,135.80,136.50,762
2015.08.24,12:00,136.45,137.10,136.20,136.30,665
2015.08.24,13:00,136.25,136.45,135.70,136.30,486
2015.08.24,14:00,136.25,136.30,133.45,134.50,1187
2015.08.24,15:00,134.55,136.35,134.10,135.40,1111
2015.08.24,16:00,135.35,135.50,130.60,133.05,3337
2015.08.24,17:00,133.00,135.60,132.70,134.60,3068
2015.08.24,18:00,134.65,134.80,132.55,132.60,1142
2015.08.25,10:00,134.05,136.20,134.05,135.90,1636
2015.08.25,11:00,135.95,137.00,135.15,136.10,1336
2015.08.25,12:00,136.15,136.95,135.75,136.70,940
2015.08.25,13:00,136.75,138.25,136.30,137.40,1574
2015.08.25,14:00,137.35,137.75,136.90,137.35,605
2015.08.25,15:00,137.40,138.20,136.75,137.70,555
2015.08.25,16:00,137.60,138.35,137.35,138.25,1118
2015.08.25,17:00,138.25,139.40,138.00,139.35,1299
2015.08.25,18:00,139.30,140.50,139.30,140.15,429
2015.08.26,10:00,137.30,137.65,135.80,137.50,1214
2015.08.26,11:00,137.45,138.60,137.35,137.60,901
2015.08.26,12:00,137.65,138.45,137.30,138.00,613
2015.08.26,13:00,138.05,138.95,137.85,138.35,550
2015.08.26,14:00,138.40,139.15,138.25,138.90,384
2015.08.26,15:00,138.85,140.10,138.75,139.70,635
2015.08.26,16:00,139.75,139.90,138.70,139.45,862
2015.08.26,17:00,139.50,140.00,138.15,138.85,1485
2015.08.26,18:00,138.80,139.25,138.25,139.15,477
2015.08.27,10:00,140.10,142.75,140.10,141.90,1402
2015.08.27,11:00,141.90,142.40,141.35,142.40,578
2015.08.27,12:00,142.40,142.50,141.90,141.95,315
2015.08.27,13:00,142.00,142.55,141.80,141.90,326
2015.08.27,14:00,141.85,142.25,141.55,141.75,310
2015.08.27,15:00,141.70,142.65,141.55,142.50,455
2015.08.27,16:00,142.55,142.85,141.70,142.00,591
2015.08.27,17:00,142.00,142.75,141.80,142.60,675
2015.08.27,18:00,142.55,142.75,142.00,142.15,245
2015.08.28,10:00,141.75,142.05,140.90,141.05,818
2015.08.28,11:00,141.00,141.65,140.75,141.30,567
2015.08.28,12:00,141.25,142.05,140.70,141.70,430
2015.08.28,13:00,141.65,141.95,141.20,141.40,355
2015.08.28,14:00,141.40,142.10,141.40,141.75,397
2015.08.28,15:00,141.70,142.15,141.50,141.70,333
2015.08.28,16:00,141.75,142.00,141.20,141.65,452
2015.08.28,17:00,141.60,141.65,140.75,141.05,641
2015.08.28,18:00,141.10,141.80,141.05,141.70,217
2015.08.31,10:00,140.70,141.65,140.65,141.20,422
2015.08.31,11:00,141.15,141.20,140.15,140.55,314
2015.08.31,12:00,140.50,141.15,140.30,141.15,242
2015.08.31,13:00,141.20,142.05,141.05,141.40,207
2015.08.31,14:00,141.35,141.60,141.30,141.50,92
2015.08.31,15:00,141.45,141.75,141.15,141.35,190
2015.08.31,16:00,141.30,141.70,141.05,141.35,333
2015.08.31,17:00,141.35,142.00,141.05,141.25,407
2015.08.31,18:00,141.20,142.10,141.05,142.10,214
2015.09.01,10:00,140.40,140.75,138.75,139.10,1014
2015.09.01,11:00,139.05,139.60,138.00,138.25,747
2015.09.01,12:00,138.30,138.75,138.00,138.50,547
2015.09.01,13:00,138.55,139.05,138.45,138.95,370
2015.09.01,14:00,138.90,139.00,138.35,138.60,294
2015.09.01,15:00,138.65,138.70,138.00,138.00,381
2015.09.01,16:00,137.95,138.80,137.80,137.85,575
2015.09.01,17:00,137.80,138.65,137.50,138.00,833
2015.09.01,18:00,138.05,138.70,137.75,138.30,370
2015.09.02,10:00,139.90,140.45,139.50,140.10,711
2015.09.02,11:00,140.15,140.15,138.75,139.05,650
2015.09.02,12:00,139.00,139.55,138.65,139.55,491
2015.09.02,13:00,139.60,140.10,139.35,139.65,361
2015.09.02,14:00,139.60,139.85,139.25,139.60,194
2015.09.02,15:00,139.65,140.55,139.50,140.55,337
2015.09.02,16:00,140.60,141.35,140.50,140.70,544
2015.09.02,17:00,140.70,140.90,140.05,140.50,546
2015.09.02,18:00,140.45,140.95,140.30,140.65,266
2015.09.03,10:00,142.05,142.85,141.45,142.65,574
2015.09.03,11:00,142.60,142.90,142.35,142.60,320
2015.09.03,12:00,142.65,143.05,142.20,142.45,228
2015.09.03,13:00,142.40,142.70,142.25,142.45,169
2015.09.03,14:00,142.40,142.65,142.15,142.40,173
2015.09.03,15:00,142.35,143.85,142.30,143.60,840
2015.09.03,16:00,143.55,143.75,143.15,143.35,589
2015.09.03,17:00,143.40,144.70,143.35,144.60,478
2015.09.03,18:00,144.65,144.90,144.15,144.30,185
2015.09.04,10:00,142.00,142.40,141.70,141.95,753
2015.09.04,11:00,141.90,142.15,141.30,141.55,523
2015.09.04,12:00,141.50,141.80,141.35,141.35,242
2015.09.04,13:00,141.40,141.55,140.75,140.95,343
2015.09.04,14:00,140.90,141.05,140.60,140.85,168
2015.09.04,15:00,140.80,141.40,139.60,140.05,841
2015.09.04,16:00,140.00,140.50,139.50,140.00,903
2015.09.04,17:00,139.95,140.65,139.80,140.00,535
2015.09.04,18:00,140.05,140.35,139.60,139.95,293
2015.09.07,10:00,140.55,141.35,140.55,140.90,534
2015.09.07,11:00,140.95,141.00,140.00,140.05,421
2015.09.07,12:00,140.00,140.45,139.70,140.10,322
2015.09.07,13:00,140.15,140.45,139.75,140.05,235
2015.09.07,14:00,140.10,140.35,139.80,139.90,161
2015.09.07,15:00,139.85,140.15,139.80,140.10,178
2015.09.07,16:00,140.15,140.30,139.85,140.20,156
2015.09.07,17:00,140.25,140.55,140.15,140.45,131
2015.09.07,18:00,140.50,140.65,140.45,140.60,65
2015.09.08,10:00,141.00,142.65,140.85,142.40,527
2015.09.08,11:00,142.45,142.90,142.25,142.50,310
2015.09.08,12:00,142.55,142.90,142.15,142.25,306
2015.09.08,13:00,142.30,143.05,142.25,142.70,157
2015.09.08,14:00,142.60,142.75,142.25,142.65,211
2015.09.08,15:00,142.70,143.35,142.40,143.15,222
2015.09.08,16:00,143.20,143.40,142.80,143.15,334
2015.09.08,17:00,143.10,143.15,142.05,142.40,501
2015.09.08,18:00,142.45,142.45,142.15,142.30,206
2015.09.09,10:00,144.85,145.50,144.60,144.60,568
2015.09.09,11:00,144.55,144.60,143.95,144.40,369
2015.09.09,12:00,144.45,144.85,144.45,144.60,263
2015.09.09,13:00,144.65,145.05,144.65,145.00,210
2015.09.09,14:00,145.05,145.20,144.90,145.15,175
2015.09.09,15:00,145.20,145.25,144.80,145.25,220
2015.09.09,16:00,145.20,145.30,144.45,144.60,304
2015.09.09,17:00,144.60,144.65,143.15,143.40,443
2015.09.09,18:00,143.45,143.55,142.85,143.05,278
2015.09.10,10:00,142.60,142.75,141.65,142.55,544
2015.09.10,11:00,142.50,142.65,141.75,142.15,388
2015.09.10,12:00,142.10,143.55,142.10,143.25,285
2015.09.10,13:00,143.30,143.40,142.55,142.65,213
2015.09.10,14:00,142.70,142.70,141.65,141.75,278
2015.09.10,15:00,141.70,142.10,141.25,141.50,393
2015.09.10,16:00,141.45,142.20,141.45,141.60,514
2015.09.10,17:00,141.65,142.85,141.40,142.65,687
2015.09.10,18:00,142.60,142.65,141.85,142.10,284
2015.09.11,10:00,142.55,142.55,140.75,141.20,635
2015.09.11,11:00,141.25,141.35,140.00,140.25,495
2015.09.11,12:00,140.20,140.75,140.00,140.75,352
2015.09.11,13:00,140.80,140.90,140.20,140.20,186
2015.09.11,14:00,140.20,140.85,140.20,140.80,130
2015.09.11,15:00,140.75,140.95,140.30,140.35,206
2015.09.11,16:00,140.40,141.30,140.40,141.05,270
2015.09.11,17:00,141.00,141.70,140.70,141.50,327
2015.09.11,18:00,141.45,141.60,140.75,141.15,245
2015.09.14,10:00,140.70,142.05,140.50,141.30,529
2015.09.14,11:00,141.35,141.40,140.50,140.90,329
2015.09.14,12:00,140.85,141.10,140.70,141.00,236
2015.09.14,13:00,141.05,141.20,140.70,141.05,211
2015.09.14,14:00,141.10,141.10,140.25,140.35,195
2015.09.14,15:00,140.40,140.50,139.95,140.45,280
2015.09.14,16:00,140.50,140.90,140.35,140.45,407
2015.09.14,17:00,140.50,141.75,140.45,141.60,359
2015.09.14,18:00,141.65,141.65,140.95,141.05,195
2015.09.15,10:00,140.50,141.25,140.40,140.50,501
2015.09.15,11:00,140.55,140.60,139.90,140.45,439
2015.09.15,12:00,140.40,140.75,139.95,140.65,341
2015.09.15,13:00,140.60,141.55,140.40,141.20,330
2015.09.15,14:00,141.25,141.25,140.60,140.80,190
2015.09.15,15:00,140.75,141.05,140.55,140.75,263
2015.09.15,16:00,140.80,141.25,140.65,140.75,399
2015.09.15,17:00,140.80,142.25,140.70,142.15,460
2015.09.15,18:00,142.10,142.25,141.40,141.45,138
2015.09.16,10:00,142.35,143.00,142.25,142.75,521
2015.09.16,11:00,142.70,142.85,142.20,142.30,329
2015.09.16,12:00,142.25,142.60,142.05,142.05,241
2015.09.16,13:00,142.00,142.55,141.85,142.55,196
2015.09.16,14:00,142.60,142.70,142.40,142.45,134
2015.09.16,15:00,142.40,142.50,141.65,142.05,213
2015.09.16,16:00,142.10,142.35,141.55,141.80,401
2015.09.16,17:00,141.75,142.40,141.45,142.10,324
2015.09.16,18:00,142.05,142.55,142.05,142.45,169
2015.09.17,10:00,142.55,143.00,141.85,142.50,495
2015.09.17,11:00,142.55,142.75,142.15,142.55,380
2015.09.17,12:00,142.50,142.80,142.50,142.55,132
2015.09.17,13:00,142.50,143.15,142.45,142.95,182
2015.09.17,14:00,143.00,143.00,142.10,142.20,158
2015.09.17,15:00,142.25,142.30,141.55,141.75,124
2015.09.17,16:00,141.80,142.05,141.65,141.95,260
2015.09.17,17:00,141.90,142.20,141.50,141.55,194
2015.09.17,18:00,141.60,142.00,141.35,142.00,133
2015.09.18,10:00,141.15,141.30,140.05,140.50,728
2015.09.18,11:00,140.45,140.80,139.45,139.65,690
2015.09.18,12:00,139.60,139.85,138.25,138.50,809
2015.09.18,13:00,138.45,139.00,138.10,138.50,520
2015.09.18,14:00,138.45,138.45,137.45,137.60,589
2015.09.18,15:00,137.55,138.00,137.35,137.40,399
2015.09.18,16:00,137.35,137.45,136.45,137.20,745
2015.09.18,17:00,137.25,137.85,136.95,137.60,802
2015.09.18,18:00,137.65,137.80,136.95,137.10,295
2015.09.21,10:00,137.00,138.85,136.75,137.55,716
2015.09.21,11:00,137.50,138.95,137.35,138.90,575
2015.09.21,12:00,138.95,139.20,138.40,138.40,305
2015.09.21,13:00,138.45,138.45,138.00,138.40,269
2015.09.21,14:00,138.45,139.90,138.45,139.75,412
2015.09.21,15:00,139.70,139.80,139.05,139.20,279
2015.09.21,16:00,139.15,139.25,138.75,138.75,327
2015.09.21,17:00,138.70,139.80,138.55,139.55,425
2015.09.21,18:00,139.60,139.60,139.30,139.40,165
2015.09.22,10:00,139.60,140.05,138.50,138.70,893
2015.09.22,11:00,138.65,138.90,137.35,137.80,921
2015.09.22,12:00,137.75,137.80,136.55,136.85,868
2015.09.22,13:00,136.90,137.15,136.50,136.95,692
2015.09.22,14:00,136.90,136.95,135.95,136.40,417
2015.09.22,15:00,136.45,136.45,135.50,135.80,430
2015.09.22,16:00,135.85,136.45,135.55,136.15,606
2015.09.22,17:00,136.10,136.45,135.10,135.50,682
2015.09.22,18:00,135.45,135.75,135.35,135.45,284
2015.09.23,10:00,135.80,136.50,135.40,136.10,900
2015.09.23,11:00,136.05,137.30,135.90,137.00,641
2015.09.23,12:00,136.95,137.25,136.30,137.00,387
2015.09.23,13:00,136.95,136.95,136.30,136.85,290
2015.09.23,14:00,136.90,137.45,136.45,137.05,383
2015.09.23,15:00,137.00,137.70,137.00,137.50,312
2015.09.23,16:00,137.55,137.70,136.65,137.30,579
2015.09.23,17:00,137.35,137.75,137.10,137.45,364
2015.09.23,18:00,137.50,137.55,136.75,136.80,266
2015.09.24,10:00,136.40,136.90,135.75,136.50,648
2015.09.24,11:00,136.55,137.45,136.50,137.00,908
2015.09.24,12:00,137.05,137.20,136.35,136.80,763
2015.09.24,13:00,136.85,137.05,135.20,135.70,1030
2015.09.24,14:00,135.65,135.80,134.75,135.00,630
2015.09.24,15:00,134.95,135.65,134.70,135.45,627
2015.09.24,16:00,135.40,135.40,134.10,134.50,677
2015.09.24,17:00,134.55,135.25,134.20,134.65,750
2015.09.24,18:00,134.60,135.50,134.40,135.20,385
2015.09.25,10:00,137.55,138.50,137.00,137.90,687
2015.09.25,11:00,137.85,138.85,137.85,138.85,639
2015.09.25,12:00,138.80,139.40,138.45,139.10,394
2015.09.25,13:00,139.05,139.25,138.65,138.80,265
2015.09.25,14:00,138.75,138.95,138.35,138.75,290
2015.09.25,15:00,138.80,139.05,138.20,138.40,344
2015.09.25,16:00,138.35,138.70,137.75,138.35,403
2015.09.25,17:00,138.30,139.15,137.85,139.15,464
2015.09.25,18:00,139.10,139.10,138.60,138.80,159
2015.09.28,10:00,137.10,138.60,137.10,137.90,647
2015.09.28,11:00,137.90,138.70,137.50,138.05,631
2015.09.28,12:00,138.00,138.15,137.10,137.80,516
2015.09.28,13:00,137.85,138.20,137.20,137.70,364
2015.09.28,14:00,137.65,137.75,136.85,137.05,443
2015.09.28,15:00,137.10,137.50,136.90,137.35,340
2015.09.28,16:00,137.40,137.60,136.80,137.00,560
2015.09.28,17:00,136.95,137.60,136.85,137.40,659
2015.09.28,18:00,137.45,137.70,137.05,137.15,239
2015.09.29,10:00,136.05,136.80,135.30,136.20,925
2015.09.29,11:00,136.25,137.95,136.05,137.50,843
2015.09.29,12:00,137.45,137.65,136.25,136.35,486
2015.09.29,13:00,136.40,137.70,136.40,137.70,308
2015.09.29,14:00,137.75,137.85,137.25,137.40,238
2015.09.29,15:00,137.35,138.30,137.25,138.25,250
2015.09.29,16:00,138.20,138.20,136.20,136.95,605
2015.09.29,17:00,137.00,137.85,136.45,137.65,792
2015.09.29,18:00,137.60,138.10,137.25,137.35,458
2015.09.30,10:00,139.60,139.90,139.00,139.40,677
2015.09.30,11:00,139.35,140.55,139.15,140.30,578
2015.09.30,12:00,140.25,140.85,140.15,140.70,406
2015.09.30,13:00,140.75,140.90,140.55,140.70,261
2015.09.30,14:00,140.75,141.00,140.65,140.75,181
2015.09.30,15:00,140.70,141.15,140.30,140.40,334
2015.09.30,16:00,140.35,141.30,140.20,140.25,454
2015.09.30,17:00,140.30,140.60,139.95,140.30,561
2015.09.30,18:00,140.25,140.55,140.15,140.20,236
2015.10.01,10:00,141.30,141.50,140.70,141.15,553
2015.10.01,11:00,141.10,141.20,139.35,139.45,581
2015.10.01,12:00,139.50,139.90,139.35,139.70,401
2015.10.01,13:00,139.65,139.75,139.00,139.70,402
2015.10.01,14:00,139.65,139.75,138.65,138.90,348
2015.10.01,15:00,138.85,139.55,138.70,139.25,345
2015.10.01,16:00,139.20,139.65,138.20,138.25,444
2015.10.01,17:00,138.25,139.10,137.75,137.90,976
2015.10.01,18:00,137.85,138.40,137.65,138.20,369
2015.10.02,10:00,139.00,140.05,138.85,139.55,499
2015.10.02,11:00,139.50,140.45,139.50,140.40,322
2015.10.02,12:00,140.45,141.05,140.10,141.00,230
2015.10.02,13:00,140.95,141.05,140.55,140.65,103
2015.10.02,14:00,140.70,140.80,140.15,140.45,131
2015.10.02,15:00,140.50,140.70,137.75,138.40,1052
2015.10.02,16:00,138.35,138.60,137.15,137.60,893
2015.10.02,17:00,137.55,139.35,137.25,139.35,756
2015.10.02,18:00,139.30,139.55,138.85,138.95,279
2015.10.05,10:00,140.85,142.75,140.65,142.35,876
2015.10.05,11:00,142.35,142.90,142.25,142.80,575
2015.10.05,12:00,142.85,143.00,142.45,143.00,326
2015.10.05,13:00,143.05,143.15,142.75,142.95,240
2015.10.05,14:00,142.90,143.40,142.90,143.30,154
2015.10.05,15:00,143.25,143.80,143.20,143.50,190
2015.10.05,16:00,143.55,144.00,143.35,143.70,376
2015.10.05,17:00,143.75,143.90,143.00,143.35,432
2015.10.05,18:00,143.30,143.45,142.70,142.90,210
2015.10.06,10:00,141.95,143.10,141.95,142.25,647
2015.10.06,11:00,142.20,144.00,142.10,143.60,472
2015.10.06,12:00,143.65,143.80,143.15,143.25,277
2015.10.06,13:00,143.30,144.10,143.25,143.55,247
2015.10.06,14:00,143.60,143.70,143.05,143.55,155
2015.10.06,15:00,143.60,144.20,143.35,144.20,199
2015.10.06,16:00,144.25,144.70,143.60,144.65,477
2015.10.06,17:00,144.60,144.65,143.90,144.15,669
2015.10.06,18:00,144.10,144.40,143.90,144.15,240
2015.10.07,10:00,143.85,144.75,143.85,144.45,582
2015.10.07,11:00,144.40,145.20,144.25,144.85,387
2015.10.07,12:00,144.90,144.90,144.25,144.35,291
2015.10.07,13:00,144.40,144.60,143.80,143.90,237
2015.10.07,14:00,143.85,144.35,143.75,143.95,251
2015.10.07,15:00,143.90,144.10,143.65,144.10,289
2015.10.07,16:00,144.15,145.35,144.10,145.35,435
2015.10.07,17:00,145.40,145.60,144.70,144.90,433
2015.10.07,18:00,144.85,144.95,143.85,144.00,394
2015.10.08,10:00,143.90,144.95,143.70,144.30,774
2015.10.08,11:00,144.35,144.95,144.10,144.15,590
2015.10.08,12:00,144.20,144.60,144.00,144.35,276
2015.10.08,13:00,144.40,144.85,144.20,144.55,216
2015.10.08,14:00,144.55,144.95,144.40,144.90,265
2015.10.08,15:00,144.85,145.10,144.20,144.35,262
2015.10.08,16:00,144.40,145.00,144.30,144.90,290
2015.10.08,17:00,144.95,145.20,144.55,145.05,347
2015.10.08,18:00,145.10,145.25,144.85,145.10,190
2015.10.09,10:00,146.60,147.50,145.90,146.95,607
2015.10.09,11:00,146.90,147.10,146.50,146.70,267
2015.10.09,12:00,146.65,147.05,146.60,146.95,198
2015.10.09,13:00,147.00,147.75,146.80,147.15,209
2015.10.09,14:00,147.15,147.55,147.00,147.40,159
2015.10.09,15:00,147.45,147.70,147.00,147.10,221
2015.10.09,16:00,147.05,147.10,146.50,146.60,365
2015.10.09,17:00,146.55,146.60,145.85,146.35,457
2015.10.09,18:00,146.40,146.55,145.85,146.20,181
2015.10.12,10:00,146.15,147.45,145.85,147.25,394
2015.10.12,11:00,147.20,147.55,147.05,147.40,292
2015.10.12,12:00,147.35,147.75,146.30,147.00,266
2015.10.12,13:00,146.95,147.40,146.70,146.90,170
2015.10.12,14:00,146.95,146.95,146.55,146.90,111
2015.10.12,15:00,146.85,146.85,146.40,146.40,84
2015.10.12,16:00,146.45,146.65,145.80,146.45,266
2015.10.12,17:00,146.40,146.95,146.30,146.60,219
2015.10.12,18:00,146.65,146.95,146.60,146.70,143
2015.10.13,10:00,146.80,147.40,145.60,146.25,816
2015.10.13,11:00,146.20,146.25,144.80,146.15,561
2015.10.13,12:00,146.10,146.10,145.20,145.20,298
2015.10.13,13:00,145.25,145.70,145.05,145.40,251
2015.10.13,14:00,145.45,145.50,144.75,144.85,193
2015.10.13,15:00,144.80,145.00,144.35,144.65,179
2015.10.13,16:00,144.60,145.15,144.35,145.05,295
2015.10.13,17:00,145.10,145.80,144.85,145.80,368
2015.10.13,18:00,145.85,145.85,145.25,145.40,174
2015.10.14,10:00,144.75,144.85,143.45,143.70,545
2015.10.14,11:00,143.65,144.65,143.65,144.05,319
2015.10.14,12:00,144.00,144.25,143.65,143.95,196
2015.10.14,13:00,143.90,144.20,143.50,143.75,182
2015.10.14,14:00,143.80,144.15,143.30,144.05,167
2015.10.14,15:00,144.10,144.45,143.90,143.95,293
2015.10.14,16:00,143.90,145.15,143.75,145.00,359
2015.10.14,17:00,144.95,145.10,143.95,144.15,487
2015.10.14,18:00,144.10,144.45,144.00,144.25,212
2015.10.15,10:00,145.65,145.95,144.95,145.70,472
2015.10.15,11:00,145.75,146.35,145.20,146.25,389
2015.10.15,12:00,146.30,146.85,146.00,146.80,214
2015.10.15,13:00,146.75,147.20,146.45,146.70,247
2015.10.15,14:00,146.70,147.00,146.30,146.40,174
2015.10.15,15:00,146.35,146.70,145.90,146.30,189
2015.10.15,16:00,146.35,146.60,145.90,146.30,277
2015.10.15,17:00,146.25,146.50,145.70,146.15,345
2015.10.15,18:00,146.10,146.25,145.55,146.05,193
