2014.10.31,18:00,24.85,25.01,24.78,24.94,38
2014.10.31,19:00,24.94,24.97,24.85,24.86,17
2014.11.03,10:00,24.95,25.01,24.82,24.93,37
2014.11.03,11:00,24.93,24.96,24.81,24.93,31
2014.11.03,12:00,24.92,25.09,24.91,24.97,32
2014.11.03,13:00,24.97,25.03,24.96,25.00,12
2014.11.03,14:00,24.98,25.01,24.93,25.01,14
2014.11.03,15:00,25.00,25.02,24.93,24.98,17
2014.11.03,16:00,25.01,25.11,24.86,24.87,37
2014.11.03,17:00,24.88,24.94,24.73,24.85,40
2014.11.03,18:00,24.85,24.86,24.77,24.81,15
2014.11.04,10:00,24.82,25.00,24.77,24.97,32
2014.11.04,11:00,24.96,25.03,24.89,24.93,26
2014.11.04,12:00,24.93,24.94,24.66,24.76,40
2014.11.04,13:00,24.76,24.80,24.70,24.80,17
2014.11.04,14:00,24.80,24.84,24.68,24.70,23
2014.11.04,15:00,24.70,24.72,24.55,24.58,23
2014.11.04,16:00,24.57,24.68,24.48,24.51,35
2014.11.04,17:00,24.50,24.59,24.25,24.26,45
2014.11.04,18:00,24.25,24.44,24.22,24.43,27
2014.11.05,10:00,24.64,24.66,24.45,24.57,36
2014.11.05,11:00,24.59,24.72,24.49,24.71,35
2014.11.05,12:00,24.70,24.79,24.64,24.75,26
2014.11.05,13:00,24.75,24.76,24.70,24.73,11
2014.11.05,14:00,24.75,24.87,24.73,24.85,19
2014.11.05,15:00,24.86,24.90,24.74,24.77,24
2014.11.05,16:00,24.78,24.81,24.58,24.63,32
2014.11.05,17:00,24.61,24.67,24.53,24.67,23
2014.11.05,18:00,24.67,24.76,24.67,24.72,14
2014.11.06,10:00,24.63,24.73,24.48,24.52,40
2014.11.06,11:00,24.51,24.57,24.43,24.50,28
2014.11.06,12:00,24.49,24.58,24.42,24.56,26
2014.11.06,13:00,24.57,24.66,24.50,24.62,28
2014.11.06,14:00,24.62,24.65,24.43,24.46,29
2014.11.06,15:00,24.46,25.18,24.43,24.97,100
2014.11.06,16:00,24.96,25.11,24.74,24.77,56
2014.11.06,17:00,24.79,24.81,24.35,24.62,76
2014.11.06,18:00,24.62,24.67,24.58,24.64,17
2014.11.07,10:00,24.60,24.65,24.46,24.62,37
2014.11.07,11:00,24.62,24.63,24.49,24.55,22
2014.11.07,12:00,24.54,24.57,24.31,24.34,33
2014.11.07,13:00,24.33,24.40,24.22,24.25,29
2014.11.07,14:00,24.25,24.32,24.17,24.22,28
2014.11.07,15:00,24.22,24.32,24.16,24.25,30
2014.11.07,16:00,24.25,24.25,24.00,24.07,33
2014.11.07,17:00,24.07,24.30,24.04,24.29,31
2014.11.07,18:00,24.28,24.31,24.20,24.25,20
2014.11.10,10:00,24.05,24.28,23.92,24.19,59
2014.11.10,11:00,24.20,24.25,24.01,24.09,38
2014.11.10,12:00,24.09,24.16,24.03,24.06,24
2014.11.10,13:00,24.07,24.11,24.00,24.02,18
2014.11.10,14:00,24.01,24.06,24.01,24.03,9
2014.11.10,15:00,24.02,24.06,23.96,24.00,19
2014.11.10,16:00,24.00,24.09,23.94,24.02,29
2014.11.10,17:00,24.01,24.10,23.93,24.08,28
2014.11.10,18:00,24.08,24.12,24.04,24.11,14
2014.11.11,10:00,24.12,24.23,24.08,24.15,28
2014.11.11,11:00,24.14,24.21,24.10,24.20,17
2014.11.11,12:00,24.20,24.21,24.16,24.17,8
2014.11.11,13:00,24.18,24.22,24.14,24.17,16
2014.11.11,14:00,24.18,24.27,24.16,24.26,15
2014.11.11,15:00,24.25,24.27,24.17,24.21,17
2014.11.11,16:00,24.22,24.22,24.00,24.05,28
2014.11.11,17:00,24.05,24.16,24.00,24.14,24
2014.11.11,18:00,24.14,24.15,24.10,24.14,11
2014.11.12,10:00,24.06,24.12,23.77,23.78,43
2014.11.12,11:00,23.77,23.85,23.71,23.80,26
2014.11.12,12:00,23.81,23.95,23.80,23.87,25
2014.11.12,13:00,23.87,23.87,23.75,23.76,14
2014.11.12,14:00,23.76,23.82,23.71,23.71,18
2014.11.12,15:00,23.71,23.74,23.65,23.73,17
2014.11.12,16:00,23.73,23.76,23.66,23.69,17
2014.11.12,17:00,23.70,23.75,23.60,23.60,21
2014.11.12,18:00,23.61,23.66,23.57,23.64,16
2014.11.13,10:00,23.73,23.86,23.67,23.81,31
2014.11.13,11:00,23.82,23.94,23.81,23.88,21
2014.11.13,12:00,23.87,23.98,23.83,23.97,21
2014.11.13,13:00,23.97,23.98,23.81,23.88,26
2014.11.13,14:00,23.88,23.91,23.69,23.72,29
2014.11.13,15:00,23.71,23.71,23.50,23.62,34
2014.11.13,16:00,23.62,23.84,23.60,23.81,30
2014.11.13,17:00,23.82,23.94,23.76,23.88,31
2014.11.13,18:00,23.88,23.89,23.72,23.81,28
2014.11.14,10:00,23.78,23.84,23.64,23.71,34
2014.11.14,11:00,23.70,23.86,23.69,23.83,22
2014.11.14,12:00,23.83,23.93,23.78,23.82,30
2014.11.14,13:00,23.81,23.83,23.65,23.71,27
2014.11.14,14:00,23.70,23.88,23.68,23.79,32
2014.11.14,15:00,23.80,23.93,23.76,23.80,35
2014.11.14,16:00,23.80,23.91,23.78,23.88,19
2014.11.14,17:00,23.85,23.93,23.81,23.89,21
2014.11.14,18:00,23.89,23.92,23.87,23.88,10
2014.11.17,10:00,23.65,23.91,23.64,23.69,51
2014.11.17,11:00,23.69,23.78,23.66,23.73,21
2014.11.17,12:00,23.72,23.80,23.68,23.77,20
2014.11.17,13:00,23.78,23.91,23.74,23.85,28
2014.11.17,14:00,23.85,24.03,23.84,24.00,24
2014.11.17,15:00,24.00,24.04,23.92,24.01,24
2014.11.17,16:00,24.01,24.02,23.89,23.92,18
2014.11.17,17:00,23.92,24.21,23.90,24.15,40
2014.11.17,18:00,24.15,24.17,24.08,24.09,13
2014.11.18,10:00,24.21,24.36,24.12,24.33,37
2014.11.18,11:00,24.33,24.48,24.32,24.46,20
2014.11.18,12:00,24.48,24.53,24.40,24.43,22
2014.11.18,13:00,24.43,24.43,24.31,24.32,14
2014.11.18,14:00,24.31,24.41,24.31,24.37,15
2014.11.18,15:00,24.37,24.38,24.22,24.26,22
2014.11.18,16:00,24.26,24.40,24.26,24.39,16
2014.11.18,17:00,24.39,24.42,24.27,24.31,23
2014.11.18,18:00,24.31,24.34,24.27,24.34,12
2014.11.19,10:00,24.42,24.49,24.34,24.38,27
2014.11.19,11:00,24.39,24.64,24.36,24.57,39
2014.11.19,12:00,24.57,24.58,24.51,24.57,15
2014.11.19,13:00,24.57,24.58,24.50,24.58,16
2014.11.19,14:00,24.58,24.67,24.56,24.62,19
2014.11.19,15:00,24.62,24.64,24.56,24.60,15
2014.11.19,16:00,24.59,24.62,24.53,24.60,18
2014.11.19,17:00,24.59,24.60,24.41,24.44,24
2014.11.19,18:00,24.44,24.46,24.38,24.43,16
2014.11.20,10:00,24.40,24.40,24.07,24.12,39
2014.11.20,11:00,24.12,24.17,24.08,24.10,17
2014.11.20,12:00,24.11,24.12,23.88,23.90,28
2014.11.20,13:00,23.90,23.97,23.87,23.91,20
2014.11.20,14:00,23.90,23.95,23.88,23.92,13
2014.11.20,15:00,23.93,23.97,23.84,23.85,19
2014.11.20,16:00,23.84,23.96,23.76,23.95,30
2014.11.20,17:00,23.96,24.12,23.94,24.08,25
2014.11.20,18:00,24.07,24.14,24.03,24.13,17
2014.11.21,10:00,24.20,24.47,24.12,24.46,45
2014.11.21,11:00,24.46,24.48,24.37,24.44,21
2014.11.21,12:00,24.44,24.65,24.39,24.62,35
2014.11.21,13:00,24.63,24.71,24.52,24.70,32
2014.11.21,14:00,24.70,24.91,24.67,24.88,31
2014.11.21,15:00,24.88,24.91,24.81,24.90,19
2014.11.21,16:00,24.90,24.99,24.86,24.97,20
2014.11.21,17:00,24.98,24.98,24.88,24.95,18
2014.11.21,18:00,24.94,24.96,24.89,24.93,14
2014.11.24,10:00,24.99,25.51,24.99,25.47,57
2014.11.24,11:00,25.48,25.65,25.46,25.51,36
2014.11.24,12:00,25.50,25.68,25.50,25.66,21
2014.11.24,13:00,25.66,25.71,25.54,25.65,34
2014.11.24,14:00,25.65,25.77,25.63,25.66,28
2014.11.24,15:00,25.66,25.69,25.59,25.65,20
2014.11.24,16:00,25.64,25.70,25.53,25.53,24
2014.11.24,17:00,25.52,25.64,25.51,25.55,24
2014.11.24,18:00,25.56,25.56,25.45,25.47,14
2014.11.25,10:00,25.58,25.98,25.58,25.95,44
2014.11.25,11:00,25.95,26.08,25.93,25.98,28
2014.11.25,12:00,25.99,26.10,25.97,26.09,17
2014.11.25,13:00,26.09,26.19,26.09,26.12,18
2014.11.25,14:00,26.12,26.30,26.12,26.25,24
2014.11.25,15:00,26.25,26.34,26.19,26.21,35
2014.11.25,16:00,26.20,26.21,25.93,26.00,44
2014.11.25,17:00,25.99,25.99,25.86,25.94,41
2014.11.25,18:00,25.94,25.96,25.88,25.90,13
2014.11.26,10:00,26.27,26.42,26.21,26.24,61
2014.11.26,11:00,26.24,26.32,26.15,26.32,36
2014.11.26,12:00,26.31,26.42,26.24,26.37,37
2014.11.26,13:00,26.37,26.39,26.32,26.35,24
2014.11.26,14:00,26.35,26.41,26.24,26.25,29
2014.11.26,15:00,26.24,26.41,26.23,26.34,50
2014.11.26,16:00,26.34,26.40,26.31,26.36,30
2014.11.26,17:00,26.35,26.37,26.27,26.30,31
2014.11.26,18:00,26.30,26.33,26.25,26.28,15
2014.11.27,10:00,26.33,26.41,26.15,26.24,55
2014.11.27,11:00,26.24,26.29,26.20,26.23,32
2014.11.27,12:00,26.24,26.27,26.17,26.19,18
2014.11.27,13:00,26.19,26.20,26.15,26.17,20
2014.11.27,14:00,26.17,26.29,26.16,26.27,22
2014.11.27,15:00,26.25,26.30,26.20,26.24,27
2014.11.27,16:00,26.24,26.27,26.20,26.24,24
2014.11.27,17:00,26.25,26.27,26.19,26.25,25
2014.11.27,18:00,26.25,26.36,26.25,26.36,12
2014.11.28,10:00,26.39,26.46,26.07,26.09,57
2014.11.28,11:00,26.08,26.29,26.07,26.20,39
2014.11.28,12:00,26.20,26.26,26.15,26.21,28
2014.11.28,13:00,26.22,26.26,26.20,26.24,19
2014.11.28,14:00,26.24,26.29,26.21,26.23,24
2014.11.28,15:00,26.22,26.27,26.20,26.24,18
2014.11.28,16:00,26.25,26.28,26.20,26.28,23
2014.11.28,17:00,26.28,26.29,26.15,26.20,24
2014.11.28,18:00,26.20,26.30,26.18,26.28,17
2014.12.01,10:00,26.04,26.18,25.92,25.92,48
2014.12.01,11:00,25.93,25.93,25.74,25.82,45
2014.12.01,12:00,25.82,25.85,25.71,25.74,40
2014.12.01,13:00,25.75,25.76,25.62,25.71,30
2014.12.01,14:00,25.72,25.74,25.61,25.62,30
2014.12.01,15:00,25.62,25.72,25.61,25.72,14
2014.12.01,16:00,25.72,25.85,25.69,25.74,45
2014.12.01,17:00,25.74,25.81,25.70,25.78,33
2014.12.01,18:00,25.78,25.86,25.75,25.85,16
2014.12.02,10:00,25.92,26.08,25.85,26.05,51
2014.12.02,11:00,26.05,26.16,26.03,26.04,29
2014.12.02,12:00,26.04,26.04,25.82,25.87,40
2014.12.02,13:00,25.87,26.04,25.87,26.04,21
2014.12.02,14:00,26.02,26.22,26.01,26.22,27
2014.12.02,15:00,26.23,26.28,26.16,26.28,33
2014.12.02,16:00,26.29,26.30,26.07,26.12,43
2014.12.02,17:00,26.12,26.32,26.11,26.31,49
2014.12.02,18:00,26.32,26.32,26.26,26.28,9
2014.12.03,10:00,26.29,26.54,26.29,26.47,44
2014.12.03,11:00,26.48,26.52,26.45,26.49,21
2014.12.03,12:00,26.50,26.59,26.49,26.57,32
2014.12.03,13:00,26.57,26.57,26.48,26.50,24
2014.12.03,14:00,26.50,26.55,26.47,26.54,16
2014.12.03,15:00,26.54,26.57,26.49,26.54,21
2014.12.03,16:00,26.54,26.68,26.53,26.65,29
2014.12.03,17:00,26.65,26.73,26.61,26.64,33
2014.12.03,18:00,26.65,26.65,26.52,26.62,24
2014.12.04,10:00,26.70,26.70,26.52,26.56,45
2014.12.04,11:00,26.56,26.67,26.53,26.55,33
2014.12.04,12:00,26.55,26.63,26.55,26.58,16
2014.12.04,13:00,26.57,26.62,26.56,26.61,14
2014.12.04,14:00,26.60,26.63,26.57,26.59,17
2014.12.04,15:00,26.59,26.72,25.80,25.81,126
2014.12.04,16:00,25.84,26.26,25.81,25.96,101
2014.12.04,17:00,25.96,26.05,25.79,25.93,55
2014.12.04,18:00,25.93,25.94,25.86,25.89,13
2014.12.05,10:00,26.16,26.50,26.16,26.43,51
2014.12.05,11:00,26.44,26.52,26.43,26.51,24
2014.12.05,12:00,26.50,26.53,26.42,26.47,28
2014.12.05,13:00,26.47,26.59,26.46,26.58,22
2014.12.05,14:00,26.57,26.65,26.56,26.64,13
2014.12.05,15:00,26.64,26.89,26.61,26.84,52
2014.12.05,16:00,26.85,26.86,26.73,26.78,42
2014.12.05,17:00,26.78,26.85,26.75,26.78,35
2014.12.05,18:00,26.78,26.86,26.73,26.86,19
2014.12.08,10:00,26.82,26.88,26.72,26.73,47
2014.12.08,11:00,26.73,26.80,26.57,26.73,47
2014.12.08,12:00,26.73,26.73,26.62,26.69,32
2014.12.08,13:00,26.69,26.75,26.64,26.64,27
2014.12.08,14:00,26.65,26.69,26.60,26.66,25
2014.12.08,15:00,26.66,26.71,26.64,26.70,16
2014.12.08,16:00,26.70,26.74,26.63,26.68,31
2014.12.08,17:00,26.68,26.70,26.59,26.59,26
2014.12.08,18:00,26.59,26.61,26.53,26.54,12
2014.12.09,10:00,26.02,26.16,25.78,25.92,71
2014.12.09,11:00,25.92,26.08,25.90,25.96,44
2014.12.09,12:00,25.97,26.07,25.96,26.01,27
2014.12.09,13:00,26.01,26.03,25.86,25.86,31
2014.12.09,14:00,25.84,25.87,25.65,25.72,38
2014.12.09,15:00,25.72,25.75,25.61,25.68,36
2014.12.09,16:00,25.68,25.69,25.40,25.69,60
2014.12.09,17:00,25.69,25.72,25.39,25.57,64
2014.12.09,18:00,25.57,25.57,25.46,25.52,18
2014.12.10,10:00,25.55,25.72,25.41,25.54,70
2014.12.10,11:00,25.54,25.65,25.41,25.63,42
2014.12.10,12:00,25.62,25.63,25.53,25.62,26
2014.12.10,13:00,25.62,25.66,25.56,25.59,23
2014.12.10,14:00,25.58,25.62,25.42,25.45,34
2014.12.10,15:00,25.44,25.49,25.36,25.48,28
2014.12.10,16:00,25.47,25.57,25.32,25.35,52
2014.12.10,17:00,25.36,25.40,25.22,25.38,56
2014.12.10,18:00,25.37,25.40,25.33,25.35,13
2014.12.11,10:00,25.12,25.50,25.11,25.46,47
2014.12.11,11:00,25.46,25.48,25.31,25.45,57
2014.12.11,12:00,25.45,25.74,25.41,25.59,73
2014.12.11,13:00,25.58,25.60,25.35,25.35,40
2014.12.11,14:00,25.35,25.41,25.27,25.32,40
2014.12.11,15:00,25.32,25.46,25.21,25.44,48
2014.12.11,16:00,25.44,25.60,25.38,25.56,44
2014.12.11,17:00,25.55,25.76,25.55,25.63,42
2014.12.11,18:00,25.62,25.67,25.59,25.60,15
2014.12.12,10:00,25.33,25.45,25.11,25.14,64
2014.12.12,11:00,25.15,25.30,25.10,25.21,39
2014.12.12,12:00,25.22,25.37,25.20,25.34,26
2014.12.12,13:00,25.33,25.34,25.22,25.24,22
2014.12.12,14:00,25.23,25.34,25.23,25.29,29
2014.12.12,15:00,25.30,25.33,25.16,25.19,45
2014.12.12,16:00,25.19,25.43,25.17,25.43,38
2014.12.12,17:00,25.43,25.43,25.01,25.02,58
2014.12.12,18:00,25.02,25.09,24.86,24.86,31
2014.12.15,10:00,24.89,25.07,24.81,25.04,79
2014.12.15,11:00,25.05,25.17,25.04,25.16,36
2014.12.15,12:00,25.17,25.27,25.14,25.23,28
2014.12.15,13:00,25.23,25.25,25.06,25.15,50
2014.12.15,14:00,25.14,25.33,25.14,25.27,39
2014.12.15,15:00,25.28,25.30,25.04,25.11,39
2014.12.15,16:00,25.11,25.24,24.95,25.02,64
2014.12.15,17:00,25.02,25.02,24.54,24.56,65
2014.12.15,18:00,24.56,24.59,24.12,24.15,54
2014.12.16,10:00,24.09,24.12,23.46,23.72,104
2014.12.16,11:00,23.71,24.14,23.63,24.10,89
2014.12.16,12:00,24.10,24.18,23.93,24.05,83
2014.12.16,13:00,24.05,24.05,23.53,23.53,64
2014.12.16,14:00,23.51,23.56,23.25,23.42,82
2014.12.16,15:00,23.42,23.81,23.37,23.59,82
2014.12.16,16:00,23.60,23.81,23.48,23.69,96
2014.12.16,17:00,23.71,24.25,23.70,24.22,87
2014.12.16,18:00,24.22,24.50,24.21,24.44,37
2014.12.17,10:00,24.09,24.34,23.95,24.20,93
2014.12.17,11:00,24.21,24.22,24.01,24.08,59
2014.12.17,12:00,24.07,24.22,24.04,24.10,40
2014.12.17,13:00,24.11,24.15,24.01,24.06,37
2014.12.17,14:00,24.05,24.16,24.02,24.10,38
2014.12.17,15:00,24.11,24.11,23.96,23.97,31
2014.12.17,16:00,23.97,24.26,23.91,24.25,51
2014.12.17,17:00,24.26,24.43,24.15,24.33,87
2014.12.17,18:00,24.33,24.49,24.33,24.42,24
2014.12.18,10:00,24.72,24.99,24.69,24.99,63
2014.12.18,11:00,24.99,25.12,24.89,24.96,76
2014.12.18,12:00,24.96,25.08,24.92,25.07,46
2014.12.18,13:00,25.08,25.19,25.06,25.14,37
2014.12.18,14:00,25.14,25.23,25.14,25.22,24
2014.12.18,15:00,25.21,25.29,25.16,25.29,26
2014.12.18,16:00,25.30,25.41,25.25,25.37,50
2014.12.18,17:00,25.35,25.39,25.29,25.32,32
2014.12.18,18:00,25.31,25.37,25.21,25.35,29
2014.12.19,10:00,25.62,25.75,25.47,25.48,86
2014.12.19,11:00,25.48,25.58,25.40,25.49,50
2014.12.19,12:00,25.50,25.52,25.03,25.07,76
2014.12.19,13:00,25.08,25.17,24.89,25.02,66
2014.12.19,14:00,25.01,25.15,24.91,25.05,55
2014.12.19,15:00,25.05,25.05,24.78,24.81,48
2014.12.19,16:00,24.80,24.98,24.75,24.95,62
2014.12.19,17:00,24.95,25.20,24.94,25.17,50
2014.12.19,18:00,25.16,25.17,24.88,24.90,33
2014.12.22,10:00,25.10,25.37,25.09,25.22,53
2014.12.22,11:00,25.23,25.33,25.16,25.17,32
2014.12.22,12:00,25.16,25.20,25.08,25.12,28
2014.12.22,13:00,25.12,25.17,25.07,25.13,27
2014.12.22,14:00,25.13,25.15,25.09,25.15,18
2014.12.22,15:00,25.15,25.20,25.08,25.16,30
2014.12.22,16:00,25.17,25.17,24.98,24.98,37
2014.12.22,17:00,24.99,25.08,24.93,25.05,40
2014.12.22,18:00,25.04,25.07,25.00,25.07,12
2014.12.23,10:00,25.11,25.11,24.88,24.97,55
2014.12.23,11:00,24.98,25.06,24.92,25.00,44
2014.12.23,12:00,24.98,25.07,24.98,25.04,21
2014.12.23,13:00,25.04,25.22,25.04,25.21,27
2014.12.23,14:00,25.21,25.22,25.14,25.19,24
2014.12.23,15:00,25.18,25.20,25.08,25.18,27
2014.12.23,16:00,25.18,25.31,25.16,25.27,25
2014.12.23,17:00,25.28,25.31,25.20,25.24,33
2014.12.23,18:00,25.25,25.37,25.24,25.36,16
2014.12.29,10:00,25.26,25.41,25.10,25.11,65
2014.12.29,11:00,25.10,25.16,24.91,25.02,53
2014.12.29,12:00,25.02,25.11,24.81,24.91,60
2014.12.29,13:00,24.92,25.09,24.91,24.97,48
2014.12.29,14:00,24.98,25.04,24.91,24.92,30
2014.12.29,15:00,24.93,24.99,24.90,24.95,30
2014.12.29,16:00,24.94,25.14,24.93,25.12,31
2014.12.29,17:00,25.13,25.29,25.11,25.25,36
2014.12.29,18:00,25.24,25.34,25.20,25.34,19
2014.12.30,10:00,25.11,25.22,25.04,25.08,50
2014.12.30,11:00,25.08,25.18,25.04,25.16,38
2014.12.30,12:00,25.15,25.24,25.13,25.19,24
2014.12.30,13:00,25.19,25.23,25.11,25.12,23
2014.12.30,14:00,25.12,25.20,25.03,25.05,37
2015.01.02,10:00,25.14,25.35,25.10,25.13,64
2015.01.02,11:00,25.12,25.15,24.90,25.13,67
2015.01.02,12:00,25.14,25.20,25.03,25.15,41
2015.01.02,13:00,25.15,25.28,25.15,25.25,34
2015.01.02,14:00,25.25,25.34,25.24,25.29,28
2015.01.02,15:00,25.29,25.39,25.28,25.38,25
2015.01.02,16:00,25.38,25.53,25.36,25.47,42
2015.01.02,17:00,25.48,25.51,25.15,25.26,63
2015.01.02,18:00,25.26,25.31,25.12,25.28,37
2015.01.05,10:00,25.21,25.36,25.12,25.28,61
2015.01.05,11:00,25.26,25.28,25.07,25.12,45
2015.01.05,12:00,25.11,25.17,24.95,24.96,45
2015.01.05,13:00,24.95,25.01,24.90,24.93,30
2015.01.05,14:00,24.93,25.01,24.88,24.88,27
2015.01.05,15:00,24.88,24.95,24.56,24.59,52
2015.01.05,16:00,24.59,24.68,24.21,24.33,77
2015.01.05,17:00,24.32,24.42,24.24,24.31,53
2015.01.05,18:00,24.31,24.32,24.16,24.16,18
2015.01.06,10:00,24.17,24.23,23.70,23.85,107
2015.01.06,11:00,23.85,24.22,23.81,24.14,69
2015.01.06,12:00,24.13,24.26,24.04,24.17,60
2015.01.06,13:00,24.17,24.40,24.15,24.33,42
2015.01.06,14:00,24.33,24.37,24.24,24.35,40
2015.01.06,15:00,24.36,24.55,24.25,24.29,57
2015.01.06,16:00,24.29,24.37,24.24,24.27,32
2015.01.06,17:00,24.26,24.44,24.10,24.10,78
2015.01.06,18:00,24.11,24.12,23.87,23.91,31
2015.01.07,10:00,24.07,24.29,23.97,24.24,72
2015.01.07,11:00,24.25,24.29,23.89,24.01,71
2015.01.07,12:00,24.02,24.31,23.98,24.28,54
2015.01.07,13:00,24.29,24.29,24.14,24.17,25
2015.01.07,14:00,24.16,24.27,24.14,24.23,35
2015.01.07,15:00,24.24,24.27,24.17,24.19,22
2015.01.07,16:00,24.20,24.31,24.19,24.27,39
2015.01.07,17:00,24.28,24.29,24.04,24.07,44
2015.01.07,18:00,24.08,24.12,23.94,23.98,27
2015.01.08,10:00,24.38,24.42,24.21,24.33,51
2015.01.08,11:00,24.33,24.41,24.27,24.35,36
2015.01.08,12:00,24.35,24.36,24.26,24.33,29
2015.01.08,13:00,24.33,24.53,24.33,24.49,34
2015.01.08,14:00,24.49,24.55,24.40,24.42,33
2015.01.08,15:00,24.42,24.42,23.88,23.95,87
2015.01.08,16:00,23.94,24.29,23.94,24.26,41
2015.01.08,17:00,24.26,24.56,24.26,24.56,45
2015.01.08,18:00,24.58,24.67,24.50,24.52,29
2015.01.09,10:00,24.42,24.52,24.25,24.51,65
2015.01.09,11:00,24.52,24.66,24.43,24.49,50
2015.01.09,12:00,24.50,24.51,24.32,24.37,44
2015.01.09,13:00,24.38,24.49,24.32,24.38,42
2015.01.09,14:00,24.37,24.44,24.26,24.26,31
2015.01.09,15:00,24.27,24.47,24.18,24.38,65
2015.01.09,16:00,24.38,24.38,24.05,24.07,50
2015.01.09,17:00,24.05,24.14,23.76,23.89,75
2015.01.09,18:00,23.89,23.89,23.64,23.77,39
2015.01.12,10:00,23.95,24.11,23.92,23.98,47
2015.01.12,11:00,23.96,24.17,23.79,24.15,77
2015.01.12,12:00,24.15,24.27,24.05,24.09,47
2015.01.12,13:00,24.10,24.16,24.08,24.15,21
2015.01.12,14:00,24.15,24.16,24.02,24.02,32
2015.01.12,15:00,24.02,24.08,23.89,23.96,41
2015.01.12,16:00,23.96,24.07,23.55,23.59,74
2015.01.12,17:00,23.59,23.99,23.48,23.99,88
2015.01.12,18:00,24.00,24.08,23.91,23.96,31
2015.01.13,10:00,23.92,24.24,23.92,24.05,58
2015.01.13,11:00,24.06,24.38,24.01,24.26,73
2015.01.13,12:00,24.27,24.34,24.17,24.30,44
2015.01.13,13:00,24.30,24.60,24.24,24.55,55
2015.01.13,14:00,24.55,24.65,24.53,24.64,25
2015.01.13,15:00,24.64,24.68,24.48,24.68,39
2015.01.13,16:00,24.67,24.84,24.67,24.77,53
2015.01.13,17:00,24.77,24.82,24.65,24.66,52
2015.01.13,18:00,24.67,24.70,24.55,24.64,28
2015.01.14,10:00,24.32,24.45,24.05,24.24,107
2015.01.14,11:00,24.25,24.53,24.12,24.52,74
2015.01.14,12:00,24.52,24.55,24.30,24.39,49
2015.01.14,13:00,24.39,24.53,24.27,24.27,53
2015.01.14,14:00,24.26,24.41,24.18,24.22,51
2015.01.14,15:00,24.22,24.45,24.00,24.13,88
2015.01.14,16:00,24.11,24.27,24.08,24.20,54
2015.01.14,17:00,24.20,24.37,24.16,24.28,57
2015.01.14,18:00,24.27,24.33,24.21,24.24,22
2015.01.15,10:00,24.33,24.73,24.31,24.54,74
2015.01.15,11:00,24.56,24.61,23.51,23.99,173
2015.01.15,12:00,23.96,24.40,23.81,24.17,133
2015.01.15,13:00,24.16,24.39,23.97,24.32,92
2015.01.15,14:00,24.31,24.63,24.28,24.58,67
2015.01.15,15:00,24.58,24.78,24.50,24.75,55
2015.01.15,16:00,24.76,24.92,24.66,24.77,68
2015.01.15,17:00,24.77,24.93,24.65,24.70,65
2015.01.15,18:00,24.70,24.78,24.65,24.67,24
2015.01.16,10:00,24.50,24.81,24.48,24.52,72
2015.01.16,11:00,24.50,24.52,24.30,24.38,47
2015.01.16,12:00,24.36,24.51,24.33,24.45,40
2015.01.16,13:00,24.44,24.78,24.40,24.67,71
2015.01.16,14:00,24.66,24.67,24.45,24.47,32
2015.01.16,15:00,24.47,24.54,24.41,24.47,36
2015.01.16,16:00,24.47,24.73,24.44,24.60,68
2015.01.16,17:00,24.62,24.78,24.56,24.78,49
2015.01.16,18:00,24.78,24.81,24.72,24.78,19
2015.01.19,10:00,24.71,24.88,24.61,24.77,75
2015.01.19,11:00,24.77,24.93,24.73,24.77,50
2015.01.19,12:00,24.76,24.94,24.75,24.94,27
2015.01.19,13:00,24.94,25.05,24.94,24.95,25
2015.01.19,14:00,24.94,25.00,24.91,25.00,18
2015.01.19,15:00,25.01,25.19,24.97,25.18,35
2015.01.19,16:00,25.18,25.30,25.18,25.21,31
2015.01.19,17:00,25.21,25.25,25.05,25.07,35
2015.01.19,18:00,25.07,25.09,24.91,25.02,32
2015.01.20,10:00,25.21,25.49,25.16,25.45,54
2015.01.20,11:00,25.45,25.54,25.38,25.53,42
2015.01.20,12:00,25.53,25.66,25.51,25.63,38
2015.01.20,13:00,25.63,25.64,25.46,25.58,45
2015.01.20,14:00,25.57,25.67,25.55,25.58,30
2015.01.20,15:00,25.59,25.60,25.47,25.47,25
2015.01.20,16:00,25.47,25.51,25.26,25.32,43
2015.01.20,17:00,25.32,25.43,25.25,25.36,50
2015.01.20,18:00,25.36,25.38,25.27,25.34,21
2015.01.21,10:00,25.33,25.38,25.06,25.11,64
2015.01.21,11:00,25.12,25.24,25.12,25.15,30
2015.01.21,12:00,25.14,25.28,25.14,25.26,26
2015.01.21,13:00,25.26,25.28,25.05,25.07,40
2015.01.21,14:00,25.07,25.13,24.98,25.02,49
2015.01.21,15:00,25.01,25.04,24.86,24.86,33
2015.01.21,16:00,24.86,25.36,24.79,25.23,88
2015.01.21,17:00,25.23,25.66,25.13,25.66,96
2015.01.21,18:00,25.65,25.68,25.51,25.57,27
2015.01.22,10:00,25.62,25.84,25.62,25.82,50
2015.01.22,11:00,25.83,25.91,25.74,25.81,54
2015.01.22,12:00,25.81,25.84,25.74,25.80,26
2015.01.22,13:00,25.81,25.92,25.79,25.91,24
2015.01.22,14:00,25.91,25.93,25.74,25.91,41
2015.01.22,15:00,25.90,26.32,25.76,26.01,120
2015.01.22,16:00,26.01,26.28,25.86,26.05,115
2015.01.22,17:00,26.07,26.38,26.01,26.37,57
2015.01.22,18:00,26.37,26.39,26.24,26.37,31
2015.01.23,10:00,26.68,26.74,26.55,26.62,56
2015.01.23,11:00,26.62,26.62,26.33,26.48,52
2015.01.23,12:00,26.47,26.55,26.35,26.39,35
2015.01.23,13:00,26.40,26.47,26.34,26.45,41
2015.01.23,14:00,26.45,26.66,26.35,26.54,67
2015.01.23,15:00,26.53,26.54,26.31,26.39,46
2015.01.23,16:00,26.39,26.41,26.17,26.19,68
2015.01.23,17:00,26.20,26.29,26.00,26.24,70
2015.01.23,18:00,26.24,26.24,26.09,26.17,24
2015.01.26,10:00,25.81,25.98,25.65,25.85,83
2015.01.26,11:00,25.85,26.22,25.84,26.14,85
2015.01.26,12:00,26.13,26.21,26.09,26.13,36
2015.01.26,13:00,26.13,26.22,26.11,26.16,33
2015.01.26,14:00,26.16,26.24,26.12,26.23,34
2015.01.26,15:00,26.24,26.35,26.20,26.31,33
2015.01.26,16:00,26.32,26.39,26.21,26.30,37
2015.01.26,17:00,26.31,26.39,26.22,26.38,41
2015.01.26,18:00,26.37,26.40,26.16,26.20,32
2015.01.27,10:00,26.26,26.27,25.73,25.75,87
2015.01.27,11:00,25.75,25.80,25.48,25.52,62
2015.01.27,12:00,25.53,25.57,25.39,25.49,45
2015.01.27,13:00,25.49,25.54,25.15,25.31,63
2015.01.27,14:00,25.32,25.41,25.22,25.32,63
2015.01.27,15:00,25.32,25.35,25.10,25.31,55
2015.01.27,16:00,25.30,25.46,25.27,25.35,58
2015.01.27,17:00,25.34,25.45,25.21,25.28,51
2015.01.27,18:00,25.29,25.38,25.22,25.36,26
2015.01.28,10:00,25.50,25.60,25.27,25.28,62
2015.01.28,11:00,25.28,25.40,25.13,25.36,72
2015.01.28,12:00,25.36,25.36,25.11,25.12,50
2015.01.28,13:00,25.12,25.31,25.10,25.17,44
2015.01.28,14:00,25.17,25.27,25.06,25.21,39
2015.01.28,15:00,25.21,25.22,24.98,24.99,37
2015.01.28,16:00,25.00,25.16,24.92,25.02,62
2015.01.28,17:00,25.02,25.08,24.87,24.91,42
2015.01.28,18:00,24.90,25.09,24.88,25.07,26
2015.01.29,10:00,25.70,25.85,25.28,25.49,147
2015.01.29,11:00,25.49,25.63,25.42,25.56,71
2015.01.29,12:00,25.56,25.93,25.53,25.82,62
2015.01.29,13:00,25.81,26.06,25.76,26.01,69
2015.01.29,14:00,26.02,26.10,25.76,25.78,56
2015.01.29,15:00,25.77,25.81,25.55,25.75,58
2015.01.29,16:00,25.76,25.97,25.70,25.93,81
2015.01.29,17:00,25.92,25.97,25.75,25.85,53
2015.01.29,18:00,25.86,25.87,25.76,25.81,18
2015.01.30,10:00,26.05,26.19,25.78,25.89,87
2015.01.30,11:00,25.89,25.98,25.77,25.91,60
2015.01.30,12:00,25.91,25.96,25.72,25.82,58
2015.01.30,13:00,25.80,26.01,25.80,26.01,36
2015.01.30,14:00,26.00,26.01,25.81,25.89,42
2015.01.30,15:00,25.89,25.91,25.64,25.69,47
2015.01.30,16:00,25.68,25.93,25.59,25.83,70
2015.01.30,17:00,25.83,25.85,25.62,25.74,51
2015.01.30,18:00,25.73,25.81,25.61,25.77,37
2015.02.02,10:00,25.68,25.89,25.68,25.75,62
2015.02.02,11:00,25.75,25.82,25.45,25.52,80
2015.02.02,12:00,25.51,25.60,25.41,25.56,46
2015.02.02,13:00,25.56,25.69,25.53,25.59,38
2015.02.02,14:00,25.59,25.76,25.57,25.73,44
2015.02.02,15:00,25.72,25.81,25.65,25.77,43
2015.02.02,16:00,25.77,26.09,25.77,26.02,62
2015.02.02,17:00,26.02,26.22,25.88,26.21,71
2015.02.02,18:00,26.20,26.36,26.20,26.35,18
2015.02.03,10:00,26.44,26.99,26.44,26.97,92
2015.02.03,11:00,26.97,27.08,26.86,26.92,45
2015.02.03,12:00,26.93,26.95,26.81,26.91,36
2015.02.03,13:00,26.90,26.95,26.88,26.93,19
2015.02.03,14:00,26.92,26.98,26.90,26.96,22
2015.02.03,15:00,26.95,27.00,26.85,26.98,45
2015.02.03,16:00,26.99,27.35,26.96,27.33,60
2015.02.03,17:00,27.34,27.34,27.09,27.17,52
2015.02.03,18:00,27.17,27.31,27.17,27.30,16
2015.02.04,10:00,27.28,27.40,27.02,27.39,75
2015.02.04,11:00,27.39,27.42,27.18,27.27,70
2015.02.04,12:00,27.28,27.33,26.99,27.13,92
2015.02.04,13:00,27.13,27.27,27.12,27.19,33
2015.02.04,14:00,27.19,27.25,27.06,27.11,42
2015.02.04,15:00,27.11,27.15,27.01,27.05,34
2015.02.04,16:00,27.05,27.07,26.86,26.98,49
2015.02.04,17:00,26.99,27.13,26.96,27.03,52
2015.02.04,18:00,27.02,27.11,26.99,27.10,17
2015.02.05,10:00,26.87,26.92,26.61,26.86,79
2015.02.05,11:00,26.87,27.14,26.82,27.11,51
2015.02.05,12:00,27.12,27.16,27.05,27.05,31
2015.02.05,13:00,27.05,27.09,26.89,27.02,49
2015.02.05,14:00,27.02,27.21,27.02,27.07,54
2015.02.05,15:00,27.07,27.21,27.04,27.14,42
2015.02.05,16:00,27.14,27.18,26.95,27.03,51
2015.02.05,17:00,27.04,27.10,27.00,27.03,31
2015.02.05,18:00,27.04,27.17,27.03,27.14,19
2015.02.06,10:00,27.06,27.12,26.92,26.94,62
2015.02.06,11:00,26.94,27.03,26.82,26.87,48
2015.02.06,12:00,26.86,26.97,26.80,26.81,41
2015.02.06,13:00,26.82,26.88,26.75,26.87,35
2015.02.06,14:00,26.87,26.96,26.82,26.82,31
2015.02.06,15:00,26.82,27.05,26.75,26.92,64
2015.02.06,16:00,26.92,27.07,26.86,27.02,46
2015.02.06,17:00,27.02,27.12,27.00,27.08,32
2015.02.06,18:00,27.08,27.13,27.06,27.09,14
2015.02.09,10:00,26.82,26.93,26.59,26.71,77
2015.02.09,11:00,26.70,26.78,26.62,26.66,47
2015.02.09,12:00,26.67,26.85,26.65,26.83,32
2015.02.09,13:00,26.83,26.85,26.67,26.68,34
2015.02.09,14:00,26.68,26.82,26.66,26.71,46
2015.02.09,15:00,26.72,26.77,26.59,26.70,39
2015.02.09,16:00,26.71,26.86,26.60,26.78,48
2015.02.09,17:00,26.79,26.87,26.72,26.75,54
2015.02.09,18:00,26.76,26.90,26.74,26.88,21
2015.02.10,10:00,26.80,26.84,26.51,26.55,59
2015.02.10,11:00,26.55,26.62,26.47,26.55,51
2015.02.10,12:00,26.55,26.56,26.42,26.49,28
2015.02.10,13:00,26.49,26.80,26.49,26.78,52
2015.02.10,14:00,26.78,27.14,26.77,26.86,87
2015.02.10,15:00,26.86,26.97,26.79,26.88,51
2015.02.10,16:00,26.87,27.01,26.77,26.79,49
2015.02.10,17:00,26.78,26.94,26.63,26.68,59
2015.02.10,18:00,26.69,26.79,26.59,26.76,34
2015.02.11,10:00,26.64,26.74,26.50,26.58,62
2015.02.11,11:00,26.60,26.67,26.58,26.66,33
2015.02.11,12:00,26.66,26.81,26.62,26.70,39
2015.02.11,13:00,26.71,26.78,26.65,26.78,31
2015.02.11,14:00,26.77,26.87,26.74,26.86,33
2015.02.11,15:00,26.86,26.91,26.72,26.79,50
2015.02.11,16:00,26.80,26.91,26.66,26.75,52
2015.02.11,17:00,26.75,26.79,26.65,26.67,34
2015.02.11,18:00,26.67,26.72,26.60,26.62,20
2015.02.12,10:00,26.60,27.09,26.50,27.06,92
2015.02.12,11:00,27.07,27.38,27.03,27.37,59
2015.02.12,12:00,27.37,27.50,27.31,27.46,52
2015.02.12,13:00,27.46,27.51,27.28,27.38,45
2015.02.12,14:00,27.38,27.51,27.28,27.48,44
2015.02.12,15:00,27.47,27.51,27.34,27.41,43
2015.02.12,16:00,27.40,27.55,27.32,27.50,44
2015.02.12,17:00,27.49,27.56,27.39,27.49,48
2015.02.12,18:00,27.49,27.51,27.42,27.46,16
2015.02.13,10:00,27.59,28.01,27.59,27.98,89
2015.02.13,11:00,27.96,28.06,27.87,28.01,39
2015.02.13,12:00,28.02,28.14,27.98,28.00,41
2015.02.13,13:00,28.01,28.15,28.01,28.11,28
2015.02.13,14:00,28.10,28.10,28.00,28.07,23
2015.02.13,15:00,28.07,28.15,28.06,28.14,16
2015.02.13,16:00,28.15,28.38,28.05,28.38,49
2015.02.13,17:00,28.36,28.40,28.25,28.27,46
2015.02.13,18:00,28.27,28.41,28.27,28.40,16
2015.02.16,10:00,28.23,28.60,28.22,28.51,74
2015.02.16,11:00,28.51,28.69,28.50,28.59,43
2015.02.16,12:00,28.59,28.64,28.50,28.60,43
2015.02.16,13:00,28.60,28.79,28.56,28.79,31
2015.02.16,14:00,28.79,28.88,28.76,28.83,40
2015.02.16,15:00,28.83,28.89,28.78,28.86,28
2015.02.16,16:00,28.87,28.90,28.76,28.88,43
2015.02.16,17:00,28.88,28.89,28.76,28.78,31
2015.02.16,18:00,28.78,28.82,28.69,28.80,25
2015.02.17,10:00,28.20,28.52,28.06,28.28,101
2015.02.17,11:00,28.26,28.44,28.22,28.44,41
2015.02.17,12:00,28.44,28.61,28.41,28.60,42
2015.02.17,13:00,28.60,28.71,28.53,28.53,41
2015.02.17,14:00,28.54,28.66,28.52,28.62,34
2015.02.17,15:00,28.61,28.63,28.44,28.55,40
2015.02.17,16:00,28.55,28.60,28.20,28.32,62
2015.02.17,17:00,28.32,28.42,28.29,28.30,41
2015.02.17,18:00,28.30,28.34,28.27,28.34,11
2015.02.18,10:00,28.71,28.87,28.63,28.83,63
2015.02.18,11:00,28.84,28.98,28.81,28.97,43
2015.02.18,12:00,28.97,28.99,28.88,28.98,31
2015.02.18,13:00,28.98,28.99,28.95,28.95,13
2015.02.18,14:00,28.96,28.99,28.84,28.91,29
2015.02.18,15:00,28.92,28.93,28.77,28.80,27
2015.02.18,16:00,28.80,28.88,28.69,28.86,46
2015.02.18,17:00,28.86,28.90,28.80,28.81,29
2015.02.18,18:00,28.81,28.90,28.81,28.88,12
2015.02.19,10:00,28.67,28.81,28.29,28.43,91
2015.02.19,11:00,28.44,28.66,28.43,28.59,48
2015.02.19,12:00,28.60,28.67,28.49,28.66,44
2015.02.19,13:00,28.65,28.85,28.64,28.85,37
2015.02.19,14:00,28.87,28.94,28.56,28.68,91
2015.02.19,15:00,28.69,28.81,28.62,28.77,38
2015.02.19,16:00,28.76,28.77,28.57,28.67,42
2015.02.19,17:00,28.67,28.78,28.61,28.76,29
2015.02.19,18:00,28.76,28.85,28.76,28.84,11
2015.02.20,10:00,28.64,28.83,28.56,28.70,57
2015.02.20,11:00,28.71,28.95,28.71,28.91,36
2015.02.20,12:00,28.91,28.99,28.79,28.92,49
2015.02.20,13:00,28.94,29.06,28.91,29.03,35
2015.02.20,14:00,29.03,29.22,28.66,28.73,105
2015.02.20,15:00,28.73,28.82,28.59,28.81,56
2015.02.20,16:00,28.80,28.91,28.76,28.80,49
2015.02.20,17:00,28.80,29.04,28.77,29.02,52
2015.02.20,18:00,29.02,29.11,28.99,29.09,18
2015.02.23,10:00,29.25,29.39,29.10,29.17,70
2015.02.23,11:00,29.17,29.17,28.95,28.97,49
2015.02.23,12:00,28.97,29.08,28.92,28.93,50
2015.02.23,13:00,28.94,28.95,28.72,28.83,43
2015.02.23,14:00,28.83,28.85,28.74,28.79,30
2015.02.23,15:00,28.78,28.90,28.77,28.88,27
2015.02.23,16:00,28.89,28.99,28.84,28.96,44
2015.02.23,17:00,28.96,28.97,28.81,28.90,42
2015.02.23,18:00,28.90,28.99,28.88,28.99,14
2015.02.24,10:00,28.92,29.07,28.71,28.71,72
2015.02.24,11:00,28.71,28.81,28.66,28.70,41
2015.02.24,12:00,28.69,28.82,28.68,28.82,20
2015.02.24,13:00,28.82,28.96,28.81,28.90,34
2015.02.24,14:00,28.90,28.99,28.87,28.98,33
2015.02.24,15:00,28.99,29.08,28.95,29.06,38
2015.02.24,16:00,29.07,29.18,29.01,29.08,38
2015.02.24,17:00,29.09,29.33,29.04,29.30,51
2015.02.24,18:00,29.30,29.37,29.25,29.30,25
2015.02.25,10:00,29.16,29.23,28.95,28.97,51
2015.02.25,11:00,28.97,29.02,28.89,28.96,56
2015.02.25,12:00,28.95,29.01,28.93,28.94,37
2015.02.25,13:00,28.94,29.05,28.92,28.95,47
2015.02.25,14:00,28.96,28.99,28.89,28.94,47
2015.02.25,15:00,28.94,29.02,28.83,28.83,45
2015.02.25,16:00,28.84,28.92,28.83,28.89,39
2015.02.25,17:00,28.89,28.96,28.87,28.92,43
2015.02.25,18:00,28.91,28.95,28.84,28.94,23
2015.02.26,10:00,28.84,29.18,28.84,29.14,85
2015.02.26,11:00,29.13,29.35,29.11,29.29,58
2015.02.26,12:00,29.29,29.37,29.20,29.27,57
2015.02.26,13:00,29.26,29.38,29.23,29.35,42
2015.02.26,14:00,29.35,29.38,29.20,29.21,39
2015.02.26,15:00,29.21,29.26,29.07,29.10,47
2015.02.26,16:00,29.09,29.28,29.07,29.25,48
2015.02.26,17:00,29.25,29.26,29.11,29.14,53
2015.02.26,18:00,29.13,29.23,29.12,29.18,29
2015.02.27,10:00,29.09,29.33,29.06,29.23,86
2015.02.27,11:00,29.24,29.28,29.12,29.12,45
2015.02.27,12:00,29.12,29.18,29.01,29.10,60
2015.02.27,13:00,29.10,29.16,29.05,29.16,47
2015.02.27,14:00,29.16,29.21,29.14,29.19,32
2015.02.27,15:00,29.18,29.22,29.08,29.20,49
2015.02.27,16:00,29.20,29.28,29.09,29.23,60
2015.02.27,17:00,29.23,29.28,29.20,29.28,49
2015.02.27,18:00,29.28,29.36,29.23,29.28,31
2015.03.02,10:00,29.15,29.62,29.11,29.58,77
2015.03.02,11:00,29.57,29.64,29.51,29.56,52
2015.03.02,12:00,29.57,29.58,29.46,29.48,36
2015.03.02,13:00,29.48,29.49,29.31,29.33,48
2015.03.02,14:00,29.32,29.36,29.22,29.27,52
2015.03.02,15:00,29.26,29.36,29.19,29.32,56
2015.03.02,16:00,29.33,29.38,29.23,29.31,53
2015.03.02,17:00,29.28,29.45,29.27,29.39,66
2015.03.02,18:00,29.39,29.47,29.37,29.37,22
2015.03.03,10:00,29.37,29.47,29.12,29.31,79
2015.03.03,11:00,29.31,29.37,29.24,29.25,46
2015.03.03,12:00,29.26,29.31,29.23,29.28,39
2015.03.03,13:00,29.26,29.27,29.08,29.17,54
2015.03.03,14:00,29.16,29.18,29.08,29.08,35
2015.03.03,15:00,29.08,29.13,28.98,29.02,49
2015.03.03,16:00,29.01,29.06,28.87,28.92,51
2015.03.03,17:00,28.92,29.00,28.86,28.87,55
2015.03.03,18:00,28.86,28.88,28.74,28.81,37
2015.03.04,10:00,28.80,29.10,28.70,28.71,87
2015.03.04,11:00,28.69,28.85,28.57,28.84,76
2015.03.04,12:00,28.85,28.87,28.70,28.75,53
2015.03.04,13:00,28.75,28.86,28.73,28.86,42
2015.03.04,14:00,28.85,28.95,28.81,28.92,48
2015.03.04,15:00,28.92,28.97,28.79,28.80,57
2015.03.04,16:00,28.80,28.84,28.67,28.69,48
2015.03.04,17:00,28.70,28.93,28.69,28.86,82
2015.03.04,18:00,28.85,28.89,28.83,28.86,17
2015.03.05,10:00,29.04,29.05,28.86,28.88,69
2015.03.05,11:00,28.88,28.91,28.79,28.85,58
2015.03.05,12:00,28.85,28.98,28.83,28.96,59
2015.03.05,13:00,28.96,29.05,28.95,29.03,29
2015.03.05,14:00,29.03,29.12,29.02,29.11,39
2015.03.05,15:00,29.12,29.25,28.93,29.14,110
2015.03.05,16:00,29.14,29.29,29.04,29.17,80
2015.03.05,17:00,29.18,29.31,29.12,29.25,65
2015.03.05,18:00,29.25,29.26,29.15,29.19,31
2015.03.06,10:00,29.27,29.36,29.13,29.22,85
2015.03.06,11:00,29.23,29.38,29.19,29.37,57
2015.03.06,12:00,29.37,29.43,29.33,29.42,36
2015.03.06,13:00,29.43,29.48,29.43,29.46,24
2015.03.06,14:00,29.46,29.48,29.41,29.48,33
2015.03.06,15:00,29.49,29.57,29.43,29.53,53
2015.03.06,16:00,29.54,29.64,29.43,29.61,65
2015.03.06,17:00,29.61,29.74,29.61,29.62,43
2015.03.06,18:00,29.63,29.63,29.44,29.48,39
2015.03.09,11:00,29.25,29.60,29.17,29.56,94
2015.03.09,12:00,29.56,29.66,29.45,29.58,65
2015.03.09,13:00,29.58,29.71,29.54,29.57,70
2015.03.09,14:00,29.57,29.69,29.54,29.67,53
2015.03.09,15:00,29.68,29.70,29.57,29.59,43
2015.03.09,16:00,29.60,29.61,29.33,29.40,62
2015.03.09,17:00,29.40,29.46,29.28,29.28,59
2015.03.09,18:00,29.28,29.42,29.26,29.37,51
2015.03.09,19:00,29.37,29.42,29.35,29.41,18
2015.03.10,11:00,29.33,29.53,29.31,29.31,74
2015.03.10,12:00,29.31,29.33,29.22,29.23,47
2015.03.10,13:00,29.23,29.24,29.10,29.20,50
2015.03.10,14:00,29.19,29.20,29.07,29.10,49
2015.03.10,15:00,29.09,29.09,28.83,28.97,61
2015.03.10,16:00,28.96,29.07,28.93,28.93,61
2015.03.10,17:00,28.94,29.24,28.94,29.21,72
2015.03.10,18:00,29.20,29.29,29.10,29.11,49
2015.03.10,19:00,29.11,29.25,29.08,29.24,32
2015.03.11,11:00,29.02,29.46,28.96,29.39,105
2015.03.11,12:00,29.39,29.61,29.39,29.61,45
2015.03.11,13:00,29.62,29.72,29.60,29.68,49
2015.03.11,14:00,29.69,29.72,29.60,29.64,37
2015.03.11,15:00,29.64,29.69,29.59,29.66,35
2015.03.11,16:00,29.67,29.72,29.62,29.71,42
2015.03.11,17:00,29.70,29.77,29.62,29.73,56
2015.03.11,18:00,29.73,29.96,29.72,29.95,60
2015.03.11,19:00,29.95,29.97,29.83,29.95,33
2015.03.12,11:00,29.74,30.06,29.74,29.80,82
2015.03.12,12:00,29.81,29.90,29.80,29.87,50
2015.03.12,13:00,29.87,29.99,29.86,29.87,40
2015.03.12,14:00,29.87,29.88,29.75,29.76,41
2015.03.12,15:00,29.75,29.82,29.71,29.82,56
2015.03.12,16:00,29.80,29.94,29.77,29.90,44
2015.03.12,17:00,29.91,30.02,29.82,29.85,54
2015.03.12,18:00,29.85,29.85,29.56,29.65,70
2015.03.12,19:00,29.65,29.77,29.64,29.73,27
2015.03.13,11:00,29.82,29.98,29.79,29.91,71
2015.03.13,12:00,29.91,29.99,29.86,29.87,40
2015.03.13,13:00,29.87,29.97,29.74,29.96,59
2015.03.13,14:00,29.96,30.00,29.82,29.82,34
2015.03.13,15:00,29.82,29.94,29.79,29.91,67
2015.03.13,16:00,29.91,29.99,29.87,29.92,47
2015.03.13,17:00,29.92,30.04,29.87,30.00,68
2015.03.13,18:00,30.00,30.17,29.99,30.17,50
2015.03.13,19:00,30.17,30.17,30.12,30.14,17
2015.03.16,11:00,30.13,30.44,30.13,30.41,72
2015.03.16,12:00,30.41,30.59,30.38,30.58,65
2015.03.16,13:00,30.59,30.59,30.49,30.52,55
2015.03.16,14:00,30.51,30.60,30.50,30.57,52
2015.03.16,15:00,30.56,30.68,30.54,30.64,41
2015.03.16,16:00,30.64,30.78,30.60,30.76,61
2015.03.16,17:00,30.77,30.86,30.71,30.79,59
2015.03.16,18:00,30.79,30.94,30.75,30.94,57
2015.03.16,19:00,30.94,30.97,30.85,30.88,29
2015.03.17,11:00,30.93,31.22,30.92,31.07,108
2015.03.17,12:00,31.07,31.10,30.87,30.91,56
2015.03.17,13:00,30.91,30.93,30.64,30.67,81
2015.03.17,14:00,30.68,30.70,30.42,30.46,69
2015.03.17,15:00,30.45,30.63,30.39,30.57,84
2015.03.17,16:00,30.57,30.59,30.31,30.38,69
2015.03.17,17:00,30.37,30.62,30.33,30.47,100
2015.03.17,18:00,30.46,30.51,30.38,30.49,61
2015.03.17,19:00,30.50,30.51,30.40,30.47,29
2015.03.18,11:00,30.52,30.58,30.35,30.38,97
2015.03.18,12:00,30.38,30.42,30.27,30.31,75
2015.03.18,13:00,30.30,30.31,30.06,30.14,73
2015.03.18,14:00,30.15,30.49,30.14,30.43,76
2015.03.18,15:00,30.44,30.49,30.36,30.45,60
2015.03.18,16:00,30.44,30.66,30.42,30.50,88
2015.03.18,17:00,30.49,30.70,30.48,30.69,62
2015.03.18,18:00,30.70,30.73,30.56,30.61,57
2015.03.18,19:00,30.62,30.69,30.55,30.62,38
2015.03.19,11:00,30.56,31.04,30.52,30.77,145
2015.03.19,12:00,30.78,30.92,30.76,30.89,63
2015.03.19,13:00,30.88,31.14,30.85,31.08,72
2015.03.19,14:00,31.08,31.14,31.06,31.08,41
2015.03.19,15:00,31.07,31.08,30.90,30.91,57
2015.03.19,16:00,30.91,31.11,30.82,31.05,79
2015.03.19,17:00,31.06,31.06,30.73,30.84,76
2015.03.19,18:00,30.83,31.01,30.81,31.01,55
2015.03.19,19:00,31.01,31.10,30.95,31.10,28
2015.03.20,11:00,31.18,31.38,31.06,31.27,90
2015.03.20,12:00,31.27,31.37,31.22,31.26,59
2015.03.20,13:00,31.27,31.46,31.24,31.41,59
2015.03.20,14:00,31.40,31.54,31.39,31.52,47
2015.03.20,15:00,31.50,31.61,31.43,31.58,59
2015.03.20,16:00,31.57,31.60,31.38,31.52,59
2015.03.20,17:00,31.53,31.68,31.47,31.64,60
2015.03.20,18:00,31.64,31.73,31.58,31.72,56
2015.03.20,19:00,31.71,31.78,31.70,31.72,20
2015.03.23,11:00,31.92,32.90,31.66,32.63,199
2015.03.23,12:00,32.64,32.68,32.14,32.14,100
2015.03.23,13:00,32.15,32.19,31.83,31.85,116
2015.03.23,14:00,31.86,31.88,31.61,31.82,94
2015.03.23,15:00,31.81,31.89,31.76,31.79,49
2015.03.23,16:00,31.79,31.84,31.62,31.64,62
2015.03.23,17:00,31.69,31.81,31.63,31.75,60
2015.03.23,18:00,31.76,31.93,31.71,31.77,71
2015.03.23,19:00,31.76,31.86,31.71,31.83,35
2015.03.24,11:00,31.94,32.04,31.58,31.97,152
2015.03.24,12:00,31.96,32.27,31.91,32.15,93
2015.03.24,13:00,32.16,32.31,32.10,32.10,62
2015.03.24,14:00,32.10,32.15,32.00,32.05,54
2015.03.24,15:00,32.04,32.16,32.04,32.07,62
2015.03.24,16:00,32.06,32.18,32.03,32.03,54
2015.03.24,17:00,32.05,32.46,32.04,32.45,73
2015.03.24,18:00,32.44,32.52,32.36,32.46,72
2015.03.24,19:00,32.46,32.51,32.41,32.47,27
2015.03.25,11:00,32.28,32.43,32.22,32.33,93
2015.03.25,12:00,32.32,32.34,32.23,32.26,93
2015.03.25,13:00,32.27,32.44,32.26,32.26,113
2015.03.25,14:00,32.27,32.27,32.00,32.02,84
2015.03.25,15:00,32.02,32.11,31.91,31.99,129
2015.03.25,16:00,31.99,32.19,31.98,32.08,109
2015.03.25,17:00,32.08,32.19,32.05,32.13,116
2015.03.25,18:00,32.14,32.15,31.87,31.94,108
2015.03.25,19:00,31.93,32.00,31.90,32.00,49
2015.03.26,11:00,31.59,31.67,31.27,31.27,215
2015.03.26,12:00,31.27,31.40,31.14,31.38,192
2015.03.26,13:00,31.39,31.66,31.38,31.60,113
2015.03.26,14:00,31.60,31.65,31.32,31.40,146
2015.03.26,15:00,31.40,31.59,31.37,31.55,140
2015.03.26,16:00,31.54,31.60,31.40,31.42,112
2015.03.26,17:00,31.43,31.58,31.33,31.52,135
2015.03.26,18:00,31.52,31.67,31.38,31.67,134
2015.03.26,19:00,31.67,31.73,31.61,31.72,64
2015.03.27,11:00,31.94,31.96,31.53,31.79,243
2015.03.27,12:00,31.77,31.85,31.57,31.63,122
2015.03.27,13:00,31.63,31.81,31.60,31.66,143
2015.03.27,14:00,31.65,31.85,31.64,31.85,97
2015.03.27,15:00,31.85,31.85,31.75,31.82,131
2015.03.27,16:00,31.81,31.84,31.56,31.70,117
2015.03.27,17:00,31.66,31.82,31.64,31.82,151
2015.03.27,18:00,31.82,31.87,31.65,31.70,110
2015.03.27,19:00,31.71,31.71,31.54,31.60,69
2015.03.30,10:00,31.68,32.22,31.48,32.08,279
2015.03.30,11:00,32.09,32.23,32.04,32.10,122
2015.03.30,12:00,32.10,32.16,32.06,32.13,86
2015.03.30,13:00,32.13,32.23,32.12,32.16,81
2015.03.30,14:00,32.16,32.31,32.15,32.24,89
2015.03.30,15:00,32.24,32.34,32.23,32.30,88
2015.03.30,16:00,32.31,32.39,32.25,32.32,99
2015.03.30,17:00,32.33,32.38,32.21,32.33,111
2015.03.30,18:00,32.33,32.36,32.27,32.31,51
2015.03.31,10:00,32.16,32.36,32.07,32.30,180
2015.03.31,11:00,32.30,32.41,32.29,32.33,99
2015.03.31,12:00,32.34,32.34,32.03,32.06,117
2015.03.31,13:00,32.05,32.10,31.96,32.00,118
2015.03.31,14:00,31.97,32.07,31.87,31.97,110
2015.03.31,15:00,31.97,32.04,31.80,32.00,142
2015.03.31,16:00,31.97,32.27,31.95,32.23,156
2015.03.31,17:00,32.22,32.45,32.22,32.31,135
2015.03.31,18:00,32.30,32.41,32.30,32.34,50
2015.04.01,10:00,32.14,32.55,32.07,32.49,211
2015.04.01,11:00,32.49,32.74,32.49,32.74,107
2015.04.01,12:00,32.74,32.91,32.69,32.78,121
2015.04.01,13:00,32.79,32.80,32.75,32.78,75
2015.04.01,14:00,32.77,32.79,32.66,32.72,91
2015.04.01,15:00,32.71,32.77,32.66,32.71,89
2015.04.01,16:00,32.71,32.71,32.31,32.34,130
2015.04.01,17:00,32.31,32.64,32.31,32.57,164
2015.04.01,18:00,32.56,32.72,32.55,32.70,62
2015.04.02,10:00,32.65,32.91,32.56,32.84,174
2015.04.02,11:00,32.85,32.86,32.62,32.71,111
2015.04.02,12:00,32.72,32.74,32.64,32.70,79
2015.04.02,13:00,32.70,32.70,32.61,32.64,70
2015.04.02,14:00,32.64,32.67,32.59,32.66,67
2015.04.02,15:00,32.66,32.71,32.63,32.68,61
2015.04.02,16:00,32.69,32.76,32.63,32.76,72
2015.04.02,17:00,32.76,32.83,32.71,32.82,94
2015.04.02,18:00,32.82,32.86,32.72,32.72,51
2015.04.07,10:00,32.96,33.20,32.91,33.12,144
2015.04.07,11:00,33.11,33.18,32.95,33.01,109
2015.04.07,12:00,33.01,33.13,32.99,33.09,82
2015.04.07,13:00,33.10,33.13,33.07,33.10,64
2015.04.07,14:00,33.10,33.25,33.08,33.16,81
2015.04.07,15:00,33.18,33.26,33.16,33.22,73
2015.04.07,16:00,33.22,33.29,33.17,33.27,70
2015.04.07,17:00,33.28,33.29,33.21,33.22,76
2015.04.07,18:00,33.23,33.23,33.09,33.15,47
2015.04.08,10:00,33.05,33.38,33.04,33.36,152
2015.04.08,11:00,33.37,33.37,33.21,33.29,77
2015.04.08,12:00,33.29,33.39,33.24,33.25,72
2015.04.08,13:00,33.24,33.24,33.12,33.16,78
2015.04.08,14:00,33.16,33.24,33.15,33.22,57
2015.04.08,15:00,33.22,33.29,33.19,33.25,62
2015.04.08,16:00,33.25,33.29,33.07,33.16,90
2015.04.08,17:00,33.17,33.18,32.93,32.97,104
2015.04.08,18:00,32.97,33.00,32.91,32.98,52
2015.04.09,10:00,33.03,33.15,32.67,32.75,184
2015.04.09,11:00,32.75,32.81,32.73,32.76,90
2015.04.09,12:00,32.76,32.82,32.75,32.79,80
2015.04.09,13:00,32.79,32.86,32.78,32.86,64
2015.04.09,14:00,32.86,32.98,32.86,32.89,72
2015.04.09,15:00,32.90,32.90,32.76,32.82,69
2015.04.09,16:00,32.82,32.98,32.80,32.93,78
2015.04.09,17:00,32.94,32.96,32.79,32.84,90
2015.04.09,18:00,32.84,32.96,32.82,32.95,46
2015.04.10,10:00,33.14,33.39,33.01,33.19,183
2015.04.10,11:00,33.18,33.19,33.05,33.08,85
2015.04.10,12:00,33.08,33.22,33.08,33.18,80
2015.04.10,13:00,33.18,33.34,33.15,33.33,62
2015.04.10,14:00,33.32,33.38,33.27,33.33,64
2015.04.10,15:00,33.34,33.41,33.25,33.27,73
2015.04.10,16:00,33.28,33.32,33.08,33.08,102
2015.04.10,17:00,33.08,33.11,32.88,32.92,85
2015.04.10,18:00,32.92,33.03,32.91,33.02,45
2015.04.13,10:00,33.02,33.30,32.94,33.27,169
2015.04.13,11:00,33.27,33.28,33.13,33.21,86
2015.04.13,12:00,33.22,33.29,33.19,33.24,60
2015.04.13,13:00,33.24,33.28,33.21,33.27,47
2015.04.13,14:00,33.26,33.28,33.21,33.24,41
2015.04.13,15:00,33.24,33.26,33.17,33.22,65
2015.04.13,16:00,33.22,33.28,33.21,33.28,62
2015.04.13,17:00,33.28,33.31,33.19,33.22,74
2015.04.13,18:00,33.23,33.26,33.21,33.24,40
2015.04.14,10:00,33.15,33.42,33.11,33.35,137
2015.04.14,11:00,33.34,33.39,33.11,33.12,106
2015.04.14,12:00,33.12,33.12,32.80,32.86,135
2015.04.14,13:00,32.85,32.94,32.70,32.70,77
2015.04.14,14:00,32.70,33.03,32.69,32.93,122
2015.04.14,15:00,32.93,32.99,32.90,32.95,88
2015.04.14,16:00,32.94,32.94,32.75,32.80,108
2015.04.14,17:00,32.79,32.80,32.59,32.64,98
2015.04.14,18:00,32.63,32.71,32.59,32.70,60
2015.04.28,16:00,28.92,28.93,28.92,28.93,4
2015.04.28,16:30,28.92,28.93,28.92,28.93,4
2015.04.29,10:00,28.60,28.89,28.35,28.88,2112
2015.04.29,11:00,28.87,29.07,28.80,29.03,666
2015.04.29,12:00,29.02,29.03,28.79,28.88,489
2015.04.29,13:00,28.87,29.03,28.85,28.88,462
2015.04.29,14:00,28.87,28.90,28.67,28.75,467
2015.04.29,15:00,28.74,28.77,28.35,28.46,805
2015.04.29,16:00,28.45,28.55,28.38,28.44,384
2015.04.30,10:00,28.27,28.37,28.00,28.19,1856
2015.04.30,11:00,28.20,28.75,28.10,28.73,1291
2015.04.30,12:00,28.74,28.77,28.47,28.57,900
2015.04.30,13:00,28.58,28.69,28.50,28.67,512
2015.04.30,14:00,28.66,28.75,28.62,28.66,354
2015.04.30,15:00,28.67,28.94,28.66,28.79,560
2015.04.30,16:00,28.80,28.80,28.64,28.71,260
2015.05.04,10:00,29.00,29.04,28.23,28.29,1435
2015.05.04,11:00,28.30,28.83,28.27,28.75,790
2015.05.04,12:00,28.74,28.81,28.59,28.62,557
2015.05.04,13:00,28.63,28.86,28.62,28.79,389
2015.05.04,14:00,28.80,28.82,28.71,28.76,255
2015.05.04,15:00,28.77,28.83,28.70,28.76,304
2015.05.04,16:00,28.77,28.77,28.64,28.69,187
2015.05.05,10:00,28.81,28.85,28.59,28.84,1095
2015.05.05,11:00,28.85,29.17,28.79,28.98,985
2015.05.05,12:00,28.99,29.08,28.90,29.03,551
2015.05.05,13:00,29.04,29.05,28.73,28.75,498
2015.05.05,14:00,28.76,28.81,28.69,28.76,331
2015.05.05,15:00,28.75,28.80,28.49,28.60,652
2015.05.05,16:00,28.59,28.65,28.51,28.62,396
2015.05.05,17:00,28.58,28.60,28.32,28.34,941
2015.05.05,18:00,28.33,28.36,28.13,28.17,449
2015.05.06,10:00,28.12,28.20,28.07,28.13,81
2015.05.07,10:00,28.22,28.52,28.13,28.27,2738
2015.05.07,11:00,28.26,28.36,28.11,28.16,1517
2015.05.07,12:00,28.17,28.29,27.90,28.26,1727
2015.05.07,13:00,28.27,28.37,28.19,28.35,1172
2015.05.07,14:00,28.35,28.45,28.29,28.43,1030
2015.05.07,15:00,28.43,28.64,28.37,28.42,1318
2015.05.07,16:00,28.43,28.56,28.40,28.44,1448
2015.05.07,17:00,28.40,28.54,28.34,28.49,1390
2015.05.07,18:00,28.50,28.57,28.45,28.49,627
2015.05.08,10:00,28.48,28.61,28.29,28.34,2187
2015.05.08,11:00,28.35,28.37,28.14,28.29,1287
2015.05.08,12:00,28.30,28.33,28.19,28.19,582
2015.05.08,13:00,28.19,28.32,28.14,28.24,549
2015.05.08,14:00,28.23,28.38,28.23,28.37,638
2015.05.08,15:00,28.37,28.53,28.24,28.42,1324
2015.05.08,16:00,28.41,28.52,28.26,28.47,1102
2015.05.08,17:00,28.48,28.70,28.48,28.69,1151
2015.05.08,18:00,28.69,28.82,28.69,28.77,496
2015.05.11,10:00,28.77,28.83,28.63,28.72,1647
2015.05.11,11:00,28.72,28.80,28.65,28.80,1040
2015.05.11,12:00,28.79,28.99,28.76,28.93,870
2015.05.11,13:00,28.92,29.03,28.91,29.01,534
2015.05.11,14:00,29.01,29.11,28.96,29.10,598
2015.05.11,15:00,29.10,29.12,28.99,29.05,464
2015.05.11,16:00,29.05,29.23,29.02,29.22,763
2015.05.11,17:00,29.21,29.26,29.13,29.16,943
2015.05.11,18:00,29.17,29.18,29.05,29.07,322
2015.05.12,10:00,28.75,28.87,28.61,28.74,2034
2015.05.12,11:00,28.74,28.75,28.52,28.62,1254
2015.05.12,12:00,28.63,28.88,28.55,28.84,1507
2015.05.12,13:00,28.85,28.93,28.61,28.62,1092
2015.05.12,14:00,28.62,28.81,28.59,28.69,994
2015.05.12,15:00,28.68,28.79,28.64,28.76,751
2015.05.12,16:00,28.76,28.81,28.66,28.79,1229
2015.05.12,17:00,28.78,28.87,28.60,28.80,1482
2015.05.12,18:00,28.80,28.91,28.76,28.76,520
2015.05.13,10:00,28.95,29.16,28.86,29.13,1631
2015.05.13,11:00,29.14,29.18,29.02,29.02,913
2015.05.13,12:00,29.09,29.12,28.98,29.09,618
2015.05.13,13:00,29.10,29.18,29.06,29.07,613
2015.05.13,14:00,29.05,29.19,28.96,29.19,590
2015.05.13,15:00,29.19,29.25,28.94,29.00,1022
2015.05.13,16:00,28.99,29.15,28.90,29.01,1333
2015.05.13,17:00,29.02,29.07,28.68,28.68,1575
2015.05.13,18:00,28.67,28.78,28.66,28.75,796
2015.05.14,10:00,28.60,28.79,28.39,28.76,1733
2015.05.14,11:00,28.76,28.88,28.59,28.77,1256
2015.05.14,12:00,28.77,28.82,28.59,28.61,771
2015.05.14,13:00,28.61,28.70,28.59,28.68,490
2015.05.14,14:00,28.69,28.91,28.65,28.88,786
2015.05.14,15:00,28.88,28.92,28.80,28.89,663
2015.05.14,16:00,28.90,29.02,28.88,28.97,655
2015.05.14,17:00,28.98,29.16,28.93,29.14,900
2015.05.14,18:00,29.20,29.22,29.12,29.21,438
2015.05.15,10:00,29.21,29.21,28.84,28.89,1583
2015.05.15,11:00,28.90,29.13,28.89,29.10,993
2015.05.15,12:00,29.09,29.20,29.04,29.08,720
2015.05.15,13:00,29.08,29.16,29.06,29.07,605
2015.05.15,14:00,29.06,29.12,28.96,29.08,661
2015.05.15,15:00,29.09,29.11,29.01,29.07,595
2015.05.15,16:00,29.07,29.29,28.92,29.17,1359
2015.05.15,17:00,29.18,29.18,28.85,28.94,1889
2015.05.15,18:00,28.94,29.05,28.92,29.02,329
2015.05.18,10:00,28.00,29.21,28.00,29.04,1838
2015.05.18,11:00,29.05,29.16,28.96,29.12,1028
2015.05.18,12:00,29.08,29.12,28.94,28.97,880
2015.05.18,13:00,28.96,28.98,28.75,28.89,955
2015.05.18,14:00,28.88,28.90,28.63,28.72,912
2015.05.18,15:00,28.72,28.82,28.71,28.75,707
2015.05.18,16:00,28.76,28.94,28.71,28.91,1062
2015.05.18,17:00,28.91,29.08,28.89,28.91,1220
2015.05.18,18:00,28.92,29.00,28.91,28.98,444
2015.05.19,10:00,28.00,29.65,28.00,29.50,2780
2015.05.19,11:00,29.50,29.61,29.45,29.59,994
2015.05.19,12:00,29.59,29.59,29.46,29.48,702
2015.05.19,13:00,29.47,29.54,29.42,29.48,581
2015.05.19,14:00,29.47,29.57,29.47,29.55,468
2015.05.19,15:00,29.56,29.60,29.48,29.49,648
2015.05.19,16:00,29.50,29.54,29.31,29.53,930
2015.05.19,17:00,29.53,29.66,29.48,29.54,1011
2015.05.19,18:00,29.55,29.61,29.52,29.59,535
2015.05.20,10:00,29.56,29.60,28.00,29.44,1913
2015.05.20,11:00,29.45,29.51,29.37,29.45,963
2015.05.20,12:00,29.46,29.53,29.42,29.46,743
2015.05.20,13:00,29.47,29.62,29.45,29.58,617
2015.05.20,14:00,29.58,29.62,29.55,29.60,438
2015.05.20,15:00,29.60,29.63,29.52,29.61,544
2015.05.20,16:00,29.60,29.63,29.49,29.57,777
2015.05.20,17:00,29.58,29.69,29.56,29.66,677
2015.05.20,18:00,29.65,29.73,29.65,29.65,387
2015.05.21,10:00,29.63,29.66,29.00,29.52,1292
2015.05.21,11:00,29.52,29.68,29.52,29.55,1016
2015.05.21,12:00,29.55,29.67,29.52,29.56,649
2015.05.21,13:00,29.56,29.57,29.42,29.49,724
2015.05.21,14:00,29.50,29.54,29.43,29.46,547
2015.05.21,15:00,29.46,29.52,29.41,29.44,583
2015.05.21,16:00,29.44,29.55,29.44,29.50,593
2015.05.21,17:00,29.50,29.56,29.44,29.50,747
2015.05.21,18:00,29.50,29.60,29.48,29.58,331
2015.05.22,10:00,29.57,29.57,28.70,29.00,1140
2015.05.22,11:00,29.01,29.07,28.97,29.05,543
2015.05.22,12:00,29.06,29.08,28.91,28.91,588
2015.05.22,13:00,28.90,28.96,28.86,28.96,501
2015.05.22,14:00,28.96,28.97,28.82,28.90,454
2015.05.22,15:00,28.90,28.95,28.85,28.94,604
2015.05.22,16:00,28.95,28.97,28.89,28.91,556
2015.05.22,17:00,28.92,28.94,28.80,28.83,535
2015.05.22,18:00,28.83,28.86,28.77,28.84,159
2015.05.26,10:00,28.84,29.01,28.22,28.35,2558
2015.05.26,11:00,28.34,28.44,28.30,28.42,1026
2015.05.26,12:00,28.41,28.45,28.34,28.35,401
2015.05.26,13:00,28.34,28.56,28.34,28.47,434
2015.05.26,14:00,28.47,28.49,28.41,28.46,161
2015.05.26,15:00,28.46,28.49,28.24,28.29,638
2015.05.26,16:00,28.29,28.40,28.11,28.18,1400
2015.05.26,17:00,28.18,28.25,28.08,28.09,1376
2015.05.26,18:00,28.10,28.12,28.00,28.07,747
2015.05.27,10:00,28.05,28.37,28.05,28.17,1388
2015.05.27,11:00,28.16,28.25,28.14,28.20,710
2015.05.27,12:00,28.21,28.33,28.17,28.19,695
2015.05.27,13:00,28.20,28.23,28.09,28.20,777
2015.05.27,14:00,28.20,28.25,28.17,28.21,505
2015.05.27,15:00,28.22,28.26,28.12,28.13,564
2015.05.27,16:00,28.12,28.56,28.03,28.45,770
2015.05.27,17:00,28.46,28.51,28.27,28.39,891
2015.05.27,18:00,28.40,28.44,28.31,28.36,337
2015.05.28,10:00,28.15,28.25,28.05,28.17,528
2015.05.28,11:00,28.16,28.36,28.14,28.31,323
2015.05.28,12:00,28.30,28.36,28.20,28.24,291
2015.05.28,13:00,28.23,28.25,28.12,28.13,340
2015.05.28,14:00,28.14,28.17,28.05,28.08,160
2015.05.28,15:00,28.07,28.15,28.05,28.08,238
2015.05.28,16:00,28.07,28.15,28.00,28.02,359
2015.05.28,17:00,28.03,28.05,27.75,27.79,600
2015.05.28,18:00,27.80,27.99,27.77,27.97,261
2015.05.29,10:00,28.05,28.11,27.61,27.85,1266
2015.05.29,11:00,27.85,27.85,27.62,27.76,544
2015.05.29,12:00,27.75,27.75,27.43,27.58,495
2015.05.29,13:00,27.59,27.86,27.57,27.69,544
2015.05.29,14:00,27.70,27.81,27.69,27.81,231
2015.05.29,15:00,27.82,27.82,27.54,27.56,473
2015.05.29,16:00,27.55,27.71,27.50,27.56,547
2015.05.29,17:00,27.57,27.62,27.39,27.58,847
2015.05.29,18:00,27.57,27.59,27.36,27.37,300
2015.06.01,10:00,27.46,27.58,27.35,27.48,829
2015.06.01,11:00,27.47,27.48,27.17,27.34,754
2015.06.01,12:00,27.33,27.36,27.09,27.14,653
2015.06.01,13:00,27.13,27.25,27.04,27.07,507
2015.06.01,14:00,27.06,27.41,27.05,27.25,610
2015.06.01,15:00,27.26,27.29,27.18,27.21,405
2015.06.01,16:00,27.22,27.32,27.14,27.24,572
2015.06.01,17:00,27.24,27.35,27.14,27.27,853
2015.06.01,18:00,27.28,27.32,27.17,27.23,298
2015.06.02,10:00,27.26,27.38,27.14,27.26,1050
2015.06.02,11:00,27.25,27.36,27.04,27.09,1006
2015.06.02,12:00,27.08,27.43,27.05,27.33,844
2015.06.02,13:00,27.32,27.62,27.31,27.56,782
2015.06.02,14:00,27.55,27.64,27.49,27.62,513
2015.06.02,15:00,27.61,27.85,27.48,27.79,773
2015.06.02,16:00,27.78,27.82,27.51,27.71,960
2015.06.02,17:00,27.72,27.89,27.69,27.79,840
2015.06.02,18:00,27.78,27.82,27.65,27.65,340
2015.06.03,10:00,27.88,28.05,27.75,27.89,1606
2015.06.03,11:00,27.90,27.91,27.65,27.71,579
2015.06.03,12:00,27.71,27.81,27.69,27.76,432
2015.06.03,13:00,27.75,27.86,27.72,27.82,403
2015.06.03,14:00,27.83,28.13,27.83,28.05,493
2015.06.03,15:00,28.06,28.17,28.00,28.02,588
2015.06.03,16:00,28.01,28.06,27.85,28.04,1000
2015.06.03,17:00,28.05,28.19,27.95,28.16,911
2015.06.03,18:00,28.15,28.21,27.99,28.01,391
2015.06.04,10:00,27.92,28.05,27.71,27.73,1533
2015.06.04,11:00,27.72,27.83,27.61,27.83,1255
2015.06.04,12:00,27.84,27.91,27.78,27.87,581
2015.06.04,13:00,27.88,27.94,27.81,27.88,312
2015.06.04,14:00,27.88,28.03,27.81,28.01,421
2015.06.04,15:00,28.02,28.12,27.96,28.09,470
2015.06.04,16:00,28.08,28.28,27.95,28.27,942
2015.06.04,17:00,28.27,28.38,28.13,28.13,743
2015.06.04,18:00,28.14,28.20,28.03,28.14,311
2015.06.05,10:00,27.97,28.06,27.84,27.88,1397
2015.06.05,11:00,27.87,27.95,27.74,27.76,607
2015.06.05,12:00,27.77,27.84,27.69,27.69,345
2015.06.05,13:00,27.70,27.70,27.53,27.67,591
2015.06.05,14:00,27.67,27.72,27.59,27.62,260
2015.06.05,15:00,27.63,27.77,27.56,27.74,636
2015.06.05,16:00,27.73,27.78,27.37,27.54,1348
2015.06.05,17:00,27.53,27.79,27.51,27.64,748
2015.06.05,18:00,27.63,27.67,27.57,27.63,400
2015.06.08,10:00,29.58,29.84,29.23,29.34,4254
2015.06.08,11:00,29.35,29.35,29.13,29.24,1240
2015.06.08,12:00,29.23,29.40,29.21,29.30,586
2015.06.08,13:00,29.29,29.31,29.14,29.16,409
2015.06.08,14:00,29.16,29.16,28.99,29.02,459
2015.06.08,15:00,29.03,29.04,28.94,29.00,478
2015.06.08,16:00,28.99,29.00,28.81,28.95,1025
2015.06.08,17:00,28.96,29.00,28.89,28.91,755
2015.06.08,18:00,28.90,28.91,28.66,28.67,546
2015.06.09,10:00,28.50,28.69,28.41,28.55,1407
2015.06.09,11:00,28.54,28.56,28.16,28.19,851
2015.06.09,12:00,28.18,28.21,27.63,27.74,984
2015.06.09,13:00,27.75,27.99,27.73,27.96,688
2015.06.09,14:00,27.97,28.03,27.83,27.83,491
2015.06.09,15:00,27.84,27.84,27.65,27.74,530
2015.06.09,16:00,27.73,27.80,27.60,27.62,786
2015.06.09,17:00,27.61,27.82,27.53,27.82,965
2015.06.09,18:00,27.83,27.97,27.80,27.86,396
2015.06.10,10:00,27.61,27.94,27.51,27.81,1290
2015.06.10,11:00,27.80,28.01,27.73,27.95,858
2015.06.10,12:00,27.94,28.14,27.85,28.08,641
2015.06.10,13:00,28.09,28.17,28.00,28.13,548
2015.06.10,14:00,28.13,28.23,28.09,28.18,363
2015.06.10,15:00,28.19,28.22,28.03,28.05,415
2015.06.10,16:00,28.04,28.15,28.04,28.15,700
2015.06.10,17:00,28.16,28.20,28.06,28.20,489
2015.06.10,18:00,28.21,28.53,28.10,28.52,864
2015.06.11,14:00,28.74,28.78,28.72,28.73,53
2015.06.12,10:00,28.49,28.78,28.44,28.69,946
2015.06.12,11:00,28.70,28.72,28.47,28.58,610
2015.06.12,12:00,28.57,28.83,28.53,28.74,663
2015.06.12,13:00,28.75,28.80,28.58,28.67,369
2015.06.12,14:00,28.68,28.69,28.41,28.52,591
2015.06.12,15:00,28.53,28.55,28.36,28.37,488
2015.06.12,16:00,28.36,28.44,28.11,28.16,775
2015.06.12,17:00,28.17,28.28,27.97,28.02,1013
2015.06.12,18:00,28.01,28.49,27.99,28.41,812
2015.06.15,10:00,28.50,28.53,27.91,27.91,1109
2015.06.15,11:00,27.91,27.99,27.90,27.94,562
2015.06.15,12:00,27.95,27.98,27.78,27.81,462
2015.06.15,13:00,27.82,27.89,27.65,27.72,514
2015.06.15,14:00,27.72,27.74,27.52,27.61,483
2015.06.15,15:00,27.60,27.62,27.50,27.53,584
2015.06.15,16:00,27.54,27.76,27.50,27.64,857
2015.06.15,17:00,27.63,27.72,27.58,27.65,722
2015.06.15,18:00,27.66,27.85,27.66,27.72,459
2015.06.16,10:00,27.48,27.54,27.08,27.21,1529
2015.06.16,11:00,27.20,27.41,27.20,27.31,896
2015.06.16,12:00,27.30,27.34,27.17,27.20,531
2015.06.16,13:00,27.21,27.37,27.15,27.37,456
2015.06.16,14:00,27.36,27.60,27.34,27.48,689
2015.06.16,15:00,27.49,27.55,27.40,27.52,401
2015.06.16,16:00,27.53,27.70,27.47,27.68,490
2015.06.16,17:00,27.67,27.72,27.52,27.57,586
2015.06.16,18:00,27.58,27.80,27.55,27.70,334
2015.06.17,10:00,27.69,27.78,27.42,27.51,898
2015.06.17,11:00,27.51,27.84,27.48,27.84,568
2015.06.17,12:00,27.83,27.91,27.78,27.85,430
2015.06.17,13:00,27.84,27.91,27.68,27.73,332
2015.06.17,14:00,27.72,27.78,27.48,27.52,588
2015.06.17,15:00,27.53,27.75,27.51,27.71,389
2015.06.17,16:00,27.72,27.86,27.70,27.70,375
2015.06.17,17:00,27.71,27.88,27.69,27.83,641
2015.06.17,18:00,27.84,27.84,27.61,27.63,369
2015.06.18,10:00,27.45,27.53,27.25,27.34,1026
2015.06.18,11:00,27.35,27.37,27.11,27.15,732
2015.06.18,12:00,27.14,27.23,26.99,27.16,835
2015.06.18,13:00,27.17,27.40,27.15,27.31,882
2015.06.18,14:00,27.30,27.39,27.14,27.22,419
2015.06.18,15:00,27.21,27.29,27.17,27.21,353
2015.06.18,16:00,27.20,27.32,27.11,27.15,667
2015.06.18,17:00,27.16,27.28,26.99,27.13,763
2015.06.18,18:00,27.14,27.26,27.11,27.18,358
2015.06.19,10:00,27.36,27.42,27.20,27.29,962
2015.06.19,11:00,27.30,27.39,27.24,27.24,446
2015.06.19,12:00,27.25,27.31,27.08,27.12,633
2015.06.19,13:00,27.13,27.28,27.13,27.20,384
2015.06.19,14:00,27.21,27.21,26.97,27.10,694
2015.06.19,15:00,27.11,27.17,27.01,27.06,541
2015.06.19,16:00,27.07,27.09,26.75,26.75,955
2015.06.19,17:00,26.74,26.82,26.60,26.63,872
2015.06.19,18:00,26.64,26.88,26.59,26.72,374
2015.06.22,10:00,27.25,27.52,27.21,27.49,1198
2015.06.22,11:00,27.50,27.68,27.44,27.44,781
2015.06.22,12:00,27.45,27.65,27.40,27.56,413
2015.06.22,13:00,27.57,27.67,27.39,27.42,541
2015.06.22,14:00,27.41,27.61,27.40,27.57,495
2015.06.22,15:00,27.56,27.61,27.42,27.47,579
2015.06.22,16:00,27.46,27.68,27.39,27.49,1033
2015.06.22,17:00,27.50,27.88,27.46,27.87,902
2015.06.22,18:00,27.86,27.88,27.71,27.75,400
2015.06.23,10:00,28.01,28.14,27.84,28.10,917
2015.06.23,11:00,28.09,28.29,28.08,28.25,478
2015.06.23,12:00,28.26,28.28,28.16,28.27,392
2015.06.23,13:00,28.26,28.36,28.21,28.24,323
2015.06.23,14:00,28.24,28.24,28.10,28.17,350
2015.06.23,15:00,28.18,28.23,28.03,28.03,348
2015.06.23,16:00,28.04,28.30,28.03,28.27,364
2015.06.23,17:00,28.28,28.30,28.12,28.17,520
2015.06.23,18:00,28.16,28.20,28.04,28.09,330
2015.06.24,10:00,28.23,28.34,28.07,28.16,620
2015.06.24,11:00,28.15,28.22,27.98,28.05,532
2015.06.24,12:00,28.04,28.09,27.65,27.71,1407
2015.06.24,13:00,27.72,27.95,27.71,27.84,891
2015.06.24,14:00,27.84,27.94,27.78,27.80,370
2015.06.24,15:00,27.79,27.83,27.73,27.80,391
2015.06.24,16:00,27.81,28.04,27.79,27.98,468
2015.06.24,17:00,27.97,28.06,27.93,28.03,463
2015.06.24,18:00,28.02,28.05,27.95,28.04,248
2015.06.25,10:00,27.88,28.14,27.85,28.05,590
2015.06.25,11:00,28.06,28.30,28.04,28.20,598
2015.06.25,12:00,28.19,28.25,28.01,28.11,674
2015.06.25,13:00,28.11,28.48,28.11,28.38,903
2015.06.25,14:00,28.38,28.48,28.21,28.28,495
2015.06.25,15:00,28.27,28.34,28.20,28.25,347
2015.06.25,16:00,28.24,28.25,27.94,28.14,1004
2015.06.25,17:00,28.13,28.31,28.11,28.29,467
2015.06.25,18:00,28.30,28.46,28.28,28.42,229
2015.06.26,10:00,28.24,28.29,28.09,28.25,832
2015.06.26,11:00,28.24,28.32,28.21,28.27,413
2015.06.26,12:00,28.26,28.44,28.24,28.28,371
2015.06.26,13:00,28.29,28.45,28.27,28.45,314
2015.06.26,14:00,28.44,28.62,28.41,28.53,397
2015.06.26,15:00,28.54,28.61,28.46,28.57,294
2015.06.26,16:00,28.58,28.97,28.45,28.96,603
2015.06.26,17:00,28.97,29.00,28.71,28.78,595
2015.06.26,18:00,28.77,28.89,28.76,28.87,233
2015.06.29,10:00,27.04,27.36,26.90,27.25,2218
2015.06.29,11:00,27.26,27.62,27.20,27.55,1055
2015.06.29,12:00,27.54,27.55,27.31,27.35,720
2015.06.29,13:00,27.34,27.35,27.16,27.19,548
2015.06.29,14:00,27.18,27.27,27.09,27.25,353
2015.06.29,15:00,27.24,27.52,27.18,27.41,490
2015.06.29,16:00,27.42,27.73,27.42,27.54,797
2015.06.29,17:00,27.55,27.59,27.34,27.34,732
2015.06.29,18:00,27.33,27.36,27.12,27.13,478
2015.06.30,10:00,27.10,27.19,26.76,27.01,1257
2015.06.30,11:00,27.00,27.04,26.70,26.86,900
2015.06.30,12:00,26.87,27.28,26.87,27.19,1306
2015.06.30,13:00,27.18,27.41,27.03,27.18,1077
2015.06.30,14:00,27.17,27.31,27.13,27.27,492
2015.06.30,15:00,27.28,27.39,27.17,27.34,467
2015.06.30,16:00,27.35,27.42,27.05,27.07,1161
2015.06.30,17:00,27.06,27.21,26.97,27.17,1157
2015.06.30,18:00,27.18,27.31,27.05,27.05,510
2015.07.01,10:00,27.09,27.33,27.09,27.28,788
2015.07.01,11:00,27.27,27.56,27.11,27.54,661
2015.07.01,12:00,27.55,27.97,27.43,27.80,1990
2015.07.01,13:00,27.79,28.02,27.72,27.95,593
2015.07.01,14:00,27.96,28.28,27.91,28.25,368
2015.07.01,15:00,28.26,28.38,28.22,28.28,374
2015.07.01,16:00,28.27,28.39,28.19,28.39,422
2015.07.01,17:00,28.40,28.49,28.01,28.16,1093
2015.07.01,18:00,28.17,28.31,28.12,28.22,360
2015.07.02,10:00,28.24,28.45,28.17,28.25,749
2015.07.02,11:00,28.24,28.28,28.18,28.22,397
2015.07.02,12:00,28.23,28.41,28.15,28.33,311
2015.07.02,13:00,28.33,28.47,28.33,28.43,192
2015.07.02,14:00,28.44,28.53,28.41,28.51,138
2015.07.02,15:00,28.52,28.62,28.43,28.44,294
2015.07.02,16:00,28.43,28.48,28.31,28.37,518
2015.07.02,17:00,28.35,28.40,28.25,28.37,444
2015.07.02,18:00,28.36,28.40,28.26,28.34,277
2015.07.03,10:00,28.30,28.36,28.13,28.17,761
2015.07.03,11:00,28.17,28.22,27.89,27.97,431
2015.07.03,12:00,27.96,28.09,27.88,28.04,354
2015.07.03,13:00,28.05,28.15,28.03,28.12,246
2015.07.03,14:00,28.11,28.20,28.09,28.14,189
2015.07.03,15:00,28.15,28.25,28.04,28.18,281
2015.07.03,16:00,28.17,28.26,28.06,28.14,299
2015.07.03,17:00,28.13,28.30,28.11,28.26,283
2015.07.03,18:00,28.27,28.34,28.14,28.14,264
2015.07.06,10:00,27.34,27.60,27.26,27.46,1637
2015.07.06,11:00,27.47,27.58,27.26,27.53,641
2015.07.06,12:00,27.52,27.70,27.47,27.57,501
2015.07.06,13:00,27.58,27.60,27.30,27.33,450
2015.07.06,14:00,27.32,27.41,27.20,27.22,279
2015.07.06,15:00,27.23,27.28,27.06,27.08,345
2015.07.06,16:00,27.09,27.26,27.03,27.26,492
2015.07.06,17:00,27.25,27.49,27.20,27.40,528
2015.07.06,18:00,27.41,27.45,27.26,27.27,405
2015.07.07,10:00,27.39,27.45,27.34,27.39,634
2015.07.07,11:00,27.40,27.46,27.33,27.41,467
2015.07.07,12:00,27.40,27.49,27.30,27.37,327
2015.07.07,13:00,27.38,27.39,27.15,27.16,402
2015.07.07,14:00,27.15,27.20,27.03,27.10,422
2015.07.07,15:00,27.11,27.25,27.10,27.10,347
2015.07.07,16:00,27.11,27.21,27.02,27.09,602
2015.07.07,17:00,27.08,27.10,26.73,26.78,964
2015.07.07,18:00,26.77,26.78,26.67,26.68,581
2015.07.08,10:00,26.64,27.02,26.54,27.01,1249
2015.07.08,11:00,27.01,27.11,26.81,26.98,949
2015.07.08,12:00,26.99,27.06,26.80,26.87,549
2015.07.08,13:00,26.87,26.95,26.77,26.91,397
2015.07.08,14:00,26.91,27.09,26.91,27.02,407
2015.07.08,15:00,27.03,27.11,26.91,26.95,399
2015.07.08,16:00,26.94,26.98,26.83,26.84,449
2015.07.08,17:00,26.83,27.05,26.73,27.00,723
2015.07.08,18:00,27.01,27.03,26.89,26.92,279
2015.07.09,10:00,27.00,27.31,26.98,27.24,607
2015.07.09,11:00,27.25,27.37,27.22,27.35,292
2015.07.09,12:00,27.36,27.55,27.31,27.47,479
2015.07.09,13:00,27.48,27.50,27.39,27.46,316
2015.07.09,14:00,27.45,27.69,27.45,27.58,409
2015.07.09,15:00,27.58,27.60,27.48,27.53,286
2015.07.09,16:00,27.54,27.55,27.40,27.48,550
2015.07.09,17:00,27.49,27.52,27.28,27.44,534
2015.07.09,18:00,27.43,27.53,27.40,27.47,324
2015.07.10,10:00,27.90,28.38,27.83,28.36,1069
2015.07.10,11:00,28.35,28.38,28.11,28.31,671
2015.07.10,12:00,28.30,28.56,28.30,28.48,583
2015.07.10,13:00,28.49,28.58,28.43,28.52,334
2015.07.10,14:00,28.51,28.62,28.50,28.59,292
2015.07.10,15:00,28.58,28.59,28.49,28.58,324
2015.07.10,16:00,28.59,28.63,28.33,28.34,375
2015.07.10,17:00,28.35,28.51,28.34,28.42,448
2015.07.10,18:00,28.43,28.59,28.42,28.58,295
2015.07.13,10:00,28.90,29.14,28.85,29.01,1529
2015.07.13,11:00,29.00,29.23,28.96,29.23,518
2015.07.13,12:00,29.24,29.40,29.23,29.37,311
2015.07.13,13:00,29.36,29.43,29.25,29.30,324
2015.07.13,14:00,29.30,29.36,29.27,29.32,241
2015.07.13,15:00,29.31,29.40,29.20,29.33,343
2015.07.13,16:00,29.32,29.47,29.32,29.45,345
2015.07.13,17:00,29.46,29.56,29.44,29.51,330
2015.07.13,18:00,29.52,29.53,29.43,29.47,235
2015.07.14,10:00,29.45,29.58,29.43,29.44,675
2015.07.14,11:00,29.44,29.53,29.39,29.47,356
2015.07.14,12:00,29.46,29.48,29.36,29.36,205
2015.07.14,13:00,29.37,29.44,29.35,29.44,216
2015.07.14,14:00,29.43,29.57,29.43,29.53,223
2015.07.14,15:00,29.54,29.56,29.45,29.46,189
2015.07.14,16:00,29.45,29.54,29.43,29.49,231
2015.07.14,17:00,29.50,29.65,29.49,29.63,310
2015.07.14,18:00,29.64,29.73,29.63,29.70,156
2015.07.15,10:00,29.65,29.85,29.64,29.78,542
2015.07.15,11:00,29.77,29.99,29.75,29.97,211
2015.07.15,12:00,29.98,30.01,29.81,29.87,207
2015.07.15,13:00,29.87,29.99,29.86,29.95,173
2015.07.15,14:00,29.95,30.03,29.90,29.96,179
2015.07.15,15:00,29.95,30.04,29.90,29.99,215
2015.07.15,16:00,29.99,30.04,29.90,29.96,257
2015.07.15,17:00,29.97,30.05,29.92,30.01,254
2015.07.15,18:00,30.01,30.03,29.94,30.00,174
2015.07.16,10:00,30.20,30.64,30.20,30.58,780
2015.07.16,11:00,30.57,30.65,30.46,30.59,402
2015.07.16,12:00,30.59,30.61,30.49,30.55,282
2015.07.16,13:00,30.54,30.54,30.38,30.41,178
2015.07.16,14:00,30.40,30.48,30.34,30.40,194
2015.07.16,15:00,30.39,30.56,30.32,30.52,331
2015.07.16,16:00,30.52,30.58,30.43,30.52,393
2015.07.16,17:00,30.53,30.59,30.42,30.58,331
2015.07.16,18:00,30.59,30.59,30.45,30.51,215
2015.07.17,10:00,30.58,30.59,30.34,30.34,517
2015.07.17,11:00,30.33,30.36,30.18,30.32,293
2015.07.17,12:00,30.33,30.37,30.27,30.31,291
2015.07.17,13:00,30.32,30.43,30.28,30.41,169
2015.07.17,14:00,30.40,30.42,30.31,30.36,188
2015.07.17,15:00,30.37,30.44,30.35,30.35,171
2015.07.17,16:00,30.36,30.42,30.34,30.37,195
2015.07.17,17:00,30.36,30.39,30.25,30.33,248
2015.07.17,18:00,30.33,30.40,30.33,30.39,137
2015.07.20,10:00,30.32,30.53,30.32,30.52,202
2015.07.20,11:00,30.53,30.83,30.53,30.78,283
2015.07.20,12:00,30.79,30.94,30.74,30.94,209
2015.07.20,13:00,30.95,30.95,30.77,30.89,143
2015.07.20,14:00,30.88,30.91,30.82,30.87,104
2015.07.20,15:00,30.86,30.89,30.84,30.88,119
2015.07.20,16:00,30.89,30.91,30.81,30.88,154
2015.07.20,17:00,30.89,30.94,30.80,30.90,269
2015.07.20,18:00,30.91,30.95,30.90,30.92,129
2015.07.21,10:00,30.82,30.89,30.75,30.84,507
2015.07.21,11:00,30.83,30.91,30.80,30.84,186
2015.07.21,12:00,30.85,30.88,30.81,30.81,124
2015.07.21,13:00,30.82,30.86,30.79,30.80,83
2015.07.21,14:00,30.79,30.83,30.76,30.76,98
2015.07.21,15:00,30.76,30.80,30.69,30.71,136
2015.07.21,16:00,30.70,30.73,30.59,30.65,336
2015.07.21,17:00,30.66,30.69,30.43,30.52,416
2015.07.21,18:00,30.51,30.62,30.51,30.60,205
2015.07.22,10:00,30.34,30.51,30.17,30.51,712
2015.07.22,11:00,30.52,30.72,30.47,30.66,289
2015.07.22,12:00,30.67,30.74,30.60,30.74,221
2015.07.22,13:00,30.75,30.79,30.70,30.70,143
2015.07.22,14:00,30.70,30.74,30.62,30.62,176
2015.07.22,15:00,30.62,30.72,30.52,30.64,241
2015.07.22,16:00,30.64,30.83,30.62,30.80,250
2015.07.22,17:00,30.81,30.89,30.73,30.85,281
2015.07.22,18:00,30.84,30.85,30.68,30.68,153
2015.07.23,10:00,30.78,30.97,30.78,30.96,581
2015.07.23,11:00,30.95,30.96,30.81,30.87,253
2015.07.23,12:00,30.86,30.89,30.80,30.87,160
2015.07.23,13:00,30.88,30.91,30.82,30.88,171
2015.07.23,14:00,30.88,30.97,30.84,30.97,207
2015.07.23,15:00,30.96,31.13,30.96,31.11,192
2015.07.23,16:00,31.10,31.13,30.89,30.92,439
2015.07.23,17:00,30.91,31.06,30.83,30.97,415
2015.07.23,18:00,30.98,30.99,30.85,30.88,182
2015.07.24,10:00,30.93,30.94,30.73,30.87,532
2015.07.24,11:00,30.87,31.08,30.87,31.01,331
2015.07.24,12:00,31.02,31.03,30.90,31.00,181
2015.07.24,13:00,30.99,31.02,30.91,30.97,184
2015.07.24,14:00,30.96,31.00,30.94,30.99,137
2015.07.24,15:00,31.00,31.02,30.87,30.92,249
2015.07.24,16:00,30.91,30.96,30.81,30.94,418
2015.07.24,17:00,30.95,30.96,30.72,30.78,554
2015.07.24,18:00,30.77,30.86,30.67,30.67,256
2015.07.27,10:00,30.17,30.23,29.75,29.77,1279
2015.07.27,11:00,29.78,29.93,29.71,29.87,500
2015.07.27,12:00,29.88,29.90,29.75,29.77,314
2015.07.27,13:00,29.76,29.79,29.71,29.73,187
2015.07.27,14:00,29.72,29.73,29.60,29.60,326
2015.07.27,15:00,29.61,29.68,29.46,29.67,320
2015.07.27,16:00,29.68,29.69,29.44,29.54,500
2015.07.27,17:00,29.53,29.66,29.45,29.49,443
2015.07.27,18:00,29.50,29.59,29.48,29.54,226
2015.07.28,10:00,29.69,29.72,29.53,29.58,831
2015.07.28,11:00,29.59,29.83,29.58,29.82,440
2015.07.28,12:00,29.81,29.90,29.74,29.88,278
2015.07.28,13:00,29.89,29.99,29.88,29.97,164
2015.07.28,14:00,29.96,30.04,29.95,30.01,168
2015.07.28,15:00,30.02,30.07,29.97,30.03,206
2015.07.28,16:00,30.04,30.08,29.85,29.85,311
2015.07.28,17:00,29.84,29.92,29.68,29.90,367
2015.07.28,18:00,29.91,29.95,29.87,29.88,168
2015.07.29,10:00,29.90,30.18,29.90,29.94,760
2015.07.29,11:00,29.94,30.00,29.76,29.91,412
2015.07.29,12:00,29.90,30.10,29.88,30.01,263
2015.07.29,13:00,30.00,30.09,29.96,30.01,222
2015.07.29,14:00,30.00,30.05,29.89,29.98,263
2015.07.29,15:00,29.99,30.06,29.93,29.99,322
2015.07.29,16:00,29.98,30.14,29.98,30.08,317
2015.07.29,17:00,30.07,30.24,30.04,30.18,333
2015.07.29,18:00,30.17,30.23,30.14,30.22,135
2015.07.30,10:00,31.00,31.33,30.90,31.08,1831
2015.07.30,11:00,31.07,31.11,30.96,31.05,746
2015.07.30,12:00,31.04,31.14,30.97,31.13,295
2015.07.30,13:00,31.13,31.19,31.09,31.17,248
2015.07.30,14:00,31.16,31.21,31.16,31.18,167
2015.07.30,15:00,31.17,31.23,31.06,31.17,360
2015.07.30,16:00,31.17,31.57,31.12,31.45,983
2015.07.30,17:00,31.44,31.72,31.44,31.66,578
2015.07.30,18:00,31.67,31.88,31.64,31.84,372
2015.07.31,10:00,31.61,32.02,31.57,31.95,792
2015.07.31,11:00,31.96,32.03,31.91,31.97,304
2015.07.31,12:00,31.98,31.99,31.92,31.98,222
2015.07.31,13:00,31.99,31.99,31.93,31.98,145
2015.07.31,14:00,31.97,31.98,31.88,31.90,193
2015.07.31,15:00,31.91,31.99,31.84,31.90,258
2015.07.31,16:00,31.89,31.90,31.62,31.75,405
2015.07.31,17:00,31.74,31.96,31.70,31.93,538
2015.07.31,18:00,31.94,31.99,31.86,31.95,224
2015.08.03,10:00,31.90,32.04,31.73,32.02,693
2015.08.03,11:00,32.03,32.08,31.85,32.00,564
2015.08.03,12:00,32.01,32.07,31.90,31.94,249
2015.08.03,13:00,31.95,32.14,31.90,32.09,232
2015.08.03,14:00,32.08,32.29,32.08,32.20,275
2015.08.03,15:00,32.19,32.27,32.17,32.26,344
2015.08.03,16:00,32.25,32.30,32.03,32.07,426
2015.08.03,17:00,32.08,32.08,31.90,32.00,468
2015.08.03,18:00,32.01,32.02,31.91,31.99,228
2015.08.04,10:00,31.81,31.89,31.64,31.69,503
2015.08.04,11:00,31.68,31.79,31.58,31.60,287
2015.08.04,12:00,31.59,31.60,31.43,31.44,273
2015.08.04,13:00,31.44,31.46,31.14,31.22,339
2015.08.04,14:00,31.21,31.29,31.16,31.20,228
2015.08.04,15:00,31.21,31.23,31.00,31.17,229
2015.08.04,16:00,31.18,31.19,31.04,31.13,354
2015.08.04,17:00,31.14,31.18,31.05,31.07,312
2015.08.04,18:00,31.08,31.23,31.07,31.22,171
2015.08.05,10:00,31.37,31.43,31.27,31.38,631
2015.08.05,11:00,31.39,31.43,31.33,31.37,284
2015.08.05,12:00,31.38,31.45,31.36,31.39,198
2015.08.05,13:00,31.40,31.42,31.33,31.39,189
2015.08.05,14:00,31.38,31.39,31.33,31.34,156
2015.08.05,15:00,31.35,31.41,31.25,31.26,248
2015.08.05,16:00,31.25,31.33,31.23,31.28,280
2015.08.05,17:00,31.30,31.39,31.29,31.30,332
2015.08.05,18:00,31.31,31.40,31.28,31.40,131
2015.08.06,10:00,31.31,31.32,31.13,31.19,459
2015.08.06,11:00,31.20,31.33,31.15,31.16,233
2015.08.06,12:00,31.17,31.20,31.07,31.07,154
2015.08.06,13:00,31.08,31.15,31.07,31.14,178
2015.08.06,14:00,31.13,31.23,31.12,31.15,144
2015.08.06,15:00,31.14,31.23,31.11,31.22,159
2015.08.06,16:00,31.21,31.25,31.09,31.10,248
2015.08.06,17:00,31.11,31.20,31.09,31.19,248
2015.08.06,18:00,31.18,31.21,31.10,31.10,112
2015.08.07,10:00,31.12,31.16,30.96,31.10,565
2015.08.07,11:00,31.09,31.23,31.06,31.23,241
2015.08.07,12:00,31.24,31.25,31.11,31.12,157
2015.08.07,13:00,31.11,31.15,31.06,31.10,142
2015.08.07,14:00,31.09,31.12,31.02,31.05,179
2015.08.07,15:00,31.06,31.13,30.98,31.13,474
2015.08.07,16:00,31.12,31.13,30.90,30.99,514
2015.08.07,17:00,30.98,30.99,30.72,30.76,557
2015.08.07,18:00,30.75,30.80,30.67,30.73,323
2015.08.10,10:00,30.84,30.87,30.37,30.49,485
2015.08.10,11:00,30.50,30.70,30.46,30.68,425
2015.08.10,12:00,30.69,30.70,30.53,30.62,263
2015.08.10,13:00,30.63,30.77,30.59,30.73,178
2015.08.10,14:00,30.72,30.77,30.68,30.71,148
2015.08.10,15:00,30.72,30.80,30.70,30.73,206
2015.08.10,16:00,30.74,30.88,30.72,30.84,337
2015.08.10,17:00,30.85,30.86,30.77,30.78,311
2015.08.10,18:00,30.79,30.90,30.78,30.83,143
2015.08.11,10:00,30.77,30.87,30.67,30.74,497
2015.08.11,11:00,30.75,30.84,30.48,30.54,353
2015.08.11,12:00,30.54,30.64,30.41,30.42,325
2015.08.11,13:00,30.43,30.62,30.37,30.57,308
2015.08.11,14:00,30.56,30.62,30.51,30.57,308
2015.08.11,15:00,30.56,30.56,30.35,30.37,305
2015.08.11,16:00,30.36,30.44,30.28,30.34,545
2015.08.11,17:00,30.33,30.37,30.23,30.24,544
2015.08.11,18:00,30.23,30.31,30.20,30.25,205
2015.08.12,10:00,30.03,30.03,29.44,29.64,1340
2015.08.12,11:00,29.63,29.73,29.40,29.45,817
2015.08.12,12:00,29.44,29.59,29.42,29.51,420
2015.08.12,13:00,29.50,29.66,29.50,29.56,401
2015.08.12,14:00,29.55,29.60,29.47,29.48,315
2015.08.12,15:00,29.49,29.53,29.37,29.37,302
2015.08.12,16:00,29.38,29.39,29.07,29.12,546
2015.08.12,17:00,29.11,29.11,28.89,28.98,888
2015.08.12,18:00,28.99,29.06,28.94,29.05,354
2015.08.13,10:00,29.48,29.51,29.36,29.38,604
2015.08.13,11:00,29.39,29.46,29.24,29.44,516
2015.08.13,12:00,29.43,29.50,29.40,29.49,267
2015.08.13,13:00,29.48,29.60,29.47,29.58,235
2015.08.13,14:00,29.58,29.71,29.57,29.57,199
2015.08.13,15:00,29.56,29.61,29.45,29.46,308
2015.08.13,16:00,29.47,29.51,29.36,29.44,635
2015.08.13,17:00,29.43,29.50,29.37,29.39,571
2015.08.13,18:00,29.38,29.41,29.24,29.28,395
2015.08.14,10:00,29.17,29.27,28.94,29.21,782
2015.08.14,11:00,29.22,29.24,29.05,29.07,355
2015.08.14,12:00,29.06,29.13,28.87,28.97,398
2015.08.14,13:00,28.96,29.01,28.70,28.74,282
2015.08.14,14:00,28.73,28.78,28.63,28.76,342
2015.08.14,15:00,28.77,28.88,28.74,28.85,301
2015.08.14,16:00,28.84,29.00,28.78,28.97,562
2015.08.14,17:00,28.96,29.00,28.82,28.95,576
2015.08.14,18:00,28.94,29.00,28.91,28.96,297
2015.08.17,10:00,29.08,29.45,29.04,29.12,1069
2015.08.17,11:00,29.11,29.15,28.97,29.01,619
2015.08.17,12:00,29.02,29.13,29.01,29.12,262
2015.08.17,13:00,29.13,29.13,28.99,29.01,247
2015.08.17,14:00,29.00,29.04,28.96,29.00,225
2015.08.17,15:00,28.99,29.01,28.47,28.60,788
2015.08.17,16:00,28.59,28.68,28.47,28.68,704
2015.08.17,17:00,28.68,28.80,28.64,28.78,559
2015.08.17,18:00,28.77,28.92,28.76,28.85,362
2015.08.18,10:00,28.79,28.94,28.67,28.72,821
2015.08.18,11:00,28.71,28.89,28.65,28.86,546
2015.08.18,12:00,28.87,28.93,28.77,28.77,291
2015.08.18,13:00,28.78,28.88,28.73,28.83,239
2015.08.18,14:00,28.84,28.84,28.75,28.81,225
2015.08.18,15:00,28.82,28.88,28.66,28.86,280
2015.08.18,16:00,28.85,28.91,28.79,28.80,597
2015.08.18,17:00,28.81,28.90,28.74,28.84,508
2015.08.18,18:00,28.85,28.85,28.73,28.73,241
2015.08.19,10:00,28.51,28.71,28.48,28.55,1063
2015.08.19,11:00,28.54,28.56,28.37,28.51,606
2015.08.19,12:00,28.52,28.71,28.49,28.66,281
2015.08.19,13:00,28.67,28.84,28.67,28.77,376
2015.08.19,14:00,28.78,28.78,28.57,28.59,298
2015.08.19,15:00,28.60,28.63,28.53,28.55,269
2015.08.19,16:00,28.54,28.58,28.40,28.43,498
2015.08.19,17:00,28.44,28.53,28.28,28.30,605
2015.08.19,18:00,28.30,28.37,28.25,28.27,297
2015.08.20,10:00,28.01,28.39,28.01,28.18,960
2015.08.20,11:00,28.17,28.31,28.01,28.07,505
2015.08.20,12:00,28.06,28.11,28.00,28.08,377
2015.08.20,13:00,28.09,28.10,27.82,27.83,342
2015.08.20,14:00,27.84,27.88,27.77,27.87,364
2015.08.20,15:00,27.86,28.10,27.82,28.00,397
2015.08.20,16:00,28.01,28.01,27.65,27.68,687
2015.08.20,17:00,27.68,27.74,27.37,27.48,1071
2015.08.20,18:00,27.47,27.47,27.33,27.41,499
2015.08.21,10:00,26.67,27.37,26.65,27.22,1573
2015.08.21,11:00,27.21,27.36,27.19,27.29,601
2015.08.21,12:00,27.28,27.38,27.18,27.23,645
2015.08.21,13:00,27.24,27.30,26.93,26.97,635
2015.08.21,14:00,26.96,27.13,26.83,27.07,566
2015.08.21,15:00,27.08,27.08,26.91,27.00,441
2015.08.21,16:00,27.01,27.01,26.80,27.00,813
2015.08.21,17:00,26.99,27.10,26.71,26.79,1182
2015.08.21,18:00,26.78,26.80,26.52,26.52,574
2015.08.24,10:00,25.69,25.80,25.40,25.66,2375
2015.08.24,11:00,25.65,25.67,25.28,25.41,953
2015.08.24,12:00,25.40,25.60,25.35,25.46,698
2015.08.24,13:00,25.47,25.57,25.37,25.48,630
2015.08.24,14:00,25.47,25.47,24.78,24.98,1455
2015.08.24,15:00,24.99,25.13,24.82,24.87,1472
2015.08.24,16:00,24.88,24.88,23.80,24.43,4983
2015.08.24,17:00,24.41,25.12,24.36,24.91,3790
2015.08.24,18:00,24.92,24.95,24.55,24.57,1142
2015.08.25,10:00,25.12,25.32,24.82,25.31,2541
2015.08.25,11:00,25.32,25.59,25.28,25.38,1610
2015.08.25,12:00,25.37,25.58,25.27,25.50,1167
2015.08.25,13:00,25.51,25.88,25.35,25.69,1846
2015.08.25,14:00,25.66,25.86,25.62,25.81,819
2015.08.25,15:00,25.82,25.95,25.69,25.88,699
2015.08.25,16:00,25.87,26.12,25.85,26.04,1436
2015.08.25,17:00,26.05,26.22,25.97,26.11,1790
2015.08.25,18:00,26.12,26.31,26.12,26.21,604
2015.08.26,10:00,25.76,25.84,25.42,25.80,2429
2015.08.26,11:00,25.79,25.97,25.70,25.76,1404
2015.08.26,12:00,25.77,25.88,25.71,25.79,702
2015.08.26,13:00,25.78,26.01,25.75,25.97,788
2015.08.26,14:00,25.96,26.16,25.94,26.00,619
2015.08.26,15:00,25.99,26.26,25.94,26.15,798
2015.08.26,16:00,26.16,26.22,25.92,26.06,1456
2015.08.26,17:00,26.05,26.19,25.76,25.83,2253
2015.08.26,18:00,25.82,25.91,25.71,25.84,687
2015.08.27,10:00,26.44,26.66,26.30,26.48,1543
2015.08.27,11:00,26.48,26.69,26.45,26.68,760
2015.08.27,12:00,26.69,26.70,26.52,26.53,554
2015.08.27,13:00,26.52,26.58,26.42,26.42,450
2015.08.27,14:00,26.43,26.51,26.39,26.39,424
2015.08.27,15:00,26.40,26.58,26.35,26.55,560
2015.08.27,16:00,26.56,26.64,26.37,26.42,763
2015.08.27,17:00,26.41,26.79,26.37,26.76,1082
2015.08.27,18:00,26.75,26.82,26.61,26.64,489
2015.08.28,10:00,26.52,26.57,26.42,26.44,871
2015.08.28,11:00,26.45,26.49,26.28,26.36,535
2015.08.28,12:00,26.37,26.57,26.24,26.46,601
2015.08.28,13:00,26.47,26.50,26.31,26.32,408
2015.08.28,14:00,26.31,26.45,26.31,26.37,455
2015.08.28,15:00,26.38,26.43,26.25,26.28,430
2015.08.28,16:00,26.29,26.30,26.17,26.26,649
2015.08.28,17:00,26.25,26.28,26.12,26.19,886
2015.08.28,18:00,26.18,26.34,26.17,26.28,319
2015.08.31,10:00,26.18,26.27,26.06,26.14,716
2015.08.31,11:00,26.13,26.16,25.86,25.98,500
2015.08.31,12:00,25.97,26.07,25.93,26.06,389
2015.08.31,13:00,26.06,26.25,26.05,26.19,365
2015.08.31,14:00,26.18,26.29,26.16,26.28,202
2015.08.31,15:00,26.29,26.31,26.12,26.17,253
2015.08.31,16:00,26.16,26.24,26.10,26.14,547
2015.08.31,17:00,26.15,26.23,26.07,26.14,682
2015.08.31,18:00,26.15,26.33,26.08,26.33,411
2015.09.01,10:00,25.76,26.01,25.50,25.53,1658
2015.09.01,11:00,25.53,25.69,25.48,25.53,1034
2015.09.01,12:00,25.53,25.60,25.45,25.57,717
2015.09.01,13:00,25.56,25.74,25.55,25.71,524
2015.09.01,14:00,25.70,25.75,25.58,25.64,391
2015.09.01,15:00,25.65,25.67,25.42,25.42,497
2015.09.01,16:00,25.41,25.69,25.41,25.48,1040
2015.09.01,17:00,25.47,25.55,25.30,25.39,1316
2015.09.01,18:00,25.38,25.57,25.33,25.48,548
2015.09.02,10:00,25.65,25.85,25.53,25.71,1046
2015.09.02,11:00,25.71,25.73,25.37,25.45,866
2015.09.02,12:00,25.44,25.55,25.33,25.54,575
2015.09.02,13:00,25.55,25.66,25.47,25.55,502
2015.09.02,14:00,25.54,25.66,25.51,25.62,271
2015.09.02,15:00,25.63,25.82,25.57,25.78,550
2015.09.02,16:00,25.77,26.00,25.77,25.80,886
2015.09.02,17:00,25.79,25.85,25.54,25.62,913
2015.09.02,18:00,25.63,25.67,25.54,25.62,425
2015.09.03,10:00,25.91,26.05,25.68,26.00,882
2015.09.03,11:00,26.00,26.06,25.89,25.94,390
2015.09.03,12:00,25.95,26.09,25.94,26.00,283
2015.09.03,13:00,25.99,26.13,25.99,26.07,282
2015.09.03,14:00,26.08,26.08,25.96,26.04,335
2015.09.03,15:00,26.05,26.42,26.02,26.36,1150
2015.09.03,16:00,26.35,26.43,26.26,26.38,889
2015.09.03,17:00,26.39,26.78,26.37,26.72,825
2015.09.03,18:00,26.73,26.73,26.53,26.56,315
2015.09.04,10:00,26.10,26.19,26.02,26.11,981
2015.09.04,11:00,26.11,26.12,25.90,25.96,592
2015.09.04,12:00,25.95,25.97,25.82,25.85,368
2015.09.04,13:00,25.84,25.88,25.54,25.62,551
2015.09.04,14:00,25.61,25.65,25.57,25.63,292
2015.09.04,15:00,25.62,25.73,25.28,25.39,1272
2015.09.04,16:00,25.38,25.55,25.28,25.47,1324
2015.09.04,17:00,25.46,25.55,25.37,25.40,796
2015.09.04,18:00,25.41,25.47,25.36,25.43,475
2015.09.07,10:00,25.66,25.86,25.55,25.68,1016
2015.09.07,11:00,25.69,25.75,25.56,25.57,506
2015.09.07,12:00,25.56,25.63,25.44,25.52,527
2015.09.07,13:00,25.53,25.57,25.42,25.50,346
2015.09.07,14:00,25.49,25.54,25.43,25.45,275
2015.09.07,15:00,25.44,25.52,25.41,25.52,239
2015.09.07,16:00,25.51,25.55,25.46,25.50,253
2015.09.07,17:00,25.49,25.50,25.45,25.50,177
2015.09.07,18:00,25.51,25.56,25.50,25.56,144
2015.09.08,10:00,25.78,26.38,25.76,26.34,1084
2015.09.08,11:00,26.33,26.37,26.22,26.32,505
2015.09.08,12:00,26.31,26.53,26.31,26.53,401
2015.09.08,13:00,26.54,26.57,26.46,26.50,222
2015.09.08,14:00,26.49,26.50,26.34,26.36,246
2015.09.08,15:00,26.35,26.43,26.22,26.42,320
2015.09.08,16:00,26.41,26.52,26.37,26.42,491
2015.09.08,17:00,26.43,26.43,26.23,26.29,732
2015.09.08,18:00,26.28,26.31,26.22,26.27,368
2015.09.09,10:00,26.84,27.02,26.68,26.69,875
2015.09.09,11:00,26.70,26.91,26.58,26.63,676
2015.09.09,12:00,26.64,26.66,26.50,26.52,414
2015.09.09,13:00,26.53,26.64,26.53,26.62,264
2015.09.09,14:00,26.63,26.65,26.54,26.64,314
2015.09.09,15:00,26.63,26.69,26.57,26.69,333
2015.09.09,16:00,26.68,26.72,26.54,26.59,688
2015.09.09,17:00,26.60,26.60,26.32,26.37,713
2015.09.09,18:00,26.36,26.40,26.27,26.31,440
2015.09.10,10:00,25.96,26.15,25.90,26.11,1026
2015.09.10,11:00,26.12,26.13,25.93,26.06,539
2015.09.10,12:00,26.05,26.32,26.03,26.25,508
2015.09.10,13:00,26.24,26.30,26.09,26.09,389
2015.09.10,14:00,26.10,26.10,25.82,25.85,472
2015.09.10,15:00,25.84,25.93,25.66,25.77,583
2015.09.10,16:00,25.78,25.96,25.75,25.82,810
2015.09.10,17:00,25.82,26.12,25.76,26.10,1197
2015.09.10,18:00,26.09,26.11,25.87,25.90,384
2015.09.11,10:00,25.82,25.88,25.63,25.84,898
2015.09.11,11:00,25.84,25.85,25.52,25.56,630
2015.09.11,12:00,25.55,25.69,25.50,25.69,388
2015.09.11,13:00,25.70,25.72,25.51,25.51,278
2015.09.11,14:00,25.50,25.72,25.49,25.71,267
2015.09.11,15:00,25.70,25.80,25.67,25.69,302
2015.09.11,16:00,25.70,25.78,25.68,25.73,535
2015.09.11,17:00,25.72,25.88,25.66,25.76,621
2015.09.11,18:00,25.75,25.79,25.60,25.70,330
2015.09.14,10:00,25.64,25.85,25.58,25.62,704
2015.09.14,11:00,25.63,25.64,25.41,25.51,352
2015.09.14,12:00,25.50,25.59,25.47,25.54,277
2015.09.14,13:00,25.53,25.63,25.53,25.59,321
2015.09.14,14:00,25.59,25.59,25.38,25.40,289
2015.09.14,15:00,25.41,25.52,25.36,25.51,308
2015.09.14,16:00,25.52,25.69,25.45,25.58,647
2015.09.14,17:00,25.59,25.97,25.58,25.94,728
2015.09.14,18:00,25.93,25.96,25.81,25.84,296
2015.09.15,10:00,25.87,25.93,25.71,25.74,684
2015.09.15,11:00,25.75,25.78,25.60,25.73,463
2015.09.15,12:00,25.72,25.78,25.60,25.76,377
2015.09.15,13:00,25.75,26.03,25.70,25.96,416
2015.09.15,14:00,25.96,26.05,25.90,25.92,246
2015.09.15,15:00,25.91,25.94,25.82,25.86,319
2015.09.15,16:00,25.87,25.98,25.85,25.94,536
2015.09.15,17:00,25.95,26.30,25.91,26.29,622
2015.09.15,18:00,26.30,26.34,26.23,26.23,299
2015.09.16,10:00,26.26,26.42,26.16,26.17,689
2015.09.16,11:00,26.16,26.19,25.98,26.01,463
2015.09.16,12:00,26.00,26.10,25.93,25.99,448
2015.09.16,13:00,25.98,26.07,25.93,26.07,357
2015.09.16,14:00,26.06,26.20,26.04,26.14,269
2015.09.16,15:00,26.15,26.17,25.91,25.97,258
2015.09.16,16:00,25.98,26.02,25.89,25.92,446
2015.09.16,17:00,25.91,25.97,25.83,25.91,445
2015.09.16,18:00,25.92,26.03,25.90,26.01,282
2015.09.17,10:00,26.17,26.22,26.07,26.13,583
2015.09.17,11:00,26.14,26.19,26.08,26.13,383
2015.09.17,12:00,26.12,26.31,26.11,26.29,214
2015.09.17,13:00,26.28,26.53,26.28,26.50,291
2015.09.17,14:00,26.50,26.54,26.38,26.38,214
2015.09.17,15:00,26.39,26.44,26.30,26.37,185
2015.09.17,16:00,26.36,26.41,26.31,26.41,327
2015.09.17,17:00,26.40,26.47,26.37,26.39,347
2015.09.17,18:00,26.38,26.42,26.32,26.41,199
2015.09.18,10:00,26.00,26.01,25.71,25.87,1311
2015.09.18,11:00,25.86,25.94,25.60,25.65,702
2015.09.18,12:00,25.64,25.69,25.39,25.44,813
2015.09.18,13:00,25.45,25.54,25.37,25.45,496
2015.09.18,14:00,25.25,25.42,25.25,25.35,611
2015.09.18,15:00,25.36,25.43,25.23,25.25,526
2015.09.18,16:00,25.24,25.24,24.95,25.06,1038
2015.09.18,17:00,25.07,25.24,25.01,25.23,760
2015.09.18,18:00,25.24,25.28,25.06,25.06,416
2015.09.21,10:00,25.05,25.35,25.00,25.07,1013
2015.09.21,11:00,25.08,25.33,25.00,25.31,746
2015.09.21,12:00,25.31,25.38,25.21,25.23,421
2015.09.21,13:00,25.24,25.31,25.16,25.30,298
2015.09.21,14:00,25.29,25.66,25.29,25.64,481
2015.09.21,15:00,25.63,25.64,25.40,25.43,352
2015.09.21,16:00,25.44,25.46,25.33,25.39,511
2015.09.21,17:00,25.40,25.63,25.31,25.56,700
2015.09.21,18:00,25.55,25.58,25.52,25.54,248
2015.09.22,10:00,25.57,25.76,25.29,25.32,1044
2015.09.22,11:00,25.33,25.40,25.09,25.18,1087
2015.09.22,12:00,25.17,25.17,24.95,25.00,1017
2015.09.22,13:00,25.01,25.08,24.85,25.07,863
2015.09.22,14:00,25.07,25.07,24.75,24.92,533
2015.09.22,15:00,24.91,24.92,24.68,24.74,528
2015.09.22,16:00,24.75,24.94,24.72,24.87,679
2015.09.22,17:00,24.88,24.95,24.63,24.71,889
2015.09.22,18:00,24.72,24.74,24.62,24.66,551
2015.09.23,10:00,24.70,24.84,24.49,24.78,1202
2015.09.23,11:00,24.77,24.97,24.69,24.90,733
2015.09.23,12:00,24.89,24.91,24.71,24.86,537
2015.09.23,13:00,24.85,24.87,24.69,24.81,358
2015.09.23,14:00,24.82,24.89,24.61,24.74,495
2015.09.23,15:00,24.73,24.83,24.72,24.76,335
2015.09.23,16:00,24.77,24.80,24.51,24.61,673
2015.09.23,17:00,24.62,24.72,24.58,24.64,656
2015.09.23,18:00,24.65,24.68,24.50,24.50,366
2015.09.24,10:00,24.42,24.51,24.27,24.44,1040
2015.09.24,11:00,24.46,24.68,24.44,24.55,1138
2015.09.24,12:00,24.55,24.60,24.29,24.40,914
2015.09.24,13:00,24.40,24.45,24.04,24.14,1011
2015.09.24,14:00,24.13,24.18,24.06,24.10,777
2015.09.24,15:00,24.09,24.28,24.05,24.23,794
2015.09.24,16:00,24.22,24.22,24.01,24.12,875
2015.09.24,17:00,24.12,24.18,23.99,24.07,1252
2015.09.24,18:00,24.06,24.19,24.00,24.13,638
2015.09.25,10:00,24.50,24.72,24.43,24.60,996
2015.09.25,11:00,24.60,24.79,24.56,24.79,763
2015.09.25,12:00,24.78,24.80,24.60,24.74,532
2015.09.25,13:00,24.73,24.77,24.60,24.64,349
2015.09.25,14:00,24.63,24.80,24.55,24.72,469
2015.09.25,15:00,24.73,24.83,24.62,24.70,553
2015.09.25,16:00,24.69,24.76,24.51,24.63,813
2015.09.25,17:00,24.62,24.77,24.53,24.77,772
2015.09.25,18:00,24.76,24.77,24.65,24.69,334
2015.09.28,10:00,24.44,24.67,24.41,24.46,1022
2015.09.28,11:00,24.45,24.59,24.30,24.39,810
2015.09.28,12:00,24.38,24.41,24.14,24.27,751
2015.09.28,13:00,24.28,24.37,23.95,23.96,644
2015.09.28,14:00,23.97,23.99,23.75,23.82,507
2015.09.28,15:00,23.83,23.89,23.79,23.88,529
2015.09.28,16:00,23.89,23.97,23.79,23.84,763
2015.09.28,17:00,23.85,23.87,23.55,23.65,1017
2015.09.28,18:00,23.66,23.72,23.48,23.52,345
2015.09.29,10:00,23.08,23.15,22.93,23.13,1423
2015.09.29,11:00,23.14,23.52,23.13,23.41,1000
2015.09.29,12:00,23.40,23.46,23.25,23.28,609
2015.09.29,13:00,23.29,23.47,23.26,23.45,420
2015.09.29,14:00,23.44,23.46,23.34,23.40,349
2015.09.29,15:00,23.39,23.59,23.37,23.56,373
2015.09.29,16:00,23.55,23.55,23.17,23.34,834
2015.09.29,17:00,23.35,23.63,23.27,23.55,1062
2015.09.29,18:00,23.54,23.66,23.51,23.51,729
2015.09.30,10:00,24.02,24.16,23.95,23.97,1086
2015.09.30,11:00,23.96,24.17,23.91,24.10,648
2015.09.30,12:00,24.09,24.25,24.09,24.22,445
2015.09.30,13:00,24.23,24.25,24.14,24.23,311
2015.09.30,14:00,24.24,24.31,24.11,24.11,317
2015.09.30,15:00,24.12,24.22,24.06,24.08,336
2015.09.30,16:00,24.07,24.22,24.01,24.02,751
2015.09.30,17:00,24.03,24.15,24.00,24.08,697
2015.09.30,18:00,24.09,24.10,24.00,24.03,375
2015.10.01,10:00,24.41,24.41,24.17,24.25,684
2015.10.01,11:00,24.26,24.26,24.00,24.02,562
2015.10.01,12:00,24.03,24.13,23.98,24.06,540
2015.10.01,13:00,24.07,24.08,23.93,24.04,431
2015.10.01,14:00,24.03,24.04,23.76,23.78,525
2015.10.01,15:00,23.77,23.79,23.68,23.69,458
2015.10.01,16:00,23.68,23.94,23.67,23.68,939
2015.10.01,17:00,23.69,23.85,23.54,23.55,1740
2015.10.01,18:00,23.54,23.67,23.51,23.63,584
2015.10.02,10:00,23.81,24.14,23.78,24.05,669
2015.10.02,11:00,24.04,24.29,24.02,24.27,563
2015.10.02,12:00,24.28,24.36,24.23,24.30,382
2015.10.02,13:00,24.31,24.37,24.28,24.30,256
2015.10.02,14:00,24.29,24.31,24.20,24.26,235
2015.10.02,15:00,24.27,24.29,23.70,23.80,1235
2015.10.02,16:00,23.81,23.85,23.56,23.67,1259
2015.10.02,17:00,23.66,23.89,23.61,23.87,1136
2015.10.02,18:00,23.86,23.93,23.74,23.78,378
2015.10.05,10:00,24.45,24.93,24.38,24.83,1094
2015.10.05,11:00,24.83,24.97,24.83,24.95,602
2015.10.05,12:00,24.96,25.03,24.90,25.00,466
2015.10.05,13:00,25.01,25.02,24.86,24.88,375
2015.10.05,14:00,24.87,25.01,24.87,24.99,311
2015.10.05,15:00,24.98,25.04,24.94,25.00,422
2015.10.05,16:00,24.99,25.15,24.94,25.08,641
2015.10.05,17:00,25.08,25.14,24.98,25.03,691
2015.10.05,18:00,25.02,25.06,24.98,25.03,503
2015.10.06,10:00,25.06,25.15,24.76,24.78,857
2015.10.06,11:00,24.77,25.12,24.73,25.02,618
2015.10.06,12:00,25.03,25.14,24.94,24.96,416
2015.10.06,13:00,24.97,25.08,24.91,24.97,356
2015.10.06,14:00,24.98,24.98,24.81,24.95,246
2015.10.06,15:00,24.96,25.10,24.94,25.09,290
2015.10.06,16:00,25.11,25.24,25.00,25.22,603
2015.10.06,17:00,25.23,25.23,25.05,25.15,993
2015.10.06,18:00,25.14,25.31,25.13,25.29,393
2015.10.07,10:00,25.31,25.48,25.24,25.45,748
2015.10.07,11:00,25.44,25.77,25.42,25.65,614
2015.10.07,12:00,25.64,25.75,25.55,25.56,422
2015.10.07,13:00,25.55,25.63,25.50,25.51,338
2015.10.07,14:00,25.51,25.68,25.49,25.61,320
2015.10.07,15:00,25.60,25.66,25.56,25.63,294
2015.10.07,16:00,25.64,25.91,25.63,25.83,632
2015.10.07,17:00,25.84,25.95,25.63,25.70,798
2015.10.07,18:00,25.69,25.69,25.40,25.42,548
2015.10.08,10:00,24.69,25.96,24.54,25.84,3534
2015.10.08,11:00,25.83,26.30,25.68,25.82,1599
2015.10.08,12:00,25.83,25.90,25.49,25.56,751
2015.10.08,13:00,25.57,25.74,25.52,25.59,584
2015.10.08,14:00,25.58,25.72,25.55,25.70,338
2015.10.08,15:00,25.69,25.73,25.23,25.32,614
2015.10.08,16:00,25.33,25.42,25.21,25.26,648
2015.10.08,17:00,25.27,25.33,24.93,25.01,901
2015.10.08,18:00,25.00,25.06,24.89,24.96,435
2015.10.09,10:00,25.36,25.41,25.21,25.26,840
2015.10.09,11:00,25.25,25.77,25.24,25.72,549
2015.10.09,12:00,25.71,25.92,25.67,25.84,436
2015.10.09,13:00,25.83,26.02,25.72,25.73,422
2015.10.09,14:00,25.72,25.81,25.67,25.81,222
2015.10.09,15:00,25.80,25.88,25.71,25.85,345
2015.10.09,16:00,25.86,25.93,25.70,25.91,548
2015.10.09,17:00,25.92,26.08,25.78,26.06,752
2015.10.09,18:00,26.05,26.12,25.85,25.90,373
2015.10.12,10:00,25.81,26.28,25.77,26.02,772
2015.10.12,11:00,26.02,26.08,25.87,25.93,432
2015.10.12,12:00,25.92,25.92,25.65,25.82,480
2015.10.12,13:00,25.83,25.88,25.73,25.83,275
2015.10.12,14:00,25.82,25.91,25.76,25.83,240
2015.10.12,15:00,25.82,25.84,25.64,25.65,276
2015.10.12,16:00,25.66,25.71,25.54,25.60,441
2015.10.12,17:00,25.61,25.69,25.56,25.57,473
2015.10.12,18:00,25.58,25.75,25.57,25.75,292
2015.10.13,10:00,25.45,25.62,25.19,25.21,999
2015.10.13,11:00,25.20,25.38,25.05,25.18,702
2015.10.13,12:00,25.17,25.19,25.03,25.04,532
2015.10.13,13:00,25.05,25.25,25.05,25.15,370
2015.10.13,14:00,25.14,25.24,25.08,25.08,271
2015.10.13,15:00,25.07,25.17,25.04,25.05,296
2015.10.13,16:00,25.04,25.26,25.00,25.23,528
2015.10.13,17:00,25.24,25.62,25.23,25.60,727
2015.10.13,18:00,25.59,25.60,25.43,25.44,251
2015.10.14,10:00,25.26,25.41,25.11,25.40,717
2015.10.14,11:00,25.39,25.59,25.38,25.47,465
2015.10.14,12:00,25.47,25.57,25.40,25.47,347
2015.10.14,13:00,25.46,25.58,25.45,25.47,296
2015.10.14,14:00,25.47,25.57,25.45,25.53,260
2015.10.14,15:00,25.54,25.69,25.45,25.45,445
2015.10.14,16:00,25.44,25.69,25.30,25.65,569
2015.10.14,17:00,25.64,25.70,25.20,25.26,613
2015.10.14,18:00,25.27,25.33,25.19,25.26,308
2015.10.15,10:00,25.33,25.52,25.30,25.36,845
2015.10.15,11:00,25.37,25.52,25.26,25.51,434
2015.10.15,12:00,25.52,25.60,25.47,25.54,328
2015.10.15,13:00,25.54,25.54,25.39,25.45,263
2015.10.15,14:00,25.44,25.53,25.38,25.45,283
2015.10.15,15:00,25.46,25.52,25.39,25.48,273
2015.10.15,16:00,25.47,25.56,25.44,25.46,324
2015.10.15,17:00,25.45,25.62,25.40,25.57,481
2015.10.15,18:00,25.56,25.59,25.43,25.52,222
