2014.11.04,10:00,179.38,179.70,177.98,178.40,247
2014.11.04,11:00,178.43,179.35,176.35,177.15,473
2014.11.04,12:00,177.13,177.13,173.25,173.35,399
2014.11.04,13:00,173.33,173.40,171.53,171.93,235
2014.11.05,05:00,174.30,176.75,172.98,176.73,512
2014.11.05,06:00,176.68,177.03,172.80,174.48,627
2014.11.05,07:00,174.40,175.00,173.23,173.23,238
2014.11.05,08:00,173.20,173.85,173.15,173.40,121
2014.11.05,09:00,173.43,175.10,173.43,174.73,205
2014.11.05,10:00,174.65,175.78,174.28,175.55,211
2014.11.05,11:00,175.58,175.60,173.95,174.00,173
2014.11.05,12:00,173.98,174.70,173.73,174.68,125
2014.11.05,13:00,174.65,175.13,173.78,174.43,249
2014.11.06,05:00,177.65,177.80,174.78,176.53,493
2014.11.06,06:00,176.50,176.53,175.10,175.80,217
2014.11.06,07:00,175.78,176.13,175.25,175.45,144
2014.11.06,08:00,175.48,176.45,175.10,175.18,241
2014.11.06,09:00,175.15,175.35,174.35,175.08,194
2014.11.06,10:00,175.10,176.88,174.75,174.78,395
2014.11.06,11:00,174.70,175.23,174.13,174.15,166
2014.11.06,12:00,174.18,174.53,173.30,174.18,247
2014.11.06,13:00,174.20,174.60,173.68,174.50,155
2014.11.07,05:00,173.00,177.25,173.00,177.15,436
2014.11.07,06:00,177.18,182.50,177.08,182.50,553
2014.11.07,07:00,182.48,182.53,180.23,181.95,408
2014.11.07,08:00,181.98,182.13,181.38,181.40,93
2014.11.07,09:00,181.38,181.65,180.48,181.48,225
2014.11.07,10:00,181.60,181.60,180.90,180.90,71
2014.11.07,11:00,180.88,182.93,180.83,182.80,229
2014.11.07,12:00,182.88,185.63,181.70,185.50,525
2014.11.07,13:00,185.53,186.53,185.10,185.60,280
2014.11.10,05:00,184.75,187.68,181.93,184.95,1131
2014.11.10,06:00,185.00,185.18,184.65,184.78,85
2014.11.10,07:00,184.80,187.18,184.75,184.75,482
2014.11.10,08:00,184.85,186.65,184.55,186.55,251
2014.11.10,09:00,186.53,187.05,184.50,185.15,373
2014.11.10,10:00,185.13,185.13,183.63,183.63,151
2014.11.10,11:00,183.58,183.58,180.05,181.18,467
2014.11.10,12:00,181.20,181.28,179.75,179.95,182
2014.11.10,13:00,179.93,182.03,179.65,181.70,300
2014.11.11,05:00,181.20,183.40,181.20,181.83,378
2014.11.11,06:00,181.85,181.85,181.63,181.70,30
2014.11.11,07:00,181.78,181.85,181.45,181.45,48
2014.11.11,08:00,181.40,181.70,180.15,181.63,288
2014.11.11,09:00,181.65,181.75,180.45,181.00,196
2014.11.11,10:00,180.98,181.45,180.70,181.45,104
2014.11.11,11:00,181.50,181.60,181.18,181.23,58
2014.11.11,12:00,181.33,181.75,181.33,181.75,43
2014.11.11,13:00,181.63,181.68,180.38,181.30,228
2014.11.12,05:00,181.90,182.88,180.35,180.35,352
2014.11.12,06:00,180.33,182.38,180.33,181.78,266
2014.11.12,07:00,181.75,181.83,181.35,181.40,62
2014.11.12,08:00,181.38,181.73,180.95,181.18,137
2014.11.12,09:00,181.20,181.28,181.05,181.10,37
2014.11.12,10:00,181.08,181.85,180.13,180.15,252
2014.11.12,11:00,180.13,180.60,179.25,179.48,206
2014.11.12,12:00,179.60,180.60,178.80,180.20,301
2014.11.12,13:00,180.23,180.50,179.18,179.70,212
2014.11.13,05:00,179.80,182.88,179.68,181.98,423
2014.11.13,06:00,181.93,182.18,180.83,181.98,266
2014.11.13,07:00,181.90,182.15,181.13,181.43,158
2014.11.13,08:00,181.50,181.53,180.70,180.70,87
2014.11.13,09:00,180.68,181.33,180.30,181.28,147
2014.11.13,10:00,181.25,181.33,180.28,180.58,144
2014.11.13,11:00,180.75,181.33,180.38,181.33,133
2014.11.13,12:00,181.35,182.18,181.28,181.88,128
2014.11.13,13:00,182.00,182.00,181.65,181.90,61
2014.11.14,05:00,182.40,182.73,181.03,181.70,271
2014.11.14,06:00,181.68,181.68,181.03,181.63,126
2014.11.14,07:00,181.55,181.75,181.33,181.33,63
2014.11.14,08:00,181.30,181.30,180.18,180.40,135
2014.11.14,09:00,180.35,180.53,179.80,180.53,129
2014.11.14,10:00,180.43,181.15,179.95,180.18,216
2014.11.14,11:00,180.15,180.93,180.15,180.93,79
2014.11.14,12:00,181.08,182.80,180.98,181.95,278
2014.11.14,13:00,181.93,181.93,180.90,181.25,139
2014.11.17,05:00,181.10,183.58,179.65,180.68,745
2014.11.17,06:00,180.65,181.78,179.63,181.50,346
2014.11.17,07:00,181.60,182.08,181.18,181.95,146
2014.11.17,08:00,181.98,182.00,181.65,181.93,66
2014.11.17,09:00,182.03,182.05,181.53,181.78,80
2014.11.17,10:00,181.85,181.90,181.23,181.78,128
2014.11.17,11:00,181.75,182.80,181.35,181.85,281
2014.11.17,12:00,181.98,183.80,181.98,183.25,238
2014.11.17,13:00,183.38,183.68,182.48,183.50,229
2014.11.18,05:00,182.98,184.13,181.28,183.08,561
2014.11.18,06:00,183.25,184.33,182.58,184.28,248
2014.11.18,07:00,184.40,185.05,184.13,184.83,142
2014.11.18,08:00,184.78,185.63,184.50,185.23,182
2014.11.18,09:00,185.20,185.20,184.80,184.83,44
2014.11.18,10:00,184.80,184.80,184.58,184.58,23
2014.11.18,11:00,184.60,184.93,183.85,184.70,207
2014.11.18,12:00,184.68,184.78,184.53,184.63,46
2014.11.18,13:00,184.68,185.13,184.58,185.10,69
2014.11.19,05:00,186.53,186.55,184.75,185.80,288
2014.11.19,06:00,185.83,186.08,185.03,185.78,206
2014.11.19,07:00,185.73,186.88,185.65,186.63,157
2014.11.19,08:00,186.53,186.53,185.38,186.18,196
2014.11.19,09:00,186.15,186.60,185.70,186.18,178
2014.11.19,10:00,186.23,186.45,186.10,186.35,59
2014.11.19,11:00,186.33,187.08,185.23,185.38,276
2014.11.19,12:00,185.40,185.65,185.13,185.30,95
2014.11.19,13:00,185.33,186.00,185.08,185.95,123
2014.11.20,05:00,184.55,186.00,183.98,184.80,380
2014.11.20,06:00,184.83,185.15,183.50,183.95,243
2014.11.20,07:00,183.93,185.98,183.93,184.10,394
2014.11.20,08:00,184.48,186.28,184.48,185.78,231
2014.11.20,09:00,185.88,186.53,185.70,185.85,164
2014.11.20,10:00,185.88,186.85,185.88,186.15,168
2014.11.20,11:00,186.10,186.10,185.15,185.40,121
2014.11.20,12:00,185.43,186.03,185.23,185.73,131
2014.11.20,13:00,185.75,185.75,185.38,185.68,68
2014.11.21,05:00,187.28,187.28,185.73,187.00,283
2014.11.21,06:00,187.10,188.55,184.63,185.90,665
2014.11.21,07:00,185.75,186.68,185.75,186.65,97
2014.11.21,08:00,186.75,186.75,186.60,186.65,21
2014.11.21,09:00,186.70,186.80,186.58,186.63,38
2014.11.21,10:00,186.65,186.73,186.63,186.70,16
2014.11.21,11:00,186.68,186.80,185.28,185.35,172
2014.11.21,12:00,185.33,186.18,185.15,185.25,199
2014.11.21,13:00,185.33,185.55,185.23,185.38,60
2014.11.24,05:00,189.30,189.30,186.38,187.03,358
2014.11.24,06:00,187.15,187.35,185.23,185.83,293
2014.11.24,07:00,185.90,186.30,185.43,186.30,135
2014.11.24,08:00,186.33,186.40,186.30,186.35,19
2014.11.24,09:00,186.85,187.05,186.13,186.40,140
2014.11.24,10:00,186.38,187.90,186.38,187.40,203
2014.11.24,11:00,187.50,188.08,187.45,187.93,84
2014.11.24,12:00,187.90,187.90,187.43,187.53,58
2014.11.24,13:00,187.63,187.80,187.58,187.80,28
2014.11.25,05:00,188.55,188.55,186.13,187.48,378
2014.11.25,06:00,187.50,188.10,187.30,187.83,128
2014.11.25,07:00,187.80,187.95,186.83,187.55,200
2014.11.25,08:00,187.53,188.13,187.40,188.00,100
2014.11.25,09:00,187.98,188.00,185.95,186.43,256
2014.11.25,10:00,186.45,188.30,185.88,188.13,317
2014.11.25,11:00,188.10,188.15,185.55,187.13,424
2014.11.25,12:00,187.15,187.23,186.13,186.35,141
2014.11.25,13:00,186.50,186.65,185.98,186.30,115
2014.11.26,05:00,187.10,189.18,187.03,188.48,293
2014.11.26,06:00,188.40,188.40,186.68,187.63,268
2014.11.26,07:00,187.60,187.63,186.43,186.43,124
2014.11.26,08:00,186.45,186.80,186.38,186.43,83
2014.11.26,09:00,186.45,186.80,186.23,186.25,95
2014.11.26,10:00,186.23,186.68,186.23,186.68,46
2014.11.26,11:00,186.73,186.80,186.15,186.30,88
2014.11.26,12:00,186.38,187.00,186.25,186.38,151
2014.11.26,13:00,186.48,186.55,186.00,186.23,86
2014.11.27,05:00,186.70,187.25,186.15,186.15,166
2014.11.27,06:00,186.18,186.30,184.98,185.28,175
2014.11.27,07:00,185.30,185.33,185.08,185.18,39
2014.11.27,08:00,185.15,185.48,185.08,185.45,51
2014.11.27,09:00,185.50,185.73,185.50,185.73,24
2014.11.27,10:00,185.75,185.88,185.75,185.80,22
2014.11.27,11:00,185.88,186.98,184.20,184.60,429
2014.11.27,12:00,184.63,184.98,184.45,184.73,97
2014.11.27,13:00,184.70,185.10,184.70,184.83,68
2014.11.28,05:00,184.20,185.35,183.38,183.38,313
2014.11.28,06:00,183.35,183.38,183.33,183.35,11
2014.11.28,07:00,183.33,183.38,181.18,181.68,276
2014.11.28,08:00,181.70,182.30,181.58,181.65,140
2014.11.28,09:00,181.63,182.23,181.53,181.78,126
2014.11.28,10:00,181.80,182.38,181.63,181.88,143
2014.11.28,11:00,181.98,183.20,181.63,182.70,243
2014.11.28,12:00,182.68,183.88,182.33,182.78,301
2014.11.28,13:00,182.80,184.45,182.80,183.55,256
2014.12.01,05:00,184.95,184.98,182.25,182.48,300
2014.12.01,06:00,182.40,183.58,182.33,183.48,143
2014.12.01,07:00,183.55,184.03,183.33,183.60,136
2014.12.01,08:00,183.65,183.75,183.63,183.75,15
2014.12.01,09:00,183.78,183.90,182.65,183.68,241
2014.12.01,10:00,183.60,183.65,182.53,183.05,170
2014.12.01,11:00,183.08,183.45,183.05,183.20,69
2014.12.01,12:00,183.23,183.60,183.20,183.50,54
2014.12.01,13:00,183.53,184.38,183.53,184.08,116
2014.12.02,05:00,184.45,185.48,182.93,185.40,416
2014.12.02,06:00,185.43,186.10,184.25,184.33,261
2014.12.02,07:00,184.28,184.28,183.90,183.93,42
2014.12.02,08:00,183.90,183.95,183.38,183.73,98
2014.12.02,09:00,183.75,184.20,183.75,184.03,63
2014.12.02,10:00,184.05,184.23,183.98,184.18,38
2014.12.02,11:00,184.20,184.25,183.68,183.85,80
2014.12.02,12:00,183.88,183.98,183.10,183.58,147
2014.12.02,13:00,183.60,183.65,182.53,182.73,138
2014.12.03,05:00,186.85,186.85,183.63,183.63,323
2014.12.03,06:00,183.93,183.93,180.98,181.70,368
2014.12.03,07:00,181.73,182.43,180.30,181.53,407
2014.12.03,08:00,181.50,182.23,179.55,181.70,517
2014.12.03,09:00,181.63,181.75,181.25,181.25,63
2014.12.03,10:00,181.23,181.35,180.80,180.80,68
2014.12.03,11:00,180.70,180.75,180.15,180.38,89
2014.12.03,12:00,180.43,180.73,179.53,179.73,171
2014.12.03,13:00,179.75,179.83,179.13,179.23,89
2014.12.04,05:00,180.55,181.48,179.25,179.63,355
2014.12.04,06:00,179.58,179.68,179.43,179.45,38
2014.12.04,07:00,179.48,180.40,179.38,179.78,175
2014.12.04,08:00,179.80,180.43,179.20,179.38,205
2014.12.04,09:00,179.35,179.75,179.18,179.50,100
2014.12.04,10:00,179.33,179.83,179.00,179.00,134
2014.12.04,11:00,178.98,179.75,178.83,179.20,163
2014.12.04,12:00,179.23,179.73,178.93,179.30,154
2014.12.04,13:00,179.28,179.33,178.85,179.03,72
2014.12.05,05:00,179.68,180.48,179.10,179.30,239
2014.12.05,06:00,179.38,179.73,179.00,179.20,129
2014.12.05,07:00,179.25,179.40,179.20,179.23,39
2014.12.05,08:00,179.25,179.35,179.25,179.33,13
2014.12.05,09:00,179.30,179.75,179.30,179.70,51
2014.12.05,10:00,179.73,179.75,179.30,179.75,89
2014.12.05,11:00,179.73,179.80,179.43,179.43,45
2014.12.05,12:00,179.40,179.80,179.35,179.80,51
2014.12.05,13:00,179.83,179.88,179.60,179.75,49
2014.12.08,05:00,179.58,180.90,178.98,179.10,337
2014.12.08,06:00,179.03,179.35,178.78,179.03,115
2014.12.08,07:00,179.00,179.10,179.00,179.00,21
2014.12.08,08:00,179.08,179.48,178.98,179.45,64
2014.12.08,09:00,179.53,179.55,178.88,179.55,133
2014.12.08,10:00,179.58,179.60,179.00,179.45,108
2014.12.08,11:00,179.50,179.53,179.05,179.33,80
2014.12.08,12:00,179.23,179.38,179.03,179.25,69
2014.12.08,13:00,179.28,179.38,178.95,179.05,64
2014.12.09,05:00,178.93,178.93,175.43,175.80,388
2014.12.09,06:00,175.70,175.70,175.05,175.60,121
2014.12.09,07:00,175.58,175.65,175.20,175.33,66
2014.12.09,08:00,175.30,175.30,175.08,175.10,25
2014.12.09,09:00,175.08,175.08,173.08,174.13,306
2014.12.09,10:00,174.18,176.98,174.18,176.28,351
2014.12.09,11:00,176.30,178.20,175.48,178.20,355
2014.12.09,12:00,178.23,179.05,174.03,175.35,717
2014.12.09,13:00,175.33,175.58,174.75,174.75,109
2014.12.10,05:00,174.70,176.03,174.48,174.48,289
2014.12.10,06:00,174.43,175.10,174.05,174.85,169
2014.12.10,07:00,174.88,174.90,174.85,174.85,8
2014.12.10,08:00,174.83,175.35,174.80,175.33,61
2014.12.10,09:00,175.30,175.53,175.28,175.43,38
2014.12.10,10:00,175.40,175.40,175.33,175.33,8
2014.12.10,11:00,175.23,175.35,173.53,173.53,195
2014.12.10,12:00,173.40,173.40,172.50,172.63,104
2014.12.10,13:00,172.65,172.80,172.55,172.58,44
2014.12.11,05:00,172.13,172.13,170.38,171.20,258
2014.12.11,06:00,171.03,171.58,168.58,169.13,411
2014.12.11,07:00,169.10,170.30,169.10,169.98,153
2014.12.11,08:00,170.03,170.18,169.83,169.83,51
2014.12.11,09:00,169.80,169.93,168.63,169.00,181
2014.12.11,10:00,169.03,169.35,168.68,169.00,132
2014.12.11,11:00,169.05,169.08,168.68,168.75,51
2014.12.11,12:00,168.80,169.85,168.63,169.18,207
2014.12.11,13:00,169.20,169.83,169.08,169.55,116
2014.12.12,05:00,168.23,168.53,166.75,167.13,247
2014.12.12,06:00,167.15,167.55,166.90,167.28,118
2014.12.12,07:00,167.38,167.93,167.00,167.00,149
2014.12.12,08:00,167.10,168.13,167.10,168.05,112
2014.12.12,09:00,167.98,168.55,167.98,168.50,63
2014.12.12,10:00,168.53,168.55,168.20,168.20,38
2014.12.12,11:00,168.23,168.70,168.23,168.68,50
2014.12.12,12:00,168.60,168.83,168.23,168.23,84
2014.12.12,13:00,168.20,168.28,167.78,168.20,101
2014.12.15,05:00,167.20,170.70,167.20,170.50,371
2014.12.15,06:00,170.65,172.68,169.98,171.85,421
2014.12.15,07:00,171.88,172.13,170.18,171.65,368
2014.12.15,08:00,171.63,171.63,169.80,170.05,209
2014.12.15,09:00,170.03,170.83,169.70,170.43,187
2014.12.15,10:00,170.40,170.40,168.80,168.80,161
2014.12.15,11:00,168.73,169.78,166.75,167.20,454
2014.12.15,12:00,167.28,167.28,165.38,165.40,193
2014.12.15,13:00,165.43,166.45,164.50,164.63,311
2014.12.16,05:00,168.70,168.70,163.13,163.95,640
2014.12.16,06:00,164.18,168.75,164.15,168.38,501
2014.12.16,07:00,168.35,168.68,167.33,167.85,221
2014.12.16,08:00,167.80,167.98,167.60,167.75,72
2014.12.16,09:00,167.85,167.90,166.80,167.23,159
2014.12.16,10:00,167.18,167.58,166.95,167.18,127
2014.12.16,11:00,167.08,167.63,167.00,167.38,97
2014.12.16,12:00,167.35,168.18,167.05,168.18,144
2014.12.16,13:00,168.13,169.05,168.10,168.38,166
2014.12.17,05:00,168.80,170.95,167.20,169.55,676
2014.12.17,06:00,169.65,169.88,168.80,169.70,212
2014.12.17,07:00,169.73,172.13,169.73,170.93,361
2014.12.17,08:00,170.90,172.93,170.88,171.93,308
2014.12.17,09:00,171.90,172.08,170.98,171.68,199
2014.12.17,10:00,171.65,171.73,170.90,171.33,135
2014.12.17,11:00,171.35,171.98,170.95,171.80,162
2014.12.17,12:00,171.83,172.50,171.68,172.23,125
2014.12.17,13:00,172.20,175.08,171.80,174.95,382
2014.12.18,05:00,174.58,177.45,174.10,176.65,464
2014.12.18,06:00,176.63,177.43,174.78,176.65,529
2014.12.18,07:00,176.70,177.40,175.23,177.35,370
2014.12.18,08:00,177.38,178.25,175.28,175.35,392
2014.12.18,09:00,175.30,176.08,171.78,173.45,676
2014.12.18,10:00,173.43,173.55,169.35,169.53,451
2014.12.18,11:00,169.55,172.50,168.63,170.60,670
2014.12.18,12:00,171.13,171.35,169.43,170.50,322
2014.12.18,13:00,170.93,171.45,169.03,170.73,465
2014.12.19,05:00,170.60,171.65,169.20,171.53,398
2014.12.19,06:00,171.60,173.08,171.38,171.43,324
2014.12.19,07:00,171.48,172.00,171.48,171.65,88
2014.12.19,08:00,171.75,171.78,169.45,170.85,377
2014.12.19,09:00,171.30,172.13,169.65,171.80,447
2014.12.19,10:00,171.78,172.23,171.48,171.78,151
2014.12.19,11:00,171.75,171.75,169.25,170.58,384
2014.12.19,12:00,170.63,170.90,169.20,170.28,306
2014.12.19,13:00,170.33,171.13,169.15,169.20,284
2014.12.22,05:00,167.75,170.58,167.75,170.13,329
2014.12.22,06:00,170.10,171.68,168.80,170.58,529
2014.12.22,07:00,170.53,171.90,170.30,171.73,201
2014.12.22,08:00,171.83,172.10,170.00,171.45,383
2014.12.22,09:00,171.48,173.08,171.48,172.83,186
2014.12.22,10:00,172.85,173.15,171.45,172.60,316
2014.12.22,11:00,172.58,173.10,172.58,172.75,88
2014.12.22,12:00,172.73,174.05,172.58,173.78,190
2014.12.22,13:00,173.70,173.85,173.13,173.25,100
2014.12.23,05:00,173.30,175.28,172.15,174.53,504
2014.12.23,06:00,174.58,175.05,173.60,173.63,196
2014.12.23,07:00,173.65,173.68,172.15,172.30,172
2014.12.23,08:00,172.35,172.88,171.78,172.53,203
2014.12.23,09:00,172.55,173.03,172.53,173.03,53
2014.12.23,10:00,173.08,175.63,173.08,174.18,401
2014.12.23,11:00,174.35,174.95,173.58,173.58,198
2014.12.23,12:00,173.55,174.53,173.05,173.98,254
2014.12.23,13:00,173.95,174.43,173.65,173.83,145
2014.12.29,05:00,174.85,174.85,171.43,172.60,460
2014.12.29,06:00,172.38,173.18,172.05,172.38,227
2014.12.29,07:00,172.35,172.60,172.00,172.08,94
2014.12.29,08:00,172.10,172.70,172.05,172.25,116
2014.12.29,09:00,172.28,173.25,170.45,170.60,393
2014.12.29,10:00,170.63,171.70,170.40,171.00,224
2014.12.29,11:00,171.10,172.33,170.95,171.63,224
2014.12.29,12:00,171.53,171.95,170.85,171.50,218
2014.12.29,13:00,171.48,171.83,171.13,171.48,141
2014.12.30,05:00,170.40,171.23,168.58,170.93,478
2014.12.30,06:00,170.90,172.10,170.58,171.88,207
2014.12.30,07:00,171.83,172.53,171.65,171.95,165
2014.12.30,08:00,172.00,173.28,171.55,171.93,340
2014.12.30,09:00,172.55,173.93,171.13,172.98,518
2015.01.02,05:00,171.15,172.75,171.15,172.58,178
2015.01.02,06:00,172.05,172.53,170.83,172.48,298
2015.01.02,07:00,172.45,172.53,171.75,172.38,150
2015.01.02,08:00,172.35,173.95,172.35,172.80,276
2015.01.02,09:00,172.75,173.23,172.48,172.95,131
2015.01.02,10:00,173.25,173.48,172.55,173.20,182
2015.01.02,11:00,173.18,173.80,172.88,173.65,138
2015.01.02,12:00,173.63,174.63,172.90,174.63,247
2015.01.02,13:00,174.60,174.60,172.90,173.03,184
2015.01.05,05:00,173.05,175.95,172.90,173.90,526
2015.01.05,06:00,173.70,173.70,172.28,172.45,160
2015.01.05,07:00,172.38,172.53,172.38,172.38,31
2015.01.05,08:00,172.35,172.35,171.28,171.78,158
2015.01.05,09:00,171.63,172.90,171.00,171.00,318
2015.01.05,10:00,170.98,171.03,170.05,170.15,114
2015.01.05,11:00,170.20,170.85,169.10,169.68,299
2015.01.05,12:00,169.60,169.60,169.38,169.50,35
2015.01.05,13:00,169.45,170.33,167.78,168.90,456
2015.01.06,05:00,168.75,169.83,168.43,168.60,266
2015.01.06,06:00,168.45,168.90,167.23,167.65,255
2015.01.06,07:00,167.68,168.20,167.45,167.63,146
2015.01.06,08:00,167.60,168.85,167.33,168.55,210
2015.01.06,09:00,168.58,171.38,167.58,168.53,756
2015.01.06,10:00,168.50,169.03,168.20,168.50,167
2015.01.06,11:00,168.48,168.80,167.68,168.45,222
2015.01.06,12:00,168.28,168.70,167.53,167.78,185
2015.01.06,13:00,167.73,167.73,167.03,167.10,78
2015.01.07,05:00,167.18,168.23,165.90,166.68,417
2015.01.07,06:00,166.63,167.05,165.45,165.90,248
2015.01.07,07:00,166.40,169.30,166.40,169.30,291
2015.01.07,08:00,169.33,169.48,168.10,168.70,214
2015.01.07,09:00,168.68,169.48,168.05,168.95,260
2015.01.07,10:00,168.93,169.35,168.40,168.83,181
2015.01.07,11:00,168.85,169.30,167.38,169.25,345
2015.01.07,12:00,169.28,169.45,167.20,167.95,318
2015.01.07,13:00,167.45,167.60,166.95,167.20,106
2015.01.08,05:00,168.73,168.95,165.05,166.83,591
2015.01.08,06:00,166.73,166.88,165.65,166.25,199
2015.01.08,07:00,166.28,168.58,165.95,168.58,297
2015.01.08,08:00,168.60,169.58,168.28,168.65,256
2015.01.08,09:00,167.98,169.48,167.88,168.95,224
2015.01.08,10:00,169.15,169.70,169.15,169.43,83
2015.01.08,11:00,169.40,169.55,169.03,169.23,88
2015.01.08,12:00,169.18,169.58,168.03,168.13,206
2015.01.08,13:00,168.20,169.20,168.10,168.48,193
2015.01.09,05:00,168.23,169.70,168.13,169.60,178
2015.01.09,06:00,169.55,170.90,169.00,170.13,323
2015.01.09,07:00,170.70,170.78,169.48,169.48,139
2015.01.09,08:00,169.63,169.95,169.63,169.80,48
2015.01.09,09:00,169.83,171.53,169.83,170.18,306
2015.01.09,10:00,170.20,171.65,170.03,171.35,210
2015.01.09,11:00,171.33,172.33,170.08,170.23,341
2015.01.09,12:00,170.28,171.58,170.13,170.90,229
2015.01.09,13:00,170.63,171.33,170.38,170.63,191
2015.01.12,05:00,170.00,170.50,170.00,170.43,58
2015.01.12,06:00,170.38,171.18,169.83,171.18,191
2015.01.12,07:00,171.20,171.23,170.78,170.83,54
2015.01.12,08:00,170.80,171.00,170.68,170.83,62
2015.01.12,09:00,170.85,170.90,170.68,170.78,38
2015.01.12,10:00,170.63,170.63,170.48,170.55,23
2015.01.12,11:00,170.60,170.63,170.25,170.25,42
2015.01.12,12:00,170.18,170.90,170.03,170.73,120
2015.01.12,13:00,170.75,171.75,170.75,171.45,131
2015.01.13,05:00,170.33,171.50,170.10,170.40,274
2015.01.13,06:00,170.43,170.60,170.03,170.55,103
2015.01.13,07:00,170.60,170.88,170.40,170.83,74
2015.01.13,08:00,170.95,171.20,170.63,171.18,92
2015.01.13,09:00,171.20,171.30,170.85,170.88,59
2015.01.13,10:00,170.98,170.98,170.80,170.80,19
2015.01.13,11:00,170.83,171.78,170.83,171.58,116
2015.01.13,12:00,171.63,172.25,171.60,171.75,119
2015.01.13,13:00,171.78,171.93,170.93,170.98,121
2015.01.14,05:00,169.73,172.30,169.23,171.35,453
2015.01.14,06:00,171.33,171.35,170.70,170.73,71
2015.01.14,07:00,170.83,170.93,170.05,170.60,154
2015.01.14,08:00,170.70,171.55,170.68,170.98,147
2015.01.14,09:00,171.05,171.18,170.15,170.53,155
2015.01.14,10:00,170.48,170.73,169.70,169.73,132
2015.01.14,11:00,170.05,170.13,169.60,169.78,80
2015.01.14,12:00,169.95,169.95,168.58,169.00,180
2015.01.14,13:00,168.98,169.03,167.85,168.53,192
2015.01.15,05:00,169.15,169.33,167.50,168.18,270
2015.01.15,06:00,168.15,168.48,166.25,167.35,367
2015.01.15,07:00,167.38,167.98,166.08,166.43,286
2015.01.15,08:00,166.38,166.43,164.53,164.65,208
2015.01.15,09:00,164.83,164.83,163.05,163.83,257
2015.01.15,10:00,164.25,165.00,163.80,164.75,191
2015.01.15,11:00,164.73,167.23,164.65,166.43,347
2015.01.15,12:00,166.45,166.63,164.73,164.85,221
2015.01.15,13:00,164.90,165.58,164.90,165.58,69
2015.01.16,05:00,165.05,165.45,163.43,163.63,263
2015.01.16,06:00,163.65,164.65,163.30,163.45,251
2015.01.16,07:00,163.43,165.68,163.43,164.15,379
2015.01.16,08:00,164.10,165.88,164.10,165.75,192
2015.01.16,09:00,165.78,166.28,165.35,165.90,175
2015.01.16,10:00,165.88,165.90,165.35,165.90,109
2015.01.16,11:00,165.85,167.40,165.85,166.50,246
2015.01.16,12:00,167.20,167.73,166.03,167.05,326
2015.01.16,13:00,167.08,167.18,166.25,166.73,152
2015.01.19,05:00,167.50,169.13,166.98,168.70,311
2015.01.19,06:00,168.73,170.73,168.73,170.73,201
2015.01.19,07:00,170.63,170.75,169.98,170.03,95
2015.01.19,08:00,170.00,170.10,169.95,169.98,29
2015.01.19,09:00,170.00,170.20,169.88,170.05,60
2015.01.19,10:00,170.08,172.75,170.08,171.93,350
2015.01.19,11:00,171.95,173.80,171.95,173.75,191
2015.01.19,12:00,173.98,175.15,173.58,173.90,307
2015.01.19,13:00,174.05,174.05,173.15,173.18,94
2015.01.20,05:00,174.63,175.38,171.73,172.90,558
2015.01.20,06:00,172.93,173.35,171.95,172.85,273
2015.01.20,07:00,172.88,173.68,171.15,171.20,339
2015.01.20,08:00,171.18,171.20,170.65,170.83,76
2015.01.20,09:00,170.75,172.00,170.68,170.88,252
2015.01.20,10:00,170.90,172.58,170.90,172.58,169
2015.01.20,11:00,172.60,172.83,172.38,172.43,74
2015.01.20,12:00,172.40,172.40,170.88,170.88,153
2015.01.20,13:00,170.80,172.15,170.73,172.15,150
2015.01.21,05:00,172.83,173.03,169.85,170.35,389
2015.01.21,06:00,170.38,172.18,170.08,170.40,419
2015.01.21,07:00,170.38,170.75,169.30,170.58,271
2015.01.21,08:00,170.50,171.23,170.43,171.20,91
2015.01.21,09:00,171.18,171.38,170.08,170.30,173
2015.01.21,10:00,170.33,170.78,169.48,169.85,213
2015.01.21,11:00,169.83,170.33,169.65,169.70,124
2015.01.21,12:00,169.68,171.43,169.20,171.25,290
2015.01.21,13:00,171.23,171.50,170.68,171.40,148
2015.01.22,05:00,172.33,172.55,170.85,172.00,308
2015.01.22,06:00,172.05,172.63,170.08,170.15,321
2015.01.22,07:00,170.00,170.08,168.20,169.03,280
2015.01.22,08:00,169.05,169.38,168.83,169.00,106
2015.01.22,09:00,168.98,172.83,168.35,170.90,705
2015.01.22,10:00,170.93,172.30,169.90,170.28,416
2015.01.22,11:00,170.30,171.30,169.80,171.13,218
2015.01.22,12:00,171.20,171.58,170.98,171.43,98
2015.01.22,13:00,171.28,171.43,171.05,171.20,69
2015.01.23,05:00,170.93,174.98,170.08,172.08,866
2015.01.23,06:00,172.05,172.05,170.60,171.53,239
2015.01.23,07:00,171.65,171.90,170.93,170.93,123
2015.01.23,08:00,170.95,171.18,170.95,170.95,47
2015.01.23,09:00,170.93,171.50,170.88,171.50,68
2015.01.23,10:00,171.53,172.68,171.53,172.40,144
2015.01.23,11:00,172.43,173.90,172.43,173.85,153
2015.01.23,12:00,173.78,173.95,173.08,173.93,160
2015.01.23,13:00,173.90,173.93,171.78,172.50,291
2015.01.26,05:00,165.28,170.40,165.28,169.70,583
2015.01.26,06:00,169.83,171.93,169.83,171.43,261
2015.01.26,07:00,171.45,172.25,171.08,171.38,228
2015.01.26,08:00,171.35,172.23,171.05,172.23,149
2015.01.26,09:00,172.25,172.60,171.05,171.90,276
2015.01.26,10:00,171.93,172.50,171.35,172.30,194
2015.01.26,11:00,172.28,172.28,171.03,172.18,241
2015.01.26,12:00,172.15,172.80,172.10,172.80,76
2015.01.26,13:00,172.78,172.83,172.48,172.65,58
2015.01.27,05:00,173.10,173.38,172.83,173.28,93
2015.01.27,06:00,173.25,173.35,173.08,173.08,38
2015.01.27,07:00,173.10,173.20,173.03,173.10,35
2015.01.27,08:00,173.08,173.20,172.83,173.05,72
2015.01.27,09:00,173.03,173.30,172.63,172.63,95
2015.01.27,10:00,172.65,173.20,172.58,173.00,90
2015.01.27,11:00,172.98,174.60,172.98,174.30,193
2015.01.27,12:00,174.55,174.55,173.75,173.75,81
2015.01.27,13:00,173.70,173.70,172.58,173.08,163
2015.01.28,05:00,173.70,174.68,172.98,173.20,291
2015.01.28,06:00,173.18,173.68,173.10,173.43,92
2015.01.28,07:00,173.20,173.28,170.68,170.68,269
2015.01.28,08:00,170.53,171.20,170.05,171.15,169
2015.01.28,09:00,171.10,171.35,170.93,171.20,75
2015.01.28,10:00,171.23,171.40,171.20,171.30,34
2015.01.28,11:00,171.25,171.83,171.25,171.80,62
2015.01.28,12:00,171.83,171.85,171.05,171.05,83
2015.01.28,13:00,171.08,171.13,170.95,171.10,35
2015.01.29,05:00,170.43,170.90,167.40,168.13,471
2015.01.29,06:00,168.08,168.78,167.75,168.45,170
2015.01.29,07:00,168.48,168.50,166.83,166.90,177
2015.01.29,08:00,166.88,167.03,166.80,166.90,45
2015.01.29,09:00,167.10,168.68,167.03,168.13,228
2015.01.29,10:00,168.15,168.85,168.05,168.05,151
2015.01.29,11:00,168.03,168.05,165.50,167.00,408
2015.01.29,12:00,167.10,167.68,166.28,166.73,244
2015.01.29,13:00,166.70,166.70,166.23,166.30,55
2015.01.30,05:00,166.53,168.70,166.30,166.43,471
2015.01.30,06:00,166.45,167.83,166.13,167.68,218
2015.01.30,07:00,167.65,168.40,167.55,167.90,146
2015.01.30,08:00,167.88,169.68,167.65,169.63,232
2015.01.30,09:00,169.45,169.45,167.75,168.00,196
2015.01.30,10:00,167.98,167.98,167.78,167.78,21
2015.01.30,11:00,167.93,169.58,167.93,168.25,299
2015.01.30,12:00,168.23,168.90,167.70,168.63,201
2015.01.30,13:00,168.65,168.98,168.13,168.98,138
2015.02.02,05:00,169.18,172.45,168.20,170.45,724
2015.02.02,06:00,170.50,170.55,167.68,168.13,338
2015.02.02,07:00,168.18,169.58,167.70,168.88,307
2015.02.02,08:00,168.90,169.03,167.23,167.40,211
2015.02.02,09:00,167.53,168.60,166.30,168.58,356
2015.02.02,10:00,168.50,168.50,166.88,166.88,163
2015.02.02,11:00,166.83,167.90,166.78,167.05,203
2015.02.02,12:00,167.00,167.20,165.80,166.65,246
2015.02.02,13:00,166.80,167.25,165.65,166.40,281
2015.02.03,05:00,166.68,167.70,165.78,166.28,345
2015.02.03,06:00,166.25,169.25,165.33,169.20,490
2015.02.03,07:00,169.18,170.05,168.60,169.25,284
2015.02.03,08:00,169.15,170.05,167.88,167.98,318
2015.02.03,09:00,167.95,168.73,167.48,168.15,231
2015.02.03,10:00,168.13,169.60,167.73,167.78,340
2015.02.03,11:00,167.88,168.53,167.33,168.33,196
2015.02.03,12:00,168.38,168.83,167.58,168.43,246
2015.02.03,13:00,168.45,170.70,168.23,170.40,300
2015.02.04,05:00,170.00,171.23,169.18,169.50,361
2015.02.04,06:00,169.48,172.25,169.48,172.18,285
2015.02.04,07:00,172.20,172.20,170.50,171.65,286
2015.02.04,08:00,171.68,177.95,171.68,177.48,675
2015.02.04,09:00,177.10,177.40,173.78,175.25,540
2015.02.04,10:00,175.23,176.25,174.15,176.25,319
2015.02.04,11:00,176.35,176.75,176.05,176.63,113
2015.02.04,12:00,176.68,179.28,176.68,179.25,264
2015.02.04,13:00,179.23,179.83,177.95,179.48,352
2015.02.05,05:00,179.35,181.65,175.48,179.05,1205
2015.02.05,06:00,179.38,180.18,179.03,180.03,166
2015.02.05,07:00,180.05,180.68,178.93,180.00,346
2015.02.05,08:00,180.03,180.60,179.50,180.60,164
2015.02.05,09:00,180.35,181.13,180.00,180.55,207
2015.02.05,10:00,180.48,180.68,179.98,180.40,133
2015.02.05,11:00,180.45,181.48,179.73,179.73,279
2015.02.05,12:00,179.70,181.68,179.70,181.20,247
2015.02.05,13:00,181.33,181.33,178.75,179.53,337
2015.02.06,05:00,180.70,181.10,177.20,178.45,556
2015.02.06,06:00,178.40,180.55,178.15,179.55,366
2015.02.06,07:00,179.58,179.85,179.25,179.35,98
2015.02.06,08:00,179.23,179.33,177.45,177.58,212
2015.02.06,09:00,177.55,179.50,177.55,178.88,258
2015.02.06,10:00,178.85,178.95,177.65,178.15,191
2015.02.06,11:00,178.13,178.70,177.38,178.53,225
2015.02.06,12:00,178.23,178.53,176.53,176.55,233
2015.02.06,13:00,176.53,176.98,175.10,176.05,329
2015.02.09,05:00,178.90,178.90,173.88,174.80,595
2015.02.09,06:00,174.70,175.90,172.65,175.58,563
2015.02.09,07:00,175.73,176.63,175.65,176.23,147
2015.02.09,08:00,176.25,176.33,175.28,175.43,129
2015.02.09,09:00,175.40,176.30,174.90,176.18,203
2015.02.09,10:00,176.15,176.20,174.95,175.08,144
2015.02.09,11:00,175.00,175.10,174.93,174.98,33
2015.02.09,12:00,174.85,176.93,174.73,176.10,316
2015.02.09,13:00,176.40,176.75,174.85,175.13,254
2015.02.10,05:00,176.23,179.43,172.45,174.30,1204
2015.02.10,06:00,174.35,177.28,174.35,176.55,367
2015.02.10,07:00,176.75,178.13,175.45,176.80,532
2015.02.10,08:00,176.83,177.20,173.43,174.58,530
2015.02.10,09:00,174.63,174.88,173.80,174.80,200
2015.02.10,10:00,174.75,174.80,174.60,174.73,39
2015.02.10,11:00,174.78,174.88,172.90,174.10,329
2015.02.10,12:00,174.05,174.58,173.63,174.10,186
2015.02.10,13:00,174.13,174.63,173.73,174.50,144
2015.02.11,05:00,174.58,175.58,172.68,173.55,478
2015.02.11,06:00,173.58,174.10,173.53,174.08,65
2015.02.11,07:00,174.20,174.75,174.20,174.38,93
2015.02.11,08:00,174.35,174.43,174.33,174.43,13
2015.02.11,09:00,174.40,174.75,174.33,174.55,70
2015.02.11,10:00,174.40,174.60,174.20,174.43,78
2015.02.11,11:00,174.45,174.58,174.00,174.43,115
2015.02.11,12:00,174.53,174.70,173.90,174.28,136
2015.02.11,13:00,174.30,174.63,174.15,174.38,89
2015.02.12,05:00,174.40,174.68,174.30,174.68,49
2015.02.12,06:00,174.65,177.20,174.63,177.18,262
2015.02.12,07:00,177.23,177.83,176.40,177.75,235
2015.02.12,08:00,177.78,177.88,177.25,177.53,102
2015.02.12,09:00,177.55,177.88,177.30,177.85,87
2015.02.12,10:00,177.18,177.88,176.35,177.78,247
2015.02.12,11:00,177.10,177.88,176.65,177.60,197
2015.02.12,12:00,177.63,177.88,177.05,177.20,124
2015.02.12,13:00,177.23,177.88,177.18,177.68,96
2015.02.13,05:00,178.08,180.78,177.15,178.43,692
2015.02.13,06:00,178.60,178.85,176.63,176.68,253
2015.02.13,07:00,176.73,177.70,176.40,177.50,184
2015.02.13,08:00,177.55,177.68,176.73,177.50,186
2015.02.13,09:00,177.60,177.70,177.45,177.63,48
2015.02.13,10:00,177.65,178.15,176.20,176.20,246
2015.02.13,11:00,176.05,176.73,175.75,175.78,170
2015.02.13,12:00,175.88,176.40,174.08,175.60,437
2015.02.13,13:00,176.00,178.40,174.85,178.40,471
2015.02.16,05:00,179.10,179.38,178.53,178.58,119
2015.02.16,06:00,178.55,178.65,175.40,178.10,606
2015.02.16,07:00,178.08,178.68,177.35,178.55,220
2015.02.16,08:00,178.50,178.75,178.18,178.65,100
2015.02.16,09:00,178.68,179.35,178.63,179.25,88
2015.02.16,10:00,179.30,179.35,178.98,179.08,53
2015.02.16,11:00,179.03,179.13,178.35,178.40,94
2015.02.16,12:00,178.48,179.20,177.13,178.00,367
2015.02.16,13:00,177.55,178.50,177.20,178.33,183
2015.02.17,05:00,181.93,181.93,174.20,174.85,839
2015.02.17,06:00,174.93,177.58,174.85,177.25,315
2015.02.17,07:00,177.28,177.28,171.48,174.55,888
2015.02.17,08:00,174.28,174.40,172.25,172.35,238
2015.02.17,09:00,172.33,172.33,169.38,170.70,428
2015.02.17,10:00,170.75,171.78,169.95,171.75,267
2015.02.17,11:00,172.03,175.03,171.63,173.08,576
2015.02.17,12:00,172.93,173.03,170.88,171.13,251
2015.02.17,13:00,171.08,171.18,170.40,170.78,127
2015.02.18,05:00,173.05,173.05,170.73,172.05,365
2015.02.18,06:00,172.03,173.50,172.00,172.70,234
2015.02.18,07:00,172.73,173.00,172.15,172.30,128
2015.02.18,08:00,172.35,173.05,172.03,172.03,173
2015.02.18,09:00,172.05,172.28,169.60,170.18,350
2015.02.18,10:00,170.20,170.20,168.90,170.03,244
2015.02.18,11:00,169.98,171.53,169.95,171.50,165
2015.02.18,12:00,171.53,171.53,170.28,170.53,151
2015.02.18,13:00,170.50,170.95,170.20,170.55,146
2015.02.19,05:00,169.73,170.03,167.58,169.93,471
2015.02.19,06:00,169.90,172.53,169.88,172.45,276
2015.02.19,07:00,172.43,174.30,171.83,173.43,395
2015.02.19,08:00,173.58,174.90,173.58,174.08,215
2015.02.19,09:00,174.05,174.83,172.45,173.35,407
2015.02.19,10:00,173.43,174.78,173.03,173.60,334
2015.02.19,11:00,173.55,174.53,173.08,173.18,254
2015.02.19,12:00,173.15,174.83,173.15,174.65,187
2015.02.19,13:00,174.58,174.68,174.00,174.53,132
2015.02.20,05:00,173.60,174.93,171.23,172.48,629
2015.02.20,06:00,172.38,172.90,171.70,171.75,178
2015.02.20,07:00,171.73,172.13,170.63,171.98,276
2015.02.20,08:00,172.03,173.73,171.75,172.08,392
2015.02.20,09:00,172.10,172.80,171.88,171.90,165
2015.02.20,10:00,171.88,172.88,171.03,172.85,274
2015.02.20,11:00,172.88,173.35,171.60,171.60,223
2015.02.20,12:00,171.68,172.70,171.55,172.58,141
2015.02.20,13:00,172.65,172.98,171.93,172.90,186
2015.02.23,05:00,175.50,175.53,173.08,173.33,274
2015.02.23,06:00,173.35,173.63,172.83,172.83,109
2015.02.23,07:00,172.90,173.45,172.90,172.95,106
2015.02.23,08:00,172.90,172.98,172.78,172.83,34
2015.02.23,09:00,173.08,174.08,172.83,174.03,156
2015.02.23,10:00,174.05,174.10,173.55,173.60,66
2015.02.23,11:00,173.65,174.15,172.78,174.00,240
2015.02.23,12:00,173.95,175.50,173.38,174.48,372
2015.02.23,13:00,174.98,174.98,174.58,174.88,71
2015.02.24,05:00,175.73,175.73,173.18,173.23,261
2015.02.24,06:00,173.15,173.15,172.13,172.13,103
2015.02.24,07:00,172.15,172.70,171.98,172.68,92
2015.02.24,08:00,172.63,173.70,172.43,173.63,155
2015.02.24,09:00,173.53,174.15,172.73,172.73,205
2015.02.24,10:00,172.60,174.33,172.23,172.80,401
2015.02.24,11:00,172.85,174.45,172.70,173.78,258
2015.02.24,12:00,173.30,175.25,172.50,173.70,511
2015.02.24,13:00,173.75,174.05,173.70,173.93,53
2015.02.25,05:00,176.98,176.98,172.78,174.03,546
2015.02.25,06:00,174.13,174.53,172.58,173.70,348
2015.02.25,07:00,173.68,173.95,172.63,172.68,165
2015.02.25,08:00,172.65,173.73,172.65,173.00,182
2015.02.25,09:00,173.08,173.10,172.68,172.68,45
2015.02.25,10:00,172.73,173.83,172.68,173.00,204
2015.02.25,11:00,172.90,173.80,172.48,173.55,200
2015.02.25,12:00,173.58,173.83,172.98,173.40,153
2015.02.25,13:00,173.33,173.80,173.10,173.78,96
2015.02.26,05:00,173.23,174.18,172.75,174.03,207
2015.02.26,06:00,174.05,174.55,173.45,174.00,216
2015.02.26,07:00,173.98,174.08,173.65,173.85,74
2015.02.26,08:00,173.95,174.50,173.15,174.20,246
2015.02.26,09:00,174.15,174.55,172.60,174.48,358
2015.02.26,10:00,174.45,174.53,172.45,173.58,330
2015.02.26,11:00,173.63,174.25,173.23,173.43,185
2015.02.26,12:00,173.38,174.35,172.98,173.55,258
2015.02.26,13:00,173.60,174.43,173.30,174.15,172
2015.02.27,05:00,173.40,174.70,172.55,173.83,388
2015.02.27,06:00,173.98,174.20,172.88,173.35,202
2015.02.27,07:00,173.25,173.90,173.25,173.35,121
2015.02.27,08:00,173.33,173.73,172.63,173.25,213
2015.02.27,09:00,173.48,173.60,173.30,173.38,51
2015.02.27,10:00,173.43,173.75,172.95,173.00,118
2015.02.27,11:00,173.03,173.58,172.88,173.20,124
2015.02.27,12:00,173.18,173.55,173.03,173.53,70
2015.02.27,13:00,173.55,174.10,173.03,173.48,208
2015.03.02,05:00,172.45,172.78,172.30,172.53,89
2015.03.02,06:00,172.48,173.93,172.13,173.75,234
2015.03.02,07:00,173.78,174.33,173.55,173.63,142
2015.03.02,08:00,173.65,174.10,172.68,173.15,235
2015.03.02,09:00,173.28,173.60,173.28,173.28,65
2015.03.02,10:00,173.30,173.30,172.48,172.53,88
2015.03.02,11:00,172.58,173.35,172.43,173.05,138
2015.03.02,12:00,173.15,173.78,173.13,173.40,106
2015.03.02,13:00,173.38,173.48,172.70,172.95,114
2015.03.03,05:00,173.25,173.40,172.53,172.98,148
2015.03.03,06:00,172.95,173.13,171.18,171.75,271
2015.03.03,07:00,171.78,172.60,171.45,172.05,204
2015.03.03,08:00,172.08,172.65,171.78,171.85,152
2015.03.03,09:00,171.80,172.55,171.70,172.30,121
2015.03.03,10:00,172.25,172.25,171.73,171.73,53
2015.03.03,11:00,171.75,171.90,171.63,171.68,48
2015.03.03,12:00,171.70,171.73,170.68,170.68,109
2015.03.03,13:00,170.93,171.28,170.70,171.23,87
2015.03.04,05:00,170.75,172.18,170.73,171.38,228
2015.03.04,06:00,171.35,171.38,169.80,169.80,162
2015.03.04,07:00,169.85,170.03,168.50,168.55,177
2015.03.04,08:00,168.50,168.63,167.65,168.15,162
2015.03.04,09:00,168.18,170.28,168.18,169.58,281
2015.03.04,10:00,169.63,170.60,169.10,170.05,259
2015.03.04,11:00,169.98,170.55,168.78,169.50,307
2015.03.04,12:00,169.58,169.95,168.95,169.95,164
2015.03.04,13:00,170.00,170.55,169.28,169.55,210
2015.03.05,05:00,169.25,173.28,169.25,173.08,424
2015.03.05,06:00,173.10,173.20,171.68,171.73,168
2015.03.05,07:00,171.70,172.05,170.88,171.58,223
2015.03.05,08:00,171.55,172.10,171.48,171.90,90
2015.03.05,09:00,171.95,172.65,171.95,172.45,91
2015.03.05,10:00,172.50,172.93,172.18,172.88,113
2015.03.05,11:00,172.70,172.83,171.65,171.88,155
2015.03.05,12:00,171.85,172.63,171.73,172.63,103
2015.03.05,13:00,172.60,172.93,172.18,172.33,124
2015.03.06,05:00,173.50,173.75,172.18,173.75,290
2015.03.06,06:00,173.65,174.30,173.18,173.40,200
2015.03.06,07:00,173.50,175.28,172.78,174.38,413
2015.03.06,08:00,174.33,175.80,173.45,173.78,416
2015.03.06,09:00,173.65,174.28,173.10,174.00,202
2015.03.06,10:00,173.95,175.68,173.95,174.63,279
2015.03.06,11:00,174.60,174.88,174.25,174.43,110
2015.03.06,12:00,174.40,174.50,173.30,174.13,214
2015.03.06,13:00,174.10,174.10,173.55,173.83,84
2015.03.09,06:00,173.98,175.28,170.35,172.38,827
2015.03.09,07:00,172.50,172.98,172.50,172.73,74
2015.03.09,08:00,172.70,172.70,172.70,172.70,1
2015.03.09,09:00,172.63,172.70,172.30,172.63,81
2015.03.09,10:00,172.65,173.68,172.65,173.68,104
2015.03.09,11:00,173.65,173.65,173.28,173.28,38
2015.03.09,12:00,173.18,173.30,173.00,173.00,43
2015.03.09,13:00,172.95,173.25,172.83,172.88,78
2015.03.09,14:00,172.93,173.18,172.65,173.15,85
2015.03.10,06:00,173.90,174.08,173.25,173.63,140
2015.03.10,07:00,173.68,174.15,173.65,173.80,89
2015.03.10,08:00,173.78,175.68,173.50,175.00,315
2015.03.10,09:00,174.98,174.98,174.03,174.65,158
2015.03.10,10:00,174.60,174.80,173.23,173.40,195
2015.03.10,11:00,173.38,173.38,172.53,172.60,93
2015.03.10,12:00,172.55,172.55,171.45,171.90,156
2015.03.10,13:00,172.15,172.18,171.40,171.48,90
2015.03.10,14:00,171.43,172.40,171.08,172.08,200
2015.03.11,06:00,172.50,172.70,171.55,171.55,136
2015.03.11,07:00,171.58,172.48,171.58,172.40,99
2015.03.11,08:00,172.63,174.25,172.63,173.65,223
2015.03.11,09:00,173.63,173.63,172.58,172.88,136
2015.03.11,10:00,172.95,173.53,172.95,173.18,94
2015.03.11,11:00,173.15,173.15,172.18,172.20,100
2015.03.11,12:00,172.18,173.00,172.13,172.20,173
2015.03.11,13:00,172.18,173.10,172.18,173.10,93
2015.03.11,14:00,173.08,173.63,173.00,173.63,72
2015.03.12,06:00,174.85,174.90,173.30,173.40,176
2015.03.12,07:00,173.38,173.85,173.38,173.78,55
2015.03.12,08:00,173.80,173.88,173.75,173.75,22
2015.03.12,09:00,173.83,173.95,173.75,173.95,29
2015.03.12,10:00,173.98,174.43,173.98,174.18,71
2015.03.12,11:00,174.20,174.38,173.58,174.38,143
2015.03.12,12:00,174.30,174.43,174.10,174.40,57
2015.03.12,13:00,174.38,174.75,174.33,174.73,50
2015.03.12,14:00,174.70,174.85,174.43,174.50,65
2015.03.13,06:00,175.50,175.50,175.10,175.10,41
2015.03.13,07:00,175.15,175.58,175.15,175.58,44
2015.03.13,08:00,175.63,175.68,174.85,175.23,127
2015.03.13,09:00,175.25,175.35,175.13,175.13,33
2015.03.13,10:00,175.08,175.08,174.70,174.70,39
2015.03.13,11:00,174.65,174.65,174.23,174.43,63
2015.03.13,12:00,174.35,174.53,174.15,174.40,72
2015.03.13,13:00,174.38,174.65,174.38,174.65,28
2015.03.13,14:00,174.58,174.58,174.23,174.28,41
2015.03.16,06:00,175.28,175.95,175.20,175.33,146
2015.03.16,07:00,175.30,176.28,175.13,176.28,133
2015.03.16,08:00,176.25,176.45,175.48,175.48,118
2015.03.16,09:00,175.43,175.58,174.05,174.13,177
2015.03.16,10:00,174.10,174.50,174.10,174.50,41
2015.03.16,11:00,174.53,175.48,174.48,175.28,126
2015.03.16,12:00,175.15,175.33,174.95,175.33,59
2015.03.16,13:00,175.30,176.20,175.20,175.53,178
2015.03.16,14:00,175.55,177.00,175.50,176.83,173
2015.03.17,06:00,175.23,177.05,175.23,175.88,300
2015.03.17,07:00,175.90,176.28,175.68,175.83,114
2015.03.17,08:00,176.00,176.13,174.75,174.93,170
2015.03.17,09:00,175.05,176.30,175.05,176.25,131
2015.03.17,10:00,176.28,176.35,175.78,176.05,92
2015.03.17,11:00,176.08,176.15,175.00,175.53,176
2015.03.17,12:00,175.50,176.53,175.25,176.20,187
2015.03.17,13:00,176.18,176.45,176.05,176.18,81
2015.03.17,14:00,176.13,176.15,175.55,175.65,73
2015.03.18,06:00,174.50,175.98,174.50,175.83,164
2015.03.18,07:00,175.85,175.85,175.53,175.55,35
2015.03.18,08:00,175.53,175.53,173.83,173.83,171
2015.03.18,09:00,173.80,173.98,173.63,173.83,68
2015.03.18,10:00,173.80,174.05,173.63,173.70,75
2015.03.18,11:00,173.65,174.10,173.55,173.63,109
2015.03.18,12:00,173.78,174.15,173.45,174.10,109
2015.03.18,13:00,174.00,174.00,173.08,173.20,105
2015.03.18,14:00,173.18,173.18,172.48,172.70,93
2015.03.19,06:00,173.50,173.80,172.65,173.00,181
2015.03.19,07:00,173.10,173.15,172.85,172.85,36
2015.03.19,08:00,172.70,172.70,172.20,172.35,66
2015.03.19,09:00,172.43,172.68,172.05,172.05,89
2015.03.19,10:00,172.08,172.50,172.03,172.05,92
2015.03.19,11:00,172.08,172.35,171.83,172.20,93
2015.03.19,12:00,172.48,172.75,171.55,172.58,231
2015.03.19,13:00,172.55,172.55,171.63,171.93,123
2015.03.19,14:00,171.90,172.65,171.80,172.43,118
2015.03.20,06:00,179.23,179.38,176.28,177.18,416
2015.03.20,07:00,177.20,177.25,175.48,176.10,245
2015.03.20,08:00,176.13,177.40,175.35,176.70,354
2015.03.20,09:00,176.60,176.93,176.38,176.38,89
2015.03.20,10:00,176.40,176.68,176.10,176.18,95
2015.03.20,11:00,176.25,177.13,176.15,176.20,192
2015.03.20,12:00,176.33,177.10,176.18,176.98,120
2015.03.20,13:00,177.00,177.85,176.98,177.40,135
2015.03.20,14:00,177.43,177.80,176.65,177.63,211
2015.03.23,06:00,178.48,178.48,176.03,176.23,266
2015.03.23,07:00,176.20,176.20,173.78,174.05,270
2015.03.23,08:00,174.13,175.03,174.08,174.60,144
2015.03.23,09:00,174.65,176.15,174.55,176.15,171
2015.03.23,10:00,176.13,176.33,174.88,174.88,166
2015.03.23,11:00,174.78,174.95,174.55,174.65,68
2015.03.23,12:00,174.63,174.80,174.03,174.03,95
2015.03.23,13:00,173.95,174.25,173.83,173.85,75
2015.03.23,14:00,173.90,173.98,173.55,173.65,62
2015.03.24,06:00,174.85,175.55,172.75,174.68,544
2015.03.24,07:00,174.63,174.78,174.63,174.73,21
2015.03.24,08:00,174.68,174.78,174.25,174.43,82
2015.03.24,09:00,174.55,174.78,174.33,174.78,68
2015.03.24,10:00,174.83,174.83,174.40,174.48,52
2015.03.24,11:00,174.50,174.88,174.48,174.78,53
2015.03.24,12:00,174.85,175.98,174.85,175.13,199
2015.03.24,13:00,175.23,176.23,174.68,176.15,219
2015.03.24,14:00,176.13,176.13,175.08,175.55,153
2015.03.25,06:00,175.90,177.70,175.58,177.25,290
2015.03.25,07:00,177.28,177.38,176.80,177.00,89
2015.03.25,08:00,177.08,177.08,176.05,176.10,109
2015.03.25,09:00,176.05,177.08,176.00,176.90,132
2015.03.25,10:00,176.93,177.65,176.93,177.28,110
2015.03.25,11:00,177.25,178.10,177.25,177.90,106
2015.03.25,12:00,177.88,178.23,177.63,178.23,86
2015.03.25,13:00,178.20,178.95,178.20,178.33,138
2015.03.25,14:00,178.30,178.70,177.83,178.70,135
2015.03.26,06:00,178.35,178.35,175.15,175.65,371
2015.03.26,07:00,175.63,175.63,173.53,173.63,221
2015.03.26,08:00,173.58,173.83,172.38,172.50,183
2015.03.26,09:00,172.48,172.63,172.23,172.23,56
2015.03.26,10:00,172.25,172.30,171.40,171.40,96
2015.03.26,11:00,171.38,172.13,171.35,171.53,142
2015.03.26,12:00,171.50,171.53,170.38,170.38,119
2015.03.26,13:00,170.43,171.63,170.18,171.63,171
2015.03.26,14:00,171.60,172.13,171.08,171.08,159
2015.03.27,06:00,173.30,173.30,170.65,170.73,274
2015.03.27,07:00,170.70,171.03,170.20,170.23,120
2015.03.27,08:00,170.15,172.50,170.15,172.45,241
2015.03.27,09:00,172.35,172.38,171.53,171.60,96
2015.03.27,10:00,171.63,171.63,170.35,170.45,139
2015.03.27,11:00,170.53,170.88,170.15,170.15,109
2015.03.27,12:00,170.13,171.15,169.43,171.13,245
2015.03.27,13:00,171.15,171.18,170.10,170.23,125
2015.03.27,14:00,170.25,170.55,170.23,170.55,35
2015.03.30,05:00,172.20,172.58,171.50,172.43,194
2015.03.30,06:00,172.45,172.70,172.18,172.18,78
2015.03.30,07:00,172.15,172.93,171.83,172.20,216
2015.03.30,08:00,172.23,172.48,171.60,172.25,175
2015.03.30,09:00,172.23,172.30,171.25,171.43,131
2015.03.30,10:00,171.45,171.70,170.20,170.20,176
2015.03.30,11:00,170.23,170.78,170.15,170.23,127
2015.03.30,12:00,170.40,170.65,170.20,170.48,83
2015.03.30,13:00,170.45,171.30,170.23,171.13,147
2015.03.31,05:00,172.40,172.40,170.63,172.20,335
2015.03.31,06:00,172.18,172.98,172.05,172.60,145
2015.03.31,07:00,172.63,172.68,172.03,172.18,86
2015.03.31,08:00,172.10,172.38,172.08,172.25,46
2015.03.31,09:00,172.20,172.28,169.55,169.65,292
2015.03.31,10:00,169.63,169.70,169.08,169.23,85
2015.03.31,11:00,169.25,170.33,169.10,170.00,172
2015.03.31,12:00,170.35,171.10,170.20,171.00,116
2015.03.31,13:00,170.98,172.18,170.90,172.05,150
2015.04.01,05:00,172.25,172.30,170.95,172.15,261
2015.04.01,06:00,172.20,172.65,172.15,172.53,68
2015.04.01,07:00,172.55,174.18,172.53,174.05,181
2015.04.01,08:00,174.10,174.45,172.55,173.05,276
2015.04.01,09:00,173.10,173.13,171.93,171.93,124
2015.04.01,10:00,171.80,172.55,171.78,171.95,140
2015.04.01,11:00,171.93,171.95,171.33,171.93,125
2015.04.01,12:00,172.30,172.33,172.10,172.18,35
2015.04.01,13:00,172.28,172.40,172.15,172.18,41
2015.04.02,05:00,172.78,173.93,172.63,173.83,156
2015.04.02,06:00,173.85,174.68,173.40,174.40,202
2015.04.02,07:00,174.43,174.65,173.93,173.93,95
2015.04.02,08:00,173.83,174.80,173.75,174.68,126
2015.04.02,09:00,174.65,174.88,174.65,174.80,32
2015.04.02,10:00,174.83,175.15,174.80,174.93,61
2015.04.02,11:00,174.95,175.00,174.70,175.00,56
2015.04.02,12:00,174.98,175.05,174.70,174.70,43
2015.04.02,13:00,174.73,174.98,174.43,174.43,81
2015.04.07,05:00,173.03,175.25,172.60,175.08,326
2015.04.07,06:00,175.10,175.60,175.05,175.35,86
2015.04.07,07:00,175.30,175.65,175.18,175.53,72
2015.04.07,08:00,175.60,176.30,175.60,176.23,78
2015.04.07,09:00,176.13,176.28,175.80,175.83,67
2015.04.07,10:00,175.98,176.00,175.43,175.53,70
2015.04.07,11:00,175.50,176.28,175.50,176.23,84
2015.04.07,12:00,176.03,176.30,175.90,176.28,56
2015.04.07,13:00,176.25,176.28,175.60,175.60,72
2015.04.08,05:00,176.60,176.63,175.40,175.58,145
2015.04.08,06:00,175.60,176.48,175.33,176.03,188
2015.04.08,07:00,176.00,176.30,174.98,174.98,163
2015.04.08,08:00,174.83,175.10,174.53,174.95,103
2015.04.08,09:00,174.88,175.03,174.55,174.73,82
2015.04.08,10:00,174.78,175.65,174.78,175.65,88
2015.04.08,11:00,175.73,176.63,175.08,176.13,271
2015.04.08,12:00,176.23,176.70,175.83,176.48,150
2015.04.08,13:00,176.40,176.73,176.40,176.65,42
2015.04.09,05:00,177.58,180.03,177.58,179.85,264
2015.04.09,06:00,179.83,180.15,179.18,179.88,190
2015.04.09,07:00,179.83,180.30,179.65,179.80,128
2015.04.09,08:00,179.83,180.60,179.40,179.45,203
2015.04.09,09:00,179.48,179.83,179.40,179.70,65
2015.04.09,10:00,179.73,179.85,179.53,179.75,63
2015.04.09,11:00,179.73,180.15,179.55,179.70,118
2015.04.09,12:00,179.73,179.93,179.60,179.85,55
2015.04.09,13:00,179.88,179.95,179.65,179.70,43
2015.04.10,05:00,182.60,184.00,182.03,183.25,330
2015.04.10,06:00,183.38,183.60,182.28,182.33,160
2015.04.10,07:00,182.35,183.30,182.33,183.25,105
2015.04.10,08:00,183.28,183.63,182.83,182.85,118
2015.04.10,09:00,182.93,183.78,182.80,183.60,130
2015.04.10,10:00,183.58,183.88,183.33,183.43,96
2015.04.10,11:00,183.40,183.88,183.33,183.70,81
2015.04.10,12:00,183.73,184.40,183.63,184.30,98
2015.04.10,13:00,184.35,185.05,183.65,185.05,211
2015.04.13,05:00,185.48,185.60,185.30,185.30,43
2015.04.13,06:00,185.28,185.28,184.10,184.63,172
2015.04.13,07:00,184.65,184.78,184.43,184.43,49
2015.04.13,08:00,184.45,185.30,184.45,184.65,151
2015.04.13,09:00,184.60,184.80,184.03,184.73,142
2015.04.13,10:00,184.75,185.08,184.55,184.55,87
2015.04.13,11:00,184.48,185.13,184.33,184.70,139
2015.04.13,12:00,184.73,185.43,184.33,185.40,154
2015.04.13,13:00,185.28,187.20,185.05,186.98,261
2015.04.14,05:00,185.73,187.08,185.73,186.85,159
2015.04.14,06:00,186.88,187.13,186.28,186.28,111
2015.04.14,07:00,186.30,186.33,185.18,186.25,226
2015.04.14,08:00,186.23,186.30,185.40,186.03,161
2015.04.14,09:00,186.05,186.58,185.43,185.58,184
2015.04.14,10:00,185.60,186.23,185.53,185.68,133
2015.04.14,11:00,185.65,185.65,184.68,185.30,160
2015.04.14,12:00,185.28,185.43,184.13,184.80,213
2015.04.14,13:00,184.78,185.95,184.28,185.18,295
2015.04.15,05:00,185.90,188.98,185.30,188.95,432
2015.04.15,06:00,188.85,190.65,188.68,190.08,272
2015.04.15,07:00,190.03,193.18,189.90,192.50,410
2015.04.15,08:00,192.45,193.05,192.45,193.00,66
2015.04.15,09:00,193.03,193.23,192.98,193.20,34
2015.04.15,10:00,193.30,193.65,192.63,193.03,178
2015.04.15,11:00,193.05,193.33,192.38,192.80,166
2015.04.15,12:00,192.83,194.33,192.53,193.78,266
2015.04.15,13:00,193.80,193.98,193.15,193.43,130
2015.04.20,17:30,189.71,189.91,189.43,189.51,26
2015.04.21,16:30,189.46,189.83,189.01,189.51,64
2015.04.21,17:30,189.48,189.68,188.76,188.76,35
2015.04.29,10:00,193.86,193.86,191.76,192.41,99
2015.04.29,11:00,191.76,191.83,190.43,191.36,57
2015.04.29,12:00,191.46,191.56,189.06,189.06,128
2015.04.29,13:00,189.33,190.31,189.33,190.31,14
2015.04.29,14:00,190.26,190.43,189.93,190.08,18
2015.04.29,15:00,190.31,190.36,189.43,189.46,41
2015.04.29,16:00,189.43,189.78,189.41,189.61,21
2015.04.30,10:00,186.11,186.71,181.86,181.96,128
2015.04.30,11:00,181.98,184.78,181.98,184.13,295
2015.04.30,12:00,183.31,183.56,182.51,182.86,125
2015.04.30,13:00,182.88,183.11,182.26,182.61,74
2015.04.30,14:00,182.56,183.66,182.56,182.76,90
2015.04.30,15:00,183.48,183.48,181.61,181.63,87
2015.04.30,16:00,181.81,182.41,181.63,182.41,24
2015.05.04,11:00,182.31,184.63,182.26,183.98,99
2015.05.04,12:00,183.96,184.21,182.38,184.21,58
2015.05.04,13:00,184.26,185.71,184.26,185.28,37
2015.05.04,14:00,185.48,185.66,184.21,184.28,104
2015.05.04,15:00,184.23,184.61,184.16,184.56,419
2015.05.04,16:00,184.58,185.03,184.53,184.83,92
2015.05.05,10:00,184.21,185.03,184.21,184.38,20
2015.05.05,11:00,184.33,185.08,184.28,184.68,53
2015.05.05,12:00,184.71,185.06,184.61,184.81,44
2015.05.05,13:00,184.78,184.88,184.16,184.21,55
2015.05.05,14:00,184.28,184.91,184.16,184.31,60
2015.05.05,15:00,184.33,184.71,182.46,182.46,110
2015.05.05,16:00,182.48,182.53,182.06,182.33,37
2015.05.05,17:00,182.93,183.16,181.66,182.71,224
2015.05.05,18:00,182.86,182.91,180.81,180.86,93
2015.05.06,11:00,177.66,177.66,176.26,176.26,8
2015.05.06,12:00,173.95,176.45,172.50,175.85,110
2015.05.06,13:00,176.00,179.20,175.10,176.70,89
2015.05.06,14:00,176.75,177.05,174.90,176.50,51
2015.05.06,15:00,176.70,176.75,174.60,175.25,23
2015.05.06,16:00,175.25,175.45,174.20,174.20,43
2015.05.06,17:00,174.20,174.20,170.00,170.45,88
2015.05.06,18:00,170.45,170.80,167.50,167.50,93
2015.05.07,10:00,166.85,166.95,162.30,165.40,369
2015.05.07,11:00,165.20,165.20,161.25,161.25,157
2015.05.07,12:00,162.55,162.55,160.00,161.95,135
2015.05.07,13:00,161.95,162.20,160.65,161.60,45
2015.05.07,14:00,161.60,162.10,160.90,161.65,58
2015.05.07,15:00,161.65,164.10,161.65,162.45,91
2015.05.07,16:00,162.75,163.30,161.90,162.30,93
2015.05.07,17:00,163.05,165.05,160.85,162.95,175
2015.05.07,18:00,163.00,163.50,161.20,161.25,52
2015.05.08,10:00,162.20,164.10,160.00,160.10,157
2015.05.08,11:00,160.10,161.10,157.70,159.55,44
2015.05.08,12:00,159.55,160.85,158.90,160.15,39
2015.05.08,13:00,160.10,161.10,159.80,159.95,74
2015.05.08,14:00,159.55,161.10,158.10,160.85,83
2015.05.08,15:00,159.00,160.70,158.00,159.70,61
2015.05.08,16:00,159.85,160.10,158.05,159.50,44
2015.05.08,17:00,159.55,159.95,156.65,158.30,103
2015.05.08,18:00,158.15,159.40,157.10,159.35,34
2015.05.11,10:00,161.05,161.30,158.45,160.85,64
2015.05.11,11:00,159.95,160.70,158.80,159.80,37
2015.05.11,12:00,160.20,160.35,158.30,158.30,21
2015.05.11,13:00,158.05,159.70,158.00,158.55,135
2015.05.11,14:00,158.85,160.55,155.95,160.00,91
2015.05.11,15:00,160.00,160.60,158.85,158.85,13
2015.05.11,16:00,159.30,159.35,158.10,158.75,37
2015.05.11,17:00,159.05,159.25,158.85,159.00,19
2015.05.11,18:00,159.00,159.00,157.90,158.65,58
2015.05.12,10:00,156.40,157.40,154.85,156.45,78
2015.05.12,11:00,156.45,156.80,155.30,155.40,11
2015.05.12,12:00,155.40,156.60,155.40,156.50,25
2015.05.12,13:00,156.50,156.65,154.80,156.50,56
2015.05.12,14:00,156.50,157.10,154.25,156.50,62
2015.05.12,15:00,156.50,156.75,155.55,156.50,35
2015.05.12,16:00,156.50,156.85,155.85,156.50,76
2015.05.12,17:00,156.35,157.05,155.80,156.75,61
2015.05.12,18:00,156.75,156.85,155.95,156.20,17
2015.05.13,10:00,155.50,157.20,154.55,156.95,75
2015.05.13,11:00,157.10,158.15,156.00,157.70,179
2015.05.13,12:00,158.85,159.00,157.95,158.60,164
2015.05.13,13:00,158.60,158.80,157.95,158.45,47
2015.05.13,14:00,158.45,158.45,155.40,157.70,34
2015.05.13,15:00,157.70,157.70,156.30,156.35,68
2015.05.13,16:00,156.20,157.35,155.95,156.35,180
2015.05.13,17:00,156.35,157.35,156.25,157.00,454
2015.05.13,18:00,157.00,157.15,156.45,157.00,77
2015.05.14,10:00,155.20,156.45,153.60,156.30,1245
2015.05.14,11:00,156.30,156.30,155.45,155.55,1791
2015.05.14,12:00,155.50,156.45,155.45,155.55,1829
2015.05.14,13:00,155.55,156.50,155.45,155.60,1358
2015.05.14,14:00,155.55,157.05,155.45,156.80,1624
2015.05.14,15:00,156.85,156.85,155.90,156.55,810
2015.05.14,16:00,156.50,156.90,155.45,155.70,644
2015.05.14,17:00,155.70,156.50,155.45,156.50,554
2015.05.14,18:00,157.15,157.15,155.45,155.55,506
2015.05.15,10:00,154.00,156.45,154.00,156.45,1343
2015.05.15,11:00,156.45,156.90,155.70,156.85,925
2015.05.15,12:00,156.85,158.10,156.85,157.85,1187
2015.05.15,13:00,157.85,158.50,157.45,157.80,1670
2015.05.15,14:00,157.60,159.20,152.95,158.80,324
2015.05.15,15:00,158.70,159.00,156.35,156.80,1389
2015.05.15,16:00,157.15,157.40,156.10,157.10,1391
2015.05.15,17:00,154.80,157.05,154.80,155.55,1607
2015.05.15,18:00,155.25,156.75,154.70,155.90,567
2015.05.18,10:00,155.90,157.60,154.40,157.35,773
2015.05.18,11:00,157.25,158.35,157.15,157.85,1670
2015.05.18,12:00,157.70,158.10,157.40,157.50,507
2015.05.18,13:00,157.40,158.15,157.30,158.10,1360
2015.05.18,14:00,158.00,158.10,157.30,157.45,966
2015.05.18,15:00,157.40,157.70,157.25,157.50,698
2015.05.18,16:00,157.45,158.25,156.75,156.75,491
2015.05.18,17:00,156.80,157.75,156.20,156.85,678
2015.05.18,18:00,156.85,156.85,155.95,156.25,426
2015.05.19,10:00,156.40,157.15,154.95,155.40,1250
2015.05.19,11:00,155.45,157.20,155.30,155.50,1339
2015.05.19,12:00,155.55,157.25,155.55,156.95,1615
2015.05.19,13:00,157.00,157.15,156.15,156.70,591
2015.05.19,14:00,156.75,157.10,155.65,156.65,724
2015.05.19,15:00,156.80,157.25,156.55,157.25,446
2015.05.19,16:00,157.20,162.95,157.05,160.00,532
2015.05.19,17:00,160.00,161.95,158.10,160.50,438
2015.05.19,18:00,160.50,160.50,158.10,159.25,222
2015.05.20,10:00,159.90,160.80,158.20,159.40,1298
2015.05.20,11:00,158.85,159.35,157.65,158.10,1783
2015.05.20,12:00,158.05,158.80,157.45,158.30,1809
2015.05.20,13:00,158.25,158.30,156.60,157.05,2264
2015.05.20,14:00,157.10,157.60,156.65,156.80,1668
2015.05.20,15:00,156.75,157.25,155.80,156.70,881
2015.05.20,16:00,156.35,157.30,155.10,156.60,1219
2015.05.20,17:00,156.50,156.80,155.10,156.80,469
2015.05.20,18:00,156.50,156.75,154.15,154.15,246
2015.05.21,10:00,154.15,156.85,153.45,155.20,210
2015.05.21,11:00,155.20,155.75,155.00,155.45,106
2015.05.21,12:00,155.40,155.45,155.00,155.20,71
2015.05.21,13:00,155.00,155.20,154.90,154.90,74
2015.05.21,14:00,154.90,155.10,153.45,154.40,61
2015.05.21,15:00,154.40,155.65,152.80,155.55,377
2015.05.21,16:00,155.50,155.55,153.95,155.25,159
2015.05.21,17:00,154.95,155.40,153.75,155.35,102
2015.05.21,18:00,155.35,155.55,154.60,155.20,74
2015.05.22,10:00,152.65,155.80,152.65,153.65,231
2015.05.22,11:00,153.65,155.25,153.65,155.25,83
2015.05.22,12:00,155.25,155.40,153.85,155.10,98
2015.05.22,13:00,155.10,155.45,153.65,155.40,65
2015.05.22,14:00,155.35,155.50,154.80,155.50,155
2015.05.22,15:00,155.50,156.00,155.25,156.00,144
2015.05.22,16:00,156.00,156.10,154.90,155.15,161
2015.05.22,17:00,155.10,155.10,152.75,152.75,122
2015.05.22,18:00,152.75,154.05,152.75,153.30,42
2015.05.26,10:00,153.30,154.45,150.50,153.40,218
2015.05.26,11:00,153.40,153.65,152.35,152.45,107
2015.05.26,12:00,153.30,153.85,152.75,153.30,144
2015.05.26,13:00,153.30,153.35,151.80,152.90,115
2015.05.26,14:00,152.95,155.10,150.95,154.90,127
2015.05.26,15:00,154.90,155.30,153.25,154.70,146
2015.05.26,16:00,154.70,155.05,153.25,153.35,171
2015.05.26,17:00,153.40,153.95,152.50,153.10,171
2015.05.26,18:00,153.10,153.15,152.05,152.90,75
2015.05.27,10:00,150.50,153.50,150.50,152.90,73
2015.05.27,11:00,152.90,152.95,151.05,151.95,86
2015.05.27,12:00,151.95,152.30,150.35,152.15,88
2015.05.27,13:00,152.00,152.75,152.00,152.65,39
2015.05.27,14:00,152.70,152.90,149.70,152.65,144
2015.05.27,15:00,152.35,153.00,151.55,152.30,54
2015.05.27,16:00,152.30,152.80,151.25,152.40,145
2015.05.27,17:00,152.75,153.00,151.05,152.70,182
2015.05.27,18:00,152.75,152.95,152.00,152.25,53
2015.05.28,10:00,154.25,154.25,150.50,151.55,296
2015.05.28,11:00,151.50,153.90,150.50,153.85,215
2015.05.28,12:00,153.50,153.85,152.30,152.35,62
2015.05.28,13:00,152.35,153.20,152.35,152.95,62
2015.05.28,14:00,153.10,153.10,149.40,152.15,82
2015.05.28,15:00,152.30,152.50,149.95,151.25,38
2015.05.28,16:00,151.00,152.05,150.05,150.05,74
2015.05.28,17:00,150.00,151.65,149.95,150.25,114
2015.05.28,18:00,150.30,150.80,149.55,150.55,89
2015.05.29,10:00,151.50,151.85,147.50,148.10,276
2015.05.29,11:00,148.25,148.75,148.00,148.70,81
2015.05.29,12:00,148.70,149.20,148.20,148.80,99
2015.05.29,13:00,148.75,149.60,148.75,149.00,89
2015.05.29,14:00,148.95,149.50,147.15,148.85,78
2015.05.29,15:00,148.80,149.20,148.65,148.95,46
2015.05.29,16:00,148.95,149.40,148.05,148.50,120
2015.05.29,17:00,148.55,148.65,145.40,146.50,189
2015.05.29,18:00,146.50,146.65,144.35,145.95,123
2015.06.01,10:00,147.50,147.90,145.00,145.00,211
2015.06.01,11:00,145.00,145.45,143.05,144.45,150
2015.06.01,12:00,144.15,144.45,143.00,144.25,131
2015.06.01,13:00,144.45,145.25,143.65,144.85,217
2015.06.01,14:00,144.90,145.80,144.30,144.45,115
2015.06.01,15:00,145.05,145.65,143.75,145.50,88
2015.06.01,16:00,145.65,146.70,145.35,146.20,210
2015.06.01,17:00,146.40,147.00,144.15,145.20,258
2015.06.01,18:00,145.20,145.30,143.80,143.80,135
2015.06.02,10:00,146.50,146.50,143.60,145.40,195
2015.06.02,11:00,145.35,146.05,144.25,145.15,193
2015.06.02,12:00,144.30,145.55,143.85,144.35,160
2015.06.02,13:00,144.55,146.15,144.35,145.50,254
2015.06.02,14:00,145.50,145.75,143.85,145.25,124
2015.06.02,15:00,145.20,145.70,145.10,145.55,52
2015.06.02,16:00,145.45,146.25,145.15,146.05,101
2015.06.02,17:00,146.00,146.95,145.40,146.30,211
2015.06.02,18:00,146.25,147.20,145.35,145.95,116
2015.06.03,10:00,147.70,147.70,143.95,145.40,208
2015.06.03,11:00,145.45,149.10,144.55,147.60,166
2015.06.03,12:00,147.60,148.15,146.80,147.25,144
2015.06.03,13:00,147.20,148.55,147.20,147.75,132
2015.06.03,14:00,147.80,149.00,146.30,148.65,138
2015.06.03,15:00,148.50,150.45,148.10,149.55,183
2015.06.03,16:00,149.70,150.20,147.65,147.70,282
2015.06.03,17:00,148.85,151.15,147.95,150.40,262
2015.06.03,18:00,150.45,152.45,148.70,152.45,250
2015.06.04,10:00,149.65,149.85,147.45,147.45,512
2015.06.04,11:00,147.45,149.00,146.60,148.65,226
2015.06.04,12:00,148.60,148.95,145.90,147.25,112
2015.06.04,13:00,147.20,147.75,146.65,147.00,89
2015.06.04,14:00,146.70,147.95,145.95,146.80,23
2015.06.04,15:00,146.75,147.00,146.55,146.95,44
2015.06.04,16:00,146.60,146.90,146.50,146.60,120
2015.06.04,17:00,146.65,147.05,146.50,146.50,69
2015.06.04,18:00,146.35,147.30,146.35,146.80,54
2015.06.05,10:00,144.50,146.95,143.90,145.05,238
2015.06.05,11:00,145.00,145.05,143.75,144.50,58
2015.06.05,12:00,144.35,145.20,143.75,143.80,137
2015.06.05,13:00,143.80,145.50,143.80,145.45,168
2015.06.05,14:00,145.00,147.30,144.60,145.25,110
2015.06.05,15:00,144.95,146.15,144.35,145.85,143
2015.06.05,16:00,145.50,145.75,144.20,144.95,116
2015.06.05,17:00,144.90,145.50,144.55,145.10,118
2015.06.05,18:00,145.05,145.55,144.60,145.25,63
2015.06.08,10:00,146.60,146.60,143.45,143.85,152
2015.06.08,11:00,143.80,144.05,142.05,143.65,157
2015.06.08,12:00,143.80,143.95,141.20,142.00,156
2015.06.08,13:00,141.80,141.90,141.40,141.50,32
2015.06.08,14:00,141.60,142.15,140.15,141.40,49
2015.06.08,15:00,141.40,141.95,141.40,141.45,14
2015.06.08,16:00,141.60,141.65,140.50,140.60,126
2015.06.08,17:00,140.90,140.95,140.50,140.65,66
2015.06.08,18:00,140.75,142.75,140.25,141.00,192
2015.06.09,10:00,141.60,144.10,141.00,143.45,243
2015.06.09,11:00,143.55,144.15,142.45,143.90,128
2015.06.09,12:00,143.75,144.00,142.55,142.55,88
2015.06.09,13:00,143.40,143.80,142.85,143.80,18
2015.06.09,14:00,143.65,144.45,143.15,143.15,42
2015.06.09,15:00,143.05,143.50,143.00,143.05,25
2015.06.09,16:00,143.35,143.75,142.65,143.75,36
2015.06.09,17:00,142.80,144.10,142.80,143.70,93
2015.06.09,18:00,143.60,143.85,143.15,143.40,50
2015.06.10,10:00,143.20,144.10,141.90,143.80,226
2015.06.10,11:00,143.75,143.75,142.80,143.05,1037
2015.06.10,12:00,143.00,143.45,142.55,142.70,584
2015.06.10,13:00,142.75,142.95,141.65,142.30,553
2015.06.10,14:00,142.35,143.70,142.10,143.45,814
2015.06.10,15:00,143.50,144.35,142.80,143.05,974
2015.06.10,16:00,143.00,143.65,142.40,142.90,499
2015.06.10,17:00,142.85,144.10,142.55,143.95,929
2015.06.10,18:00,144.00,144.00,142.65,143.85,339
2015.06.11,14:00,147.10,148.65,146.70,146.85,573
2015.06.12,10:00,145.20,147.90,145.20,147.75,263
2015.06.12,11:00,147.70,148.00,147.20,147.85,415
2015.06.12,12:00,147.90,148.10,147.20,147.70,893
2015.06.12,13:00,147.75,147.95,147.65,147.90,724
2015.06.12,14:00,147.75,148.25,147.35,148.05,2302
2015.06.12,15:00,148.10,148.50,147.20,147.55,1686
2015.06.12,16:00,147.50,148.35,146.90,147.80,878
2015.06.12,17:00,147.85,148.25,147.35,147.70,342
2015.06.12,18:00,147.65,149.45,146.55,146.60,424
2015.06.15,10:00,147.65,148.70,144.95,147.30,320
2015.06.15,11:00,147.35,148.10,146.75,147.55,111
2015.06.15,12:00,147.65,148.15,147.30,147.60,41
2015.06.15,13:00,147.55,147.70,146.50,146.80,40
2015.06.15,14:00,146.75,147.90,143.05,147.30,69
2015.06.15,15:00,146.75,147.40,146.40,146.40,30
2015.06.15,16:00,146.60,147.90,146.30,146.90,63
2015.06.15,17:00,146.85,147.40,146.25,146.30,99
2015.06.15,18:00,146.35,148.00,145.35,145.95,129
2015.06.16,10:00,144.80,147.00,142.80,144.45,338
2015.06.16,11:00,144.25,144.85,142.90,144.45,99
2015.06.16,12:00,144.35,145.20,144.15,144.85,66
2015.06.16,13:00,144.80,146.45,144.80,146.15,99
2015.06.16,14:00,145.75,147.40,145.50,147.40,82
2015.06.16,15:00,147.45,148.05,147.20,148.00,43
2015.06.16,16:00,147.65,148.10,147.05,147.65,85
2015.06.16,17:00,147.45,147.60,145.85,146.70,82
2015.06.16,18:00,146.65,147.10,145.55,146.60,84
2015.06.17,10:00,146.45,147.45,145.20,145.45,202
2015.06.17,11:00,145.40,146.00,145.00,145.90,103
2015.06.17,12:00,145.95,146.10,145.10,145.10,131
2015.06.17,13:00,145.00,145.20,144.55,144.70,101
2015.06.17,14:00,144.75,145.55,143.80,144.30,153
2015.06.17,15:00,144.45,144.45,143.35,143.65,106
2015.06.17,16:00,143.60,144.15,143.55,143.85,54
2015.06.17,17:00,143.90,144.90,143.55,144.25,109
2015.06.17,18:00,144.20,144.25,141.50,141.95,146
2015.06.18,10:00,141.80,144.00,141.65,142.30,150
2015.06.18,11:00,142.35,142.35,141.35,141.65,212
2015.06.18,12:00,141.60,142.50,141.10,142.40,294
2015.06.18,13:00,142.70,145.00,142.60,144.65,137
2015.06.18,14:00,144.60,146.25,144.10,145.10,64
2015.06.18,15:00,144.90,146.35,144.15,144.80,122
2015.06.18,16:00,144.75,145.85,144.30,145.60,108
2015.06.18,17:00,145.65,147.45,145.65,147.25,95
2015.06.18,18:00,147.30,148.60,147.00,148.55,102
2015.06.19,10:00,148.25,148.30,147.00,148.20,144
2015.06.19,11:00,148.05,148.15,147.40,147.55,130
2015.06.19,12:00,147.50,147.50,144.90,145.10,172
2015.06.19,13:00,145.15,145.25,143.65,143.70,169
2015.06.19,14:00,143.65,144.05,142.35,142.85,84
2015.06.19,15:00,142.75,143.35,142.75,142.80,50
2015.06.19,16:00,142.65,142.65,140.95,141.70,132
2015.06.19,17:00,141.75,142.10,141.65,141.95,101
2015.06.19,18:00,141.90,142.05,141.05,141.15,51
2015.06.22,10:00,145.00,145.00,141.35,142.40,137
2015.06.22,11:00,142.25,142.45,140.20,140.90,161
2015.06.22,12:00,140.95,142.00,140.10,141.15,100
2015.06.22,13:00,141.10,141.80,140.40,141.05,101
2015.06.22,14:00,141.05,141.40,140.20,141.20,140
2015.06.22,15:00,140.95,141.50,140.10,141.50,217
2015.06.22,16:00,141.50,142.50,140.90,141.85,251
2015.06.22,17:00,141.85,142.75,141.85,142.75,111
2015.06.22,18:00,142.70,143.35,142.65,143.30,40
2015.06.23,10:00,143.30,143.35,142.20,142.70,71
2015.06.23,11:00,143.00,143.25,142.10,142.15,49
2015.06.23,12:00,142.60,143.85,142.10,143.80,135
2015.06.23,13:00,143.85,145.15,143.70,144.60,123
2015.06.23,14:00,144.55,144.85,143.75,143.80,64
2015.06.23,15:00,143.75,144.90,143.70,144.65,39
2015.06.23,16:00,144.80,145.05,143.90,143.95,115
2015.06.23,17:00,144.75,145.05,143.75,144.80,106
2015.06.23,18:00,144.65,144.80,143.70,144.30,67
2015.06.24,10:00,144.45,145.80,143.25,143.30,181
2015.06.24,11:00,143.25,144.25,142.25,142.25,132
2015.06.24,12:00,142.35,143.15,140.70,142.20,151
2015.06.24,13:00,142.20,142.85,141.50,142.50,103
2015.06.24,14:00,142.50,143.50,142.40,143.50,82
2015.06.24,15:00,143.45,143.50,142.55,143.45,37
2015.06.24,16:00,143.45,143.85,142.40,143.60,152
2015.06.24,17:00,143.40,143.70,142.45,142.55,71
2015.06.24,18:00,143.70,143.70,143.10,143.30,56
2015.06.25,10:00,143.55,143.75,142.60,143.60,57
2015.06.25,11:00,143.60,143.70,142.30,143.10,63
2015.06.25,12:00,142.95,143.15,141.85,142.70,36
2015.06.25,13:00,142.80,143.50,142.40,143.45,73
2015.06.25,14:00,143.15,143.90,143.05,143.50,42
2015.06.25,15:00,143.50,143.95,143.45,143.75,40
2015.06.25,16:00,143.80,144.15,142.90,143.60,96
2015.06.25,17:00,143.65,144.45,143.35,143.85,115
2015.06.25,18:00,143.55,145.05,143.55,143.80,42
2015.06.26,10:00,144.10,144.80,143.20,143.75,461
2015.06.26,11:00,143.75,143.90,142.50,143.90,95
2015.06.26,12:00,143.90,145.10,143.90,144.95,67
2015.06.26,13:00,144.95,146.30,144.45,146.10,115
2015.06.26,14:00,146.40,146.70,145.45,146.60,64
2015.06.26,15:00,146.60,146.60,145.60,146.20,54
2015.06.26,16:00,146.80,146.80,145.30,145.80,215
2015.06.26,17:00,146.10,146.65,144.80,146.15,75
2015.06.26,18:00,146.20,146.80,145.60,146.60,59
2015.06.29,10:00,142.70,144.25,141.30,143.75,189
2015.06.29,11:00,143.75,145.15,142.80,144.65,263
2015.06.29,12:00,144.65,145.95,143.15,143.75,153
2015.06.29,13:00,143.75,145.20,143.65,145.10,110
2015.06.29,14:00,145.25,145.65,144.55,144.75,51
2015.06.29,15:00,144.65,145.85,144.65,145.70,54
2015.06.29,16:00,145.75,146.70,145.25,146.15,80
2015.06.29,17:00,146.15,146.30,145.15,145.15,81
2015.06.29,18:00,145.15,146.15,144.90,145.15,107
2015.06.30,10:00,145.55,145.65,142.45,143.30,307
2015.06.30,11:00,143.30,143.90,143.10,143.50,158
2015.06.30,12:00,143.50,145.20,143.50,144.05,308
2015.06.30,13:00,144.05,145.25,143.50,144.60,191
2015.06.30,14:00,144.55,144.65,143.00,143.75,116
2015.06.30,15:00,143.80,144.70,143.05,144.05,140
2015.06.30,16:00,144.65,144.70,143.00,143.00,240
2015.06.30,17:00,143.10,144.20,143.00,143.60,339
2015.06.30,18:00,143.60,143.60,142.90,142.90,101
2015.07.01,10:00,144.50,144.80,141.70,142.20,107
2015.07.01,11:00,142.45,143.75,141.65,143.75,112
2015.07.01,12:00,143.85,146.65,143.70,146.30,305
2015.07.01,13:00,146.40,147.85,145.80,147.15,223
2015.07.01,14:00,146.85,148.05,146.85,147.90,136
2015.07.01,15:00,147.60,148.30,146.75,148.20,57
2015.07.01,16:00,148.25,148.25,146.55,146.55,64
2015.07.01,17:00,147.60,147.60,146.05,147.20,127
2015.07.01,18:00,146.90,148.10,146.45,147.40,66
2015.07.02,10:00,147.00,148.45,147.00,148.00,213
2015.07.02,11:00,148.00,149.05,148.00,148.00,135
2015.07.02,12:00,148.65,149.05,148.00,149.05,89
2015.07.02,13:00,148.85,149.40,148.00,149.00,70
2015.07.02,14:00,149.05,149.05,148.15,148.35,24
2015.07.02,15:00,148.90,149.50,148.30,148.60,57
2015.07.02,16:00,148.60,149.40,148.60,149.25,60
2015.07.02,17:00,148.75,149.45,147.70,149.30,77
2015.07.02,18:00,149.45,149.50,149.05,149.10,47
2015.07.03,10:00,146.20,149.40,146.20,148.50,101
2015.07.03,11:00,148.45,148.45,148.15,148.35,34
2015.07.03,12:00,148.30,149.00,147.70,148.80,114
2015.07.03,13:00,148.80,149.55,148.45,148.70,66
2015.07.03,14:00,149.35,149.75,148.45,149.65,45
2015.07.03,15:00,149.70,150.85,149.55,150.15,74
2015.07.03,16:00,150.05,151.15,149.75,150.45,110
2015.07.03,17:00,150.65,150.80,150.10,150.80,50
2015.07.03,18:00,150.80,152.15,150.30,151.40,101
2015.07.06,10:00,151.05,151.05,147.80,148.35,751
2015.07.06,11:00,148.05,149.30,146.75,148.80,312
2015.07.06,12:00,148.95,148.95,147.75,147.75,685
2015.07.06,13:00,148.45,150.60,148.15,150.25,588
2015.07.06,14:00,150.25,151.05,149.75,150.90,454
2015.07.06,15:00,150.85,152.45,150.85,152.25,506
2015.07.06,16:00,152.20,152.30,149.05,149.65,850
2015.07.06,17:00,149.30,151.60,149.30,151.10,624
2015.07.06,18:00,151.10,151.80,150.60,150.60,317
2015.07.07,10:00,151.60,151.65,149.70,150.55,265
2015.07.07,11:00,150.50,150.70,150.15,150.50,660
2015.07.07,12:00,150.55,151.55,150.40,151.50,596
2015.07.07,13:00,151.55,151.55,151.25,151.25,165
2015.07.07,14:00,151.25,151.40,150.60,151.40,609
2015.07.07,15:00,151.40,151.65,151.35,151.35,691
2015.07.07,16:00,151.35,151.50,151.15,151.20,262
2015.07.07,17:00,151.15,151.45,150.40,151.25,731
2015.07.07,18:00,151.25,151.90,150.60,151.20,307
2015.07.08,10:00,149.85,152.10,149.85,151.50,303
2015.07.08,11:00,151.50,151.50,151.05,151.25,102
2015.07.08,12:00,151.20,151.35,151.10,151.35,138
2015.07.08,13:00,151.35,151.90,151.20,151.75,151
2015.07.08,14:00,151.75,152.20,150.90,152.00,114
2015.07.08,15:00,152.05,152.15,151.85,152.15,310
2015.07.08,16:00,152.15,152.35,151.80,152.25,455
2015.07.08,17:00,152.20,152.30,151.90,152.05,355
2015.07.08,18:00,152.00,152.45,151.60,152.40,148
2015.07.09,10:00,150.40,150.60,148.50,149.75,219
2015.07.09,11:00,149.75,150.05,149.55,150.00,80
2015.07.09,12:00,149.90,150.50,149.90,149.95,135
2015.07.09,13:00,149.95,151.65,149.65,151.00,156
2015.07.09,14:00,151.05,151.90,150.90,151.85,344
2015.07.09,15:00,151.90,154.35,151.70,154.25,463
2015.07.09,16:00,154.20,155.20,153.95,155.20,318
2015.07.09,17:00,155.20,155.40,154.60,155.10,412
2015.07.09,18:00,155.15,155.40,154.45,154.50,236
2015.07.10,10:00,155.25,156.40,154.35,154.45,797
2015.07.10,11:00,154.40,154.55,153.40,154.30,683
2015.07.10,12:00,154.20,155.25,154.15,154.80,567
2015.07.10,13:00,154.85,155.05,154.40,154.90,367
2015.07.10,14:00,154.95,155.10,154.30,155.05,328
2015.07.10,15:00,155.05,155.25,154.85,155.05,285
2015.07.10,16:00,155.05,156.85,155.05,155.65,1074
2015.07.10,17:00,155.65,157.45,155.60,157.15,388
2015.07.10,18:00,157.10,158.10,157.05,157.50,521
2015.07.13,10:00,157.00,157.35,155.25,155.50,682
2015.07.13,11:00,155.45,157.25,155.45,157.25,554
2015.07.13,12:00,157.00,157.55,157.00,157.45,309
2015.07.13,13:00,157.50,157.80,157.15,157.70,612
2015.07.13,14:00,157.60,157.75,156.80,157.50,749
2015.07.13,15:00,157.55,158.10,156.75,156.75,668
2015.07.13,16:00,156.85,158.10,156.55,158.05,714
2015.07.13,17:00,158.10,159.05,158.00,158.55,543
2015.07.13,18:00,158.60,158.85,158.20,158.30,393
2015.07.14,10:00,157.20,158.60,157.20,158.00,725
2015.07.14,11:00,158.00,158.00,156.75,156.75,1192
2015.07.14,12:00,157.05,157.45,157.05,157.45,1209
2015.07.14,13:00,157.45,157.65,157.10,157.15,986
2015.07.14,14:00,157.10,157.50,156.90,156.95,853
2015.07.14,15:00,156.95,157.65,156.90,157.30,361
2015.07.14,16:00,157.40,158.00,157.30,157.35,341
2015.07.14,17:00,157.30,158.25,157.15,157.45,545
2015.07.14,18:00,157.50,158.55,157.50,158.35,186
2015.07.15,10:00,158.35,158.50,156.65,156.65,307
2015.07.15,11:00,157.15,157.45,156.60,157.40,357
2015.07.15,12:00,157.45,157.75,157.05,157.20,18
2015.07.15,13:00,157.15,157.15,156.00,156.10,23
2015.07.15,14:00,156.00,156.00,155.15,155.15,20
2015.07.15,15:00,154.95,155.30,154.70,155.00,18
2015.07.15,16:00,155.05,155.15,154.25,154.30,29
2015.07.15,17:00,154.25,154.60,153.95,154.55,24
2015.07.15,18:00,154.60,155.85,154.45,155.85,29
2015.07.16,10:00,155.85,156.00,155.85,155.90,38
2015.07.16,11:00,155.90,156.00,155.80,155.80,44
2015.07.16,12:00,155.75,156.70,155.75,156.70,113
2015.07.16,13:00,156.65,157.05,156.65,156.70,41
2015.07.16,14:00,156.75,158.00,156.75,158.00,82
2015.07.16,15:00,158.00,158.00,156.60,157.50,233
2015.07.16,16:00,157.50,159.00,157.45,158.70,198
2015.07.16,17:00,158.75,158.75,157.80,158.15,308
2015.07.16,18:00,158.20,158.25,157.75,157.85,162
2015.07.17,10:00,157.65,157.95,156.50,156.60,1057
2015.07.17,11:00,156.55,157.00,156.45,156.90,248
2015.07.17,12:00,156.95,156.95,156.15,156.20,540
2015.07.17,13:00,156.15,157.15,156.15,156.65,907
2015.07.17,14:00,156.65,157.70,156.55,157.70,897
2015.07.17,15:00,157.65,158.45,157.40,157.85,458
2015.07.17,16:00,157.90,158.10,157.00,157.90,413
2015.07.17,17:00,157.75,158.35,157.10,158.00,629
2015.07.17,18:00,158.05,158.35,157.45,157.50,111
2015.07.20,10:00,157.60,159.65,157.60,157.70,1104
2015.07.20,11:00,157.65,158.35,156.60,158.30,616
2015.07.20,12:00,158.05,158.30,156.95,158.00,258
2015.07.20,13:00,157.95,158.20,157.50,157.55,200
2015.07.20,14:00,157.50,158.50,157.45,157.95,764
2015.07.20,15:00,157.90,158.15,157.75,157.80,601
2015.07.20,16:00,158.00,158.15,157.65,158.00,855
2015.07.20,17:00,158.00,158.00,154.85,155.40,454
2015.07.20,18:00,155.15,156.45,154.95,155.45,240
2015.07.21,10:00,155.25,156.60,155.20,155.70,913
2015.07.21,11:00,155.65,156.25,155.60,155.65,1209
2015.07.21,12:00,155.70,155.85,154.25,154.50,1111
2015.07.21,13:00,154.50,155.70,154.10,155.70,107
2015.07.21,14:00,155.75,156.75,155.60,156.70,409
2015.07.21,15:00,156.50,156.75,155.65,155.80,328
2015.07.21,16:00,155.80,155.80,154.70,155.30,886
2015.07.21,17:00,155.25,155.85,154.65,155.05,711
2015.07.21,18:00,154.70,155.60,154.30,155.10,241
2015.07.22,10:00,153.00,153.60,151.85,152.65,556
2015.07.22,11:00,152.65,152.85,152.10,152.75,91
2015.07.22,12:00,152.70,153.10,152.15,152.60,671
2015.07.22,13:00,152.65,153.30,152.55,153.30,117
2015.07.22,14:00,153.25,153.55,153.00,153.25,806
2015.07.22,15:00,153.20,153.60,153.05,153.20,618
2015.07.22,16:00,153.25,153.35,152.45,152.45,508
2015.07.22,17:00,152.45,153.20,152.45,152.85,201
2015.07.22,18:00,152.80,153.00,152.50,152.50,84
2015.07.23,10:00,154.00,154.05,152.60,153.30,779
2015.07.23,11:00,153.30,153.60,152.85,153.45,947
2015.07.23,12:00,153.45,153.90,153.10,153.50,157
2015.07.23,13:00,153.45,153.80,153.05,153.35,473
2015.07.23,14:00,153.35,153.80,153.00,153.50,210
2015.07.23,15:00,153.50,154.10,153.30,153.65,796
2015.07.23,16:00,153.80,153.95,152.90,153.45,174
2015.07.23,17:00,153.50,154.15,153.25,154.15,442
2015.07.23,18:00,154.20,154.70,153.40,153.55,412
2015.07.24,10:00,155.45,157.70,155.15,155.95,505
2015.07.24,11:00,156.00,162.50,155.80,161.20,447
2015.07.24,12:00,161.45,162.80,160.80,162.75,435
2015.07.24,13:00,162.80,164.20,162.65,163.85,176
2015.07.24,14:00,163.95,164.20,162.40,163.05,118
2015.07.24,15:00,163.35,163.60,162.50,163.30,160
2015.07.24,16:00,163.40,164.50,162.40,163.50,123
2015.07.24,17:00,163.10,163.60,161.25,162.95,162
2015.07.24,18:00,162.95,162.95,160.30,160.55,101
2015.07.27,10:00,159.90,161.40,159.90,160.20,479
2015.07.27,11:00,160.25,162.35,160.25,162.10,364
2015.07.27,12:00,162.10,162.85,162.10,162.50,1118
2015.07.27,13:00,162.35,162.60,161.85,162.00,723
2015.07.27,14:00,161.95,162.20,160.50,160.70,1343
2015.07.27,15:00,160.70,161.70,160.60,161.70,727
2015.07.27,16:00,161.70,161.90,160.70,160.75,929
2015.07.27,17:00,160.70,162.50,160.45,161.55,512
2015.07.27,18:00,161.55,161.55,160.65,161.50,366
2015.07.28,10:00,161.50,162.75,160.75,162.55,341
2015.07.28,11:00,162.60,162.85,161.15,161.95,328
2015.07.28,12:00,161.90,163.35,161.90,163.35,287
2015.07.28,13:00,163.35,163.85,163.35,163.60,61
2015.07.28,14:00,163.50,163.75,162.75,162.75,721
2015.07.28,15:00,162.85,163.05,162.30,162.35,420
2015.07.28,16:00,162.40,162.45,160.80,161.30,279
2015.07.28,17:00,161.30,162.95,161.05,162.95,458
2015.07.28,18:00,162.90,163.55,162.75,163.50,235
2015.07.29,10:00,163.05,166.15,163.05,165.15,362
2015.07.29,11:00,165.25,165.25,164.00,164.25,357
2015.07.29,12:00,164.20,164.35,163.50,163.85,203
2015.07.29,13:00,163.80,163.95,163.30,163.70,530
2015.07.29,14:00,163.75,164.80,163.40,164.35,505
2015.07.29,15:00,164.30,164.55,163.80,164.45,533
2015.07.29,16:00,164.40,164.60,163.95,164.35,104
2015.07.29,17:00,164.40,165.75,164.40,165.25,352
2015.07.29,18:00,165.20,165.85,164.85,165.70,186
2015.07.30,10:00,166.45,167.25,165.10,165.20,155
2015.07.30,11:00,165.20,165.50,164.85,165.50,334
2015.07.30,12:00,165.50,165.85,165.25,165.55,441
2015.07.30,13:00,165.60,167.75,165.55,167.60,181
2015.07.30,14:00,167.75,168.55,167.55,168.15,173
2015.07.30,15:00,168.15,168.15,166.10,166.60,315
2015.07.30,16:00,166.60,167.80,165.55,167.65,230
2015.07.30,17:00,167.75,168.80,167.60,168.75,194
2015.07.30,18:00,168.85,169.20,168.45,169.15,135
2015.07.31,10:00,168.50,168.80,167.60,168.75,485
2015.07.31,11:00,168.70,169.05,168.30,168.95,244
2015.07.31,12:00,168.90,168.90,168.55,168.60,103
2015.07.31,13:00,168.55,169.55,168.55,169.55,167
2015.07.31,14:00,169.50,169.60,169.05,169.55,82
2015.07.31,15:00,169.60,169.90,169.60,169.75,206
2015.07.31,16:00,169.75,170.45,169.10,170.05,211
2015.07.31,17:00,170.10,171.30,170.00,171.20,429
2015.07.31,18:00,171.20,173.00,171.10,172.90,191
2015.08.03,10:00,174.70,175.00,172.50,172.50,612
2015.08.03,11:00,172.50,172.55,170.75,171.45,354
2015.08.03,12:00,171.50,172.70,171.45,172.55,434
2015.08.03,13:00,172.60,173.00,171.90,172.95,103
2015.08.03,14:00,173.00,173.60,172.85,173.05,425
2015.08.03,15:00,173.05,173.60,173.00,173.50,99
2015.08.03,16:00,173.50,173.55,173.10,173.20,57
2015.08.03,17:00,173.20,173.20,172.25,172.25,98
2015.08.03,18:00,172.20,172.20,171.45,172.00,118
2015.08.04,10:00,171.90,172.05,171.10,172.05,149
2015.08.04,11:00,172.05,174.15,172.00,173.85,403
2015.08.04,12:00,173.90,174.00,173.65,173.70,106
2015.08.04,13:00,173.65,173.65,172.50,172.80,207
2015.08.04,14:00,172.80,173.15,172.65,172.95,340
2015.08.04,15:00,173.00,173.00,172.70,173.00,127
2015.08.04,16:00,172.95,173.00,172.70,172.80,142
2015.08.04,17:00,172.90,173.00,172.85,172.95,161
2015.08.04,18:00,173.00,173.90,172.90,173.75,59
2015.08.05,10:00,173.50,175.95,173.25,175.40,348
2015.08.05,11:00,175.40,175.55,174.95,175.35,447
2015.08.05,12:00,175.35,175.90,175.30,175.70,767
2015.08.05,13:00,175.65,176.55,175.65,176.10,374
2015.08.05,14:00,176.15,176.85,175.20,175.40,1325
2015.08.05,15:00,175.30,176.90,175.30,176.50,764
2015.08.05,16:00,176.15,177.70,175.65,177.70,369
2015.08.05,17:00,177.55,179.25,176.35,176.35,1099
2015.08.05,18:00,176.35,177.20,175.95,177.00,802
2015.08.06,10:00,176.30,178.45,176.25,177.70,1024
2015.08.06,11:00,177.70,178.15,177.20,177.45,432
2015.08.06,12:00,177.45,177.90,177.25,177.70,379
2015.08.06,13:00,177.70,177.70,176.80,176.90,489
2015.08.06,14:00,176.85,178.10,176.65,178.00,556
2015.08.06,15:00,178.00,178.00,177.20,177.45,856
2015.08.06,16:00,177.50,177.75,177.05,177.40,389
2015.08.06,17:00,177.35,177.50,176.25,176.65,1409
2015.08.06,18:00,176.60,177.90,176.30,177.40,213
2015.08.07,10:00,175.25,176.95,175.05,176.95,602
2015.08.07,11:00,177.00,177.85,176.60,177.85,545
2015.08.07,12:00,177.85,178.30,177.55,177.70,137
2015.08.07,13:00,177.70,178.20,177.15,177.95,156
2015.08.07,14:00,178.00,178.00,176.50,176.95,724
2015.08.07,15:00,176.60,177.90,176.50,177.15,638
2015.08.07,16:00,177.10,177.30,175.95,177.00,992
2015.08.07,17:00,176.90,177.05,175.75,176.50,926
2015.08.07,18:00,176.35,177.70,176.00,177.50,608
2015.08.10,10:00,176.65,177.80,176.25,176.25,1097
2015.08.10,11:00,176.25,178.20,176.25,177.90,970
2015.08.10,12:00,177.85,178.05,177.00,177.05,921
2015.08.10,13:00,177.00,178.10,176.95,177.90,657
2015.08.10,14:00,177.90,178.50,177.25,177.80,774
2015.08.10,15:00,177.70,177.95,177.00,177.45,558
2015.08.10,16:00,177.50,177.90,176.40,176.40,1065
2015.08.10,17:00,176.40,177.65,176.40,177.30,731
2015.08.10,18:00,177.25,177.55,176.65,177.05,630
2015.08.11,10:00,177.15,177.70,176.55,177.55,754
2015.08.11,11:00,177.55,178.00,176.60,177.55,480
2015.08.11,12:00,177.50,177.70,176.80,177.45,931
2015.08.11,13:00,177.40,177.50,176.75,177.40,499
2015.08.11,14:00,177.40,177.50,176.85,177.45,393
2015.08.11,15:00,177.60,177.60,174.40,174.50,851
2015.08.11,16:00,174.55,175.35,174.00,175.05,890
2015.08.11,17:00,175.05,175.60,175.05,175.25,268
2015.08.11,18:00,175.10,175.65,174.80,175.40,213
2015.08.12,10:00,174.30,178.10,173.30,177.65,1094
2015.08.12,11:00,177.65,177.75,175.15,175.30,946
2015.08.12,12:00,175.35,176.35,174.85,174.90,1686
2015.08.12,13:00,174.90,175.95,174.20,175.35,880
2015.08.12,14:00,175.30,176.10,175.00,176.10,788
2015.08.12,15:00,176.00,176.10,175.35,175.75,470
2015.08.12,16:00,175.75,175.75,174.60,174.80,565
2015.08.12,17:00,174.70,174.70,173.45,174.25,1164
2015.08.12,18:00,173.95,175.50,173.85,175.50,909
2015.08.13,10:00,175.70,176.15,174.95,176.10,771
2015.08.13,11:00,176.10,176.20,174.90,176.20,1293
2015.08.13,12:00,176.20,176.70,176.20,176.70,640
2015.08.13,13:00,176.70,177.70,176.70,177.40,915
2015.08.13,14:00,177.40,177.90,177.00,177.05,1323
2015.08.13,15:00,177.00,177.60,176.30,176.35,773
2015.08.13,16:00,176.30,177.55,176.00,177.05,1085
2015.08.13,17:00,177.00,177.15,176.00,176.65,819
2015.08.13,18:00,176.70,177.05,175.30,176.40,795
2015.08.14,10:00,176.10,177.45,175.35,177.45,608
2015.08.14,11:00,177.50,178.55,177.05,178.30,397
2015.08.14,12:00,178.35,182.45,178.00,182.40,224
2015.08.14,13:00,182.35,182.50,179.20,179.70,554
2015.08.14,14:00,179.75,181.30,179.20,181.15,1144
2015.08.14,15:00,180.80,181.15,180.00,180.05,906
2015.08.14,16:00,180.00,180.75,180.00,180.35,728
2015.08.14,17:00,180.35,180.80,180.35,180.75,456
2015.08.14,18:00,180.75,180.80,180.45,180.65,193
2015.08.17,10:00,181.75,183.00,181.35,181.90,791
2015.08.17,11:00,181.95,181.95,180.45,181.15,395
2015.08.17,12:00,181.15,181.25,180.65,180.65,405
2015.08.17,13:00,180.50,180.50,179.60,179.95,130
2015.08.17,14:00,180.00,181.55,179.95,180.75,158
2015.08.17,15:00,180.70,181.30,180.05,180.35,1112
2015.08.17,16:00,180.35,180.60,179.95,180.60,341
2015.08.17,17:00,180.65,181.70,180.60,180.95,372
2015.08.17,18:00,180.95,182.85,180.70,182.00,354
2015.08.18,10:00,180.50,180.70,178.80,179.10,321
2015.08.18,11:00,179.05,180.90,179.05,180.75,746
2015.08.18,12:00,180.75,180.80,180.40,180.45,380
2015.08.18,13:00,180.45,180.55,180.35,180.40,275
2015.08.18,14:00,180.40,180.40,179.75,180.10,616
2015.08.18,15:00,180.10,180.35,179.80,180.35,690
2015.08.18,16:00,180.35,181.20,179.80,180.20,520
2015.08.18,17:00,180.20,180.95,180.20,180.95,672
2015.08.18,18:00,180.95,181.45,180.75,180.80,279
2015.08.19,10:00,180.55,181.50,179.65,181.05,575
2015.08.19,11:00,181.05,181.05,180.10,180.75,1233
2015.08.19,12:00,180.85,180.95,180.75,180.90,730
2015.08.19,13:00,180.95,181.35,180.50,181.10,294
2015.08.19,14:00,180.70,181.10,180.45,180.90,725
2015.08.19,15:00,180.95,182.00,180.65,181.20,745
2015.08.19,16:00,181.25,181.25,178.55,179.85,1084
2015.08.19,17:00,179.85,180.00,179.45,179.75,437
2015.08.19,18:00,179.75,179.90,178.60,179.20,278
2015.08.20,10:00,174.20,176.60,173.75,175.95,1261
2015.08.20,11:00,175.95,177.00,173.60,173.85,1158
2015.08.20,12:00,173.90,175.50,173.60,174.90,920
2015.08.20,13:00,174.85,175.20,174.85,174.85,1575
2015.08.20,14:00,174.85,176.40,174.85,176.30,1324
2015.08.20,15:00,176.30,176.55,176.25,176.30,866
2015.08.20,16:00,176.30,176.60,175.50,176.55,502
2015.08.20,17:00,176.55,176.70,174.70,175.25,930
2015.08.20,18:00,175.25,176.10,174.95,175.00,593
2015.08.21,10:00,173.60,173.85,165.30,173.60,1025
2015.08.21,11:00,173.60,177.95,173.25,177.45,2044
2015.08.21,12:00,177.40,178.40,175.05,176.35,1367
2015.08.21,13:00,176.40,181.30,174.85,181.30,1368
2015.08.21,14:00,181.30,182.10,179.55,180.65,973
2015.08.21,15:00,180.65,180.65,176.75,176.80,662
2015.08.21,16:00,176.80,178.95,175.35,178.90,1508
2015.08.21,17:00,178.90,180.45,175.80,175.95,933
2015.08.21,18:00,175.95,177.60,175.90,176.40,709
2015.08.24,10:00,168.10,172.60,167.80,172.60,907
2015.08.24,11:00,172.60,172.65,171.50,171.60,1108
2015.08.24,12:00,171.60,172.00,171.25,171.25,979
2015.08.24,13:00,171.25,171.45,170.30,170.75,956
2015.08.24,14:00,170.75,171.40,168.85,170.00,1355
2015.08.24,15:00,170.00,171.40,169.65,171.00,613
2015.08.24,16:00,171.00,171.15,168.90,170.85,842
2015.08.24,17:00,170.85,171.45,168.75,170.75,1118
2015.08.24,18:00,170.75,170.95,169.60,169.90,526
2015.08.25,10:00,170.50,178.90,170.50,176.15,798
2015.08.25,11:00,176.20,177.00,173.55,173.80,1202
2015.08.25,12:00,173.55,174.55,172.75,172.75,276
2015.08.25,13:00,173.00,173.75,172.15,172.75,1052
2015.08.25,14:00,172.75,173.70,172.40,173.35,483
2015.08.25,15:00,173.35,174.00,172.80,173.45,311
2015.08.25,16:00,173.45,174.85,172.95,173.70,874
2015.08.25,17:00,173.55,173.95,173.25,173.85,478
2015.08.25,18:00,173.85,174.55,173.80,174.55,87
2015.08.26,10:00,172.25,172.35,170.20,171.75,1164
2015.08.26,11:00,171.80,172.70,170.05,170.35,1284
2015.08.26,12:00,170.40,170.85,170.05,170.40,491
2015.08.26,13:00,170.40,170.80,170.05,170.40,740
2015.08.26,14:00,170.45,170.75,170.30,170.50,469
2015.08.26,15:00,170.55,170.95,169.75,170.75,665
2015.08.26,16:00,170.70,170.75,170.10,170.45,540
2015.08.26,17:00,170.50,170.70,168.90,169.15,1007
2015.08.26,18:00,169.10,169.95,168.65,169.50,282
2015.08.27,10:00,173.60,175.85,172.00,175.45,1238
2015.08.27,11:00,175.50,177.40,175.25,176.30,774
2015.08.27,12:00,176.30,178.30,175.95,178.30,181
2015.08.27,13:00,178.35,179.10,177.30,177.60,985
2015.08.27,14:00,177.60,179.00,177.15,178.15,971
2015.08.27,15:00,178.20,178.80,177.10,178.30,314
2015.08.27,16:00,178.35,178.35,176.20,176.40,1112
2015.08.27,17:00,176.40,177.75,175.65,177.75,1141
2015.08.27,18:00,177.75,179.60,176.30,176.55,401
2015.08.28,10:00,177.55,178.90,174.85,175.15,540
2015.08.28,11:00,175.15,175.30,174.25,174.50,619
2015.08.28,12:00,174.50,174.50,173.25,173.55,564
2015.08.28,13:00,173.55,174.40,173.55,174.15,739
2015.08.28,14:00,174.15,174.50,172.85,172.90,450
2015.08.28,15:00,172.90,173.70,172.35,173.10,276
2015.08.28,16:00,173.10,173.75,172.65,173.60,562
2015.08.28,17:00,173.60,174.70,173.35,174.45,380
2015.08.28,18:00,174.45,175.05,173.80,173.95,332
2015.08.31,10:00,173.40,175.50,173.40,175.05,1212
2015.08.31,11:00,175.05,175.05,173.20,174.00,582
2015.08.31,12:00,174.00,175.55,173.70,175.55,1307
2015.08.31,13:00,175.55,176.90,175.30,176.60,803
2015.08.31,14:00,176.60,176.70,176.10,176.70,63
2015.08.31,15:00,176.75,176.80,176.00,176.00,83
2015.08.31,16:00,176.05,177.60,176.05,176.65,476
2015.08.31,17:00,176.60,177.85,176.60,177.60,546
2015.08.31,18:00,177.65,178.40,177.60,178.25,201
2015.09.01,10:00,176.25,177.65,175.35,175.35,711
2015.09.01,11:00,175.35,175.60,172.80,172.85,631
2015.09.01,12:00,172.55,174.25,172.50,174.15,660
2015.09.01,13:00,174.15,176.50,174.15,175.15,1576
2015.09.01,14:00,175.10,175.15,173.15,173.75,1335
2015.09.01,15:00,173.75,173.75,173.10,173.25,950
2015.09.01,16:00,173.25,174.30,172.35,173.70,712
2015.09.01,17:00,173.70,174.65,172.85,173.15,633
2015.09.01,18:00,173.15,174.40,173.15,174.10,596
2015.09.02,10:00,177.25,177.25,175.45,175.75,493
2015.09.02,11:00,175.60,175.75,174.00,175.35,1294
2015.09.02,12:00,175.35,175.85,175.25,175.70,401
2015.09.02,13:00,175.75,176.55,175.75,176.55,191
2015.09.02,14:00,176.50,176.70,175.80,176.45,762
2015.09.02,15:00,176.50,176.55,175.30,176.20,849
2015.09.02,16:00,176.15,178.75,176.15,176.90,1825
2015.09.02,17:00,176.90,177.75,176.90,177.65,975
2015.09.02,18:00,177.60,179.65,177.55,178.80,673
2015.09.03,10:00,179.40,181.80,177.80,180.05,1361
2015.09.03,11:00,180.00,180.20,179.85,180.05,221
2015.09.03,12:00,180.00,180.35,179.80,179.85,277
2015.09.03,13:00,179.80,180.95,179.65,180.50,626
2015.09.03,14:00,180.55,182.00,180.55,181.75,674
2015.09.03,15:00,181.75,182.45,180.70,181.75,461
2015.09.03,16:00,181.75,182.95,181.70,182.85,277
2015.09.03,17:00,182.85,183.80,181.30,183.50,406
2015.09.03,18:00,183.30,183.35,181.55,182.25,251
2015.09.04,10:00,181.05,181.10,177.15,177.40,862
2015.09.04,11:00,177.25,177.25,175.30,175.70,971
2015.09.04,12:00,175.75,177.75,175.40,177.75,798
2015.09.04,13:00,177.70,177.85,176.45,176.60,1232
2015.09.04,14:00,176.55,177.00,176.20,176.95,452
2015.09.04,15:00,176.80,177.40,175.70,175.75,793
2015.09.04,16:00,175.70,177.15,175.45,177.10,708
2015.09.04,17:00,177.15,177.55,175.40,175.45,476
2015.09.04,18:00,175.50,176.20,175.45,175.50,355
2015.09.07,10:00,177.25,177.35,176.60,177.00,404
2015.09.07,11:00,177.05,177.35,176.60,176.70,1405
2015.09.07,12:00,176.75,176.85,176.30,176.70,1556
2015.09.07,13:00,176.65,176.80,174.90,174.95,981
2015.09.07,14:00,174.95,175.45,174.35,175.45,727
2015.09.07,15:00,175.35,175.70,174.95,175.70,313
2015.09.07,16:00,175.60,176.35,175.60,176.25,745
2015.09.07,17:00,176.15,176.30,175.65,176.20,1090
2015.09.07,18:00,176.20,176.25,175.45,175.70,369
2015.09.08,10:00,175.85,176.35,175.75,175.80,348
2015.09.08,11:00,176.00,177.05,175.70,176.75,183
2015.09.08,12:00,176.75,177.65,176.75,177.55,1685
2015.09.08,13:00,177.60,178.10,177.55,177.80,635
2015.09.08,14:00,177.75,178.55,176.60,178.55,354
2015.09.08,15:00,178.55,178.80,178.05,178.20,312
2015.09.08,16:00,178.15,179.20,178.00,179.00,1127
2015.09.08,17:00,179.05,179.60,178.30,179.20,1065
2015.09.08,18:00,179.30,179.30,177.80,177.80,335
2015.09.09,10:00,180.65,180.85,179.90,180.35,522
2015.09.09,11:00,180.35,180.85,179.85,180.65,1818
2015.09.09,12:00,180.60,180.95,179.85,179.90,1410
2015.09.09,13:00,179.85,179.90,179.00,179.65,1124
2015.09.09,14:00,179.70,179.70,179.15,179.60,92
2015.09.09,15:00,179.45,181.30,179.45,181.25,702
2015.09.09,16:00,180.95,181.35,180.45,180.60,1158
2015.09.09,17:00,180.65,180.75,178.95,179.85,734
2015.09.09,18:00,179.85,179.85,178.35,178.55,354
2015.09.10,10:00,178.00,178.80,177.50,178.10,261
2015.09.10,11:00,178.25,178.40,176.80,176.95,572
2015.09.10,12:00,176.80,178.50,176.50,178.20,748
2015.09.10,13:00,178.20,178.20,177.40,177.40,694
2015.09.10,14:00,177.40,177.45,176.05,176.10,707
2015.09.10,15:00,176.05,176.40,174.50,175.70,714
2015.09.10,16:00,175.65,176.25,175.30,175.45,833
2015.09.10,17:00,175.50,176.70,174.90,176.20,1199
2015.09.10,18:00,176.20,176.20,174.05,175.65,391
2015.09.11,10:00,175.80,176.20,173.70,173.95,560
2015.09.11,11:00,173.70,174.05,170.60,170.95,966
2015.09.11,12:00,170.95,172.00,170.35,171.40,867
2015.09.11,13:00,171.45,172.05,171.10,171.15,860
2015.09.11,14:00,171.10,172.20,171.10,172.20,529
2015.09.11,15:00,172.20,172.50,171.75,172.35,340
2015.09.11,16:00,172.35,173.70,171.75,173.70,1250
2015.09.11,17:00,173.70,175.05,173.40,175.00,916
2015.09.11,18:00,174.95,174.95,173.10,173.30,338
2015.09.14,10:00,173.55,174.80,172.50,173.95,640
2015.09.14,11:00,174.35,174.35,173.10,173.65,1787
2015.09.14,12:00,173.70,173.75,172.15,173.10,1512
2015.09.14,13:00,173.10,174.35,173.05,173.10,1933
2015.09.14,14:00,173.05,174.60,173.05,174.30,1018
2015.09.14,15:00,174.30,174.85,174.30,174.75,349
2015.09.14,16:00,174.45,176.50,174.30,176.50,564
2015.09.14,17:00,176.50,178.80,176.50,178.75,1188
2015.09.14,18:00,178.70,179.25,177.80,177.80,297
2015.09.15,10:00,178.10,178.70,176.20,176.25,690
2015.09.15,11:00,176.10,176.85,175.95,176.55,1026
2015.09.15,12:00,176.50,176.55,175.55,175.95,1485
2015.09.15,13:00,175.95,177.10,175.50,177.10,974
2015.09.15,14:00,177.10,178.45,176.35,176.90,730
2015.09.15,15:00,176.90,177.00,176.55,176.55,903
2015.09.15,16:00,176.55,179.10,176.55,179.10,1081
2015.09.15,17:00,179.10,181.15,179.10,181.15,691
2015.09.15,18:00,181.15,182.95,180.95,182.65,560
2015.09.16,10:00,180.60,185.90,180.55,185.80,853
2015.09.16,11:00,185.80,186.85,185.70,186.80,1015
2015.09.16,12:00,186.80,187.20,184.25,184.45,1362
2015.09.16,13:00,184.45,184.95,182.75,184.75,1010
2015.09.16,14:00,184.85,184.95,183.10,184.05,863
2015.09.16,15:00,184.05,185.40,183.25,184.80,1138
2015.09.16,16:00,184.70,185.30,184.05,184.05,1051
2015.09.16,17:00,184.10,184.80,183.50,183.95,1032
2015.09.16,18:00,184.00,185.80,183.80,185.40,676
2015.09.17,10:00,185.70,186.30,183.10,185.85,1584
2015.09.17,11:00,185.85,186.00,185.15,186.00,949
2015.09.17,12:00,186.00,186.00,184.90,184.90,866
2015.09.17,13:00,184.95,185.40,184.70,185.25,855
2015.09.17,14:00,185.20,185.35,183.45,185.25,674
2015.09.17,15:00,185.15,185.45,184.15,184.20,563
2015.09.17,16:00,184.15,185.50,183.65,185.45,1103
2015.09.17,17:00,185.50,185.90,183.90,184.25,477
2015.09.17,18:00,184.25,185.25,183.30,184.60,584
2015.09.18,10:00,183.20,186.60,182.65,184.25,479
2015.09.18,11:00,185.25,186.75,182.85,183.60,449
2015.09.18,12:00,183.60,183.60,181.30,181.30,120
2015.09.18,13:00,182.00,183.00,181.75,182.15,197
2015.09.18,14:00,182.15,184.30,181.75,182.30,172
2015.09.18,15:00,182.45,183.00,181.40,182.00,174
2015.09.18,16:00,182.00,183.60,181.30,183.00,208
2015.09.18,17:00,183.45,183.70,181.35,181.80,248
2015.09.18,18:00,181.75,182.35,180.40,180.40,227
2015.09.21,10:00,179.25,181.55,179.25,181.10,370
2015.09.21,11:00,181.15,181.80,180.30,181.70,513
2015.09.21,12:00,181.75,181.80,180.35,180.75,163
2015.09.21,13:00,181.35,182.30,181.25,181.80,177
2015.09.21,14:00,181.80,183.80,181.80,183.80,398
2015.09.21,15:00,183.70,183.80,182.45,183.35,140
2015.09.21,16:00,183.30,183.50,182.15,182.15,136
2015.09.21,17:00,182.75,183.50,182.40,182.40,233
2015.09.21,18:00,182.45,183.45,182.15,182.35,172
2015.09.22,10:00,182.45,182.65,179.80,180.10,1009
2015.09.22,11:00,180.10,181.15,179.80,181.00,471
2015.09.22,12:00,181.00,181.00,179.70,179.90,796
2015.09.22,13:00,179.95,180.25,178.30,178.75,1173
2015.09.22,14:00,178.65,179.35,177.55,179.30,1172
2015.09.22,15:00,179.30,179.30,177.25,177.80,1470
2015.09.22,16:00,177.80,178.80,177.55,178.05,941
2015.09.22,17:00,178.10,179.25,177.95,178.20,1089
2015.09.22,18:00,178.20,178.40,177.25,177.30,937
2015.09.23,10:00,177.75,177.75,174.00,174.80,533
2015.09.23,11:00,174.80,174.80,173.45,174.30,194
2015.09.23,12:00,174.30,174.30,173.05,173.05,128
2015.09.23,13:00,173.60,174.45,173.05,174.30,187
2015.09.23,14:00,174.30,176.60,174.00,176.60,220
2015.09.23,15:00,176.55,177.85,176.45,177.65,134
2015.09.23,16:00,177.65,177.70,175.90,176.85,239
2015.09.23,17:00,176.90,178.05,176.55,177.80,188
2015.09.23,18:00,177.80,181.45,177.80,181.20,245
2015.09.24,10:00,180.05,180.15,178.70,179.45,397
2015.09.24,11:00,179.50,179.90,178.40,179.00,265
2015.09.24,12:00,179.05,179.15,177.05,177.50,470
2015.09.24,13:00,177.55,177.60,176.15,177.35,401
2015.09.24,14:00,177.35,177.35,175.80,176.20,289
2015.09.24,15:00,176.45,176.50,174.45,175.70,199
2015.09.24,16:00,175.70,175.70,173.55,175.05,295
2015.09.24,17:00,175.00,175.10,173.65,173.85,203
2015.09.24,18:00,173.80,174.55,173.65,174.20,141
2015.09.25,10:00,173.20,176.45,172.95,175.90,483
2015.09.25,11:00,175.90,176.35,174.45,175.25,634
2015.09.25,12:00,175.30,175.65,174.50,175.35,163
2015.09.25,13:00,175.30,175.40,174.20,174.20,113
2015.09.25,14:00,174.70,175.65,173.70,175.65,430
2015.09.25,15:00,175.55,176.30,173.85,175.20,236
2015.09.25,16:00,175.20,177.90,175.20,176.80,834
2015.09.25,17:00,176.85,177.50,175.60,177.15,1658
2015.09.25,18:00,177.20,177.45,176.10,176.40,148
2015.09.28,10:00,176.40,177.60,175.15,175.50,817
2015.09.28,11:00,175.50,176.10,175.35,175.60,407
2015.09.28,12:00,175.60,175.65,175.05,175.25,563
2015.09.28,13:00,175.25,175.95,174.20,174.20,166
2015.09.28,14:00,174.80,175.55,174.20,174.25,143
2015.09.28,15:00,174.25,175.60,174.25,175.20,156
2015.09.28,16:00,175.30,175.60,173.45,173.45,391
2015.09.28,17:00,173.95,174.95,173.25,173.75,592
2015.09.28,18:00,173.80,175.10,173.25,174.25,255
2015.09.29,10:00,172.40,173.65,171.70,173.40,517
2015.09.29,11:00,173.45,174.15,173.05,173.90,790
2015.09.29,12:00,173.90,174.95,173.90,174.85,359
2015.09.29,13:00,174.85,175.15,174.10,174.50,127
2015.09.29,14:00,174.45,175.25,173.55,175.25,231
2015.09.29,15:00,175.30,177.25,174.70,176.65,520
2015.09.29,16:00,176.65,177.60,175.70,177.55,549
2015.09.29,17:00,177.55,182.25,177.05,182.25,1047
2015.09.29,18:00,182.30,182.30,180.05,181.65,429
2015.09.30,10:00,183.50,183.65,181.65,182.70,131
2015.09.30,11:00,182.80,184.55,182.70,183.35,236
2015.09.30,12:00,184.30,184.50,182.15,182.75,273
2015.09.30,13:00,182.70,182.80,181.85,182.15,200
2015.09.30,14:00,182.20,182.80,181.00,181.95,141
2015.09.30,15:00,181.95,182.60,180.85,182.25,522
2015.09.30,16:00,182.25,184.15,182.10,183.10,370
2015.09.30,17:00,183.10,184.80,182.30,184.75,878
2015.09.30,18:00,184.80,186.05,184.50,184.50,325
2015.10.01,10:00,184.65,186.55,184.20,186.45,225
2015.10.01,11:00,186.40,186.50,185.15,185.50,297
2015.10.01,12:00,185.50,185.50,183.65,183.95,250
2015.10.01,13:00,184.40,184.40,182.70,182.75,230
2015.10.01,14:00,182.75,183.10,181.35,182.90,477
2015.10.01,15:00,182.55,182.75,182.00,182.75,213
2015.10.01,16:00,182.70,183.10,180.25,180.40,229
2015.10.01,17:00,180.30,182.05,179.40,180.10,528
2015.10.01,18:00,180.15,181.25,179.95,181.25,348
2015.10.02,10:00,180.80,183.60,180.00,183.60,412
2015.10.02,11:00,183.60,184.45,183.35,184.35,271
2015.10.02,12:00,184.35,184.70,183.15,183.20,205
2015.10.02,13:00,183.15,183.25,182.00,182.90,203
2015.10.02,14:00,182.90,183.65,182.25,182.80,335
2015.10.02,15:00,182.90,183.40,181.20,181.45,627
2015.10.02,16:00,181.20,181.95,178.90,179.15,636
2015.10.02,17:00,179.55,182.15,178.90,181.20,652
2015.10.02,18:00,181.20,181.65,179.95,180.95,339
2015.10.05,10:00,183.75,183.75,182.70,183.45,202
2015.10.05,11:00,183.50,184.20,183.05,183.85,176
2015.10.05,12:00,183.80,185.15,183.80,185.15,155
2015.10.05,13:00,185.15,185.50,184.40,185.50,174
2015.10.05,14:00,185.55,186.70,184.75,185.75,158
2015.10.05,15:00,185.80,186.20,185.00,185.90,308
2015.10.05,16:00,185.90,187.05,185.00,186.80,262
2015.10.05,17:00,186.70,187.00,185.35,186.10,240
2015.10.05,18:00,186.05,186.15,185.00,185.60,204
2015.10.06,10:00,185.65,186.75,185.45,186.15,227
2015.10.06,11:00,186.00,187.65,185.55,187.60,449
2015.10.06,12:00,187.60,189.65,187.60,189.55,156
2015.10.06,13:00,189.80,189.80,188.70,189.30,101
2015.10.06,14:00,189.30,189.65,188.20,188.70,138
2015.10.06,15:00,188.70,189.75,188.40,189.50,83
2015.10.06,16:00,189.55,189.90,189.50,189.75,83
2015.10.06,17:00,189.80,190.35,188.15,190.10,355
2015.10.06,18:00,190.15,190.55,189.55,190.05,190
2015.10.07,10:00,189.50,193.00,189.50,191.95,265
2015.10.07,11:00,191.85,191.90,188.65,189.10,597
2015.10.07,12:00,189.10,189.75,188.90,188.95,203
2015.10.07,13:00,189.00,189.95,188.00,188.65,232
2015.10.07,14:00,188.60,190.40,188.40,190.35,189
2015.10.07,15:00,190.40,190.40,189.35,189.45,199
2015.10.07,16:00,189.45,191.00,189.40,190.85,353
2015.10.07,17:00,190.85,192.35,190.85,192.30,263
2015.10.07,18:00,192.30,192.70,191.80,192.35,140
2015.10.08,10:00,192.95,193.10,192.05,192.90,315
2015.10.08,11:00,192.95,193.25,192.15,192.65,355
2015.10.08,12:00,192.65,193.10,191.55,192.70,300
2015.10.08,13:00,192.65,192.90,192.05,192.05,321
2015.10.08,14:00,191.45,192.75,191.10,192.65,308
2015.10.08,15:00,192.75,193.00,191.15,192.75,244
2015.10.08,16:00,192.70,193.05,191.30,192.60,336
2015.10.08,17:00,192.60,193.00,192.15,192.70,313
2015.10.08,18:00,192.80,193.30,192.30,192.65,147
2015.10.09,10:00,192.55,193.85,192.50,193.25,253
2015.10.09,11:00,193.15,193.15,192.40,192.70,201
2015.10.09,12:00,192.70,193.10,192.55,192.95,111
2015.10.09,13:00,193.00,193.00,191.75,192.45,197
2015.10.09,14:00,192.45,193.45,191.75,193.40,318
2015.10.09,15:00,193.40,193.60,192.80,193.05,383
2015.10.09,16:00,193.05,193.35,192.55,193.35,564
2015.10.09,17:00,193.35,193.85,193.00,193.55,166
2015.10.09,18:00,193.55,193.95,192.90,193.10,63
2015.10.12,10:00,192.60,193.90,192.45,192.60,83
2015.10.12,11:00,192.65,192.85,191.85,191.90,97
2015.10.12,12:00,191.90,192.50,191.90,192.50,78
2015.10.12,13:00,192.50,192.50,190.95,191.20,168
2015.10.12,14:00,191.30,191.60,191.20,191.55,13
2015.10.12,15:00,191.40,191.95,190.95,191.95,116
2015.10.12,16:00,192.00,193.00,192.00,192.35,185
2015.10.12,17:00,192.35,193.10,192.10,192.35,214
2015.10.12,18:00,192.90,192.95,192.35,192.70,56
2015.10.13,10:00,192.65,193.10,191.10,191.50,139
2015.10.13,11:00,191.50,191.55,189.55,191.55,258
2015.10.13,12:00,191.50,192.05,189.05,189.50,114
2015.10.13,13:00,189.50,189.70,187.30,188.90,306
2015.10.13,14:00,188.85,190.55,187.25,188.85,490
2015.10.13,15:00,188.80,188.95,186.90,187.90,177
2015.10.13,16:00,187.60,188.45,186.65,187.40,273
2015.10.13,17:00,187.45,187.55,185.25,186.30,324
2015.10.13,18:00,186.35,186.35,184.55,184.75,203
2015.10.14,10:00,184.65,185.40,184.15,185.20,477
2015.10.14,11:00,185.20,185.50,184.80,184.80,83
2015.10.14,12:00,185.30,185.70,185.30,185.55,178
2015.10.14,13:00,185.30,185.75,185.05,185.35,123
2015.10.14,14:00,185.35,186.30,185.10,185.70,206
2015.10.14,15:00,185.70,186.45,185.70,186.15,209
2015.10.14,16:00,186.15,187.30,185.85,186.65,136
2015.10.14,17:00,186.55,187.65,184.85,186.25,250
2015.10.14,18:00,186.25,188.10,186.25,187.35,113
2015.10.15,10:00,186.55,187.85,186.55,187.85,309
2015.10.15,11:00,187.85,189.40,187.10,189.15,208
2015.10.15,12:00,188.80,189.40,188.55,189.25,27
2015.10.15,13:00,188.85,190.25,188.60,189.70,112
2015.10.15,14:00,189.75,191.05,189.35,190.25,149
2015.10.15,15:00,190.20,190.85,189.75,190.80,82
2015.10.15,16:00,190.80,191.45,190.80,191.45,115
2015.10.15,17:00,191.55,192.40,191.00,191.80,128
2015.10.15,18:00,191.80,191.85,190.05,191.25,139
