2013.06.11,18:00,73.03,73.34,72.97,73.18,370
2013.06.11,19:00,73.19,73.32,73.15,73.20,207
2013.06.11,20:00,73.22,73.26,72.78,72.79,331
2013.06.11,21:00,72.78,73.01,72.74,73.00,398
2013.06.11,22:00,73.01,73.06,72.63,72.68,347
2013.06.12,16:00,73.12,73.14,72.78,72.80,387
2013.06.12,17:00,72.81,72.81,72.47,72.50,673
2013.06.12,18:00,72.51,72.61,72.14,72.19,493
2013.06.12,19:00,72.21,72.25,71.99,72.25,396
2013.06.12,20:00,72.24,72.37,72.16,72.27,314
2013.06.12,21:00,72.26,72.28,71.92,71.98,406
2013.06.12,22:00,71.97,71.97,71.74,71.84,386
2013.06.13,16:00,71.76,71.90,71.55,71.89,522
2013.06.13,17:00,71.88,72.11,71.71,71.98,521
2013.06.13,18:00,71.99,72.14,71.92,72.13,315
2013.06.13,19:00,72.14,72.33,72.07,72.33,167
2013.06.13,20:00,72.34,72.34,72.18,72.31,162
2013.06.13,21:00,72.32,72.58,72.32,72.53,151
2013.06.13,22:00,72.54,72.91,72.54,72.74,288
2013.06.14,16:00,72.73,72.82,72.60,72.78,375
2013.06.14,17:00,72.79,72.84,72.34,72.38,485
2013.06.14,18:00,72.37,72.49,72.25,72.41,405
2013.06.14,19:00,72.40,72.60,72.32,72.41,378
2013.06.14,20:00,72.40,72.41,72.17,72.26,320
2013.06.14,21:00,72.25,72.47,72.17,72.30,305
2013.06.14,22:00,72.32,72.50,72.24,72.27,270
2013.06.17,16:00,72.87,73.11,72.84,73.07,363
2013.06.17,17:00,73.10,73.28,73.03,73.25,401
2013.06.17,18:00,73.26,73.38,73.20,73.26,287
2013.06.17,19:00,73.25,73.32,73.22,73.29,128
2013.06.17,20:00,73.31,73.38,73.23,73.32,147
2013.06.17,21:00,73.33,73.36,72.60,72.70,454
2013.06.17,22:00,72.69,73.07,72.65,72.96,536
2013.06.18,16:00,73.07,73.33,73.06,73.23,343
2013.06.18,17:00,73.22,73.59,73.19,73.54,374
2013.06.18,18:00,73.56,73.68,73.49,73.53,215
2013.06.18,19:00,73.52,73.63,73.45,73.62,134
2013.06.18,20:00,73.63,73.63,73.51,73.60,151
2013.06.18,21:00,73.59,73.71,73.53,73.70,144
2013.06.18,22:00,73.69,73.70,73.49,73.57,186
2013.06.19,16:00,73.59,73.67,73.43,73.51,269
2013.06.19,17:00,73.50,73.66,73.46,73.54,312
2013.06.19,18:00,73.56,73.61,73.45,73.46,312
2013.06.19,19:00,73.45,73.50,73.40,73.43,182
2013.06.19,20:00,73.42,73.48,73.41,73.45,159
2013.06.19,21:00,73.44,73.61,72.81,72.87,1598
2013.06.19,22:00,72.88,73.21,72.68,72.70,932
2013.06.20,16:00,71.93,72.15,71.82,72.04,505
2013.06.20,17:00,72.08,72.14,71.65,71.76,838
2013.06.20,18:00,71.75,71.75,71.46,71.60,501
2013.06.20,19:00,71.63,71.78,71.42,71.45,317
2013.06.20,20:00,71.44,71.60,71.33,71.50,434
2013.06.20,21:00,71.51,71.51,70.94,70.97,638
2013.06.20,22:00,70.98,71.14,70.79,70.97,676
2013.06.21,16:00,70.79,70.96,70.55,70.55,496
2013.06.21,17:00,70.54,70.70,70.21,70.41,734
2013.06.21,18:00,70.40,70.44,69.84,69.96,751
2013.06.21,19:00,69.97,70.45,69.93,70.45,580
2013.06.21,20:00,70.46,70.58,70.11,70.16,568
2013.06.21,21:00,70.15,70.37,70.06,70.37,535
2013.06.21,22:00,70.38,70.60,70.34,70.46,472
2013.06.24,16:00,69.86,69.91,69.34,69.38,598
2013.06.24,17:00,69.39,69.68,69.20,69.53,827
2013.06.24,18:00,69.54,69.59,69.15,69.40,673
2013.06.24,19:00,69.41,69.59,69.20,69.57,596
2013.06.24,20:00,69.59,69.80,69.47,69.80,570
2013.06.24,21:00,69.81,70.25,69.73,70.08,567
2013.06.24,22:00,70.07,70.22,69.73,69.74,679
2013.06.25,16:00,70.39,70.51,70.05,70.17,463
2013.06.25,17:00,70.14,70.24,69.81,70.06,955
2013.06.25,18:00,70.07,70.16,69.92,70.14,376
2013.06.25,19:00,70.12,70.24,70.08,70.11,241
2013.06.25,20:00,70.12,70.15,69.94,70.01,266
2013.06.25,21:00,70.00,70.17,69.97,70.08,301
2013.06.25,22:00,70.10,70.42,70.08,70.20,268
2013.06.26,16:00,70.81,70.94,70.65,70.82,315
2013.06.26,17:00,70.83,70.91,70.60,70.74,556
2013.06.26,18:00,70.73,70.79,70.59,70.63,442
2013.06.26,19:00,70.62,70.82,70.62,70.70,233
2013.06.26,20:00,70.72,70.89,70.67,70.80,240
2013.06.26,21:00,70.81,70.89,70.76,70.84,222
2013.06.26,22:00,70.85,70.99,70.84,70.84,240
2013.06.27,16:00,71.22,71.46,71.21,71.44,324
2013.06.27,17:00,71.46,71.61,71.27,71.49,397
2013.06.27,18:00,71.48,71.57,71.30,71.40,232
2013.06.27,19:00,71.42,71.42,71.26,71.32,200
2013.06.27,20:00,71.31,71.45,71.29,71.32,220
2013.06.27,21:00,71.31,71.41,71.13,71.19,232
2013.06.27,22:00,71.20,71.29,71.13,71.18,198
2013.06.28,16:00,70.95,71.18,70.86,70.88,401
2013.06.28,17:00,70.89,71.35,70.79,71.32,430
2013.06.28,18:00,71.31,71.52,71.24,71.35,374
2013.06.28,19:00,71.36,71.36,71.11,71.27,280
2013.06.28,20:00,71.26,71.54,71.23,71.51,215
2013.06.28,21:00,71.53,71.63,71.44,71.48,174
2013.06.28,22:00,71.47,71.68,71.24,71.25,356
2013.07.01,16:00,71.75,72.13,71.75,72.11,377
2013.07.01,17:00,72.10,72.30,72.08,72.08,359
2013.07.01,18:00,72.09,72.21,72.06,72.19,202
2013.07.01,19:00,72.20,72.21,71.98,72.03,173
2013.07.01,20:00,72.04,72.11,71.87,71.87,173
2013.07.01,21:00,71.86,71.98,71.73,71.95,257
2013.07.01,22:00,71.96,72.00,71.64,71.71,329
2013.07.02,16:00,71.68,72.08,71.62,71.97,328
2013.07.02,17:00,71.99,72.13,71.84,72.11,424
2013.07.02,18:00,72.12,72.17,71.95,72.12,290
2013.07.02,19:00,72.11,72.12,71.85,72.00,244
2013.07.02,20:00,71.99,71.99,71.58,71.73,285
2013.07.02,21:00,71.74,71.74,71.35,71.51,415
2013.07.02,22:00,71.52,71.81,71.47,71.74,390
2013.07.03,16:00,71.47,71.83,71.42,71.72,442
2013.07.03,17:00,71.71,71.95,71.56,71.88,643
2013.07.03,18:00,71.90,72.22,71.84,72.22,322
2013.07.03,19:00,72.21,72.36,72.03,72.03,220
2013.07.03,20:00,72.02,72.14,72.01,72.04,183
2013.07.03,21:00,72.06,72.33,72.05,72.09,49
2013.07.03,22:00,72.03,72.19,72.03,72.12,21
2013.07.05,16:00,72.42,72.56,72.27,72.30,580
2013.07.05,17:00,72.31,72.35,71.86,72.22,674
2013.07.05,18:00,72.21,72.37,72.07,72.36,412
2013.07.05,19:00,72.37,72.48,72.35,72.37,202
2013.07.05,20:00,72.38,72.40,72.24,72.36,207
2013.07.05,21:00,72.37,72.57,72.37,72.48,298
2013.07.05,22:00,72.49,72.60,72.29,72.56,235
2013.07.08,16:00,72.95,72.98,72.75,72.81,403
2013.07.08,17:00,72.82,72.95,72.57,72.62,482
2013.07.08,18:00,72.61,72.71,72.48,72.49,241
2013.07.08,19:00,72.48,72.55,72.38,72.41,199
2013.07.08,20:00,72.43,72.58,72.38,72.54,165
2013.07.08,21:00,72.55,72.61,72.46,72.59,143
2013.07.08,22:00,72.60,72.64,72.46,72.64,190
2013.07.09,16:00,72.96,73.04,72.75,72.79,266
2013.07.09,17:00,72.80,72.92,72.65,72.91,399
2013.07.09,18:00,72.92,73.10,72.89,72.98,185
2013.07.09,19:00,72.97,73.11,72.95,73.09,111
2013.07.09,20:00,73.10,73.12,72.94,73.06,128
2013.07.09,21:00,73.07,73.15,73.07,73.12,108
2013.07.09,22:00,73.13,73.23,73.04,73.10,172
2013.07.10,16:00,73.00,73.31,73.00,73.29,283
2013.07.10,17:00,73.30,73.34,73.14,73.21,367
2013.07.10,18:00,73.23,73.31,73.12,73.22,192
2013.07.10,19:00,73.23,73.35,73.20,73.29,125
2013.07.10,20:00,73.28,73.35,73.24,73.33,119
2013.07.10,21:00,73.32,73.60,73.21,73.37,770
2013.07.10,22:00,73.38,73.58,73.32,73.50,360
2013.07.11,16:00,74.29,74.42,74.25,74.36,275
2013.07.11,17:00,74.37,74.53,74.27,74.51,328
2013.07.11,18:00,74.53,74.65,74.49,74.64,176
2013.07.11,19:00,74.63,74.72,74.59,74.72,120
2013.07.11,20:00,74.71,74.74,74.64,74.73,91
2013.07.11,21:00,74.74,74.94,74.70,74.86,139
2013.07.11,22:00,74.85,74.98,74.84,74.96,129
2013.07.12,16:00,75.03,75.10,74.94,75.00,239
2013.07.12,17:00,75.01,75.14,74.96,74.99,265
2013.07.12,18:00,75.01,75.02,74.83,74.87,167
2013.07.12,19:00,74.88,74.91,74.82,74.89,110
2013.07.12,20:00,74.90,75.00,74.83,74.96,116
2013.07.12,21:00,74.97,75.13,74.96,75.12,120
2013.07.12,22:00,75.13,75.34,75.07,75.32,149
2013.07.15,16:00,75.35,75.41,75.17,75.26,181
2013.07.15,17:00,75.27,75.38,75.23,75.38,207
2013.07.15,18:00,75.39,75.45,75.33,75.41,109
2013.07.15,19:00,75.42,75.45,75.37,75.40,78
2013.07.15,20:00,75.39,75.47,75.37,75.45,74
2013.07.15,21:00,75.46,75.50,75.43,75.47,79
2013.07.15,22:00,75.46,75.51,75.42,75.46,76
2013.07.16,16:00,75.52,75.56,75.43,75.44,185
2013.07.16,17:00,75.46,75.58,75.38,75.38,170
2013.07.16,18:00,75.37,75.40,75.20,75.24,161
2013.07.16,19:00,75.23,75.37,75.22,75.29,67
2013.07.16,20:00,75.30,75.37,75.18,75.36,112
2013.07.16,21:00,75.38,75.46,75.30,75.30,116
2013.07.16,22:00,75.29,75.40,75.18,75.38,161
2013.07.17,16:00,75.59,75.68,75.46,75.53,270
2013.07.17,17:00,75.52,75.73,75.47,75.55,364
2013.07.17,18:00,75.57,75.62,75.39,75.49,190
2013.07.17,19:00,75.50,75.67,75.49,75.60,92
2013.07.17,20:00,75.61,75.69,75.53,75.57,131
2013.07.17,21:00,75.58,75.59,75.35,75.42,135
2013.07.17,22:00,75.41,75.58,75.40,75.55,121
2013.07.18,16:00,75.54,75.55,75.39,75.45,184
2013.07.18,17:00,75.47,75.73,75.41,75.68,249
2013.07.18,18:00,75.69,75.71,75.50,75.53,159
2013.07.18,19:00,75.52,75.61,75.30,75.34,140
2013.07.18,20:00,75.35,75.41,75.25,75.40,119
2013.07.18,21:00,75.41,75.54,75.39,75.47,94
2013.07.18,22:00,75.46,75.47,75.35,75.38,117
2013.07.19,16:00,74.71,74.73,74.48,74.55,337
2013.07.19,17:00,74.56,74.63,74.43,74.54,277
2013.07.19,18:00,74.55,74.66,74.39,74.44,189
2013.07.19,19:00,74.46,74.51,74.39,74.46,116
2013.07.19,20:00,74.45,74.49,74.37,74.48,82
2013.07.19,21:00,74.47,74.59,74.44,74.45,89
2013.07.19,22:00,74.46,74.58,74.40,74.58,112
2013.07.22,16:00,74.87,74.97,74.58,74.60,294
2013.07.22,17:00,74.59,74.82,74.59,74.76,199
2013.07.22,18:00,74.77,74.89,74.76,74.79,113
2013.07.22,19:00,74.78,74.86,74.78,74.82,67
2013.07.22,20:00,74.81,74.83,74.58,74.67,75
2013.07.22,21:00,74.68,74.87,74.68,74.87,81
2013.07.22,22:00,74.86,74.87,74.72,74.80,89
2013.07.23,16:00,74.95,74.95,74.72,74.72,191
2013.07.23,17:00,74.71,74.72,74.39,74.42,210
2013.07.23,18:00,74.41,74.55,74.38,74.50,110
2013.07.23,19:00,74.49,74.53,74.40,74.43,96
2013.07.23,20:00,74.45,74.62,74.45,74.54,89
2013.07.23,21:00,74.55,74.57,74.43,74.54,85
2013.07.23,22:00,74.53,74.53,74.20,74.26,120
2013.07.24,16:00,74.98,75.01,74.61,74.62,276
2013.07.24,17:00,74.61,74.70,74.40,74.62,381
2013.07.24,18:00,74.63,74.85,74.62,74.71,192
2013.07.24,19:00,74.72,74.76,74.49,74.54,223
2013.07.24,20:00,74.56,74.57,74.33,74.44,243
2013.07.24,21:00,74.43,74.57,74.43,74.53,153
2013.07.24,22:00,74.52,74.56,74.40,74.50,234
2013.07.25,16:00,74.87,74.87,74.53,74.79,242
2013.07.25,17:00,74.80,74.90,74.71,74.73,266
2013.07.25,18:00,74.72,74.72,74.46,74.57,206
2013.07.25,19:00,74.58,74.96,74.56,74.95,140
2013.07.25,20:00,74.94,74.97,74.87,74.89,97
2013.07.25,21:00,74.88,74.95,74.78,74.78,126
2013.07.25,22:00,74.77,75.05,74.77,75.00,282
2013.07.26,16:00,74.66,74.92,74.58,74.92,300
2013.07.26,17:00,74.91,74.93,74.55,74.67,333
2013.07.26,18:00,74.66,74.95,74.60,74.92,188
2013.07.26,19:00,74.93,75.05,74.92,74.99,88
2013.07.26,20:00,75.00,75.19,74.99,75.10,128
2013.07.26,21:00,75.11,75.21,75.01,75.17,122
2013.07.26,22:00,75.16,75.36,75.12,75.36,170
2013.07.29,16:00,75.21,75.53,75.20,75.44,222
2013.07.29,17:00,75.43,75.47,75.25,75.36,286
2013.07.29,18:00,75.35,75.38,75.02,75.09,212
2013.07.29,19:00,75.10,75.21,75.05,75.19,103
2013.07.29,20:00,75.20,75.24,75.10,75.20,132
2013.07.29,21:00,75.21,75.37,75.21,75.29,106
2013.07.29,22:00,75.28,75.31,75.11,75.20,147
2013.07.30,16:00,75.50,75.52,75.41,75.42,209
2013.07.30,17:00,75.43,75.71,75.41,75.61,247
2013.07.30,18:00,75.60,75.94,75.56,75.89,169
2013.07.30,19:00,75.90,75.90,75.73,75.78,123
2013.07.30,20:00,75.80,75.80,75.35,75.41,141
2013.07.30,21:00,75.40,75.60,75.37,75.53,152
2013.07.30,22:00,75.52,75.75,75.50,75.61,152
2013.07.31,16:00,75.76,76.01,75.76,75.94,220
2013.07.31,17:00,75.96,75.97,75.77,75.92,232
2013.07.31,18:00,75.93,75.96,75.83,75.89,139
2013.07.31,19:00,75.88,75.88,75.72,75.74,74
2013.07.31,20:00,75.75,75.82,75.70,75.81,82
2013.07.31,21:00,75.82,76.20,75.62,76.19,704
2013.07.31,22:00,76.18,76.19,75.65,75.74,444
2013.08.01,16:00,76.29,76.39,76.20,76.25,311
2013.08.01,17:00,76.24,76.43,76.23,76.31,310
2013.08.01,18:00,76.32,76.38,76.26,76.35,150
2013.08.01,19:00,76.34,76.41,76.27,76.32,103
2013.08.01,20:00,76.31,76.39,76.28,76.37,93
2013.08.01,21:00,76.38,76.52,76.36,76.49,115
2013.08.01,22:00,76.50,76.64,76.41,76.54,126
2013.08.02,16:00,76.56,76.59,76.38,76.46,293
2013.08.02,17:00,76.47,76.68,76.42,76.51,200
2013.08.02,18:00,76.52,76.65,76.48,76.62,125
2013.08.02,19:00,76.63,76.73,76.62,76.73,95
2013.08.02,20:00,76.72,76.82,76.68,76.74,111
2013.08.02,21:00,76.75,76.82,76.72,76.80,116
2013.08.02,22:00,76.81,76.98,76.78,76.98,146
2013.08.05,16:00,76.89,76.94,76.81,76.92,212
2013.08.05,17:00,76.93,77.07,76.90,77.02,157
2013.08.05,18:00,77.03,77.04,76.86,76.90,114
2013.08.05,19:00,76.91,76.97,76.82,76.90,91
2013.08.05,20:00,76.89,76.99,76.78,76.96,112
2013.08.05,21:00,76.95,76.95,76.86,76.90,119
2013.08.05,22:00,76.91,77.01,76.86,76.99,79
2013.08.06,16:00,76.91,76.98,76.71,76.80,183
2013.08.06,17:00,76.79,76.81,76.30,76.30,260
2013.08.06,18:00,76.29,76.52,76.25,76.51,134
2013.08.06,19:00,76.52,76.63,76.49,76.62,82
2013.08.06,20:00,76.61,76.63,76.46,76.46,64
2013.08.06,21:00,76.45,76.52,76.34,76.46,156
2013.08.06,22:00,76.47,76.60,76.46,76.52,120
2013.08.07,16:00,76.36,76.56,76.20,76.23,263
2013.08.07,17:00,76.22,76.22,75.87,76.06,361
2013.08.07,18:00,76.07,76.12,75.94,76.01,147
2013.08.07,19:00,76.02,76.28,75.99,76.28,134
2013.08.07,20:00,76.29,76.37,76.27,76.35,107
2013.08.07,21:00,76.37,76.44,76.28,76.42,211
2013.08.07,22:00,76.41,76.50,76.40,76.42,175
2013.08.08,16:00,76.85,76.90,76.61,76.66,318
2013.08.08,17:00,76.65,76.67,76.30,76.53,307
2013.08.08,18:00,76.54,76.81,76.53,76.80,158
2013.08.08,19:00,76.81,76.97,76.81,76.89,115
2013.08.08,20:00,76.90,76.94,76.86,76.93,96
2013.08.08,21:00,76.92,76.96,76.79,76.84,125
2013.08.08,22:00,76.83,76.89,76.78,76.79,125
2013.08.09,16:00,76.69,76.93,76.63,76.87,236
2013.08.09,17:00,76.88,76.91,76.58,76.61,378
2013.08.09,18:00,76.60,76.60,76.27,76.49,245
2013.08.09,19:00,76.48,76.74,76.46,76.65,143
2013.08.09,20:00,76.64,76.75,76.60,76.65,136
2013.08.09,21:00,76.64,76.67,76.49,76.55,251
2013.08.09,22:00,76.57,76.59,76.43,76.48,169
2013.08.12,16:00,76.20,76.59,76.20,76.53,309
2013.08.12,17:00,76.54,76.77,76.54,76.77,383
2013.08.12,18:00,76.76,76.80,76.64,76.68,201
2013.08.12,19:00,76.67,76.68,76.50,76.65,161
2013.08.12,20:00,76.66,76.72,76.54,76.57,150
2013.08.12,21:00,76.55,76.68,76.54,76.68,140
2013.08.12,22:00,76.67,76.75,76.63,76.68,152
2013.08.13,16:00,76.75,76.87,76.55,76.64,266
2013.08.13,17:00,76.63,76.63,76.22,76.42,446
2013.08.13,18:00,76.41,76.69,76.40,76.60,168
2013.08.13,19:00,76.59,76.93,76.53,76.84,136
2013.08.13,20:00,76.85,77.07,76.85,76.93,154
2013.08.13,21:00,76.94,77.15,76.92,77.12,281
2013.08.13,22:00,77.13,77.27,77.05,77.09,194
2013.08.14,16:00,77.05,77.17,76.93,77.09,372
2013.08.14,17:00,77.10,77.14,76.70,76.87,460
2013.08.14,18:00,76.86,76.94,76.80,76.87,315
2013.08.14,19:00,76.88,77.06,76.87,76.95,247
2013.08.14,20:00,76.94,76.99,76.75,76.83,352
2013.08.14,21:00,76.84,76.97,76.80,76.95,288
2013.08.14,22:00,76.96,77.03,76.79,76.81,227
2013.08.15,16:00,75.94,75.94,75.53,75.60,591
2013.08.15,17:00,75.59,75.65,75.29,75.51,803
2013.08.15,18:00,75.52,75.85,75.49,75.80,306
2013.08.15,19:00,75.79,75.90,75.69,75.69,258
2013.08.15,20:00,75.68,75.72,75.46,75.54,396
2013.08.15,21:00,75.53,75.71,75.36,75.60,437
2013.08.15,22:00,75.59,75.61,75.40,75.52,290
2013.08.16,16:00,75.51,75.67,75.34,75.64,440
2013.08.16,17:00,75.63,75.83,75.50,75.81,460
2013.08.16,18:00,75.80,75.86,75.65,75.75,242
2013.08.16,19:00,75.74,75.79,75.57,75.63,211
2013.08.16,20:00,75.64,75.66,75.42,75.53,323
2013.08.16,21:00,75.52,75.61,75.40,75.61,262
2013.08.16,22:00,75.60,75.68,75.44,75.45,205
2013.08.19,16:00,75.51,75.90,75.41,75.90,443
2013.08.19,17:00,75.89,76.12,75.89,76.05,485
2013.08.19,18:00,76.04,76.07,75.90,75.93,339
2013.08.19,19:00,75.92,75.98,75.83,75.95,198
2013.08.19,20:00,75.94,75.95,75.75,75.87,163
2013.08.19,21:00,75.89,75.90,75.64,75.69,225
2013.08.19,22:00,75.68,75.68,75.33,75.35,251
2013.08.20,16:00,75.50,75.66,75.43,75.59,528
2013.08.20,17:00,75.58,75.83,75.49,75.72,454
2013.08.20,18:00,75.73,75.99,75.73,75.94,215
2013.08.20,19:00,75.95,76.02,75.82,75.92,177
2013.08.20,20:00,75.93,76.00,75.83,75.85,195
2013.08.20,21:00,75.84,75.88,75.76,75.79,199
2013.08.20,22:00,75.80,75.89,75.67,75.67,203
2013.08.21,16:00,75.44,75.81,75.40,75.74,474
2013.08.21,17:00,75.75,75.87,75.66,75.77,669
2013.08.21,18:00,75.78,75.79,75.39,75.47,278
2013.08.21,19:00,75.49,75.56,75.45,75.51,166
2013.08.21,20:00,75.50,75.64,75.45,75.59,125
2013.08.21,21:00,75.58,76.08,75.14,75.94,1421
2013.08.21,22:00,75.96,75.97,75.37,75.42,583
2013.08.22,16:00,75.74,76.05,75.71,75.95,451
2013.08.22,17:00,75.96,76.20,75.85,76.09,476
2013.08.22,18:00,76.11,76.14,75.92,75.98,314
2013.08.22,19:00,75.97,75.99,75.95,75.95,16
2013.08.22,20:00,75.94,75.94,75.94,75.94,1
2013.08.22,22:00,75.99,76.18,75.98,76.14,157
2013.08.23,16:00,76.71,76.76,76.49,76.56,472
2013.08.23,17:00,76.54,76.67,76.40,76.60,722
2013.08.23,18:00,76.61,76.64,76.45,76.52,367
2013.08.23,19:00,76.53,76.66,76.51,76.62,208
2013.08.23,20:00,76.64,76.66,76.59,76.60,128
2013.08.23,21:00,76.59,76.67,76.56,76.64,142
2013.08.23,22:00,76.63,76.76,76.60,76.66,207
2013.08.26,16:00,76.71,76.99,76.66,76.88,364
2013.08.26,17:00,76.87,77.09,76.87,77.08,348
2013.08.26,18:00,77.07,77.21,77.07,77.14,223
2013.08.26,19:00,77.13,77.25,77.08,77.24,197
2013.08.26,20:00,77.23,77.26,77.04,77.10,174
2013.08.26,21:00,77.09,77.16,77.03,77.12,131
2013.08.26,22:00,77.11,77.12,76.55,76.65,617
2013.08.27,16:00,75.80,76.15,75.74,76.03,463
2013.08.27,17:00,76.04,76.11,75.66,75.90,709
2013.08.27,18:00,75.89,76.03,75.73,75.80,539
2013.08.27,19:00,75.79,75.79,75.45,75.51,387
2013.08.27,20:00,75.50,75.50,75.22,75.35,394
2013.08.27,21:00,75.34,75.34,75.07,75.25,470
2013.08.27,22:00,75.24,75.38,74.96,75.11,595
2013.08.28,16:00,75.07,75.45,75.06,75.34,561
2013.08.28,17:00,75.35,75.53,75.20,75.50,652
2013.08.28,18:00,75.51,75.56,75.34,75.55,253
2013.08.28,19:00,75.54,75.71,75.50,75.68,171
2013.08.28,20:00,75.69,75.74,75.61,75.71,175
2013.08.28,21:00,75.72,75.74,75.45,75.51,199
2013.08.28,22:00,75.52,75.72,75.41,75.42,297
2013.08.29,16:00,75.40,75.93,75.30,75.85,529
2013.08.29,17:00,75.86,76.28,75.85,76.19,543
2013.08.29,18:00,76.18,76.32,76.17,76.32,273
2013.08.29,19:00,76.31,76.33,76.12,76.20,205
2013.08.29,20:00,76.19,76.27,75.96,76.02,244
2013.08.29,21:00,76.01,76.21,76.00,76.18,244
2013.08.29,22:00,76.19,76.19,75.90,75.94,286
2013.08.30,16:00,76.01,76.01,75.69,75.75,535
2013.08.30,17:00,75.74,75.74,75.40,75.45,666
2013.08.30,18:00,75.44,75.57,75.33,75.41,451
2013.08.30,19:00,75.40,75.56,75.36,75.51,357
2013.08.30,20:00,75.50,75.63,75.21,75.42,699
2013.08.30,21:00,75.41,75.60,75.37,75.55,357
2013.08.30,22:00,75.54,75.59,75.29,75.45,359
2013.09.03,16:00,76.08,76.40,76.08,76.31,569
2013.09.03,17:00,76.30,76.43,76.12,76.28,777
2013.09.03,18:00,76.29,76.41,75.89,75.97,619
2013.09.03,19:00,75.96,76.09,75.74,75.75,436
2013.09.03,20:00,75.74,75.83,75.54,75.59,441
2013.09.03,21:00,75.60,75.81,75.55,75.81,582
2013.09.03,22:00,75.82,76.03,75.76,75.90,542
2013.09.04,16:00,76.15,76.31,75.93,76.26,551
2013.09.04,17:00,76.27,76.53,76.27,76.50,334
2013.09.04,18:00,76.51,76.80,76.49,76.77,200
2013.09.04,19:00,76.78,76.78,76.64,76.70,209
2013.09.04,20:00,76.71,76.83,76.68,76.73,179
2013.09.04,21:00,76.72,76.80,76.68,76.77,230
2013.09.04,22:00,76.78,76.82,76.58,76.72,372
2013.09.05,16:00,76.75,77.05,76.73,76.95,473
2013.09.05,17:00,76.96,76.99,76.73,76.75,495
2013.09.05,18:00,76.76,76.94,76.75,76.90,361
2013.09.05,19:00,76.89,76.91,76.74,76.79,176
2013.09.05,20:00,76.80,76.89,76.74,76.82,192
2013.09.05,21:00,76.80,76.97,76.78,76.96,135
2013.09.05,22:00,76.95,76.96,76.80,76.85,163
2013.09.06,16:00,77.10,77.16,76.30,76.39,927
2013.09.06,17:00,76.40,77.08,76.05,77.04,1117
2013.09.06,18:00,77.05,77.18,77.03,77.09,506
2013.09.06,19:00,77.10,77.17,76.99,77.08,251
2013.09.06,20:00,77.09,77.32,77.01,77.26,222
2013.09.06,21:00,77.27,77.32,77.16,77.20,281
2013.09.06,22:00,77.19,77.22,76.90,76.92,525
2013.09.09,16:00,77.24,77.51,77.23,77.46,485
2013.09.09,17:00,77.48,77.51,77.26,77.36,398
2013.09.09,18:00,77.37,77.57,77.31,77.53,296
2013.09.09,19:00,77.54,77.69,77.53,77.63,210
2013.09.09,20:00,77.62,77.76,77.60,77.75,169
2013.09.09,21:00,77.76,77.96,77.75,77.85,221
2013.09.09,22:00,77.86,77.92,77.78,77.82,214
2013.09.10,16:00,78.26,78.26,78.07,78.15,492
2013.09.10,17:00,78.16,78.30,78.07,78.19,503
2013.09.10,18:00,78.20,78.31,78.10,78.15,293
2013.09.10,19:00,78.16,78.19,78.02,78.17,200
2013.09.10,20:00,78.16,78.27,78.06,78.23,454
2013.09.10,21:00,78.24,78.28,77.92,78.14,501
2013.09.10,22:00,78.13,78.24,78.06,78.20,258
2013.09.11,16:00,77.70,77.92,77.67,77.69,508
2013.09.11,17:00,77.68,77.86,77.59,77.73,534
2013.09.11,18:00,77.74,77.95,77.72,77.91,268
2013.09.11,19:00,77.90,78.00,77.87,77.99,196
2013.09.11,20:00,77.98,78.08,77.90,78.03,219
2013.09.11,21:00,78.02,78.10,77.96,78.02,189
2013.09.11,22:00,78.03,78.07,77.91,78.07,240
2013.09.12,16:00,78.06,78.14,77.85,78.13,483
2013.09.12,17:00,78.12,78.24,78.07,78.14,279
2013.09.12,18:00,78.13,78.23,77.92,78.07,264
2013.09.12,19:00,78.06,78.10,77.94,78.05,173
2013.09.12,20:00,78.06,78.20,78.05,78.10,169
2013.09.12,21:00,78.11,78.16,78.02,78.14,182
2013.09.12,22:00,78.13,78.13,77.89,77.99,235
2013.09.13,16:00,78.10,78.14,77.96,78.03,313
2013.09.13,17:00,78.04,78.04,77.64,77.84,422
2013.09.13,18:00,77.83,77.97,77.80,77.92,124
2013.09.13,19:00,77.94,78.06,77.87,77.93,119
2013.09.13,20:00,77.94,78.04,77.94,78.04,115
2013.09.13,21:00,78.05,78.07,78.01,78.02,145
2013.09.13,22:00,78.01,78.07,77.96,78.05,107
2013.09.16,16:00,78.69,78.71,78.27,78.32,420
2013.09.16,17:00,78.31,78.35,78.10,78.16,453
2013.09.16,18:00,78.17,78.29,78.11,78.24,223
2013.09.16,19:00,78.23,78.26,78.02,78.02,173
2013.09.16,20:00,78.03,78.15,77.82,77.96,221
2013.09.16,21:00,77.97,78.00,77.73,77.76,317
2013.09.16,22:00,77.78,77.87,77.67,77.81,350
2013.09.17,16:00,78.02,78.19,78.00,78.12,334
2013.09.17,17:00,78.13,78.31,78.10,78.30,306
2013.09.17,18:00,78.29,78.39,78.24,78.29,163
2013.09.17,19:00,78.30,78.41,78.30,78.40,118
2013.09.17,20:00,78.41,78.45,78.32,78.43,94
2013.09.17,21:00,78.42,78.46,78.36,78.39,126
2013.09.17,22:00,78.38,78.44,78.31,78.36,125
2013.09.18,16:00,78.48,78.58,78.46,78.50,279
2013.09.18,17:00,78.52,78.60,78.45,78.51,322
2013.09.18,18:00,78.52,78.54,78.34,78.34,166
2013.09.18,19:00,78.33,78.45,78.33,78.43,152
2013.09.18,20:00,78.44,78.51,78.36,78.41,171
2013.09.18,21:00,78.55,79.40,78.55,79.40,1562
2013.09.18,22:00,79.39,79.46,79.25,79.31,433
2013.09.19,16:00,79.53,79.68,79.41,79.62,367
2013.09.19,17:00,79.63,79.66,79.36,79.51,522
2013.09.19,18:00,79.52,79.52,79.37,79.41,183
2013.09.19,19:00,79.40,79.53,79.40,79.46,128
2013.09.19,20:00,79.45,79.54,79.37,79.38,144
2013.09.19,21:00,79.37,79.52,79.37,79.52,104
2013.09.19,22:00,79.51,79.59,79.46,79.48,168
2013.09.20,16:00,79.47,79.48,79.29,79.33,379
2013.09.20,17:00,79.32,79.52,79.30,79.44,359
2013.09.20,18:00,79.43,79.46,79.09,79.11,255
2013.09.20,19:00,79.13,79.25,79.06,79.24,203
2013.09.20,20:00,79.25,79.26,79.02,79.07,193
2013.09.20,21:00,79.06,79.16,78.99,79.09,234
2013.09.20,22:00,79.08,79.13,78.94,78.97,309
2013.09.23,16:00,79.34,79.40,79.00,79.02,440
2013.09.23,17:00,79.01,79.05,78.59,78.63,596
2013.09.23,18:00,78.62,78.70,78.45,78.54,344
2013.09.23,19:00,78.56,78.86,78.53,78.84,230
2013.09.23,20:00,78.85,78.98,78.72,78.98,228
2013.09.23,21:00,78.99,79.02,78.78,78.95,240
2013.09.23,22:00,78.94,78.97,78.73,78.83,292
2013.09.24,16:00,78.98,79.01,78.83,78.83,334
2013.09.24,17:00,78.82,79.14,78.57,79.09,583
2013.09.24,18:00,79.10,79.16,79.02,79.08,176
2013.09.24,19:00,79.07,79.16,79.01,79.09,165
2013.09.24,20:00,79.10,79.24,79.07,79.15,142
2013.09.24,21:00,79.16,79.17,79.01,79.04,158
2013.09.24,22:00,79.03,79.07,78.69,78.81,297
2013.09.25,16:00,78.88,78.88,78.54,78.57,492
2013.09.25,17:00,78.58,78.84,78.40,78.71,677
2013.09.25,18:00,78.72,78.97,78.62,78.92,232
2013.09.25,19:00,78.93,78.99,78.71,78.85,294
2013.09.25,20:00,78.86,78.92,78.48,78.65,443
2013.09.25,21:00,78.67,78.70,78.54,78.59,480
2013.09.25,22:00,78.60,78.76,78.55,78.56,413
2013.09.26,16:00,78.89,79.18,78.89,79.18,191
2013.09.26,17:00,79.19,79.35,79.01,79.03,342
2013.09.26,18:00,79.02,79.11,78.84,79.09,360
2013.09.26,19:00,79.10,79.23,79.03,79.20,177
2013.09.26,20:00,79.21,79.31,79.08,79.16,187
2013.09.26,21:00,79.15,79.16,78.95,79.02,322
2013.09.26,22:00,79.01,79.20,78.94,79.17,300
2013.09.27,16:00,78.72,78.84,78.59,78.73,616
2013.09.27,17:00,78.72,79.10,78.67,79.05,529
2013.09.27,18:00,79.06,79.18,78.95,79.11,341
2013.09.27,19:00,79.10,79.20,79.07,79.17,196
2013.09.27,20:00,79.16,79.19,79.06,79.09,161
2013.09.27,21:00,79.10,79.10,78.93,78.95,191
2013.09.27,22:00,78.96,79.13,78.89,79.06,269
2013.09.30,16:00,78.36,78.50,78.08,78.43,456
2013.09.30,17:00,78.44,78.92,78.44,78.87,547
2013.09.30,18:00,78.88,79.04,78.73,79.03,366
2013.09.30,19:00,79.02,79.02,78.80,78.88,211
2013.09.30,20:00,78.89,79.08,78.76,78.82,421
2013.09.30,21:00,78.83,78.99,78.78,78.86,472
2013.09.30,22:00,78.85,78.85,78.63,78.80,634
2013.10.01,16:00,78.88,79.21,78.84,78.95,597
2013.10.01,17:00,78.94,79.53,78.94,79.49,651
2013.10.01,18:00,79.50,79.59,79.42,79.55,339
2013.10.01,19:00,79.56,79.71,79.53,79.56,273
2013.10.01,20:00,79.58,79.61,79.45,79.51,241
2013.10.01,21:00,79.49,79.52,79.32,79.41,261
2013.10.01,22:00,79.40,79.67,79.30,79.67,324
2013.10.02,16:00,79.13,79.45,79.12,79.38,669
2013.10.02,17:00,79.37,79.45,79.05,79.36,640
2013.10.02,18:00,79.37,79.55,79.31,79.51,375
2013.10.02,19:00,79.50,79.67,79.47,79.66,321
2013.10.02,20:00,79.65,79.75,79.49,79.69,275
2013.10.02,21:00,79.68,79.74,79.47,79.54,253
2013.10.02,22:00,79.53,79.67,79.47,79.65,303
2013.10.03,16:00,79.54,79.71,79.31,79.38,461
2013.10.03,17:00,79.37,79.37,78.80,78.99,732
2013.10.03,18:00,78.97,79.10,78.32,78.36,693
2013.10.03,19:00,78.35,78.67,78.30,78.64,610
2013.10.03,20:00,78.65,78.96,78.56,78.94,678
2013.10.03,21:00,78.92,78.93,78.46,78.68,854
2013.10.03,22:00,78.67,78.83,78.62,78.71,526
2013.10.04,16:00,78.70,79.10,78.65,79.00,581
2013.10.04,17:00,79.01,79.23,78.96,79.06,564
2013.10.04,18:00,79.05,79.16,78.95,79.13,392
2013.10.04,19:00,79.06,79.40,79.05,79.33,260
2013.10.04,20:00,79.34,79.39,79.30,79.32,204
2013.10.04,21:00,79.33,79.49,79.29,79.45,216
2013.10.04,22:00,79.35,79.50,79.33,79.39,228
2013.10.07,16:00,78.70,79.16,78.67,79.02,516
2013.10.07,17:00,79.03,79.35,78.96,79.16,530
2013.10.07,18:00,79.17,79.27,78.96,79.09,402
2013.10.07,19:00,79.08,79.17,78.83,78.85,297
2013.10.07,20:00,78.86,79.18,78.84,79.17,356
2013.10.07,21:00,79.18,79.23,79.01,79.12,427
2013.10.07,22:00,79.02,79.14,78.72,78.74,427
2013.10.08,16:00,78.75,78.80,78.43,78.62,639
2013.10.08,17:00,78.63,78.65,77.86,77.91,972
2013.10.08,18:00,77.90,77.94,77.46,77.66,745
2013.10.08,19:00,77.65,77.65,77.30,77.53,580
2013.10.08,20:00,77.54,77.62,77.35,77.37,546
2013.10.08,21:00,77.36,77.47,77.19,77.38,814
2013.10.08,22:00,77.37,77.59,77.21,77.25,678
2013.10.09,16:00,77.39,77.43,76.84,77.08,602
2013.10.09,17:00,77.07,77.20,76.70,76.73,1143
2013.10.09,18:00,76.74,76.81,76.35,76.58,759
2013.10.09,19:00,76.60,76.77,76.45,76.52,486
2013.10.09,20:00,76.53,77.13,76.50,77.04,709
2013.10.09,21:00,77.05,77.27,76.90,77.25,1062
2013.10.09,22:00,77.26,77.30,76.88,76.98,851
2013.10.10,16:00,77.82,78.24,77.82,78.20,570
2013.10.10,17:00,78.21,78.33,78.01,78.15,609
2013.10.10,18:00,78.14,78.49,78.03,78.42,741
2013.10.10,19:00,78.43,78.54,78.39,78.47,326
2013.10.10,20:00,78.46,78.48,78.36,78.43,299
2013.10.10,21:00,78.42,78.44,78.24,78.44,327
2013.10.10,22:00,78.45,78.77,78.43,78.60,589
2013.10.11,16:00,78.42,78.87,78.41,78.86,426
2013.10.11,17:00,78.85,78.92,78.65,78.79,538
2013.10.11,18:00,78.80,79.13,78.66,79.12,436
2013.10.11,19:00,79.11,79.24,78.98,79.22,314
2013.10.11,20:00,79.21,79.28,79.10,79.19,314
2013.10.11,21:00,79.18,79.27,79.13,79.16,223
2013.10.11,22:00,79.15,79.22,79.04,79.22,361
2013.10.14,16:00,78.72,79.05,78.67,79.04,519
2013.10.14,17:00,79.05,79.10,78.85,78.91,645
2013.10.14,18:00,78.90,79.32,78.88,79.30,453
2013.10.14,19:00,79.29,79.43,79.14,79.42,347
2013.10.14,20:00,79.43,79.54,79.38,79.53,323
2013.10.14,21:00,79.52,79.74,79.52,79.59,548
2013.10.14,22:00,79.60,79.78,79.55,79.76,437
2013.10.15,16:00,79.71,79.87,79.54,79.85,752
2013.10.15,17:00,79.87,79.96,79.71,79.75,683
2013.10.15,18:00,79.74,80.10,79.68,79.89,760
2013.10.15,19:00,79.88,79.98,79.67,79.79,380
2013.10.15,20:00,79.90,79.90,79.70,79.84,395
2013.10.15,21:00,79.85,79.93,79.38,79.59,978
2013.10.15,22:00,79.58,79.78,79.43,79.48,766
2013.10.16,16:00,79.83,80.25,79.78,80.20,767
2013.10.16,17:00,80.19,80.34,80.07,80.33,885
2013.10.16,18:00,80.32,80.41,80.25,80.32,517
2013.10.16,19:00,80.34,80.40,80.25,80.31,496
2013.10.16,20:00,80.32,80.34,80.23,80.25,260
2013.10.16,21:00,80.24,80.30,80.16,80.23,264
2013.10.16,22:00,80.22,80.40,80.16,80.39,275
2013.10.17,16:00,80.01,80.26,79.95,80.17,475
2013.10.17,17:00,80.18,80.37,80.11,80.34,522
2013.10.17,18:00,80.35,80.65,80.34,80.61,435
2013.10.17,19:00,80.62,80.77,80.59,80.75,276
2013.10.17,20:00,80.71,80.76,80.57,80.57,232
2013.10.17,21:00,80.64,80.65,80.54,80.63,210
2013.10.17,22:00,80.64,80.86,80.58,80.83,311
2013.10.18,16:00,81.56,81.74,81.34,81.71,401
2013.10.18,17:00,81.70,81.85,81.60,81.72,500
2013.10.18,18:00,81.73,81.80,81.64,81.66,289
2013.10.18,19:00,81.67,81.88,81.64,81.85,193
2013.10.18,20:00,81.86,82.10,81.86,82.08,194
2013.10.18,21:00,82.07,82.17,81.97,82.12,245
2013.10.18,22:00,82.11,82.15,81.97,82.15,263
2013.10.21,16:00,82.32,82.49,82.15,82.46,523
2013.10.21,17:00,82.47,82.53,82.22,82.27,553
2013.10.21,18:00,82.28,82.38,82.25,82.37,274
2013.10.21,19:00,82.35,82.43,82.33,82.42,144
2013.10.21,20:00,82.41,82.42,82.32,82.36,137
2013.10.21,21:00,82.35,82.35,82.07,82.14,265
2013.10.21,22:00,82.13,82.32,82.13,82.30,248
2013.10.22,16:00,82.63,82.76,82.58,82.67,407
2013.10.22,17:00,82.66,82.89,81.93,82.27,812
2013.10.22,18:00,82.26,82.53,82.06,82.52,767
2013.10.22,19:00,82.53,82.55,82.18,82.28,423
2013.10.22,20:00,82.29,82.49,82.26,82.46,386
2013.10.22,21:00,82.45,82.56,82.19,82.41,578
2013.10.22,22:00,82.42,82.63,82.39,82.43,481
2013.10.23,16:00,82.04,82.20,81.77,81.78,581
2013.10.23,17:00,81.79,82.00,81.55,81.64,771
2013.10.23,18:00,81.66,81.86,81.58,81.80,512
2013.10.23,19:00,81.81,81.91,81.64,81.89,371
2013.10.23,20:00,81.90,81.92,81.78,81.84,292
2013.10.23,21:00,81.85,81.99,81.78,81.95,347
2013.10.23,22:00,81.94,81.97,81.80,81.95,409
2013.10.24,16:00,81.99,82.13,81.87,82.10,571
2013.10.24,17:00,82.09,82.22,82.01,82.21,629
2013.10.24,18:00,82.22,82.43,82.19,82.34,334
2013.10.24,19:00,82.33,82.47,82.29,82.46,257
2013.10.24,20:00,82.45,82.45,82.31,82.32,227
2013.10.24,21:00,82.33,82.47,82.31,82.47,189
2013.10.24,22:00,82.46,82.47,82.24,82.31,223
2013.10.25,16:00,83.10,83.23,82.87,83.19,569
2013.10.25,17:00,83.20,83.27,82.84,82.89,666
2013.10.25,18:00,82.90,82.92,82.58,82.62,525
2013.10.25,19:00,82.63,82.74,82.50,82.71,280
2013.10.25,20:00,82.73,82.85,82.67,82.79,191
2013.10.25,21:00,82.78,82.90,82.77,82.83,168
2013.10.25,22:00,82.85,82.86,82.70,82.86,234
2013.10.28,15:00,82.90,82.95,82.71,82.79,394
2013.10.28,16:00,82.78,82.96,82.55,82.61,510
2013.10.28,17:00,82.60,82.78,82.55,82.75,322
2013.10.28,18:00,82.76,83.01,82.68,82.98,215
2013.10.28,19:00,82.99,83.01,82.91,82.95,131
2013.10.28,20:00,82.94,83.04,82.91,82.99,116
2013.10.28,21:00,82.98,82.98,82.69,82.89,210
2013.10.29,15:00,83.16,83.25,82.82,82.87,518
2013.10.29,16:00,82.86,83.03,82.69,82.77,728
2013.10.29,17:00,82.78,83.00,82.72,82.89,381
2013.10.29,18:00,82.90,83.13,82.88,83.09,254
2013.10.29,19:00,83.10,83.16,83.00,83.10,215
2013.10.29,20:00,83.09,83.16,83.03,83.09,217
2013.10.29,21:00,83.08,83.10,82.87,83.05,356
2013.10.30,15:00,83.34,83.48,83.28,83.37,419
2013.10.30,16:00,83.36,83.38,83.08,83.30,563
2013.10.30,17:00,83.31,83.37,82.94,83.03,379
2013.10.30,18:00,83.02,83.16,82.96,83.16,292
2013.10.30,19:00,83.17,83.18,82.93,82.99,194
2013.10.30,20:00,83.03,83.23,82.59,82.81,1393
2013.10.30,21:00,82.80,83.02,82.75,82.92,541
2013.10.31,15:00,82.78,83.06,82.56,82.58,757
2013.10.31,16:00,82.57,82.96,82.48,82.91,976
2013.10.31,17:00,82.92,83.19,82.91,83.09,407
2013.10.31,18:00,83.10,83.26,83.02,83.11,288
2013.10.31,19:00,83.12,83.21,83.08,83.13,205
2013.10.31,20:00,83.14,83.29,83.06,83.06,284
2013.10.31,21:00,83.05,83.05,82.76,82.78,478
2013.11.01,15:00,83.03,83.12,82.99,83.05,343
2013.11.01,16:00,83.06,83.16,82.69,82.87,686
2013.11.01,17:00,82.88,82.88,82.45,82.46,464
2013.11.01,18:00,82.47,82.72,82.45,82.58,392
2013.11.01,19:00,82.57,82.62,82.40,82.59,286
2013.11.01,20:00,82.61,82.67,82.54,82.58,235
2013.11.01,21:00,82.59,82.85,82.57,82.77,328
2013.11.04,16:00,83.06,83.06,82.63,82.73,348
2013.11.04,17:00,82.72,82.94,82.65,82.69,411
2013.11.04,18:00,82.68,82.88,82.66,82.85,313
2013.11.04,19:00,82.86,82.87,82.71,82.71,173
2013.11.04,20:00,82.70,82.78,82.65,82.73,172
2013.11.04,21:00,82.72,82.86,82.72,82.80,130
2013.11.04,22:00,82.83,82.92,82.82,82.91,47
2013.11.05,16:00,82.59,82.73,82.45,82.52,616
2013.11.05,17:00,82.51,82.90,82.37,82.87,673
2013.11.05,18:00,82.88,82.95,82.83,82.90,324
2013.11.05,19:00,82.89,83.07,82.86,83.01,236
2013.11.05,20:00,83.02,83.11,82.96,82.97,183
2013.11.05,21:00,82.96,83.18,82.95,83.12,197
2013.11.05,22:00,83.13,83.21,83.01,83.03,279
2013.11.06,16:00,83.35,83.39,83.10,83.31,448
2013.11.06,17:00,83.32,83.36,82.84,82.89,525
2013.11.06,18:00,82.88,83.02,82.73,82.91,426
2013.11.06,19:00,82.92,83.00,82.83,82.83,269
2013.11.06,20:00,82.82,83.00,82.79,82.88,180
2013.11.06,21:00,82.89,82.98,82.84,82.93,202
2013.11.06,22:00,82.92,83.04,82.89,82.99,261
2013.11.07,16:00,83.00,83.12,82.67,82.71,489
2013.11.07,17:00,82.70,82.76,81.97,82.14,1044
2013.11.07,18:00,82.15,82.23,81.83,82.12,696
2013.11.07,19:00,82.14,82.27,82.08,82.08,381
2013.11.07,20:00,82.09,82.14,81.82,81.89,414
2013.11.07,21:00,81.88,81.89,81.59,81.81,553
2013.11.07,22:00,81.80,81.83,81.37,81.51,517
2013.11.08,16:00,81.73,81.92,81.52,81.60,698
2013.11.08,17:00,81.59,82.24,81.59,82.09,912
2013.11.08,18:00,82.11,82.32,82.02,82.27,460
2013.11.08,19:00,82.28,82.39,82.28,82.34,250
2013.11.08,20:00,82.35,82.49,82.29,82.41,228
2013.11.08,21:00,82.42,82.45,82.36,82.38,248
2013.11.08,22:00,82.37,82.55,82.26,82.53,367
2013.11.11,16:00,82.38,82.62,82.22,82.57,551
2013.11.11,17:00,82.58,82.60,82.25,82.38,571
2013.11.11,18:00,82.39,82.47,82.14,82.44,352
2013.11.11,19:00,82.43,82.49,82.37,82.48,176
2013.11.11,20:00,82.49,82.54,82.45,82.49,151
2013.11.11,21:00,82.48,82.52,82.45,82.48,126
2013.11.11,22:00,82.49,82.54,82.40,82.42,142
2013.11.12,16:00,82.14,82.51,82.11,82.44,464
2013.11.12,17:00,82.45,82.66,82.26,82.47,563
2013.11.12,18:00,82.49,82.55,82.25,82.36,406
2013.11.12,19:00,82.37,82.42,82.19,82.36,344
2013.11.12,20:00,82.35,82.44,82.19,82.30,318
2013.11.12,21:00,82.31,82.52,82.27,82.51,265
2013.11.12,22:00,82.53,82.58,82.45,82.53,270
2013.11.13,16:00,82.02,82.42,82.00,82.39,468
2013.11.13,17:00,82.40,82.65,82.29,82.59,488
2013.11.13,18:00,82.60,82.64,82.51,82.60,264
2013.11.13,19:00,82.59,83.02,82.54,82.99,265
2013.11.13,20:00,83.00,83.17,82.93,83.11,223
2013.11.13,21:00,83.10,83.15,83.04,83.08,156
2013.11.13,22:00,83.07,83.53,83.07,83.53,247
2013.11.14,16:00,83.30,83.46,83.15,83.44,648
2013.11.14,17:00,83.45,83.63,83.23,83.52,802
2013.11.14,18:00,83.51,83.74,83.47,83.54,383
2013.11.14,19:00,83.58,83.59,83.44,83.53,197
2013.11.14,20:00,83.54,83.66,83.52,83.66,167
2013.11.14,21:00,83.65,83.74,83.62,83.69,157
2013.11.14,22:00,83.70,83.85,83.68,83.75,175
2013.11.15,16:00,83.83,83.85,83.60,83.75,379
2013.11.15,17:00,83.74,83.84,83.68,83.75,511
2013.11.15,18:00,83.74,83.85,83.64,83.68,217
2013.11.15,19:00,83.69,83.76,83.65,83.68,109
2013.11.15,20:00,83.69,83.84,83.68,83.77,122
2013.11.15,21:00,83.78,83.87,83.77,83.83,90
2013.11.15,22:00,83.82,83.94,83.81,83.94,183
2013.11.18,16:00,83.89,84.10,83.77,83.77,484
2013.11.18,17:00,83.76,83.93,83.59,83.90,419
2013.11.18,18:00,83.91,83.96,83.72,83.76,241
2013.11.18,19:00,83.77,83.88,83.73,83.74,178
2013.11.18,20:00,83.73,83.82,83.72,83.75,138
2013.11.18,21:00,83.74,83.83,83.51,83.51,175
2013.11.18,22:00,83.52,83.52,82.98,83.14,594
2013.11.19,16:00,83.09,83.32,82.91,83.30,617
2013.11.19,17:00,83.31,83.48,83.22,83.30,526
2013.11.19,18:00,83.29,83.33,83.08,83.20,227
2013.11.19,19:00,83.19,83.36,83.09,83.09,244
2013.11.19,20:00,83.08,83.11,82.76,82.80,375
2013.11.19,21:00,82.79,83.03,82.76,82.94,378
2013.11.19,22:00,82.95,83.14,82.86,82.90,333
2013.11.20,16:00,83.12,83.33,82.96,83.11,561
2013.11.20,17:00,83.10,83.42,82.97,83.26,968
2013.11.20,18:00,83.25,83.34,83.13,83.23,419
2013.11.20,19:00,83.24,83.33,83.14,83.14,194
2013.11.20,20:00,83.15,83.22,83.07,83.17,130
2013.11.20,21:00,83.15,83.20,82.66,82.76,1183
2013.11.20,22:00,82.75,82.77,82.45,82.67,631
2013.11.21,16:00,83.03,83.32,82.97,83.27,455
2013.11.21,17:00,83.28,83.36,83.20,83.28,553
2013.11.21,18:00,83.30,83.32,83.18,83.25,257
2013.11.21,19:00,83.26,83.28,83.10,83.11,163
2013.11.21,20:00,83.12,83.41,83.11,83.40,129
2013.11.21,21:00,83.41,83.60,83.37,83.53,178
2013.11.21,22:00,83.56,83.60,83.46,83.54,207
2013.11.22,16:00,83.69,83.84,83.62,83.79,404
2013.11.22,17:00,83.78,83.92,83.69,83.79,447
2013.11.22,18:00,83.78,83.99,83.77,83.98,181
2013.11.22,19:00,83.97,84.01,83.93,83.96,100
2013.11.22,20:00,83.95,83.96,83.81,83.83,90
2013.11.22,21:00,83.84,84.00,83.82,84.00,116
2013.11.22,22:00,83.99,84.01,83.92,83.98,101
2013.11.25,16:00,84.28,84.37,84.11,84.12,407
2013.11.25,17:00,84.11,84.17,83.98,84.08,379
2013.11.25,18:00,84.07,84.25,84.07,84.19,181
2013.11.25,19:00,84.21,84.27,84.16,84.17,134
2013.11.25,20:00,84.18,84.33,84.15,84.32,117
2013.11.25,21:00,84.31,84.36,84.29,84.30,115
2013.11.25,22:00,84.29,84.29,84.07,84.16,256
2013.11.26,16:00,84.22,84.31,84.09,84.13,321
2013.11.26,17:00,84.12,84.36,84.02,84.32,373
2013.11.26,18:00,84.34,84.46,84.33,84.34,174
2013.11.26,19:00,84.35,84.64,84.35,84.61,127
2013.11.26,20:00,84.60,84.74,84.58,84.68,102
2013.11.26,21:00,84.70,84.79,84.62,84.75,120
2013.11.26,22:00,84.76,84.83,84.59,84.61,188
2013.11.27,16:00,84.80,85.11,84.73,85.05,415
2013.11.27,17:00,85.06,85.12,84.97,85.01,299
2013.11.27,18:00,85.03,85.15,85.00,85.08,178
2013.11.27,19:00,85.09,85.09,84.96,84.97,135
2013.11.27,20:00,84.96,85.04,84.94,85.00,104
2013.11.27,21:00,85.01,85.15,85.01,85.14,81
2013.11.27,22:00,85.13,85.23,85.10,85.22,119
2013.11.29,16:00,85.54,85.63,85.47,85.60,281
2013.11.29,17:00,85.61,85.74,85.55,85.70,180
2013.11.29,18:00,85.71,85.83,85.66,85.76,122
2013.11.29,19:00,85.77,85.81,85.56,85.67,177
2013.12.02,16:00,85.82,85.95,85.57,85.58,374
2013.12.02,17:00,85.57,85.74,85.50,85.67,667
2013.12.02,18:00,85.68,85.72,85.51,85.62,289
2013.12.02,19:00,85.63,85.76,85.61,85.72,150
2013.12.02,20:00,85.71,85.75,85.59,85.64,117
2013.12.02,21:00,85.63,85.66,85.48,85.66,229
2013.12.02,22:00,85.67,85.67,85.35,85.47,277
2013.12.03,16:00,85.40,85.56,85.32,85.50,616
2013.12.03,17:00,85.51,85.63,85.43,85.51,536
2013.12.03,18:00,85.52,85.55,85.18,85.30,497
2013.12.03,19:00,85.29,85.36,85.25,85.34,208
2013.12.03,20:00,85.33,85.33,85.09,85.16,247
2013.12.03,21:00,85.15,85.36,85.08,85.35,191
2013.12.03,22:00,85.34,85.42,85.17,85.40,191
2013.12.04,16:00,85.06,85.31,85.00,85.26,587
2013.12.04,17:00,85.25,85.76,85.25,85.76,763
2013.12.04,18:00,85.75,85.75,85.48,85.53,352
2013.12.04,19:00,85.52,85.56,85.20,85.35,389
2013.12.04,20:00,85.36,85.44,84.78,84.97,559
2013.12.04,21:00,84.96,85.34,84.96,85.29,433
2013.12.04,22:00,85.28,85.69,85.20,85.50,391
2013.12.05,16:00,85.56,85.66,85.34,85.50,769
2013.12.05,17:00,85.51,85.63,85.30,85.37,984
2013.12.05,18:00,85.36,85.44,85.20,85.32,518
2013.12.05,19:00,85.33,85.56,85.32,85.49,305
2013.12.05,20:00,85.50,85.51,85.34,85.39,204
2013.12.05,21:00,85.40,85.48,85.17,85.20,288
2013.12.05,22:00,85.19,85.58,85.16,85.40,449
2013.12.06,16:00,86.11,86.15,85.88,85.99,646
2013.12.06,17:00,86.00,86.05,85.59,85.62,627
2013.12.06,18:00,85.60,86.08,85.60,86.06,297
2013.12.06,19:00,86.05,86.17,86.03,86.14,187
2013.12.06,20:00,86.13,86.16,86.01,86.08,190
2013.12.06,21:00,86.07,86.14,86.02,86.05,119
2013.12.06,22:00,86.06,86.08,85.90,85.99,230
2013.12.09,16:00,86.34,86.47,86.20,86.45,405
2013.12.09,17:00,86.47,86.48,86.27,86.43,420
2013.12.09,18:00,86.44,86.52,86.38,86.39,265
2013.12.09,19:00,86.41,86.43,86.31,86.35,129
2013.12.09,20:00,86.36,86.44,86.35,86.40,125
2013.12.09,21:00,86.39,86.41,86.28,86.34,140
2013.12.09,22:00,86.35,86.38,86.25,86.33,215
2013.12.10,16:00,86.20,86.33,86.12,86.19,410
2013.12.10,17:00,86.20,86.44,86.18,86.34,424
2013.12.10,18:00,86.33,86.43,86.26,86.29,246
2013.12.10,19:00,86.28,86.37,86.18,86.32,238
2013.12.10,20:00,86.31,86.37,86.18,86.22,168
2013.12.10,21:00,86.21,86.34,86.20,86.33,188
2013.12.10,22:00,86.32,86.44,86.27,86.28,163
2013.12.11,16:00,86.27,86.40,85.97,86.13,385
2013.12.11,17:00,86.12,86.13,85.81,85.94,644
2013.12.11,18:00,85.95,85.98,85.75,85.81,324
2013.12.11,19:00,85.80,85.80,85.48,85.52,322
2013.12.11,20:00,85.54,85.70,85.49,85.69,238
2013.12.11,21:00,85.68,85.68,85.40,85.43,239
2013.12.11,22:00,85.42,85.46,85.06,85.19,403
2013.12.12,16:00,85.24,85.42,85.07,85.19,477
2013.12.12,17:00,85.17,85.37,85.01,85.29,528
2013.12.12,18:00,85.30,85.39,85.06,85.06,333
2013.12.12,19:00,85.05,85.13,84.90,85.04,295
2013.12.12,20:00,85.03,85.22,85.03,85.18,149
2013.12.12,21:00,85.17,85.33,85.15,85.28,195
2013.12.12,22:00,85.27,85.27,84.95,84.96,289
2013.12.13,16:00,85.35,85.39,84.94,84.95,456
2013.12.13,17:00,84.94,85.13,84.91,85.02,461
2013.12.13,18:00,85.03,85.08,84.87,84.96,352
2013.12.13,19:00,84.97,85.04,84.91,84.97,181
2013.12.13,20:00,84.98,85.08,84.94,84.95,156
2013.12.13,21:00,84.94,84.95,84.70,84.88,221
2013.12.13,22:00,84.89,85.06,84.83,84.85,218
2013.12.16,16:00,85.26,85.78,85.24,85.76,482
2013.12.16,17:00,85.77,85.80,85.48,85.52,356
2013.12.16,18:00,85.51,85.56,85.39,85.48,265
2013.12.16,19:00,85.47,85.48,85.34,85.38,151
2013.12.16,20:00,85.39,85.42,85.21,85.40,224
2013.12.16,21:00,85.41,85.47,85.37,85.44,138
2013.12.16,22:00,85.45,85.45,85.27,85.33,190
2013.12.17,16:00,85.35,85.35,85.07,85.21,383
2013.12.17,17:00,85.20,85.33,85.04,85.08,489
2013.12.17,18:00,85.09,85.17,84.99,85.13,311
2013.12.17,19:00,85.12,85.31,85.07,85.27,157
2013.12.17,20:00,85.26,85.36,85.22,85.26,109
2013.12.17,21:00,85.25,85.52,85.25,85.34,189
2013.12.17,22:00,85.33,85.43,85.18,85.18,143
2013.12.18,16:00,85.23,85.28,84.91,84.94,519
2013.12.18,17:00,84.95,85.15,84.87,84.97,425
2013.12.18,18:00,84.98,85.03,84.62,84.69,271
2013.12.18,19:00,84.68,84.77,84.51,84.55,202
2013.12.18,20:00,84.54,84.64,84.27,84.60,355
2013.12.18,21:00,84.32,85.61,84.05,85.48,2325
2013.12.18,22:00,85.47,86.21,85.41,86.17,773
2013.12.19,16:00,85.98,86.00,85.76,85.79,539
2013.12.19,17:00,85.78,85.92,85.52,85.84,641
2013.12.19,18:00,85.85,85.93,85.78,85.86,243
2013.12.19,19:00,85.87,85.89,85.78,85.85,189
2013.12.19,20:00,85.84,85.95,85.80,85.92,132
2013.12.19,21:00,85.94,85.98,85.82,85.90,149
2013.12.19,22:00,85.89,85.95,85.79,85.90,214
2013.12.20,16:00,85.84,86.14,85.84,86.06,177
2013.12.20,17:00,86.07,86.34,86.01,86.29,288
2013.12.20,18:00,86.30,86.51,86.27,86.51,277
2013.12.20,19:00,86.52,86.59,86.46,86.53,96
2013.12.20,20:00,86.54,86.59,86.49,86.58,76
2013.12.20,21:00,86.59,86.67,86.56,86.63,62
2013.12.20,22:00,86.62,86.62,86.46,86.49,171
2013.12.23,16:00,87.18,87.23,87.03,87.03,250
2013.12.23,17:00,87.04,87.18,86.95,87.17,357
2013.12.23,18:00,87.16,87.28,87.16,87.24,115
2013.12.23,19:00,87.25,87.34,87.22,87.25,100
2013.12.23,20:00,87.24,87.29,87.09,87.16,123
2013.12.23,21:00,87.17,87.27,87.12,87.20,158
2013.12.23,22:00,87.21,87.39,87.21,87.39,161
2013.12.24,16:00,87.42,87.50,87.33,87.42,175
2013.12.24,17:00,87.41,87.44,87.27,87.33,123
2013.12.24,18:00,87.34,87.41,87.34,87.36,82
2013.12.26,16:00,87.60,87.67,87.44,87.45,270
2013.12.26,17:00,87.46,87.66,87.45,87.62,152
2013.12.26,18:00,87.61,87.74,87.61,87.68,94
2013.12.26,19:00,87.69,87.73,87.65,87.73,68
2013.12.26,20:00,87.74,87.78,87.70,87.78,61
2013.12.26,21:00,87.77,87.77,87.68,87.74,71
2013.12.26,22:00,87.75,87.80,87.72,87.73,77
2013.12.27,16:00,87.84,87.89,87.71,87.72,269
2013.12.27,17:00,87.71,87.84,87.51,87.51,215
2013.12.27,18:00,87.52,87.70,87.52,87.64,227
2013.12.27,19:00,87.63,87.65,87.54,87.55,113
2013.12.27,20:00,87.57,87.57,87.49,87.53,68
2013.12.27,21:00,87.54,87.59,87.47,87.47,65
2013.12.27,22:00,87.48,87.50,87.41,87.50,104
2013.12.30,16:00,87.39,87.43,87.14,87.23,262
2013.12.30,17:00,87.25,87.38,87.17,87.27,307
2013.12.30,18:00,87.28,87.45,87.28,87.38,161
2013.12.30,19:00,87.37,87.39,87.31,87.32,64
2013.12.30,20:00,87.34,87.40,87.33,87.35,65
2013.12.30,21:00,87.36,87.50,87.34,87.46,62
2013.12.30,22:00,87.45,87.46,87.35,87.38,86
2013.12.31,16:00,87.54,87.66,87.52,87.65,133
2013.12.31,17:00,87.64,87.80,87.56,87.80,161
2013.12.31,18:00,87.81,87.92,87.78,87.80,79
2014.01.02,16:00,87.54,87.57,87.14,87.18,606
2014.01.02,17:00,87.17,87.39,87.08,87.30,681
2014.01.02,18:00,87.31,87.45,87.13,87.18,344
2014.01.02,19:00,87.19,87.29,87.13,87.28,222
2014.01.02,20:00,87.29,87.30,87.07,87.24,249
2014.01.02,21:00,87.25,87.28,87.01,87.14,287
2014.01.02,22:00,87.15,87.32,87.14,87.27,304
2014.01.03,16:00,87.28,87.34,87.11,87.26,476
2014.01.03,17:00,87.27,87.31,86.98,87.03,402
2014.01.03,18:00,87.04,87.05,86.62,86.65,245
2014.01.03,19:00,86.64,86.77,86.62,86.71,111
2014.01.03,20:00,86.72,86.75,86.65,86.73,117
2014.01.03,21:00,86.74,86.95,86.70,86.89,176
2014.01.03,22:00,86.88,86.95,86.63,86.63,219
2014.01.06,16:00,86.66,86.75,86.24,86.31,494
2014.01.06,17:00,86.30,86.34,86.14,86.18,618
2014.01.06,18:00,86.17,86.28,86.00,86.19,385
2014.01.06,19:00,86.20,86.27,86.10,86.23,291
2014.01.06,20:00,86.22,86.41,86.09,86.36,285
2014.01.06,21:00,86.37,86.60,86.34,86.57,285
2014.01.06,22:00,86.56,86.58,86.32,86.33,268
2014.01.07,16:00,86.71,86.95,86.56,86.94,453
2014.01.07,17:00,86.95,87.11,86.93,87.06,399
2014.01.07,18:00,87.07,87.09,86.91,86.94,170
2014.01.07,19:00,86.95,87.08,86.89,87.06,161
2014.01.07,20:00,87.05,87.13,86.97,86.98,165
2014.01.07,21:00,86.99,87.10,86.84,87.09,179
2014.01.07,22:00,87.11,87.24,87.08,87.10,226
2014.01.08,16:00,87.11,87.19,86.94,87.16,490
2014.01.08,17:00,87.17,87.54,87.11,87.34,554
2014.01.08,18:00,87.35,87.51,87.29,87.49,305
2014.01.08,19:00,87.50,87.52,87.35,87.38,164
2014.01.08,20:00,87.39,87.46,87.31,87.41,264
2014.01.08,21:00,87.39,87.50,87.29,87.33,725
2014.01.08,22:00,87.32,87.36,87.05,87.33,297
2014.01.09,16:00,87.62,87.63,87.43,87.55,483
2014.01.09,17:00,87.57,87.60,86.87,86.95,816
2014.01.09,18:00,86.94,86.97,86.76,86.93,488
2014.01.09,19:00,86.92,87.14,86.88,87.11,162
2014.01.09,20:00,87.10,87.12,86.88,86.88,195
2014.01.09,21:00,86.87,87.02,86.72,86.94,285
2014.01.09,22:00,86.96,87.09,86.91,87.00,290
2014.01.10,16:00,87.24,87.39,87.03,87.08,611
2014.01.10,17:00,87.07,87.08,86.74,87.01,645
2014.01.10,18:00,87.02,87.04,86.58,86.71,442
2014.01.10,19:00,86.72,86.91,86.65,86.78,303
2014.01.10,20:00,86.79,87.01,86.75,86.87,243
2014.01.10,21:00,86.86,87.00,86.85,86.93,250
2014.01.10,22:00,86.92,87.30,86.92,87.29,318
2014.01.13,16:00,87.15,87.34,87.13,87.23,636
2014.01.13,17:00,87.25,87.47,87.25,87.44,482
2014.01.13,18:00,87.43,87.46,87.35,87.43,224
2014.01.13,19:00,87.42,87.43,86.91,86.91,260
2014.01.13,20:00,86.90,86.90,86.61,86.71,454
2014.01.13,21:00,86.72,86.74,86.15,86.22,541
2014.01.13,22:00,86.20,86.21,85.67,86.02,721
2014.01.14,16:00,86.31,86.50,86.31,86.45,424
2014.01.14,17:00,86.47,87.06,86.47,87.04,586
2014.01.14,18:00,87.05,87.32,87.05,87.29,384
2014.01.14,19:00,87.28,87.61,87.26,87.50,299
2014.01.14,20:00,87.49,87.66,87.47,87.57,253
2014.01.14,21:00,87.58,87.68,87.44,87.60,310
2014.01.14,22:00,87.59,87.71,87.57,87.65,189
2014.01.15,16:00,87.99,88.23,87.93,88.19,376
2014.01.15,17:00,88.20,88.37,88.14,88.22,427
2014.01.15,18:00,88.23,88.48,88.17,88.31,361
2014.01.15,19:00,88.32,88.46,88.32,88.36,228
2014.01.15,20:00,88.37,88.43,88.25,88.31,277
2014.01.15,21:00,88.32,88.49,88.28,88.49,222
2014.01.15,22:00,88.50,88.54,88.32,88.35,197
2014.01.16,16:00,88.27,88.42,88.15,88.32,498
2014.01.16,17:00,88.30,88.47,88.20,88.23,646
2014.01.16,18:00,88.22,88.40,88.16,88.39,350
2014.01.16,19:00,88.38,88.40,88.22,88.38,176
2014.01.16,20:00,88.40,88.50,88.35,88.39,215
2014.01.16,21:00,88.40,88.44,88.31,88.41,183
2014.01.16,22:00,88.40,88.43,88.24,88.40,179
2014.01.17,16:00,88.11,88.28,87.92,88.07,507
2014.01.17,17:00,88.06,88.24,88.00,88.23,493
2014.01.17,18:00,88.24,88.30,88.20,88.26,200
2014.01.17,19:00,88.25,88.37,88.22,88.22,160
2014.01.17,20:00,88.23,88.26,88.00,88.10,206
2014.01.17,21:00,88.11,88.12,87.99,88.01,154
2014.01.17,22:00,88.02,88.05,87.67,87.88,318
2014.01.21,16:00,88.43,88.58,88.39,88.53,429
2014.01.21,17:00,88.52,88.54,88.11,88.26,588
2014.01.21,18:00,88.27,88.29,87.80,88.07,551
2014.01.21,19:00,88.06,88.29,87.91,88.28,286
2014.01.21,20:00,88.29,88.48,88.27,88.40,206
2014.01.21,21:00,88.42,88.51,88.36,88.46,201
2014.01.21,22:00,88.44,88.55,88.38,88.54,290
2014.01.22,16:00,88.76,88.77,88.57,88.63,495
2014.01.22,17:00,88.65,88.81,88.51,88.64,655
2014.01.22,18:00,88.65,88.80,88.61,88.78,318
2014.01.22,19:00,88.77,88.95,88.73,88.92,210
2014.01.22,20:00,88.93,88.99,88.76,88.80,208
2014.01.22,21:00,88.82,88.91,88.77,88.79,151
2014.01.22,22:00,88.81,88.91,88.80,88.82,218
2014.01.23,16:00,88.49,88.51,88.09,88.20,656
2014.01.23,17:00,88.19,88.28,87.92,88.00,856
2014.01.23,18:00,87.99,88.23,87.90,88.22,413
2014.01.23,19:00,88.23,88.24,87.98,88.14,331
2014.01.23,20:00,88.13,88.14,87.87,87.88,454
2014.01.23,21:00,87.89,88.27,87.86,88.23,384
2014.01.23,22:00,88.22,88.46,88.15,88.46,432
2014.01.24,16:00,88.04,88.17,87.65,87.81,604
2014.01.24,17:00,87.80,87.97,87.41,87.62,1071
2014.01.24,18:00,87.61,87.67,87.09,87.52,883
2014.01.24,19:00,87.53,87.59,87.34,87.47,612
2014.01.24,20:00,87.46,87.51,87.25,87.28,395
2014.01.24,21:00,87.27,87.27,87.01,87.15,604
2014.01.24,22:00,87.13,87.15,86.73,86.74,682
2014.01.27,16:00,86.76,86.89,86.48,86.67,655
2014.01.27,17:00,86.68,86.78,85.69,86.07,1600
2014.01.27,18:00,86.03,86.22,85.80,85.83,1262
2014.01.27,19:00,85.82,85.83,85.25,85.60,998
2014.01.27,20:00,85.59,86.26,85.53,86.15,788
2014.01.27,21:00,86.16,86.61,86.16,86.56,781
2014.01.27,22:00,86.55,86.59,85.91,85.92,727
2014.01.28,16:00,85.43,85.73,85.35,85.68,828
2014.01.28,17:00,85.69,85.91,85.64,85.81,906
2014.01.28,18:00,85.82,85.93,85.31,85.47,639
2014.01.28,19:00,85.48,85.61,85.38,85.54,367
2014.01.28,20:00,85.55,85.69,85.45,85.51,430
2014.01.28,21:00,85.50,85.79,85.47,85.75,394
2014.01.28,22:00,85.77,85.84,85.65,85.84,385
2014.01.29,16:00,85.10,85.47,84.87,85.35,1105
2014.01.29,17:00,85.36,85.49,85.06,85.29,1419
2014.01.29,18:00,85.31,85.67,85.30,85.67,650
2014.01.29,19:00,85.68,85.73,85.24,85.36,434
2014.01.29,20:00,85.35,85.39,85.21,85.31,458
2014.01.29,21:00,85.26,85.48,84.78,84.89,2113
2014.01.29,22:00,84.88,85.09,84.76,84.93,1268
2014.01.30,16:00,86.00,86.21,85.92,85.97,715
2014.01.30,17:00,85.98,86.31,85.88,86.23,1225
2014.01.30,18:00,86.22,86.72,86.12,86.64,707
2014.01.30,19:00,86.65,86.78,86.59,86.72,328
2014.01.30,20:00,86.73,86.73,86.56,86.59,281
2014.01.30,21:00,86.60,86.71,86.44,86.65,409
2014.01.30,22:00,86.66,86.78,86.47,86.47,445
2014.01.31,16:00,85.52,85.83,85.44,85.71,984
2014.01.31,17:00,85.72,86.01,85.59,85.88,1332
2014.01.31,18:00,85.87,86.22,85.83,86.22,960
2014.01.31,19:00,86.23,86.43,86.16,86.35,549
2014.01.31,20:00,86.34,86.57,86.17,86.57,550
2014.01.31,21:00,86.56,86.67,86.43,86.47,495
2014.01.31,22:00,86.46,86.46,86.12,86.25,701
2014.02.03,16:00,86.12,86.50,85.81,86.03,837
2014.02.03,17:00,85.98,85.98,85.24,85.48,1754
2014.02.03,18:00,85.47,85.50,84.93,84.96,1027
2014.02.03,19:00,84.95,85.08,84.72,84.83,863
2014.02.03,20:00,84.84,84.89,84.12,84.26,1131
2014.02.03,21:00,84.25,84.50,84.09,84.09,950
2014.02.03,22:00,84.08,84.40,84.07,84.28,878
2014.02.04,16:00,84.69,84.90,84.46,84.86,750
2014.02.04,17:00,84.87,84.93,84.53,84.63,1547
2014.02.04,18:00,84.62,85.17,84.57,85.17,1026
2014.02.04,19:00,85.16,85.19,85.01,85.15,452
2014.02.04,20:00,85.16,85.24,84.89,84.91,468
2014.02.04,21:00,84.90,85.13,84.84,85.13,545
2014.02.04,22:00,85.12,85.17,84.76,84.97,721
2014.02.05,16:00,84.64,84.89,84.32,84.37,1041
2014.02.05,17:00,84.38,84.81,83.74,84.08,1993
2014.02.05,18:00,84.09,84.77,83.87,84.72,1024
2014.02.05,19:00,84.73,84.86,84.59,84.79,548
2014.02.05,20:00,84.80,84.99,84.77,84.90,562
2014.02.05,21:00,84.89,84.96,84.62,84.66,520
2014.02.05,22:00,84.65,84.86,84.60,84.67,664
2014.02.06,16:00,84.93,85.48,84.92,85.44,609
2014.02.06,17:00,85.45,85.87,85.43,85.75,720
2014.02.06,18:00,85.74,85.80,85.59,85.59,532
2014.02.06,19:00,85.60,85.74,85.60,85.65,293
2014.02.06,20:00,85.66,85.70,85.50,85.60,291
2014.02.06,21:00,85.61,85.84,85.60,85.77,426
2014.02.06,22:00,85.78,85.81,85.67,85.75,422
2014.02.07,16:00,86.28,86.55,86.19,86.36,877
2014.02.07,17:00,86.37,86.47,86.00,86.39,1104
2014.02.07,18:00,86.38,86.82,86.33,86.82,541
2014.02.07,19:00,86.83,86.89,86.76,86.85,289
2014.02.07,20:00,86.86,87.14,86.86,87.12,279
2014.02.07,21:00,87.13,87.26,87.07,87.12,316
2014.02.07,22:00,87.13,87.35,87.09,87.28,348
2014.02.10,16:00,87.25,87.67,87.21,87.59,809
2014.02.10,17:00,87.58,87.60,87.34,87.44,811
2014.02.10,18:00,87.43,87.74,87.38,87.70,527
2014.02.10,19:00,87.69,87.75,87.62,87.63,291
2014.02.10,20:00,87.62,87.68,87.52,87.63,276
2014.02.10,21:00,87.64,87.83,87.62,87.77,274
2014.02.10,22:00,87.78,87.80,87.66,87.79,276
2014.02.11,16:00,87.96,88.19,87.89,88.10,589
2014.02.11,17:00,88.09,88.33,88.03,88.20,690
2014.02.11,18:00,88.19,88.44,88.11,88.43,595
2014.02.11,19:00,88.44,88.54,88.35,88.54,247
2014.02.11,20:00,88.55,88.78,88.55,88.62,253
2014.02.11,21:00,88.63,88.85,88.61,88.84,303
2014.02.11,22:00,88.85,88.96,88.71,88.79,243
2014.02.12,16:00,88.96,89.15,88.93,89.15,570
2014.02.12,17:00,89.14,89.16,88.78,88.80,716
2014.02.12,18:00,88.81,88.99,88.70,88.78,520
2014.02.12,19:00,88.77,88.99,88.74,88.95,314
2014.02.12,20:00,88.96,89.09,88.93,89.02,306
2014.02.12,21:00,89.03,89.07,88.83,88.88,251
2014.02.12,22:00,88.87,88.95,88.79,88.95,230
2014.02.13,16:00,88.31,88.88,88.31,88.84,554
2014.02.13,17:00,88.83,89.38,88.79,89.34,615
2014.02.13,18:00,89.35,89.44,89.27,89.30,389
2014.02.13,19:00,89.29,89.44,89.27,89.40,252
2014.02.13,20:00,89.41,89.66,89.40,89.65,241
2014.02.13,21:00,89.66,89.69,89.50,89.63,219
2014.02.13,22:00,89.62,89.69,89.53,89.69,278
2014.02.14,16:00,89.57,89.62,89.37,89.46,682
2014.02.14,17:00,89.47,89.77,89.33,89.51,750
2014.02.14,18:00,89.50,89.74,89.48,89.69,326
2014.02.14,19:00,89.70,89.71,89.55,89.67,160
2014.02.14,20:00,89.66,89.90,89.65,89.86,177
2014.02.14,21:00,89.87,90.00,89.85,89.98,131
2014.02.14,22:00,89.99,89.99,89.79,89.82,163
2014.02.18,16:00,89.92,90.18,89.86,89.92,517
2014.02.18,17:00,89.87,90.33,89.74,90.29,601
2014.02.18,18:00,90.30,90.36,90.14,90.15,325
2014.02.18,19:00,90.16,90.34,90.16,90.26,182
2014.02.18,20:00,90.27,90.29,90.18,90.26,160
2014.02.18,21:00,90.27,90.40,90.27,90.36,146
2014.02.18,22:00,90.35,90.40,90.23,90.23,156
2014.02.19,16:00,90.06,90.26,89.93,90.10,466
2014.02.19,17:00,90.11,90.28,89.88,90.14,667
2014.02.19,18:00,90.15,90.21,89.91,89.91,348
2014.02.19,19:00,89.90,89.93,89.66,89.86,610
2014.02.19,20:00,89.87,90.01,89.84,89.85,251
2014.02.19,21:00,89.86,90.08,89.72,89.81,912
2014.02.19,22:00,89.80,89.85,89.45,89.62,629
2014.02.20,16:00,89.69,89.93,89.38,89.44,680
2014.02.20,17:00,89.38,89.88,89.31,89.75,847
2014.02.20,18:00,89.76,89.82,89.62,89.74,398
2014.02.20,19:00,89.75,89.99,89.72,89.90,337
2014.02.20,20:00,89.91,89.99,89.89,89.97,202
2014.02.20,21:00,89.96,90.10,89.88,90.05,311
2014.02.20,22:00,90.04,90.21,90.04,90.07,206
2014.02.21,16:00,90.33,90.46,90.17,90.39,540
2014.02.21,17:00,90.40,90.43,90.18,90.36,599
2014.02.21,18:00,90.37,90.41,90.26,90.28,356
2014.02.21,19:00,90.29,90.31,90.07,90.14,162
2014.02.21,20:00,90.15,90.25,90.09,90.10,177
2014.02.21,21:00,90.11,90.14,89.89,89.99,281
2014.02.21,22:00,90.00,90.11,89.82,89.87,258
2014.02.24,16:00,90.10,90.58,90.04,90.54,554
2014.02.24,17:00,90.55,90.70,90.46,90.66,454
2014.02.24,18:00,90.67,90.78,90.59,90.74,350
2014.02.24,19:00,90.75,90.79,90.65,90.66,191
2014.02.24,20:00,90.65,90.80,90.63,90.65,138
2014.02.24,21:00,90.66,90.81,90.66,90.68,167
2014.02.24,22:00,90.67,90.69,90.46,90.46,273
2014.02.25,16:00,90.52,90.59,90.10,90.15,559
2014.02.25,17:00,90.14,90.46,90.01,90.40,770
2014.02.25,18:00,90.41,90.71,90.38,90.46,503
2014.02.25,19:00,90.47,90.49,90.28,90.41,351
2014.02.25,20:00,90.42,90.51,90.29,90.31,296
2014.02.25,21:00,90.32,90.37,90.17,90.25,332
2014.02.25,22:00,90.24,90.29,90.08,90.27,433
2014.02.26,16:00,90.56,90.69,90.25,90.32,529
2014.02.26,17:00,90.33,90.80,90.33,90.62,921
2014.02.26,18:00,90.61,90.83,90.61,90.67,349
2014.02.26,19:00,90.68,90.75,90.62,90.68,200
2014.02.26,20:00,90.67,90.67,90.45,90.46,324
2014.02.26,21:00,90.47,90.50,89.87,90.14,642
2014.02.26,22:00,90.15,90.23,89.95,90.19,631
2014.02.27,16:00,89.86,90.04,89.72,89.86,580
2014.02.27,17:00,89.88,90.14,89.73,90.06,913
2014.02.27,18:00,90.07,90.24,90.02,90.08,467
2014.02.27,19:00,90.07,90.23,90.00,90.20,282
2014.02.27,20:00,90.19,90.51,90.16,90.48,236
2014.02.27,21:00,90.50,90.52,90.22,90.32,297
2014.02.27,22:00,90.33,90.42,90.17,90.41,388
2014.02.28,16:00,90.42,90.79,90.38,90.71,433
2014.02.28,17:00,90.70,90.95,90.70,90.75,503
2014.02.28,18:00,90.74,90.93,90.65,90.89,267
2014.02.28,19:00,90.88,90.88,90.78,90.82,152
2014.02.28,20:00,90.81,90.86,90.56,90.60,239
2014.02.28,21:00,90.59,90.62,89.98,90.02,486
2014.02.28,22:00,90.03,90.37,89.54,90.31,1135
2014.03.03,16:00,89.48,89.85,89.27,89.76,1052
2014.03.03,17:00,89.82,89.90,89.28,89.70,1400
2014.03.03,18:00,89.71,89.72,89.08,89.08,916
2014.03.03,19:00,89.09,89.30,88.87,89.28,927
2014.03.03,20:00,89.29,89.50,89.29,89.45,485
2014.03.03,21:00,89.47,89.75,89.38,89.59,556
2014.03.03,22:00,89.60,89.63,89.28,89.63,741
2014.03.04,16:00,90.62,90.82,90.55,90.78,768
2014.03.04,17:00,90.79,90.90,90.68,90.88,622
2014.03.04,18:00,90.89,90.90,90.75,90.83,336
2014.03.04,19:00,90.82,90.97,90.82,90.87,291
2014.03.04,20:00,90.86,90.91,90.70,90.72,377
2014.03.04,21:00,90.71,90.87,90.60,90.82,447
2014.03.04,22:00,90.83,90.97,90.80,90.86,306
2014.03.05,16:00,90.95,91.02,90.84,90.87,613
2014.03.05,17:00,90.88,91.12,90.77,91.02,613
2014.03.05,18:00,91.03,91.15,90.95,91.05,439
2014.03.05,19:00,91.04,91.16,90.96,91.12,242
2014.03.05,20:00,91.13,91.21,91.01,91.04,214
2014.03.05,21:00,91.05,91.14,90.98,91.02,316
2014.03.05,22:00,91.01,91.10,90.95,91.09,222
2014.03.06,16:00,91.25,91.33,91.22,91.24,413
2014.03.06,17:00,91.22,91.24,91.03,91.23,520
2014.03.06,18:00,91.24,91.28,91.15,91.27,233
2014.03.06,19:00,91.26,91.29,91.16,91.18,102
2014.03.06,20:00,91.19,91.21,90.70,90.70,240
2014.03.06,21:00,90.69,91.00,90.65,90.95,288
2014.03.06,22:00,90.97,91.04,90.81,90.95,222
2014.03.07,16:00,91.27,91.34,90.36,90.53,706
2014.03.07,17:00,90.54,90.77,90.41,90.48,767
2014.03.07,18:00,90.47,90.49,90.12,90.47,604
2014.03.07,19:00,90.46,90.47,90.32,90.33,251
2014.03.07,20:00,90.32,90.35,90.07,90.31,467
2014.03.07,21:00,90.32,90.35,90.10,90.29,379
2014.03.07,22:00,90.31,90.50,90.20,90.49,363
2014.03.10,15:00,90.44,90.65,90.33,90.64,535
2014.03.10,16:00,90.65,90.65,90.02,90.13,734
2014.03.10,17:00,90.12,90.50,90.07,90.34,441
2014.03.10,18:00,90.35,90.53,90.31,90.52,308
2014.03.10,19:00,90.53,90.53,90.25,90.30,263
2014.03.10,20:00,90.29,90.49,90.25,90.48,169
2014.03.10,21:00,90.47,90.60,90.32,90.58,245
2014.03.11,15:00,90.81,90.85,90.47,90.67,477
2014.03.11,16:00,90.69,91.05,90.51,90.99,577
2014.03.11,17:00,91.01,91.02,90.67,90.78,303
2014.03.11,18:00,90.77,90.81,90.50,90.57,475
2014.03.11,19:00,90.56,90.59,90.37,90.58,461
2014.03.11,20:00,90.57,90.61,90.14,90.16,398
2014.03.11,21:00,90.15,90.22,89.95,90.21,504
2014.03.12,15:00,89.82,89.97,89.48,89.70,783
2014.03.12,16:00,89.69,90.28,89.68,90.27,950
2014.03.12,17:00,90.28,90.59,90.19,90.36,462
2014.03.12,18:00,90.35,90.52,90.29,90.51,415
2014.03.12,19:00,90.50,90.51,90.29,90.47,278
2014.03.12,20:00,90.48,90.60,90.38,90.38,325
2014.03.12,21:00,90.39,90.59,90.28,90.56,313
2014.03.13,15:00,90.89,90.92,90.65,90.82,495
2014.03.13,16:00,90.83,90.90,90.29,90.33,825
2014.03.13,17:00,90.32,90.42,90.04,90.10,727
2014.03.13,18:00,90.11,90.15,89.49,89.54,681
2014.03.13,19:00,89.53,89.55,89.04,89.30,1072
2014.03.13,20:00,89.31,89.42,89.08,89.16,966
2014.03.13,21:00,89.17,89.29,88.87,89.26,750
2014.03.14,15:00,88.98,89.37,88.89,88.90,884
2014.03.14,16:00,88.91,89.35,88.81,88.85,1181
2014.03.14,17:00,88.87,89.34,88.64,89.27,1020
2014.03.14,18:00,89.28,89.30,88.95,89.16,808
2014.03.14,19:00,89.18,89.21,88.85,88.95,475
2014.03.14,20:00,88.93,88.96,88.67,88.67,334
2014.03.14,21:00,88.68,88.89,88.63,88.66,509
2014.03.17,15:00,89.23,89.76,89.19,89.66,501
2014.03.17,16:00,89.65,89.90,89.39,89.55,879
2014.03.17,17:00,89.54,89.70,89.35,89.63,595
2014.03.17,18:00,89.64,89.84,89.56,89.75,416
2014.03.17,19:00,89.76,89.81,89.62,89.71,316
2014.03.17,20:00,89.72,89.82,89.62,89.70,327
2014.03.17,21:00,89.69,89.73,89.40,89.46,368
2014.03.18,15:00,89.54,90.06,89.53,90.02,566
2014.03.18,16:00,90.04,90.33,89.93,90.19,619
2014.03.18,17:00,90.18,90.39,90.17,90.38,479
2014.03.18,18:00,90.37,90.46,90.27,90.34,382
2014.03.18,19:00,90.35,90.59,90.27,90.54,200
2014.03.18,20:00,90.55,90.63,90.47,90.56,172
2014.03.18,21:00,90.57,90.62,90.47,90.55,185
2014.03.19,15:00,90.57,90.63,90.30,90.60,352
2014.03.19,16:00,90.61,90.65,90.23,90.39,476
2014.03.19,17:00,90.40,90.52,90.35,90.46,268
2014.03.19,18:00,90.45,90.57,90.41,90.55,331
2014.03.19,19:00,90.54,90.60,90.52,90.59,165
2014.03.19,20:00,90.56,90.56,90.12,90.26,1391
2014.03.19,21:00,90.25,90.28,89.45,90.01,1237
2014.03.20,15:00,89.78,90.01,89.57,89.82,656
2014.03.20,16:00,89.86,90.35,89.69,90.15,977
2014.03.20,17:00,90.16,90.23,89.97,90.22,657
2014.03.20,18:00,90.20,90.48,90.14,90.48,429
2014.03.20,19:00,90.47,90.55,90.34,90.41,244
2014.03.20,20:00,90.42,90.48,90.34,90.34,202
2014.03.20,21:00,90.33,90.33,90.11,90.29,333
2014.03.21,15:00,90.59,90.65,89.89,89.89,709
2014.03.21,16:00,89.91,89.98,89.38,89.77,1168
2014.03.21,17:00,89.78,89.92,89.62,89.80,415
2014.03.21,18:00,89.81,89.92,89.68,89.69,345
2014.03.21,19:00,89.68,89.69,89.30,89.34,566
2014.03.21,20:00,89.35,89.44,88.89,89.08,753
2014.03.21,21:00,89.06,89.10,88.82,88.99,796
2014.03.24,15:00,89.33,89.39,88.50,88.73,1017
2014.03.24,16:00,88.70,88.70,87.70,87.81,1539
2014.03.24,17:00,87.79,87.92,87.40,87.72,1155
2014.03.24,18:00,87.71,87.88,87.52,87.60,935
2014.03.24,19:00,87.61,88.08,87.61,88.06,634
2014.03.24,20:00,88.05,88.43,88.00,88.26,579
2014.03.24,21:00,88.27,88.51,88.01,88.24,542
2014.03.25,15:00,88.69,89.03,88.68,88.99,610
2014.03.25,16:00,89.03,89.24,88.13,88.22,1395
2014.03.25,17:00,88.21,88.52,87.80,87.97,994
2014.03.25,18:00,87.96,88.38,87.77,88.31,903
2014.03.25,19:00,88.32,88.65,88.21,88.49,591
2014.03.25,20:00,88.48,88.66,88.34,88.43,469
2014.03.25,21:00,88.42,88.64,88.36,88.51,516
2014.03.26,15:00,88.96,89.14,88.66,88.88,1165
2014.03.26,16:00,88.87,89.02,88.42,88.43,1129
2014.03.26,17:00,88.44,88.75,88.33,88.48,864
2014.03.26,18:00,88.49,88.53,88.24,88.47,751
2014.03.26,19:00,88.45,88.49,87.73,87.97,983
2014.03.26,20:00,87.96,88.13,87.61,88.09,1029
2014.03.26,21:00,88.10,88.13,87.35,87.37,863
2014.03.27,15:00,87.26,87.32,86.40,87.00,1381
2014.03.27,16:00,86.99,87.64,86.87,87.31,2046
2014.03.27,17:00,87.30,87.36,86.56,86.82,1560
2014.03.27,18:00,86.83,87.08,86.53,86.96,1329
2014.03.27,19:00,86.95,87.23,86.82,86.91,957
2014.03.27,20:00,86.92,87.11,86.70,86.82,1022
2014.03.27,21:00,86.83,87.05,86.65,86.88,941
2014.03.28,15:00,87.16,87.81,87.03,87.69,921
2014.03.28,16:00,87.70,88.00,87.68,87.93,1058
2014.03.28,17:00,87.94,87.94,87.62,87.76,526
2014.03.28,18:00,87.77,87.84,87.56,87.62,502
2014.03.28,19:00,87.63,87.63,87.32,87.36,502
2014.03.28,20:00,87.34,87.34,86.81,87.01,754
2014.03.28,21:00,87.02,87.13,86.88,87.06,477
2014.03.31,16:00,87.73,88.08,87.63,88.07,1100
2014.03.31,17:00,88.09,88.25,87.91,88.01,1080
2014.03.31,18:00,88.00,88.01,87.72,87.95,685
2014.03.31,19:00,87.96,88.11,87.92,88.01,363
2014.03.31,20:00,88.02,88.04,87.66,87.70,337
2014.03.31,21:00,87.69,87.95,87.67,87.87,335
2014.03.31,22:00,87.86,87.93,87.62,87.67,462
2014.04.01,16:00,88.09,88.78,88.08,88.73,647
2014.04.01,17:00,88.74,89.03,88.72,88.89,754
2014.04.01,18:00,88.88,88.93,88.74,88.76,471
2014.04.01,19:00,88.75,88.89,88.66,88.74,319
2014.04.01,20:00,88.73,88.87,88.60,88.85,334
2014.04.01,21:00,88.86,88.99,88.83,88.98,231
2014.04.01,22:00,88.97,89.26,88.90,89.20,297
2014.04.02,16:00,89.58,89.67,89.22,89.24,731
2014.04.02,17:00,89.25,89.45,89.10,89.44,947
2014.04.02,18:00,89.45,89.52,89.24,89.38,583
2014.04.02,19:00,89.39,89.41,89.23,89.38,359
2014.04.02,20:00,89.39,89.39,89.03,89.16,402
2014.04.02,21:00,89.15,89.25,89.06,89.25,372
2014.04.02,22:00,89.26,89.51,89.20,89.44,392
2014.04.03,16:00,89.53,89.65,89.29,89.63,780
2014.04.03,17:00,89.62,89.67,89.09,89.32,888
2014.04.03,18:00,89.31,89.33,88.95,88.99,549
2014.04.03,19:00,88.98,89.02,88.52,88.61,474
2014.04.03,20:00,88.60,88.83,88.59,88.70,389
2014.04.03,21:00,88.69,88.71,88.22,88.47,412
2014.04.03,22:00,88.48,88.81,88.44,88.72,324
2014.04.04,16:00,89.29,89.40,88.02,88.34,1146
2014.04.04,17:00,88.35,88.83,87.85,87.87,1881
2014.04.04,18:00,87.86,87.88,86.95,87.14,1441
2014.04.04,19:00,87.13,87.14,86.49,86.61,1454
2014.04.04,20:00,86.60,86.88,86.46,86.62,1391
2014.04.04,21:00,86.61,86.74,86.14,86.45,1128
2014.04.04,22:00,86.44,86.72,86.22,86.33,966
2014.04.07,16:00,85.84,86.33,85.54,86.33,1380
2014.04.07,17:00,86.34,86.62,85.82,86.00,2001
2014.04.07,18:00,86.01,86.23,85.61,85.62,1476
2014.04.07,19:00,85.61,85.79,85.33,85.61,1067
2014.04.07,20:00,85.60,85.65,85.17,85.21,1029
2014.04.07,21:00,85.20,85.72,84.95,85.59,987
2014.04.07,22:00,85.60,86.08,85.51,85.58,907
2014.04.08,16:00,85.65,86.07,85.41,85.65,1200
2014.04.08,17:00,85.66,86.24,85.35,86.12,2259
2014.04.08,18:00,85.88,86.45,85.87,86.21,1111
2014.04.08,19:00,86.22,86.43,86.11,86.23,790
2014.04.08,20:00,86.24,86.41,86.16,86.37,579
2014.04.08,21:00,86.36,86.39,86.01,86.21,792
2014.04.08,22:00,86.22,86.44,86.13,86.33,504
2014.04.09,16:00,86.67,86.80,86.43,86.67,1203
2014.04.09,17:00,86.66,86.95,86.44,86.78,1556
2014.04.09,18:00,86.79,86.99,86.66,86.92,562
2014.04.09,19:00,86.91,87.14,86.86,87.02,334
2014.04.09,20:00,87.04,87.11,86.90,86.92,247
2014.04.09,21:00,86.94,87.67,86.93,87.47,1028
2014.04.09,22:00,87.46,87.86,87.43,87.80,427
2014.04.10,16:00,87.86,87.86,87.08,87.21,1163
2014.04.10,17:00,87.23,87.29,86.66,86.66,1787
2014.04.10,18:00,86.63,86.65,86.17,86.24,1307
2014.04.10,19:00,86.23,86.29,85.67,85.67,1213
2014.04.10,20:00,85.68,85.83,85.37,85.69,1006
2014.04.10,21:00,85.68,85.81,85.19,85.31,985
2014.04.10,22:00,85.30,85.39,84.86,85.11,1299
2014.04.11,16:00,84.35,85.19,84.14,84.97,1709
2014.04.11,17:00,84.96,85.43,84.24,85.24,2605
2014.04.11,18:00,85.25,85.43,84.82,84.92,1689
2014.04.11,19:00,84.91,85.13,84.73,84.95,1093
2014.04.11,20:00,84.94,84.95,84.43,84.48,988
2014.04.11,21:00,84.49,84.64,83.91,84.16,1116
2014.04.11,22:00,84.15,84.39,83.95,84.09,1040
2014.04.14,16:00,84.83,84.90,84.30,84.36,1267
2014.04.14,17:00,84.35,85.16,84.26,85.13,1944
2014.04.14,18:00,85.12,85.21,84.94,84.96,950
2014.04.14,19:00,84.95,85.17,84.84,85.03,603
2014.04.14,20:00,85.05,85.05,84.56,84.56,549
2014.04.14,21:00,84.55,84.70,84.34,84.37,835
2014.04.14,22:00,84.39,84.82,83.99,84.76,1148
2014.04.15,16:00,85.06,85.53,84.90,85.23,947
2014.04.15,17:00,85.24,85.39,84.03,84.12,2399
2014.04.15,18:00,84.11,84.37,83.67,83.79,2629
2014.04.15,19:00,83.78,83.85,83.31,83.33,1747
2014.04.15,20:00,83.32,84.28,83.28,84.23,1571
2014.04.15,21:00,84.24,85.05,84.19,84.84,1477
2014.04.15,22:00,84.83,85.24,84.63,85.05,1309
2014.04.16,16:00,85.80,85.89,85.23,85.47,1114
2014.04.16,17:00,85.48,85.74,85.12,85.22,1949
2014.04.16,18:00,85.21,85.72,85.09,85.72,1179
2014.04.16,19:00,85.73,86.03,85.62,85.62,906
2014.04.16,20:00,85.61,85.79,85.47,85.69,1231
2014.04.16,21:00,85.68,85.93,85.47,85.88,941
2014.04.16,22:00,85.89,86.17,85.76,86.17,474
2014.04.17,16:00,85.88,86.23,85.63,85.94,1050
2014.04.17,17:00,85.98,86.39,85.83,86.21,1593
2014.04.17,18:00,86.22,86.32,85.91,86.09,841
2014.04.17,19:00,86.10,86.30,85.99,86.26,632
2014.04.17,20:00,86.27,86.62,86.25,86.53,492
2014.04.17,21:00,86.52,86.56,86.37,86.43,341
2014.04.17,22:00,86.42,86.55,86.21,86.21,406
2014.04.21,16:00,86.41,86.60,86.22,86.42,510
2014.04.21,17:00,86.43,86.72,86.00,86.26,765
2014.04.21,18:00,86.28,86.61,86.22,86.57,526
2014.04.21,19:00,86.58,86.62,86.44,86.59,321
2014.04.21,20:00,86.60,86.74,86.53,86.74,229
2014.04.21,21:00,86.75,86.83,86.69,86.81,324
2014.04.21,22:00,86.82,86.83,86.63,86.83,301
2014.04.22,16:00,87.11,87.30,86.98,87.26,647
2014.04.22,17:00,87.28,87.49,87.20,87.47,661
2014.04.22,18:00,87.46,87.65,87.46,87.56,365
2014.04.22,19:00,87.55,87.71,87.55,87.63,237
2014.04.22,20:00,87.64,87.72,87.56,87.71,211
2014.04.22,21:00,87.70,87.74,87.62,87.65,202
2014.04.22,22:00,87.64,87.66,87.46,87.54,305
2014.04.23,16:00,87.53,87.55,87.03,87.11,700
2014.04.23,17:00,87.05,87.17,86.84,87.07,922
2014.04.23,18:00,87.06,87.13,86.89,87.10,593
2014.04.23,19:00,87.09,87.11,86.87,86.99,321
2014.04.23,20:00,87.00,87.01,86.77,86.82,354
2014.04.23,21:00,86.81,86.85,86.72,86.80,329
2014.04.23,22:00,86.81,86.95,86.71,86.74,327
2014.04.24,16:00,88.14,88.14,86.93,87.14,1323
2014.04.24,17:00,87.13,87.36,86.65,87.34,1763
2014.04.24,18:00,87.33,87.73,87.23,87.63,799
2014.04.24,19:00,87.64,87.76,87.54,87.72,421
2014.04.24,20:00,87.75,87.75,87.34,87.35,540
2014.04.24,21:00,87.36,87.58,87.33,87.53,603
2014.04.24,22:00,87.54,87.69,87.53,87.60,500
2014.04.25,16:00,87.08,87.16,86.76,86.80,1047
2014.04.25,17:00,86.79,86.82,86.14,86.22,1467
2014.04.25,18:00,86.21,86.60,86.03,86.46,832
2014.04.25,19:00,86.45,86.61,86.31,86.35,586
2014.04.25,20:00,86.36,86.40,86.18,86.28,482
2014.04.25,21:00,86.29,86.30,85.98,86.16,617
2014.04.25,22:00,86.15,86.36,86.09,86.18,553
2014.04.28,16:00,86.56,86.68,86.09,86.59,1017
2014.04.28,17:00,86.60,87.10,86.49,86.73,1398
2014.04.28,18:00,86.74,86.87,85.83,85.89,1241
2014.04.28,19:00,85.88,86.02,85.68,85.79,1084
2014.04.28,20:00,85.78,85.78,85.12,85.48,1215
2014.04.28,21:00,85.49,86.06,85.32,85.91,940
2014.04.28,22:00,85.92,86.68,85.88,86.49,1121
2014.04.29,16:00,86.73,87.03,86.50,86.77,1182
2014.04.29,17:00,86.78,86.90,86.31,86.75,1870
2014.04.29,18:00,86.76,87.03,86.58,86.91,978
2014.04.29,19:00,86.93,87.31,86.90,87.22,390
2014.04.29,20:00,87.21,87.29,87.05,87.26,458
2014.04.29,21:00,87.28,87.30,87.18,87.23,301
2014.04.29,22:00,87.25,87.29,87.10,87.17,275
2014.04.30,16:00,86.77,87.01,86.53,86.73,1074
2014.04.30,17:00,86.72,87.29,86.54,87.16,1057
2014.04.30,18:00,87.15,87.22,86.94,87.07,699
2014.04.30,19:00,87.06,87.21,87.05,87.20,350
2014.04.30,20:00,87.19,87.28,87.12,87.13,186
2014.04.30,21:00,87.15,87.47,87.00,87.35,1287
2014.04.30,22:00,87.36,87.43,87.09,87.36,791
2014.05.01,16:00,87.54,87.73,87.31,87.57,476
2014.05.01,17:00,87.58,87.96,87.37,87.88,945
2014.05.01,18:00,87.89,88.14,87.79,87.83,406
2014.05.01,19:00,87.84,87.99,87.77,87.86,396
2014.05.01,20:00,87.87,87.93,87.55,87.61,451
2014.05.01,21:00,87.60,87.77,87.47,87.60,509
2014.05.01,22:00,87.59,87.71,87.48,87.67,490
2014.05.02,16:00,87.93,88.10,87.49,87.66,1265
2014.05.02,17:00,87.65,87.96,87.28,87.43,1824
2014.05.02,18:00,87.42,87.84,87.38,87.78,1263
2014.05.02,19:00,87.77,87.83,87.64,87.73,478
2014.05.02,20:00,87.74,87.78,87.46,87.47,511
2014.05.02,21:00,87.46,87.64,87.41,87.55,510
2014.05.02,22:00,87.57,87.72,87.47,87.49,362
2014.05.05,16:00,86.97,87.38,86.76,87.38,908
2014.05.05,17:00,87.37,87.83,87.25,87.66,1190
2014.05.05,18:00,87.65,87.79,87.54,87.73,662
2014.05.05,19:00,87.75,87.77,87.58,87.59,342
2014.05.05,20:00,87.58,87.72,87.53,87.70,309
2014.05.05,21:00,87.71,87.96,87.70,87.90,293
2014.05.05,22:00,87.91,87.96,87.83,87.95,296
2014.05.06,16:00,87.81,87.83,87.51,87.81,971
2014.05.06,17:00,87.82,87.85,87.43,87.44,1140
2014.05.06,18:00,87.45,87.59,87.36,87.58,597
2014.05.06,19:00,87.59,87.60,87.42,87.52,382
2014.05.06,20:00,87.51,87.54,87.02,87.03,517
2014.05.06,21:00,87.02,87.09,86.89,86.95,579
2014.05.06,22:00,86.93,87.12,86.77,86.79,514
2014.05.07,16:00,86.99,87.07,86.15,86.18,1011
2014.05.07,17:00,86.17,86.47,85.54,85.85,1936
2014.05.07,18:00,85.86,86.42,85.65,86.28,1246
2014.05.07,19:00,86.29,86.31,85.84,85.85,592
2014.05.07,20:00,85.83,86.15,85.77,85.78,694
2014.05.07,21:00,85.77,86.27,85.75,86.22,661
2014.05.07,22:00,86.23,86.61,86.06,86.54,583
2014.05.08,16:00,86.25,86.92,86.04,86.86,1178
2014.05.08,17:00,86.87,87.40,86.87,87.18,857
2014.05.08,18:00,87.17,87.52,87.14,87.42,707
2014.05.08,19:00,87.44,87.48,87.11,87.17,390
2014.05.08,20:00,87.16,87.30,86.82,86.86,742
2014.05.08,21:00,86.87,86.87,86.25,86.36,834
2014.05.08,22:00,86.35,86.52,86.15,86.48,1055
2014.05.09,16:00,86.42,86.44,85.85,86.26,1305
2014.05.09,17:00,86.25,86.61,86.01,86.02,1896
2014.05.09,18:00,86.01,86.40,85.87,86.31,768
2014.05.09,19:00,86.32,86.74,86.22,86.66,719
2014.05.09,20:00,86.65,86.71,86.40,86.43,487
2014.05.09,21:00,86.44,86.64,86.26,86.59,608
2014.05.09,22:00,86.61,86.85,86.61,86.81,438
2014.05.12,16:00,87.31,87.82,87.24,87.82,705
2014.05.12,17:00,87.84,88.02,87.74,87.95,605
2014.05.12,18:00,87.94,88.00,87.87,87.93,321
2014.05.12,19:00,87.94,88.11,87.92,87.96,260
2014.05.12,20:00,87.95,88.05,87.93,88.02,155
2014.05.12,21:00,88.01,88.17,87.95,88.16,230
2014.05.12,22:00,88.17,88.24,88.13,88.21,268
2014.05.13,16:00,88.30,88.52,88.12,88.26,780
2014.05.13,17:00,88.28,88.61,88.24,88.47,957
2014.05.13,18:00,88.48,88.50,88.11,88.23,576
2014.05.13,19:00,88.22,88.34,88.15,88.29,450
2014.05.13,20:00,88.30,88.37,88.17,88.25,359
2014.05.13,21:00,88.24,88.41,88.21,88.37,280
2014.05.13,22:00,88.38,88.38,88.17,88.25,252
2014.05.14,16:00,88.03,88.26,87.92,88.22,944
2014.05.14,17:00,88.24,88.35,87.98,88.14,1216
2014.05.14,18:00,88.15,88.21,87.99,88.07,650
2014.05.14,19:00,88.06,88.22,88.06,88.17,440
2014.05.14,20:00,88.18,88.31,88.17,88.20,261
2014.05.14,21:00,88.21,88.23,87.92,87.95,333
2014.05.14,22:00,87.94,87.96,87.62,87.81,531
2014.05.15,16:00,87.83,87.95,87.20,87.45,930
2014.05.15,17:00,87.44,87.45,86.73,87.02,1871
2014.05.15,18:00,87.04,87.08,86.58,86.65,1184
2014.05.15,19:00,86.64,86.97,86.63,86.92,686
2014.05.15,20:00,86.91,86.96,86.75,86.92,594
2014.05.15,21:00,86.93,87.33,86.86,87.27,755
2014.05.15,22:00,87.28,87.32,87.04,87.14,769
2014.05.16,16:00,87.22,87.24,86.80,87.14,1059
2014.05.16,17:00,87.15,87.22,86.64,86.87,1383
2014.05.16,18:00,86.88,87.08,86.82,87.02,547
2014.05.16,19:00,87.01,87.19,86.97,86.98,394
2014.05.16,20:00,86.97,87.14,86.83,87.06,332
2014.05.16,21:00,87.07,87.49,87.00,87.49,311
2014.05.16,22:00,87.50,87.76,87.48,87.68,335
2014.05.19,16:00,87.46,87.95,87.30,87.79,790
2014.05.19,17:00,87.80,88.12,87.64,88.07,999
2014.05.19,18:00,88.08,88.34,88.06,88.31,354
2014.05.19,19:00,88.30,88.42,88.23,88.26,265
2014.05.19,20:00,88.27,88.36,88.20,88.33,265
2014.05.19,21:00,88.35,88.41,88.29,88.33,243
2014.05.19,22:00,88.32,88.45,88.20,88.33,255
2014.05.20,16:00,88.29,88.39,87.99,88.05,852
2014.05.20,17:00,88.06,88.43,87.99,88.42,1016
2014.05.20,18:00,88.43,88.59,88.30,88.49,536
2014.05.20,19:00,88.51,88.51,88.03,88.14,791
2014.05.20,20:00,88.13,88.14,87.64,87.66,664
2014.05.20,21:00,87.65,87.93,87.64,87.74,733
2014.05.20,22:00,87.73,88.14,87.72,88.00,586
2014.05.21,16:00,88.13,88.64,88.11,88.51,715
2014.05.21,17:00,88.52,88.68,88.39,88.54,693
2014.05.21,18:00,88.53,88.59,88.24,88.39,644
2014.05.21,19:00,88.40,88.59,88.35,88.55,403
2014.05.21,20:00,88.56,88.66,88.54,88.60,245
2014.05.21,21:00,88.61,88.78,88.48,88.73,904
2014.05.21,22:00,88.72,88.88,88.69,88.83,301
2014.05.22,16:00,88.93,89.19,88.83,89.13,678
2014.05.22,17:00,89.14,89.26,88.80,89.22,782
2014.05.22,18:00,89.21,89.38,89.15,89.30,358
2014.05.22,19:00,89.29,89.31,89.18,89.20,196
2014.05.22,20:00,89.22,89.42,89.20,89.38,151
2014.05.22,21:00,89.39,89.47,89.37,89.47,134
2014.05.22,22:00,89.46,89.46,89.22,89.22,241
2014.05.23,16:00,89.33,89.47,89.12,89.35,537
2014.05.23,17:00,89.36,89.47,89.30,89.43,496
2014.05.23,18:00,89.42,89.60,89.41,89.56,328
2014.05.23,19:00,89.57,89.66,89.56,89.63,159
2014.05.23,20:00,89.64,89.72,89.60,89.69,138
2014.05.23,21:00,89.71,89.82,89.69,89.80,106
2014.05.23,22:00,89.81,89.89,89.81,89.87,118
2014.05.27,16:00,90.27,90.48,90.20,90.32,499
2014.05.27,17:00,90.33,90.62,90.31,90.58,560
2014.05.27,18:00,90.59,90.67,90.51,90.54,225
2014.05.27,19:00,90.53,90.64,90.47,90.59,182
2014.05.27,20:00,90.58,90.66,90.49,90.66,218
2014.05.27,21:00,90.65,90.72,90.62,90.68,156
2014.05.27,22:00,90.69,91.00,90.68,91.00,131
2014.05.28,16:00,90.96,91.03,90.76,90.85,535
2014.05.28,17:00,90.84,90.93,90.64,90.79,662
2014.05.28,18:00,90.78,91.06,90.76,90.95,274
2014.05.28,19:00,90.97,91.09,90.85,90.93,216
2014.05.28,20:00,90.92,91.09,90.92,91.05,146
2014.05.28,21:00,91.04,91.07,90.83,90.88,294
2014.05.28,22:00,90.90,91.00,90.69,90.69,258
2014.05.29,16:00,91.04,91.13,90.88,91.08,601
2014.05.29,17:00,91.07,91.11,90.86,91.06,864
2014.05.29,18:00,91.05,91.18,90.98,90.99,296
2014.05.29,19:00,91.00,91.11,90.96,91.05,154
2014.05.29,20:00,91.04,91.10,90.99,91.06,128
2014.05.29,21:00,91.05,91.19,91.03,91.19,168
2014.05.29,22:00,91.21,91.30,91.12,91.29,161
2014.05.30,16:00,91.34,91.37,91.14,91.17,503
2014.05.30,17:00,91.16,91.40,91.12,91.33,483
2014.05.30,18:00,91.34,91.44,91.29,91.35,267
2014.05.30,19:00,91.36,91.41,90.91,91.01,320
2014.05.30,20:00,91.00,91.07,90.83,91.00,349
2014.05.30,21:00,90.99,91.22,90.93,91.09,263
2014.05.30,22:00,91.08,91.33,91.06,91.29,255
2014.06.02,16:00,91.41,91.43,90.95,90.97,360
2014.06.02,17:00,90.93,91.04,90.64,90.97,756
2014.06.02,18:00,90.96,91.32,90.92,91.25,435
2014.06.02,19:00,91.26,91.27,91.10,91.12,192
2014.06.02,20:00,91.13,91.15,90.98,91.06,262
2014.06.02,21:00,91.05,91.15,90.86,91.06,369
2014.06.02,22:00,91.05,91.26,91.00,91.23,265
2014.06.03,16:00,90.91,91.22,90.80,91.21,561
2014.06.03,17:00,91.22,91.32,91.00,91.08,590
2014.06.03,18:00,91.07,91.11,90.86,90.99,423
2014.06.03,19:00,90.98,91.16,90.98,91.02,211
2014.06.03,20:00,91.03,91.18,91.02,91.14,217
2014.06.03,21:00,91.13,91.23,91.06,91.08,188
2014.06.03,22:00,91.07,91.21,91.03,91.18,164
2014.06.04,16:00,90.95,91.17,90.81,91.16,614
2014.06.04,17:00,91.14,91.37,91.08,91.37,585
2014.06.04,18:00,91.36,91.49,91.32,91.43,236
2014.06.04,19:00,91.44,91.64,91.42,91.62,128
2014.06.04,20:00,91.61,91.66,91.57,91.65,93
2014.06.04,21:00,91.64,91.65,91.45,91.52,141
2014.06.04,22:00,91.51,91.54,91.44,91.50,197
2014.06.05,16:00,91.61,91.80,91.45,91.64,694
2014.06.05,17:00,91.63,91.74,91.29,91.71,868
2014.06.05,18:00,91.70,92.10,91.68,92.08,400
2014.06.05,19:00,92.07,92.37,92.07,92.26,308
2014.06.05,20:00,92.27,92.36,92.15,92.26,159
2014.06.05,21:00,92.25,92.46,92.24,92.28,273
2014.06.05,22:00,92.29,92.37,92.21,92.29,218
2014.06.06,16:00,92.65,92.68,92.45,92.67,572
2014.06.06,17:00,92.66,92.68,92.45,92.64,553
2014.06.06,18:00,92.65,92.76,92.62,92.63,228
2014.06.06,19:00,92.64,92.73,92.61,92.68,188
2014.06.06,20:00,92.69,92.69,92.53,92.62,223
2014.06.06,21:00,92.63,92.71,92.59,92.68,92
2014.06.06,22:00,92.67,92.76,92.59,92.76,173
2014.06.09,16:00,92.84,92.86,92.59,92.70,384
2014.06.09,17:00,92.71,92.82,92.61,92.78,328
2014.06.09,18:00,92.80,92.97,92.73,92.92,157
2014.06.09,19:00,92.93,92.97,92.91,92.94,107
2014.06.09,20:00,92.93,92.94,92.70,92.72,177
2014.06.09,21:00,92.73,92.73,92.49,92.68,299
2014.06.09,22:00,92.67,92.81,92.64,92.74,156
2014.06.10,16:00,92.65,92.90,92.64,92.72,545
2014.06.10,17:00,92.71,92.92,92.56,92.87,631
2014.06.10,18:00,92.88,92.95,92.78,92.85,243
2014.06.10,19:00,92.84,92.85,92.66,92.76,196
2014.06.10,20:00,92.77,92.87,92.68,92.85,132
2014.06.10,21:00,92.86,92.90,92.80,92.81,122
2014.06.10,22:00,92.82,92.90,92.81,92.88,89
2014.06.11,16:00,92.58,92.91,92.53,92.83,389
2014.06.11,17:00,92.82,92.96,92.74,92.82,512
2014.06.11,18:00,92.81,93.01,92.79,92.97,253
2014.06.11,19:00,92.96,92.98,92.89,92.98,128
2014.06.11,20:00,92.97,92.97,92.69,92.69,131
2014.06.11,21:00,92.68,92.73,92.50,92.70,240
2014.06.11,22:00,92.71,92.92,92.68,92.85,204
2014.06.12,16:00,92.70,92.78,92.49,92.65,376
2014.06.12,17:00,92.64,92.77,92.30,92.42,661
2014.06.12,18:00,92.43,92.63,92.38,92.48,225
2014.06.12,19:00,92.47,92.55,92.20,92.31,179
2014.06.12,20:00,92.30,92.33,91.89,91.97,434
2014.06.12,21:00,91.96,92.04,91.83,91.91,320
2014.06.12,22:00,91.90,92.05,91.72,92.05,401
2014.06.13,16:00,92.47,92.47,92.11,92.23,503
2014.06.13,17:00,92.22,92.51,91.93,92.51,655
2014.06.13,18:00,92.52,92.54,92.17,92.22,266
2014.06.13,19:00,92.21,92.38,92.21,92.21,198
2014.06.13,20:00,92.22,92.32,92.15,92.30,188
2014.06.13,21:00,92.31,92.38,92.24,92.25,153
2014.06.13,22:00,92.27,92.37,92.03,92.30,356
2014.06.16,16:00,92.17,92.51,92.06,92.43,532
2014.06.16,17:00,92.44,92.65,92.38,92.41,499
2014.06.16,18:00,92.42,92.42,91.96,92.13,482
2014.06.16,19:00,92.12,92.34,92.10,92.30,278
2014.06.16,20:00,92.29,92.47,92.21,92.25,250
2014.06.16,21:00,92.24,92.45,92.24,92.33,259
2014.06.16,22:00,92.31,92.42,92.22,92.40,233
2014.06.17,16:00,92.33,92.57,92.17,92.54,635
2014.06.17,17:00,92.55,92.69,92.32,92.41,505
2014.06.17,18:00,92.40,92.51,92.21,92.49,374
2014.06.17,19:00,92.50,92.62,92.45,92.56,204
2014.06.17,20:00,92.57,92.66,92.47,92.61,240
2014.06.17,21:00,92.60,92.67,92.52,92.64,185
2014.06.17,22:00,92.65,92.65,92.44,92.45,173
2014.06.18,16:00,92.56,92.59,92.39,92.43,454
2014.06.18,17:00,92.44,92.50,92.24,92.26,475
2014.06.18,18:00,92.25,92.38,92.24,92.34,188
2014.06.18,19:00,92.33,92.38,92.28,92.36,121
2014.06.18,20:00,92.37,92.38,92.07,92.14,181
2014.06.18,21:00,92.12,92.72,92.01,92.69,1180
2014.06.18,22:00,92.70,93.09,92.69,92.99,399
2014.06.19,16:00,93.09,93.16,92.90,92.93,323
2014.06.19,17:00,92.94,93.08,92.73,92.77,604
2014.06.19,18:00,92.76,92.85,92.75,92.79,298
2014.06.19,19:00,92.78,92.88,92.60,92.62,229
2014.06.19,20:00,92.63,92.67,92.49,92.62,331
2014.06.19,21:00,92.60,92.82,92.58,92.78,298
2014.06.19,22:00,92.79,92.93,92.78,92.89,237
2014.06.20,16:00,92.71,92.86,92.63,92.72,405
2014.06.20,17:00,92.73,92.81,92.52,92.63,386
2014.06.20,18:00,92.64,92.75,92.60,92.63,163
2014.06.20,19:00,92.62,92.67,92.54,92.65,109
2014.06.20,20:00,92.66,92.66,92.56,92.62,113
2014.06.20,21:00,92.63,92.70,92.58,92.64,81
2014.06.20,22:00,92.65,92.75,92.63,92.74,78
2014.06.23,16:00,92.73,92.79,92.57,92.71,417
2014.06.23,17:00,92.73,92.78,92.54,92.58,701
2014.06.23,18:00,92.56,92.66,92.51,92.59,320
2014.06.23,19:00,92.60,92.81,92.59,92.74,160
2014.06.23,20:00,92.75,92.78,92.61,92.71,193
2014.06.23,21:00,92.70,92.79,92.67,92.77,161
2014.06.23,22:00,92.78,92.79,92.67,92.78,95
2014.06.24,16:00,92.79,93.10,92.77,93.00,272
2014.06.24,17:00,93.02,93.53,93.00,93.50,446
2014.06.24,18:00,93.51,93.56,93.48,93.52,205
2014.06.24,19:00,93.53,93.55,93.43,93.47,114
2014.06.24,20:00,93.46,93.48,93.17,93.22,276
2014.06.24,21:00,93.23,93.33,93.06,93.13,326
2014.06.24,22:00,93.12,93.12,92.43,92.67,656
2014.06.25,16:00,92.49,92.91,92.48,92.73,603
2014.06.25,17:00,92.74,92.93,92.60,92.90,833
2014.06.25,18:00,92.92,93.07,92.83,92.91,472
2014.06.25,19:00,92.93,93.00,92.88,92.97,289
2014.06.25,20:00,92.98,93.24,92.98,93.22,253
2014.06.25,21:00,93.21,93.29,93.15,93.20,218
2014.06.25,22:00,93.21,93.44,93.18,93.30,209
2014.06.26,16:00,93.35,93.35,92.61,92.83,790
2014.06.26,17:00,92.82,92.97,92.71,92.87,849
2014.06.26,18:00,92.89,93.03,92.84,92.99,502
2014.06.26,19:00,93.00,93.01,92.87,92.89,215
2014.06.26,20:00,92.90,93.19,92.89,93.14,249
2014.06.26,21:00,93.15,93.20,93.06,93.16,178
2014.06.26,22:00,93.17,93.33,93.14,93.33,204
2014.06.27,16:00,93.21,93.46,93.21,93.36,521
2014.06.27,17:00,93.37,93.43,93.22,93.35,614
2014.06.27,18:00,93.36,93.50,93.36,93.48,241
2014.06.27,19:00,93.49,93.49,93.41,93.47,111
2014.06.27,20:00,93.46,93.47,93.22,93.40,240
2014.06.27,21:00,93.39,93.59,93.39,93.44,198
2014.06.27,22:00,93.46,93.76,93.44,93.74,249
2014.06.30,16:00,93.70,93.93,93.66,93.86,391
2014.06.30,17:00,93.88,93.99,93.83,93.84,565
2014.06.30,18:00,93.83,94.02,93.79,93.94,262
2014.06.30,19:00,93.93,94.03,93.91,93.99,132
2014.06.30,20:00,94.00,94.09,93.98,94.05,79
2014.06.30,21:00,94.06,94.13,93.92,93.93,88
2014.06.30,22:00,93.92,94.02,93.84,93.90,156
2014.07.01,16:00,94.20,94.53,94.20,94.50,281
2014.07.01,17:00,94.47,94.89,94.47,94.84,448
2014.07.01,18:00,94.85,94.98,94.81,94.92,181
2014.07.01,19:00,94.90,95.06,94.89,95.05,133
2014.07.01,20:00,95.06,95.18,95.06,95.12,137
2014.07.01,21:00,95.11,95.13,94.99,95.07,183
2014.07.01,22:00,95.06,95.11,94.93,94.95,169
2014.07.02,16:00,94.99,95.15,94.96,95.12,368
2014.07.02,17:00,95.13,95.19,95.00,95.13,370
2014.07.02,18:00,95.12,95.17,94.95,95.09,264
2014.07.02,19:00,95.11,95.23,95.09,95.16,129
2014.07.02,20:00,95.15,95.17,95.04,95.11,123
2014.07.02,21:00,95.10,95.11,94.91,94.98,122
2014.07.02,22:00,94.99,95.10,94.98,95.10,140
2014.07.03,16:00,95.39,95.40,95.15,95.27,422
2014.07.03,17:00,95.26,95.42,95.23,95.41,421
2014.07.03,18:00,95.42,95.55,95.37,95.55,198
2014.07.03,19:00,95.57,95.67,95.54,95.65,133
2014.07.07,16:00,95.57,95.61,95.49,95.60,431
2014.07.07,17:00,95.59,95.70,95.39,95.45,343
2014.07.07,18:00,95.44,95.47,95.28,95.30,339
2014.07.07,19:00,95.29,95.39,95.26,95.34,142
2014.07.07,20:00,95.35,95.47,95.30,95.41,152
2014.07.07,21:00,95.40,95.45,95.23,95.33,189
2014.07.07,22:00,95.32,95.38,95.25,95.38,178
2014.07.08,16:00,95.23,95.29,94.70,94.79,542
2014.07.08,17:00,94.78,94.78,94.20,94.40,725
2014.07.08,18:00,94.39,94.40,93.88,94.02,618
2014.07.08,19:00,94.04,94.22,93.90,94.19,462
2014.07.08,20:00,94.20,94.46,94.07,94.40,368
2014.07.08,21:00,94.39,94.41,94.22,94.23,341
2014.07.08,22:00,94.22,94.35,94.10,94.26,387
2014.07.09,16:00,94.51,94.77,94.33,94.34,636
2014.07.09,17:00,94.35,94.84,94.24,94.76,952
2014.07.09,18:00,94.77,94.83,94.62,94.74,507
2014.07.09,19:00,94.73,94.82,94.68,94.79,247
2014.07.09,20:00,94.78,94.88,94.75,94.80,198
2014.07.09,21:00,94.78,94.99,94.55,94.91,785
2014.07.09,22:00,94.92,95.06,94.89,94.97,330
2014.07.10,16:00,93.73,94.03,93.64,93.83,904
2014.07.10,17:00,93.82,94.50,93.82,94.49,1025
2014.07.10,18:00,94.50,94.63,94.44,94.56,475
2014.07.10,19:00,94.55,94.86,94.50,94.75,376
2014.07.10,20:00,94.76,95.04,94.73,94.86,360
2014.07.10,21:00,94.87,94.92,94.60,94.60,352
2014.07.10,22:00,94.59,94.78,94.48,94.66,316
2014.07.11,16:00,94.87,95.03,94.61,94.86,874
2014.07.11,17:00,94.87,95.06,94.78,95.02,929
2014.07.11,18:00,95.03,95.06,94.83,94.90,500
2014.07.11,19:00,94.89,94.97,94.88,94.96,252
2014.07.11,20:00,94.97,95.22,94.96,95.14,176
2014.07.11,21:00,95.15,95.25,95.14,95.16,192
2014.07.11,22:00,95.17,95.26,95.12,95.25,187
2014.07.14,16:00,95.67,95.76,95.53,95.70,428
2014.07.14,17:00,95.71,95.94,95.70,95.91,402
2014.07.14,18:00,95.93,96.05,95.88,95.90,225
2014.07.14,19:00,95.89,96.02,95.82,95.85,189
2014.07.14,20:00,95.86,96.00,95.85,95.96,154
2014.07.14,21:00,95.95,95.97,95.85,95.97,160
2014.07.14,22:00,95.96,95.96,95.78,95.85,144
2014.07.15,16:00,95.97,96.12,95.84,95.95,356
2014.07.15,17:00,95.97,96.03,95.21,95.37,1379
2014.07.15,18:00,95.35,95.57,94.92,94.94,899
2014.07.15,19:00,94.93,95.47,94.82,95.33,724
2014.07.15,20:00,95.34,95.60,95.28,95.46,445
2014.07.15,21:00,95.45,95.66,95.42,95.56,445
2014.07.15,22:00,95.57,95.59,95.34,95.50,338
2014.07.16,16:00,96.17,96.29,96.01,96.18,560
2014.07.16,17:00,96.19,96.27,95.89,95.92,873
2014.07.16,18:00,95.91,96.08,95.78,95.89,427
2014.07.16,19:00,95.88,96.17,95.88,96.09,296
2014.07.16,20:00,96.10,96.17,96.03,96.09,237
2014.07.16,21:00,96.08,96.17,96.05,96.05,190
2014.07.16,22:00,96.06,96.09,95.88,95.89,243
2014.07.17,16:00,95.62,95.94,95.61,95.84,639
2014.07.17,17:00,95.88,95.96,95.67,95.74,976
2014.07.17,18:00,95.73,95.77,95.00,95.13,1277
2014.07.17,19:00,95.14,95.29,94.90,95.22,786
2014.07.17,20:00,95.23,95.46,95.11,95.18,529
2014.07.17,21:00,95.19,95.19,94.95,95.05,717
2014.07.17,22:00,95.01,95.05,94.32,94.62,1059
2014.07.18,16:00,95.12,95.39,94.99,95.20,717
2014.07.18,17:00,95.21,95.49,95.04,95.47,1011
2014.07.18,18:00,95.48,95.71,95.48,95.63,586
2014.07.18,19:00,95.64,95.81,95.62,95.76,270
2014.07.18,20:00,95.75,95.86,95.61,95.83,300
2014.07.18,21:00,95.84,96.09,95.78,95.99,323
2014.07.18,22:00,95.98,96.16,95.97,96.09,227
2014.07.21,16:00,95.92,96.03,95.74,95.91,636
2014.07.21,17:00,95.92,95.92,95.56,95.60,970
2014.07.21,18:00,95.59,95.87,95.55,95.84,633
2014.07.21,19:00,95.86,95.87,95.74,95.85,306
2014.07.21,20:00,95.83,96.15,95.82,96.10,239
2014.07.21,21:00,96.11,96.15,95.97,96.07,272
2014.07.21,22:00,96.09,96.12,95.94,95.97,195
2014.07.22,16:00,96.44,96.59,96.34,96.48,556
2014.07.22,17:00,96.49,96.75,96.49,96.67,510
2014.07.22,18:00,96.68,96.74,96.58,96.61,250
2014.07.22,19:00,96.60,96.72,96.60,96.62,148
2014.07.22,20:00,96.63,96.70,96.59,96.64,128
2014.07.22,21:00,96.63,96.68,96.40,96.51,197
2014.07.22,22:00,96.50,96.68,96.47,96.61,218
2014.07.23,16:00,96.93,97.09,96.78,96.94,578
2014.07.23,17:00,96.95,97.33,96.87,97.23,631
2014.07.23,18:00,97.24,97.31,97.16,97.21,299
2014.07.23,19:00,97.22,97.28,97.04,97.14,307
2014.07.23,20:00,97.15,97.26,97.08,97.24,222
2014.07.23,21:00,97.25,97.32,97.20,97.25,182
2014.07.23,22:00,97.24,97.31,97.19,97.22,167
2014.07.24,16:00,97.39,97.51,97.11,97.16,606
2014.07.24,17:00,97.14,97.18,96.98,97.17,894
2014.07.24,18:00,97.18,97.38,97.13,97.35,349
2014.07.24,19:00,97.36,97.40,97.17,97.17,212
2014.07.24,20:00,97.16,97.26,97.02,97.26,272
2014.07.24,21:00,97.25,97.33,97.08,97.08,238
2014.07.24,22:00,97.07,97.25,97.05,97.12,223
2014.07.25,16:00,96.64,96.77,96.44,96.72,489
2014.07.25,17:00,96.73,96.86,96.41,96.46,515
2014.07.25,18:00,96.45,96.53,96.23,96.49,530
2014.07.25,19:00,96.50,96.73,96.50,96.70,215
2014.07.25,20:00,96.71,96.71,96.52,96.55,251
2014.07.25,21:00,96.53,96.70,96.49,96.60,271
2014.07.25,22:00,96.61,96.71,96.51,96.70,249
2014.07.28,16:00,96.82,96.82,96.30,96.47,588
2014.07.28,17:00,96.46,96.46,96.02,96.25,987
2014.07.28,18:00,96.26,96.70,96.23,96.52,417
2014.07.28,19:00,96.53,96.65,96.43,96.61,258
2014.07.28,20:00,96.60,97.01,96.56,96.90,353
2014.07.28,21:00,96.92,96.95,96.75,96.87,291
2014.07.28,22:00,96.88,96.89,96.74,96.75,239
2014.07.29,16:00,96.96,97.12,96.81,97.01,507
2014.07.29,17:00,97.04,97.19,96.96,96.99,629
2014.07.29,18:00,97.00,97.04,96.52,96.81,634
2014.07.29,19:00,96.82,96.98,96.78,96.92,259
2014.07.29,20:00,96.93,97.02,96.86,96.98,175
2014.07.29,21:00,96.99,97.07,96.70,96.82,359
2014.07.29,22:00,96.81,96.87,96.57,96.60,491
2014.07.30,16:00,97.12,97.32,96.98,97.03,691
2014.07.30,17:00,97.01,97.08,96.66,96.79,1178
2014.07.30,18:00,96.78,96.95,96.62,96.68,712
2014.07.30,19:00,96.69,96.88,96.60,96.84,450
2014.07.30,20:00,96.85,96.89,96.70,96.87,344
2014.07.30,21:00,96.88,97.24,96.74,96.97,1258
2014.07.30,22:00,96.96,97.09,96.79,96.97,595
2014.07.31,16:00,96.18,96.33,95.94,95.95,978
2014.07.31,17:00,95.94,96.08,95.39,95.40,1339
2014.07.31,18:00,95.41,95.57,95.13,95.18,882
2014.07.31,19:00,95.19,95.41,95.05,95.41,728
2014.07.31,20:00,95.40,95.55,95.23,95.50,511
2014.07.31,21:00,95.49,95.55,95.08,95.08,619
2014.07.31,22:00,95.07,95.27,94.87,95.01,915
2014.08.01,16:00,94.81,95.33,94.80,95.26,921
2014.08.01,17:00,95.25,95.34,94.68,94.75,1356
2014.08.01,18:00,94.74,94.80,94.15,94.23,1190
2014.08.01,19:00,94.24,94.43,94.04,94.28,820
2014.08.01,20:00,94.29,94.72,94.13,94.69,954
2014.08.01,21:00,94.68,94.89,94.56,94.63,836
2014.08.01,22:00,94.64,94.81,94.56,94.65,602
2014.08.04,16:00,94.89,95.17,94.76,95.11,761
2014.08.04,17:00,95.10,95.17,94.52,94.58,1161
2014.08.04,18:00,94.59,95.06,94.53,95.01,819
2014.08.04,19:00,95.02,95.23,94.95,95.18,485
2014.08.04,20:00,95.17,95.25,95.05,95.17,353
2014.08.04,21:00,95.18,95.45,95.18,95.41,276
2014.08.04,22:00,95.43,95.69,95.33,95.33,370
2014.08.05,16:00,94.94,95.15,94.55,94.67,721
2014.08.05,17:00,94.71,95.15,94.55,94.97,1243
2014.08.05,18:00,94.96,95.21,94.79,94.85,845
2014.08.05,19:00,94.86,94.92,94.64,94.83,615
2014.08.05,20:00,94.84,94.99,94.29,94.41,1196
2014.08.05,21:00,94.40,94.57,94.15,94.35,1342
2014.08.05,22:00,94.33,94.66,94.16,94.58,1016
2014.08.06,16:00,93.99,94.48,93.91,94.26,878
2014.08.06,17:00,94.27,94.90,94.27,94.87,1245
2014.08.06,18:00,94.86,95.08,94.70,95.02,709
2014.08.06,19:00,95.01,95.10,94.79,94.86,711
2014.08.06,20:00,94.85,94.88,94.56,94.59,494
2014.08.06,21:00,94.57,94.78,94.53,94.66,466
2014.08.06,22:00,94.65,94.76,94.50,94.52,423
2014.08.07,16:00,94.94,95.04,94.78,94.99,821
2014.08.07,17:00,95.00,95.13,94.56,94.75,1274
2014.08.07,18:00,94.74,94.84,94.40,94.52,1354
2014.08.07,19:00,94.51,94.63,94.24,94.38,888
2014.08.07,20:00,94.40,94.72,94.40,94.69,523
2014.08.07,21:00,94.68,94.68,94.27,94.29,448
2014.08.07,22:00,94.28,94.39,93.88,94.22,778
2014.08.08,16:00,94.37,94.44,94.11,94.30,887
2014.08.08,17:00,94.29,94.47,93.96,94.35,1469
2014.08.08,18:00,94.34,94.51,94.29,94.44,677
2014.08.08,19:00,94.45,94.48,94.24,94.33,311
2014.08.08,20:00,94.32,94.93,94.30,94.87,598
2014.08.08,21:00,94.88,94.98,94.82,94.88,418
2014.08.08,22:00,94.87,95.00,94.78,94.90,342
2014.08.11,16:00,95.24,95.54,95.20,95.52,498
2014.08.11,17:00,95.53,95.67,95.44,95.58,458
2014.08.11,18:00,95.57,95.76,95.52,95.64,372
2014.08.11,19:00,95.65,95.67,95.55,95.56,214
2014.08.11,20:00,95.55,95.65,95.41,95.47,221
2014.08.11,21:00,95.46,95.53,95.36,95.49,302
2014.08.11,22:00,95.48,95.60,95.43,95.47,221
