2010.06.10,00:00,34.66,34.67,34.38,34.39,103
2010.06.11,00:00,34.76,34.81,34.14,34.15,6075
2010.06.14,00:00,33.29,33.51,33.27,33.40,5156
2010.06.15,00:00,33.44,33.57,32.98,32.98,2593
2010.06.16,00:00,32.69,32.82,32.16,32.35,6275
2010.06.17,00:00,32.23,32.94,32.19,32.83,9398
2010.06.23,00:00,33.43,34.16,33.43,33.83,13518
2010.06.24,00:00,34.04,34.92,33.95,34.83,10890
2010.06.25,00:00,34.34,34.49,34.27,34.41,2702
2010.06.28,00:00,34.42,34.91,34.34,34.52,7908
2010.06.29,00:00,35.72,36.59,35.70,36.33,3030
2010.06.30,00:00,36.68,36.68,36.59,36.63,706
2010.07.01,00:00,37.92,37.94,37.74,37.85,1798
2010.07.06,00:00,38.08,38.46,38.06,38.24,3378
2010.07.07,00:00,37.67,37.72,35.97,35.98,11064
2010.07.08,00:00,34.86,35.45,34.67,35.35,10518
2010.07.09,00:00,34.76,34.89,34.28,34.29,6650
2010.07.12,00:00,34.46,34.73,34.09,34.28,7922
2010.07.13,00:00,33.46,33.55,32.98,33.01,7612
2010.07.14,00:00,33.36,33.56,33.00,33.43,8992
2010.07.15,00:00,33.18,33.93,33.13,33.71,11324
2010.07.16,00:00,33.51,34.91,33.45,34.84,11176
2010.07.19,00:00,34.68,35.11,34.33,34.38,8102
2010.07.20,00:00,35.20,35.34,33.77,33.81,3546
2010.07.21,00:00,33.41,34.89,33.40,34.58,14226
2010.07.22,00:00,33.81,33.82,32.87,32.93,9424
2010.07.23,00:00,33.21,33.41,32.43,32.62,13076
2010.07.26,00:00,32.39,32.58,31.89,31.99,6656
2010.07.28,00:00,31.93,32.45,31.92,32.39,3180
2010.07.29,00:00,31.84,33.07,31.68,32.24,9210
2010.07.30,00:00,33.22,33.33,32.43,32.51,10646
2010.08.04,00:00,31.27,31.43,30.90,30.98,3538
2010.08.05,00:00,31.37,31.46,31.02,31.07,4124
2010.08.06,00:00,31.66,32.11,31.20,31.29,7402
2010.08.09,00:00,31.00,31.33,30.86,30.94,3450
2010.08.10,00:00,31.48,31.84,30.97,31.30,9090
2010.08.11,00:00,32.26,33.10,32.25,32.99,7164
2010.08.12,00:00,34.01,34.03,33.19,33.39,6840
2010.08.13,00:00,33.61,33.69,33.21,33.63,6562
2010.08.16,00:00,34.07,34.31,33.43,33.63,6806
2010.08.17,00:00,33.07,33.25,32.33,32.80,4620
2010.08.18,00:00,32.85,33.21,32.36,32.68,5984
2010.08.19,00:00,33.04,34.10,32.87,33.80,8150
2010.08.20,00:00,34.04,34.54,33.95,34.06,6268
2010.08.23,00:00,33.99,34.34,33.80,34.31,2218
2010.08.24,00:00,35.06,35.69,34.79,35.33,10714
2010.08.25,00:00,35.72,36.16,34.81,35.06,10570
2010.08.26,00:00,34.73,35.76,34.64,35.60,8980
2010.08.27,00:00,35.10,36.16,34.36,34.42,12186
2010.08.30,00:00,34.60,35.41,34.40,35.41,6148
2010.08.31,00:00,35.69,35.96,34.98,35.43,12412
2010.09.01,00:00,34.46,34.50,33.20,33.29,7136
2010.09.02,00:00,33.14,33.27,32.67,32.69,4910
2010.09.03,00:00,32.02,32.38,31.76,31.77,4988
2010.09.07,00:00,31.74,32.57,31.71,32.45,7307
2010.09.08,00:00,32.47,32.77,31.83,31.88,8757
2010.09.09,00:00,31.90,32.09,31.30,31.81,7050
2010.09.10,00:00,31.86,31.90,31.40,31.42,5280
2010.09.13,00:00,30.82,31.08,30.63,30.76,2786
2010.09.14,00:00,30.88,31.10,30.44,30.80,4626
2010.09.15,00:00,30.96,31.15,30.49,30.56,3918
2010.09.16,00:00,30.75,30.95,30.54,30.57,4066
2010.09.17,00:00,30.25,30.71,30.19,30.53,4340
2010.09.20,00:00,30.32,30.47,29.47,29.60,3136
2010.09.21,00:00,29.55,29.95,29.29,29.73,6216
2010.09.22,00:00,29.83,30.18,29.50,30.01,5966
2010.09.23,00:00,30.51,30.67,29.90,30.52,5326
2010.09.24,00:00,29.82,29.87,29.20,29.24,3866
2010.09.27,00:00,29.24,29.57,29.14,29.50,8546
2010.09.28,00:00,29.48,30.08,29.12,29.28,14990
2010.09.29,00:00,29.47,29.64,29.18,29.42,9820
2010.09.30,00:00,29.06,29.85,28.72,29.59,18930
2010.10.01,00:00,29.13,29.69,29.06,29.32,13908
2010.10.04,00:00,29.43,30.06,29.20,29.77,10570
2010.10.05,00:00,29.21,29.29,28.43,28.57,14834
2010.10.06,00:00,28.59,28.80,28.42,28.56,8692
2010.10.07,00:00,28.33,28.97,28.32,28.64,8134
2010.10.08,00:00,28.62,28.78,28.15,28.29,9990
2010.10.11,00:00,28.23,28.45,28.10,28.26,5676
2010.10.12,00:00,28.46,28.74,27.91,28.07,9784
2010.10.13,00:00,27.77,27.90,27.34,27.64,11998
2010.10.14,00:00,27.70,28.20,27.59,27.83,12120
2010.10.15,00:00,27.44,28.18,27.42,27.73,12420
2010.10.18,00:00,27.72,27.82,27.29,27.34,7238
2010.10.19,00:00,28.04,28.51,27.66,28.19,15730
2010.10.20,00:00,28.10,28.10,27.36,27.62,11482
2010.10.21,00:00,27.42,27.94,27.06,27.50,11724
2010.10.22,00:00,27.46,27.56,27.32,27.37,5028
2010.10.25,00:00,27.05,27.27,26.75,27.23,8382
2010.10.26,00:00,27.54,27.62,27.18,27.23,7882
2010.10.27,00:00,27.62,27.90,27.33,27.38,9122
2010.10.28,00:00,27.11,27.64,27.04,27.33,8336
2010.10.29,00:00,27.44,27.52,27.23,27.33,7624
2010.11.01,00:00,27.03,27.62,26.75,27.30,6695
2010.11.02,00:00,26.85,27.05,26.76,26.87,4899
2010.11.03,00:00,26.81,27.34,26.64,26.65,15524
2010.11.04,00:00,26.11,26.13,25.60,25.63,12626
2010.11.05,00:00,25.60,25.66,25.35,25.42,7652
2010.11.08,00:00,25.59,25.76,25.45,25.51,5618
2010.11.09,00:00,25.39,26.10,25.34,25.89,8316
2010.11.10,00:00,25.91,26.30,25.66,25.68,10304
2010.11.11,00:00,26.12,26.28,25.81,25.87,6968
2010.11.12,00:00,26.24,26.73,26.00,26.49,11758
2010.11.15,00:00,26.29,26.59,26.12,26.57,7910
2010.11.16,00:00,26.89,27.65,26.81,27.39,13822
2010.11.17,00:00,27.42,27.54,27.14,27.37,6532
2010.11.18,00:00,26.80,26.83,26.37,26.57,7332
2010.11.19,00:00,26.60,26.88,26.38,26.41,5366
2010.11.22,00:00,26.67,27.07,26.43,26.47,7808
2010.11.23,00:00,27.09,27.42,26.98,27.22,9384
2010.11.24,00:00,26.85,26.88,26.40,26.42,7038
2010.11.26,00:00,26.87,26.92,26.58,26.81,2894
2010.11.29,00:00,27.18,27.51,26.73,26.86,8172
2010.11.30,00:00,27.41,27.48,26.86,27.17,8252
2010.12.01,00:00,26.38,26.38,25.92,26.00,8940
2010.12.02,00:00,25.92,25.95,25.30,25.34,9174
2010.12.03,00:00,25.51,25.54,25.14,25.20,6716
2010.12.06,00:00,25.30,25.37,25.14,25.25,4764
2010.12.07,00:00,24.75,25.25,24.73,25.22,7396
2010.12.08,00:00,25.15,25.39,24.99,25.04,6240
2010.12.09,00:00,24.78,25.09,24.73,24.83,5736
2010.12.10,00:00,24.71,24.85,24.50,24.54,5544
2010.12.13,00:00,24.34,24.53,24.26,24.51,5061
2010.12.14,00:00,24.42,24.62,24.25,24.48,5782
2010.12.15,00:00,24.54,24.78,24.37,24.70,6326
2010.12.16,00:00,24.66,24.83,24.38,24.42,5462
2010.12.17,00:00,24.44,24.54,24.29,24.35,3732
2010.12.20,00:00,24.22,24.47,24.11,24.25,4212
2010.12.21,00:00,24.07,24.13,23.89,23.94,3860
2010.12.22,00:00,23.89,23.92,23.75,23.77,4404
2010.12.23,00:00,23.83,23.96,23.78,23.84,2468
2010.12.27,00:00,24.03,24.05,23.77,23.80,2548
2010.12.28,00:00,23.72,23.88,23.70,23.76,2462
2010.12.29,00:00,23.70,23.73,23.61,23.72,2474
2010.12.30,00:00,23.75,23.87,23.68,23.78,3828
2010.12.31,00:00,23.87,23.95,23.74,23.79,1780
2011.01.03,00:00,23.42,23.43,23.09,23.30,5374
2011.01.04,00:00,23.24,23.61,23.18,23.34,4706
2011.01.05,00:00,23.50,23.51,23.04,23.08,4670
2011.01.06,00:00,23.05,23.30,23.01,23.18,4200
2011.01.07,00:00,23.11,23.61,23.02,23.25,6504
2011.01.10,00:00,23.45,23.60,23.25,23.32,5388
2011.01.11,00:00,23.15,23.33,23.03,23.15,3850
2011.01.12,00:00,22.85,22.95,22.69,22.72,4890
2011.01.13,00:00,22.73,22.92,22.69,22.81,4700
2011.01.14,00:00,22.86,22.90,22.46,22.46,4792
2011.01.18,00:00,22.52,22.56,22.35,22.39,3856
2011.01.19,00:00,22.42,22.96,22.40,22.84,6306
2011.01.20,00:00,22.95,23.24,22.79,22.89,8498
2011.01.21,00:00,22.61,22.85,22.51,22.79,6082
2011.01.24,00:00,22.81,22.83,22.48,22.53,4480
2011.01.25,00:00,22.65,22.88,22.43,22.51,6036
2011.01.26,00:00,22.40,22.49,22.20,22.33,6240
2011.01.27,00:00,22.35,22.41,22.16,22.22,4858
2011.01.28,00:00,22.18,23.08,22.11,23.01,11166
2011.01.31,00:00,22.87,22.99,22.62,22.65,6094
2011.02.01,00:00,22.37,22.40,21.85,21.92,8184
2011.02.02,00:00,22.03,22.06,21.89,22.01,4176
2011.02.03,00:00,22.08,22.32,21.84,21.88,5620
2011.02.04,00:00,21.89,22.09,21.76,21.78,4592
2011.02.07,00:00,21.68,21.68,21.36,21.51,5696
2011.02.08,00:00,21.48,21.57,21.28,21.31,4316
2011.02.09,00:00,21.43,21.62,21.29,21.41,5448
2011.02.10,00:00,21.64,21.72,21.38,21.42,4782
2011.02.11,00:00,21.53,21.57,21.08,21.12,5666
2011.02.14,00:00,21.14,21.20,21.00,21.03,3492
2011.02.15,00:00,21.14,21.28,21.10,21.16,4028
2011.02.16,00:00,21.01,21.10,20.84,20.90,5390
2011.02.17,00:00,21.02,21.05,20.71,20.76,4260
2011.02.18,00:00,20.74,20.83,20.63,20.68,4184
2011.02.22,00:00,21.12,21.62,20.88,21.51,9500
2011.02.23,00:00,21.54,22.05,21.43,21.76,11974
2011.02.24,00:00,21.83,22.22,21.64,21.81,9742
2011.02.25,00:00,21.64,21.65,21.32,21.33,5934
2011.02.28,00:00,21.18,21.32,21.02,21.07,5254
2011.03.01,00:00,20.93,21.77,20.91,21.77,8706
2011.03.02,00:00,21.84,21.89,21.48,21.68,7484
2011.03.03,00:00,21.29,21.29,20.88,20.94,6888
2011.03.04,00:00,20.98,21.53,20.98,21.25,7090
2011.03.07,00:00,21.14,21.81,21.03,21.58,9066
2011.03.08,00:00,21.51,21.70,21.06,21.20,7176
2011.03.09,00:00,21.29,21.52,21.13,21.26,6452
2011.03.10,00:00,21.73,22.10,21.71,22.05,12790
2011.03.11,00:00,22.19,22.21,21.59,21.75,9636
2011.03.14,00:00,22.01,22.34,21.86,22.00,10096
2011.03.15,00:00,23.18,23.22,22.25,22.49,15884
2011.03.16,00:00,22.66,23.66,22.51,23.34,21068
2011.03.17,00:00,22.68,23.00,22.53,22.76,11784
2011.03.18,00:00,22.18,22.66,22.16,22.55,9712
2011.03.21,00:00,21.99,22.06,21.77,21.87,8474
2011.03.22,00:00,21.85,22.06,21.82,22.01,6060
2011.03.23,00:00,22.14,22.34,21.77,21.88,7605
2011.03.24,00:00,21.63,21.88,21.40,21.47,7401
2011.03.25,00:00,21.36,21.45,21.14,21.33,6331
2011.03.28,00:00,21.24,21.44,21.12,21.44,4434
2011.03.29,00:00,21.46,21.61,21.13,21.14,4900
2011.03.30,00:00,20.93,20.98,20.73,20.85,5268
2011.03.31,00:00,20.91,20.95,20.79,20.91,3758
2011.04.01,00:00,20.63,20.83,20.53,20.73,5564
2011.04.04,00:00,20.63,20.82,20.57,20.70,3290
2011.04.05,00:00,20.78,20.80,20.52,20.70,4202
2011.04.06,00:00,20.52,20.73,20.47,20.59,3630
2011.04.07,00:00,20.65,20.87,20.49,20.66,5730
2011.04.08,00:00,20.50,20.99,20.46,20.82,5144
2011.04.11,00:00,20.76,21.04,20.63,20.94,4596
2011.04.12,00:00,21.19,21.41,21.09,21.26,7672
2011.04.13,00:00,21.05,21.42,21.03,21.25,5574
2011.04.14,00:00,21.49,21.64,21.16,21.22,5966
2011.04.15,00:00,21.15,21.27,20.96,21.07,4842
2011.04.18,00:00,21.54,21.88,21.45,21.54,9266
2011.04.19,00:00,21.48,21.58,21.28,21.30,4522
2011.04.20,00:00,20.78,20.81,20.61,20.71,5762
2011.04.21,00:00,20.51,20.79,20.48,20.51,4188
2011.04.25,00:00,20.53,20.68,20.48,20.55,2526
2011.04.26,00:00,20.42,20.46,20.10,20.19,5594
2011.04.27,00:00,20.10,20.27,19.86,19.93,5102
2011.04.28,00:00,19.99,20.00,19.74,19.79,5074
2011.04.29,00:00,19.78,19.83,19.66,19.70,3252
2011.05.02,00:00,19.51,19.84,19.48,19.76,2152
2011.05.03,00:00,19.83,20.10,19.77,19.90,2458
2011.05.04,00:00,19.93,20.34,19.90,20.16,3342
2011.05.05,00:00,20.39,20.71,20.13,20.52,4273
2011.05.06,00:00,20.10,20.51,19.91,20.35,4158
2011.05.09,00:00,20.34,20.41,20.07,20.17,2172
2011.05.10,00:00,20.06,20.10,19.77,19.84,2261
2011.05.11,00:00,19.90,20.44,19.90,20.25,2918
2011.05.12,00:00,20.35,20.57,19.98,20.05,3214
2011.05.13,00:00,20.03,20.52,19.99,20.37,3258
2011.05.16,00:00,20.51,20.70,20.20,20.62,3184
2011.05.17,00:00,20.79,20.96,20.58,20.64,4041
2011.05.18,00:00,20.62,20.71,20.22,20.27,2735
2011.05.19,00:00,20.13,20.39,20.06,20.18,2908
2011.05.20,00:00,20.27,20.56,20.22,20.48,2986
2011.05.23,00:00,20.99,21.10,20.84,20.96,3370
2011.05.24,00:00,20.85,21.08,20.75,21.00,2362
2011.05.25,00:00,21.17,21.18,20.68,20.86,2643
2011.05.26,00:00,20.97,21.05,20.59,20.68,2657
2011.05.27,00:00,20.54,20.60,20.39,20.50,2226
2011.05.31,00:00,20.11,20.40,20.07,20.08,2688
2011.06.01,00:00,20.20,21.01,20.17,20.98,3610
2011.06.02,00:00,20.96,21.27,20.86,21.03,4249
2011.06.03,00:00,21.53,21.56,21.12,21.43,4536
2011.06.06,00:00,21.53,21.96,21.46,21.90,4138
2011.06.07,00:00,21.71,21.96,21.55,21.93,3191
2011.06.08,00:00,21.99,22.19,21.85,22.11,4268
2011.06.09,00:00,22.00,22.10,21.59,21.78,3299
2011.06.10,00:00,21.96,22.49,21.94,22.39,5410
2011.06.13,00:00,22.28,22.58,22.15,22.35,3955
2011.06.14,00:00,21.92,21.95,21.61,21.77,3674
2011.06.15,00:00,22.12,22.65,21.99,22.54,5216
2011.06.16,00:00,22.52,22.79,22.21,22.44,5051
2011.06.17,00:00,22.01,22.46,21.99,22.30,3894
2011.06.20,00:00,22.46,22.47,21.99,22.07,2841
2011.06.21,00:00,21.86,21.91,21.39,21.47,3666
2011.06.22,00:00,21.60,21.76,21.35,21.73,3132
2011.06.23,00:00,22.26,22.57,21.83,21.85,5915
2011.06.24,00:00,21.86,22.43,21.83,22.36,3670
2011.06.27,00:00,22.33,22.42,21.79,21.96,3298
2011.06.28,00:00,21.79,21.85,21.39,21.39,3391
2011.06.29,00:00,21.20,21.36,20.96,21.02,3981
2011.06.30,00:00,20.89,20.94,20.56,20.63,3596
2011.07.01,00:00,20.62,20.68,19.96,20.02,4326
2011.07.05,00:00,20.05,20.17,19.96,20.05,2454
2011.07.06,00:00,20.15,20.25,19.94,20.00,2726
2011.07.07,00:00,19.63,19.72,19.47,19.56,3303
2011.07.08,00:00,20.02,20.14,19.84,19.85,3917
2011.07.11,00:00,20.33,20.65,20.21,20.56,3884
2011.07.12,00:00,20.66,20.76,20.31,20.74,3723
2011.07.13,00:00,20.51,20.70,20.17,20.60,3580
2011.07.14,00:00,20.49,20.97,20.31,20.88,4098
2011.07.15,00:00,20.65,20.94,20.59,20.64,2943
2011.07.18,00:00,20.84,21.29,20.78,20.97,3558
2011.07.19,00:00,20.73,20.75,20.25,20.31,3196
2011.07.20,00:00,20.19,20.39,20.17,20.31,1986
2011.07.21,00:00,20.08,20.17,19.66,19.76,4085
2011.07.22,00:00,19.75,19.97,19.69,19.74,1999
2011.07.25,00:00,20.11,20.14,19.76,19.95,2680
2011.07.26,00:00,19.98,20.19,19.91,20.10,2345
2011.07.27,00:00,20.32,20.97,20.32,20.92,4812
2011.07.28,00:00,20.93,21.12,20.55,21.05,3837
2011.07.29,00:00,21.48,21.65,20.94,21.33,6321
2011.08.01,00:00,20.83,21.92,20.80,21.51,6786
2011.08.02,00:00,21.82,22.61,21.60,22.61,6411
2011.08.03,00:00,22.55,23.33,22.33,22.36,10312
2011.08.04,00:00,22.98,24.54,22.92,24.48,13383
2011.08.05,00:00,23.87,25.84,23.71,24.54,29320
2011.08.08,00:00,25.87,27.81,25.25,27.73,29885
2011.08.09,00:00,26.78,28.72,25.13,25.14,34795
2011.08.10,00:00,26.09,27.49,25.64,27.36,30711
2011.08.11,00:00,26.89,27.08,24.14,24.92,24844
2011.08.12,00:00,24.43,24.91,24.09,24.54,10536
2011.08.15,00:00,24.09,24.18,23.46,23.49,7936
2011.08.16,00:00,23.98,24.40,23.48,23.92,10502
2011.08.17,00:00,23.66,24.25,23.26,23.88,7262
2011.08.18,00:00,25.14,26.38,25.08,25.89,16548
2011.08.19,00:00,26.63,26.84,25.29,26.74,14338
2011.08.22,00:00,25.57,26.87,25.55,26.72,12675
2011.08.23,00:00,26.53,26.80,24.92,24.95,13550
2011.08.24,00:00,25.07,25.19,24.20,24.25,9529
2011.08.25,00:00,23.96,25.17,23.72,24.99,11823
2011.08.26,00:00,25.26,26.05,24.04,24.27,14446
2011.08.29,00:00,23.62,23.64,22.85,22.87,6858
2011.08.30,00:00,23.07,23.41,22.46,22.78,8164
2011.08.31,00:00,22.45,22.89,22.05,22.52,8350
2011.09.01,00:00,22.51,23.07,22.11,23.02,8685
2011.09.02,00:00,23.97,24.36,23.73,24.20,8477
2011.09.06,00:00,25.61,25.61,24.47,24.55,10261
2011.09.07,00:00,23.79,23.96,23.13,23.16,6384
2011.09.08,00:00,23.45,23.74,22.90,23.64,7259
2011.09.09,00:00,24.17,25.14,24.01,24.89,11374
2011.09.12,00:00,25.52,25.68,24.51,24.54,11632
2011.09.13,00:00,24.42,24.75,23.91,24.10,8523
2011.09.14,00:00,23.84,24.52,22.85,23.44,9979
2011.09.15,00:00,22.95,23.35,22.61,22.61,8469
2011.09.16,00:00,22.44,22.80,22.19,22.35,6572
2011.09.19,00:00,23.09,23.38,22.56,22.79,7843
2011.09.20,00:00,22.59,22.91,22.15,22.84,7687
2011.09.21,00:00,22.83,24.23,22.68,24.19,11212
2011.09.22,00:00,25.58,26.40,25.18,25.70,18487
2011.09.23,00:00,26.08,26.14,25.16,25.47,12495
2011.09.26,00:00,24.96,25.69,24.15,24.25,12517
2011.09.27,00:00,23.26,23.99,22.85,23.70,10251
2011.09.28,00:00,23.58,24.73,23.31,24.67,10677
2011.09.29,00:00,23.81,25.18,23.59,24.28,12372
2011.09.30,00:00,24.94,25.49,24.52,25.49,13025
2011.10.03,00:00,25.78,26.96,25.11,26.95,17602
2011.10.04,00:00,27.68,28.15,25.61,25.73,25794
2011.10.05,00:00,25.59,26.07,24.65,24.79,13136
2011.10.06,00:00,24.83,25.17,23.82,23.89,11219
2011.10.07,00:00,23.61,24.48,23.58,24.23,13686
2011.10.10,00:00,23.38,23.38,22.58,22.58,8557
2011.10.11,00:00,22.86,22.90,22.41,22.56,7349
2011.10.12,00:00,22.19,22.30,21.62,22.15,9237
2011.10.13,00:00,22.40,22.74,22.09,22.25,7867
2011.10.14,00:00,21.70,21.96,21.45,21.49,6375
2011.10.17,00:00,21.67,22.38,21.64,22.29,6998
2011.10.18,00:00,22.31,22.66,21.05,21.41,10423
2011.10.19,00:00,21.48,22.06,21.22,21.95,7517
2011.10.20,00:00,21.78,22.39,21.55,21.74,9181
2011.10.21,00:00,21.20,21.33,20.84,20.90,7061
2011.10.24,00:00,20.82,20.86,20.26,20.36,6269
2011.10.25,00:00,20.55,21.25,20.55,21.15,7618
2011.10.26,00:00,20.69,21.45,20.57,20.73,8535
2011.10.27,00:00,19.62,19.96,19.02,19.29,10909
2011.10.28,00:00,19.47,19.53,19.21,19.29,4577
2011.10.31,00:00,19.72,20.24,19.68,20.23,11106
2011.11.01,00:00,21.33,21.50,20.85,21.33,24014
2011.11.02,00:00,20.70,21.07,20.50,20.67,13396
2011.11.03,00:00,20.18,20.79,19.82,19.91,15682
2011.11.04,00:00,20.22,20.61,20.07,20.14,10774
2011.11.07,00:00,20.15,20.55,19.85,19.88,5317
2011.11.08,00:00,19.67,20.07,19.33,19.39,5447
2011.11.09,00:00,20.28,20.89,20.10,20.79,7501
2011.11.10,00:00,20.25,20.86,20.21,20.44,6530
2011.11.11,00:00,19.93,19.94,19.54,19.64,5425
2011.11.14,00:00,19.80,20.18,19.74,20.01,3901
2011.11.15,00:00,20.11,20.26,19.61,19.81,4884
2011.11.16,00:00,20.21,20.50,19.74,20.46,4934
2011.11.17,00:00,20.52,21.38,20.42,21.09,8113
2011.11.18,00:00,20.97,21.32,20.87,21.13,5031
2011.11.21,00:00,21.77,22.29,21.72,21.94,7265
2011.11.22,00:00,22.04,22.37,21.79,22.13,6004
2011.11.23,00:00,22.54,23.09,22.49,23.09,6575
2011.11.25,00:00,23.16,23.19,22.65,23.19,3695
2011.11.28,00:00,21.91,22.19,21.65,21.84,5417
2011.11.29,00:00,21.72,21.87,21.41,21.72,5193
2011.11.30,00:00,20.45,20.54,19.82,19.88,6898
2011.12.01,00:00,19.94,20.08,19.69,19.91,4240
2011.12.02,00:00,19.53,19.96,19.41,19.93,5446
2011.12.05,00:00,19.31,19.75,19.19,19.51,5845
2011.12.06,00:00,19.50,19.65,19.22,19.48,4373
2011.12.07,00:00,19.61,19.89,19.18,19.38,5044
2011.12.08,00:00,19.59,20.28,19.51,20.17,5686
2011.12.09,00:00,20.01,20.05,19.40,19.52,4774
2011.12.12,00:00,19.85,20.39,19.85,20.07,4015
2011.12.13,00:00,19.85,20.65,19.63,20.44,5571
2011.12.14,00:00,20.62,20.98,20.47,20.89,5501
2011.12.15,00:00,20.45,20.81,20.39,20.73,3679
2011.12.16,00:00,20.46,20.78,20.22,20.65,4035
2011.12.19,00:00,20.53,21.21,20.43,21.10,4366
2011.12.20,00:00,20.47,20.47,19.78,19.85,4703
2011.12.21,00:00,19.86,20.22,19.70,19.76,3427
2011.12.22,00:00,19.62,19.71,19.38,19.41,2803
2011.12.23,00:00,19.29,19.37,19.06,19.08,2197
2011.12.27,00:00,19.13,19.17,18.94,19.05,2348
2011.12.28,00:00,19.03,19.56,19.02,19.50,3289
2011.12.29,00:00,19.41,19.43,19.09,19.13,2874
2011.12.30,00:00,19.16,19.28,19.06,19.28,1909
2012.01.03,00:00,18.62,18.72,18.43,18.68,2981
2012.01.04,00:00,18.79,18.93,18.61,18.65,2264
2012.01.05,00:00,18.82,19.01,18.48,18.54,3460
2012.01.06,00:00,18.50,18.76,18.50,18.62,2675
2012.01.09,00:00,18.55,18.72,18.50,18.55,1807
2012.01.10,00:00,18.14,18.27,18.07,18.21,2665
2012.01.11,00:00,18.33,18.40,18.15,18.19,2585
2012.01.12,00:00,18.10,18.39,18.06,18.12,3251
2012.01.13,00:00,18.36,18.62,18.27,18.28,3633
2012.01.17,00:00,17.96,18.24,17.89,18.16,2655
2012.01.18,00:00,18.17,18.24,17.74,17.77,3267
2012.01.19,00:00,17.64,17.75,17.54,17.58,3016
2012.01.20,00:00,17.63,17.72,17.54,17.55,2079
2012.01.23,00:00,17.56,17.70,17.35,17.54,2973
2012.01.24,00:00,17.74,17.80,17.56,17.57,2382
2012.01.25,00:00,17.63,17.76,17.19,17.27,3583
2012.01.26,00:00,17.12,17.59,17.05,17.45,2821
2012.01.27,00:00,17.61,17.64,17.40,17.50,2370
2012.01.30,00:00,17.81,17.93,17.57,17.59,2574
2012.01.31,00:00,17.40,17.77,17.37,17.61,2815
2012.02.01,00:00,17.34,17.38,17.11,17.29,3297
2012.02.02,00:00,17.22,17.36,17.14,17.24,1854
2012.02.03,00:00,16.88,16.95,16.73,16.75,3908
2012.02.06,00:00,16.88,16.92,16.75,16.76,1701
2012.02.07,00:00,16.84,16.96,16.62,16.68,2028
2012.02.08,00:00,16.67,16.81,16.57,16.59,2326
2012.02.09,00:00,16.53,16.74,16.49,16.54,1927
2012.02.10,00:00,16.84,16.91,16.76,16.78,2518
2012.02.13,00:00,16.54,16.69,16.50,16.54,2216
2012.02.14,00:00,16.62,16.81,16.56,16.56,2688
2012.02.15,00:00,16.47,16.80,16.42,16.73,3660
2012.02.16,00:00,16.72,16.79,16.33,16.36,3372
2012.02.17,00:00,16.24,16.38,16.23,16.28,2344
2012.02.21,00:00,16.20,16.36,16.12,16.26,2592
2012.02.22,00:00,16.32,16.41,16.24,16.37,2093
2012.02.23,00:00,16.38,16.49,16.19,16.21,2384
2012.02.24,00:00,16.15,16.21,16.08,16.16,1984
2012.02.27,00:00,16.35,16.41,16.00,16.09,2612
2012.02.28,00:00,16.07,16.14,15.97,16.00,2599
2012.02.29,00:00,15.94,16.19,15.85,16.15,3370
2012.03.01,00:00,16.06,16.09,15.89,15.94,3039
2012.03.02,00:00,15.97,16.12,15.93,16.05,2167
2012.03.05,00:00,16.11,16.28,16.07,16.17,2664
2012.03.06,00:00,16.50,16.74,16.48,16.66,3991
2012.03.07,00:00,16.56,16.60,16.36,16.40,2402
2012.03.08,00:00,16.21,16.28,16.02,16.10,2604
2012.03.09,00:00,16.03,16.07,15.87,15.97,2011
2012.03.12,00:00,16.00,16.08,15.91,15.96,2870
2012.03.13,00:00,15.79,15.84,15.36,15.37,7642
2012.03.14,00:00,15.38,15.51,15.29,15.40,4254
2012.03.15,00:00,15.36,15.44,15.22,15.23,3882
2012.03.16,00:00,15.17,15.26,15.15,15.19,3824
2012.03.19,00:00,15.21,15.23,14.97,15.07,5262
2012.03.20,00:00,15.24,15.33,15.12,15.16,3524
2012.03.21,00:00,15.14,15.27,15.11,15.20,3660
2012.03.22,00:00,15.44,15.52,15.34,15.43,4532
2012.03.23,00:00,15.39,15.57,15.29,15.32,3846
2012.03.26,00:00,15.10,15.11,14.90,14.91,2096
2012.03.27,00:00,14.87,15.00,14.84,14.98,1238
2012.03.28,00:00,15.00,15.31,14.95,15.13,2321
2012.03.29,00:00,15.31,15.43,15.14,15.19,2226
2012.03.30,00:00,15.03,15.22,15.00,15.05,1688
2012.04.02,00:00,15.09,15.15,14.76,14.85,2064
2012.04.03,00:00,14.87,15.13,14.83,14.96,2321
2012.04.04,00:00,15.19,15.36,15.15,15.25,2286
2012.04.05,00:00,15.35,15.39,15.18,15.26,1764
2012.04.09,00:00,15.66,15.69,15.49,15.60,2264
2012.04.10,00:00,15.67,16.17,15.58,16.13,4086
2012.04.11,00:00,15.80,15.93,15.74,15.89,2659
2012.04.12,00:00,15.84,15.87,15.43,15.46,2729
2012.04.13,00:00,15.53,15.85,15.53,15.83,2218
2012.04.16,00:00,15.65,15.96,15.62,15.85,2386
2012.04.17,00:00,15.66,15.69,15.31,15.36,2846
2012.04.18,00:00,15.50,15.53,15.37,15.48,1989
2012.04.19,00:00,15.47,15.82,15.35,15.67,2925
2012.04.20,00:00,15.54,15.64,15.42,15.62,1851
2012.04.23,00:00,15.93,16.08,15.85,15.90,2412
2012.04.24,00:00,15.86,15.88,15.68,15.77,1942
2012.04.25,00:00,15.45,15.48,15.32,15.33,2060
2012.04.26,00:00,15.40,15.42,15.08,15.12,1978
2012.04.27,00:00,15.03,15.19,14.98,15.06,1994
2012.04.30,00:00,15.12,15.26,15.10,15.18,1279
2012.05.01,00:00,15.17,15.22,14.79,14.99,2504
2012.05.02,00:00,15.16,15.26,15.04,15.08,1907
2012.05.03,00:00,15.06,15.36,15.04,15.29,1705
2012.05.04,00:00,15.47,15.82,15.44,15.79,2826
2012.05.07,00:00,15.92,15.92,15.67,15.77,2684
2012.05.08,00:00,15.97,16.28,15.85,15.90,3348
2012.05.09,00:00,16.23,16.39,15.89,16.09,3306
2012.05.10,00:00,15.86,16.10,15.82,16.02,2237
2012.05.11,00:00,16.23,16.24,15.82,16.13,2513
2012.05.14,00:00,16.42,16.53,16.26,16.49,2702
2012.05.15,00:00,16.50,16.72,16.31,16.67,3212
2012.05.16,00:00,16.52,16.80,16.37,16.79,2919
2012.05.17,00:00,16.78,17.30,16.75,17.30,4382
2012.05.18,00:00,17.16,17.64,17.10,17.56,4087
2012.05.21,00:00,17.48,17.54,16.97,16.99,3138
2012.05.22,00:00,16.89,17.15,16.66,16.96,3125
2012.05.23,00:00,17.18,17.49,16.86,16.91,3983
2012.05.24,00:00,16.82,17.13,16.76,16.86,2480
2012.05.25,00:00,16.85,17.03,16.76,16.94,1853
2012.05.29,00:00,16.68,16.79,16.48,16.54,2462
2012.05.30,00:00,16.83,17.09,16.81,17.02,2268
2012.05.31,00:00,17.03,17.39,16.84,17.09,3358
2012.06.01,00:00,17.64,17.96,17.52,17.95,4380
2012.06.04,00:00,17.89,18.25,17.80,17.94,4118
2012.06.05,00:00,18.06,18.07,17.65,17.72,2643
2012.06.06,00:00,17.45,17.47,16.89,16.89,3419
2012.06.07,00:00,16.53,16.95,16.50,16.89,3598
2012.06.08,00:00,16.97,17.08,16.61,16.62,2701
2012.06.11,00:00,16.34,17.07,16.32,17.04,3229
2012.06.12,00:00,16.95,17.10,16.62,16.66,2935
2012.06.13,00:00,16.75,16.97,16.53,16.86,2339
2012.06.14,00:00,16.78,16.88,16.36,16.49,3199
2012.06.15,00:00,16.35,16.42,16.13,16.17,2630
2012.06.18,00:00,16.28,16.36,16.01,16.09,1973
2012.06.19,00:00,15.92,15.97,15.65,15.78,2721
2012.06.20,00:00,15.77,16.07,15.69,15.84,3326
2012.06.21,00:00,15.80,16.57,15.76,16.54,3946
2012.06.22,00:00,16.36,16.50,16.22,16.29,2356
2012.06.25,00:00,16.62,16.93,16.62,16.82,2847
2012.06.26,00:00,16.71,16.91,16.54,16.64,2447
2012.06.27,00:00,16.54,16.56,16.27,16.34,2512
2012.06.28,00:00,16.55,16.80,16.38,16.42,2876
2012.06.29,00:00,15.82,15.92,15.59,15.59,3436
2012.07.02,00:00,15.53,15.74,15.49,15.53,1936
2012.07.03,00:00,15.52,15.56,15.29,15.32,1648
2012.07.05,00:00,15.42,15.56,15.31,15.45,2416
2012.07.06,00:00,15.74,15.89,15.68,15.73,2516
2012.07.09,00:00,15.75,15.93,15.72,15.78,1656
2012.07.10,00:00,15.61,16.17,15.56,16.04,2185
2012.07.11,00:00,16.03,16.24,15.94,16.05,2301
2012.07.12,00:00,16.24,16.43,16.07,16.19,2437
2012.07.13,00:00,16.13,16.13,15.63,15.66,2147
2012.07.16,00:00,15.74,15.86,15.64,15.73,1434
2012.07.17,00:00,15.61,15.94,15.45,15.51,1987
2012.07.18,00:00,15.59,15.61,15.23,15.30,2314
2012.07.19,00:00,15.21,15.33,15.11,15.21,1904
2012.07.20,00:00,15.39,15.52,15.33,15.48,1834
2012.07.23,00:00,15.93,16.08,15.72,15.78,2376
2012.07.24,00:00,15.77,16.28,15.76,16.05,2669
2012.07.25,00:00,16.00,16.23,15.91,16.05,2296
2012.07.26,00:00,15.59,15.75,15.46,15.55,3440
2012.07.27,00:00,15.37,15.42,14.87,14.96,4877
2012.07.30,00:00,14.99,15.05,14.81,14.95,2539
2012.07.31,00:00,15.00,15.11,14.91,15.11,1834
2012.08.01,00:00,14.94,15.23,14.94,15.18,2258
2012.08.02,00:00,15.41,15.63,15.19,15.39,2954
2012.08.03,00:00,14.97,14.98,14.72,14.80,2861
2012.08.06,00:00,14.71,14.75,14.61,14.73,1619
2012.08.07,00:00,14.62,14.62,14.45,14.59,2375
2012.08.08,00:00,14.68,14.69,14.51,14.56,1618
2012.08.09,00:00,14.59,14.62,14.46,14.54,1263
2012.08.10,00:00,14.63,14.68,14.46,14.48,1484
2012.08.13,00:00,14.53,14.64,14.47,14.49,1218
2012.08.14,00:00,14.38,14.57,14.36,14.50,1756
2012.08.15,00:00,14.51,14.53,14.40,14.46,945
2012.08.16,00:00,14.42,14.48,14.20,14.24,1840
2012.08.17,00:00,14.19,14.26,14.17,14.19,1124
2012.08.20,00:00,14.23,14.31,14.18,14.19,1369
2012.08.21,00:00,14.13,14.34,14.01,14.28,2129
2012.08.22,00:00,14.35,14.42,14.22,14.27,2003
2012.08.23,00:00,14.34,14.54,14.33,14.49,2101
2012.08.24,00:00,14.58,14.59,14.26,14.32,2333
2012.08.27,00:00,14.24,14.36,14.20,14.33,998
2012.08.28,00:00,14.38,14.43,14.25,14.34,961
2012.08.29,00:00,14.32,14.40,14.24,14.31,701
2012.08.30,00:00,14.44,14.59,14.43,14.52,1415
2012.08.31,00:00,14.36,14.55,14.25,14.40,2159
2012.09.03,00:00,14.39,14.39,14.39,14.39,1
2012.09.04,00:00,14.40,14.59,14.32,14.43,1688
2012.09.05,00:00,14.40,14.49,14.32,14.44,1030
2012.09.06,00:00,14.24,14.26,13.85,13.85,3186
2012.09.07,00:00,13.80,13.83,13.73,13.74,1772
2012.09.10,00:00,13.76,13.90,13.71,13.89,1123
2012.09.11,00:00,13.88,13.88,13.73,13.81,1229
2012.09.12,00:00,13.72,13.82,13.69,13.74,1440
2012.09.13,00:00,13.72,13.77,13.21,13.29,4263
2012.09.14,00:00,13.25,13.27,13.02,13.18,2869
2012.09.17,00:00,13.24,13.33,13.18,13.27,1025
2012.09.18,00:00,13.31,13.36,13.25,13.29,1171
2012.09.19,00:00,13.27,13.33,13.19,13.27,932
2012.09.20,00:00,13.39,13.47,13.26,13.27,1366
2012.09.21,00:00,13.14,13.29,13.13,13.28,1433
2012.09.24,00:00,13.42,13.43,13.26,13.32,995
2012.09.25,00:00,13.26,13.62,13.21,13.61,1461
2012.09.26,00:00,13.62,13.82,13.61,13.76,2168
2012.09.27,00:00,13.65,13.72,13.44,13.50,1480
2012.09.28,00:00,13.61,13.72,13.51,13.63,1316
2012.10.01,00:00,13.52,13.62,13.30,13.55,1643
2012.10.02,00:00,13.45,13.65,13.40,13.52,1155
2012.10.03,00:00,13.46,13.59,13.35,13.42,1085
2012.10.04,00:00,13.32,13.35,13.19,13.22,1289
2012.10.05,00:00,52.34,53.22,52.18,52.92,3051
2012.10.08,00:00,53.30,53.50,53.08,53.25,2071
2012.10.09,00:00,53.36,54.35,53.26,54.33,4164
2012.10.10,00:00,54.34,55.14,54.23,54.97,3980
2012.10.11,00:00,54.26,54.94,54.08,54.91,2922
2012.10.12,00:00,54.86,55.55,54.49,55.31,3206
2012.10.15,00:00,55.05,55.39,54.28,54.39,3501
2012.10.16,00:00,53.89,53.94,53.21,53.28,3661
2012.10.17,00:00,53.20,53.37,52.70,52.80,2689
2012.10.18,00:00,53.05,53.42,52.57,53.17,3434
2012.10.19,00:00,53.26,55.08,53.26,54.83,4860
2012.10.22,00:00,55.00,55.67,54.61,54.77,4275
2012.10.23,00:00,55.99,56.77,55.84,56.33,5884
2012.10.24,00:00,55.91,56.83,55.78,56.66,4686
2012.10.25,00:00,55.82,57.01,55.63,56.32,4541
2012.10.26,00:00,56.43,57.15,55.99,56.42,5074
2012.10.30,00:00,56.50,56.50,56.50,56.50,1
2012.10.31,00:00,55.97,56.91,55.83,56.42,3867
2012.11.01,00:00,56.10,56.23,55.06,55.16,3744
2012.11.02,00:00,54.54,56.29,54.53,56.20,4267
2012.11.05,00:00,56.35,56.68,55.69,55.93,3764
2012.11.06,00:00,55.62,55.72,54.63,55.08,3775
2012.11.07,00:00,56.04,58.06,56.04,57.56,9712
2012.11.08,00:00,57.55,58.97,56.99,58.94,8047
2012.11.09,00:00,59.31,59.36,57.73,58.74,8700
2012.11.12,00:00,58.48,58.99,58.27,58.74,3795
2012.11.13,00:00,59.37,59.52,57.90,59.12,6294
2012.11.14,00:00,58.77,61.01,58.59,60.71,7746
2012.11.15,00:00,60.69,61.42,60.24,60.97,8899
2012.11.16,00:00,60.79,61.85,60.10,60.36,9255
2012.11.19,00:00,59.00,59.04,57.89,57.89,5755
2012.11.20,00:00,58.08,58.76,57.65,57.80,4744
2012.11.21,00:00,57.74,57.97,57.53,57.56,3282
2012.11.23,00:00,57.04,57.13,56.03,56.06,2424
2012.11.26,00:00,56.60,56.97,56.25,56.26,3355
2012.11.27,00:00,56.42,56.93,56.02,56.84,4440
2012.11.28,00:00,57.34,57.94,55.88,55.93,7485
2012.11.29,00:00,55.49,56.01,55.11,55.41,5680
2012.11.30,00:00,55.40,55.78,55.19,55.47,4376
2012.12.03,00:00,54.87,56.03,54.79,55.94,3380
2012.12.04,00:00,55.96,56.42,55.62,56.14,3810
2012.12.05,00:00,55.99,56.79,55.38,55.89,4803
2012.12.06,00:00,56.00,56.16,55.47,55.50,3446
2012.12.07,00:00,55.07,55.76,54.95,55.18,6947
2012.12.10,00:00,55.33,55.36,54.86,55.09,2387
2012.12.11,00:00,54.66,54.72,53.85,54.37,4232
2012.12.12,00:00,53.96,54.46,53.52,54.32,4597
2012.12.13,00:00,54.37,55.25,54.07,54.96,4120
2012.12.14,00:00,55.22,55.56,55.01,55.39,3091
2012.12.17,00:00,55.08,55.12,54.04,54.04,2976
2012.12.18,00:00,53.90,54.06,52.76,52.85,3976
2012.12.19,00:00,52.72,53.69,52.71,53.67,3237
2012.12.20,00:00,53.60,53.87,53.02,53.06,3146
2012.12.21,00:00,54.47,54.62,53.77,53.98,5319
2012.12.24,00:00,54.24,54.41,54.15,54.31,957
2012.12.26,00:00,54.12,55.06,54.04,54.79,2844
2012.12.27,00:00,54.74,56.18,54.51,54.88,7639
2012.12.28,00:00,55.58,56.18,55.01,56.17,5468
2012.12.31,00:00,56.33,56.47,55.50,55.81,3406
2013.01.02,00:00,52.07,52.40,51.39,51.40,6263
2013.01.03,00:00,51.44,51.91,51.19,51.61,4127
2013.01.04,00:00,51.48,51.68,51.00,51.18,3248
2013.01.07,00:00,51.53,51.82,51.34,51.44,2487
2013.01.08,00:00,51.63,52.13,51.49,51.74,2721
2013.01.09,00:00,51.51,51.68,51.19,51.45,2523
2013.01.10,00:00,50.87,51.44,50.66,50.68,2955
2013.01.11,00:00,50.66,50.99,50.62,50.67,2115
2013.01.14,00:00,50.78,51.11,50.68,50.82,2071
2013.01.15,00:00,51.20,51.26,50.61,50.66,2146
2013.01.16,00:00,50.85,50.97,50.51,50.66,2254
2013.01.17,00:00,50.24,50.42,49.74,50.05,2920
2013.01.18,00:00,50.04,50.40,49.78,49.79,1977
2013.01.21,00:00,49.77,49.77,49.77,49.77,1
2013.01.22,00:00,49.80,50.03,49.33,49.35,2259
2013.01.23,00:00,49.27,49.45,49.02,49.10,2011
2013.01.24,00:00,49.26,49.34,48.60,49.10,2840
2013.01.25,00:00,48.78,49.04,48.53,48.55,2501
2013.01.28,00:00,48.48,48.99,48.48,48.73,2384
2013.01.29,00:00,48.83,48.88,48.14,48.23,2712
2013.01.30,00:00,48.26,48.66,48.08,48.61,3241
2013.01.31,00:00,48.73,48.93,48.44,48.80,2620
2013.02.01,00:00,48.29,48.42,47.76,47.85,3507
2013.02.04,00:00,48.46,48.99,48.27,48.92,3489
2013.02.05,00:00,48.37,48.43,47.67,47.94,3104
2013.02.06,00:00,48.27,48.34,47.81,47.87,3367
2013.02.07,00:00,47.85,48.69,47.75,47.99,3974
2013.02.08,00:00,47.82,47.82,47.41,47.49,2853
2013.02.11,00:00,47.48,47.71,47.40,47.50,2322
2013.02.12,00:00,47.49,47.58,47.14,47.34,2198
2013.02.13,00:00,47.14,47.52,46.96,47.25,2470
2013.02.14,00:00,47.52,47.63,47.04,47.15,2217
2013.02.15,00:00,47.05,47.61,46.97,47.25,2607
2013.02.19,00:00,47.09,47.11,46.52,46.56,2680
2013.02.20,00:00,46.62,47.73,46.59,47.70,4171
2013.02.21,00:00,47.97,48.60,47.97,48.29,4869
2013.02.22,00:00,47.80,48.04,47.39,47.40,3255
2013.02.25,00:00,46.90,49.14,46.75,49.13,6199
2013.02.26,00:00,48.66,49.33,48.36,48.48,6914
2013.02.27,00:00,48.66,48.66,46.98,47.26,4673
2013.02.28,00:00,47.27,47.35,46.66,47.34,3553
2013.03.01,00:00,47.78,48.19,46.99,47.10,5410
2013.03.04,00:00,47.33,47.48,46.67,46.67,3549
2013.03.05,00:00,46.17,46.18,45.53,45.78,3936
2013.03.06,00:00,45.46,45.86,45.40,45.67,2728
2013.03.07,00:00,45.52,45.64,45.37,45.48,2270
2013.03.08,00:00,45.07,45.56,44.97,45.01,3247
2013.03.11,00:00,45.17,45.27,44.75,44.78,2241
2013.03.12,00:00,44.81,45.23,44.72,45.00,2877
2013.03.13,00:00,44.90,45.22,44.71,44.83,2368
2013.03.14,00:00,44.57,44.65,44.32,44.36,2290
2013.03.15,00:00,44.45,44.76,44.35,44.47,2248
2013.03.18,00:00,45.30,45.39,44.58,44.96,3443
2013.03.19,00:00,44.76,45.76,44.65,45.15,4743
2013.03.20,00:00,44.65,44.79,44.39,44.55,2683
2013.03.21,00:00,45.08,45.45,44.76,45.30,3278
2013.03.22,00:00,45.01,45.08,44.59,44.64,2582
2013.03.25,00:00,44.34,45.28,44.18,44.91,4050
2013.03.26,00:00,44.54,44.67,44.22,44.23,2674
2013.03.27,00:00,44.76,44.91,44.20,44.29,2737
2013.03.28,00:00,44.25,44.40,43.86,43.95,2427
2013.04.01,00:00,44.01,44.51,43.82,44.32,2605
2013.04.02,00:00,44.00,44.11,43.65,43.86,2685
2013.04.03,00:00,43.82,44.97,43.75,44.74,4201
2013.04.04,00:00,44.63,44.83,44.21,44.39,3978
2013.04.05,00:00,45.48,45.58,44.67,44.78,4598
2013.04.08,00:00,44.71,45.02,44.17,44.18,3011
2013.04.09,00:00,44.01,44.30,43.55,43.88,3548
2013.04.10,00:00,43.62,43.66,42.70,42.79,4317
2013.04.11,00:00,42.78,42.87,42.24,42.48,3219
2013.04.12,00:00,42.77,43.19,42.59,42.71,3238
2013.04.15,00:00,43.15,44.68,43.07,44.66,6162
2013.04.16,00:00,44.02,44.25,43.34,43.38,4584
2013.04.17,00:00,43.99,45.10,43.99,44.66,6802
2013.04.18,00:00,44.50,45.54,44.47,45.19,6542
2013.04.19,00:00,45.00,45.20,44.37,44.44,4105
2013.04.22,00:00,44.24,44.83,43.80,44.01,3524
2013.04.23,00:00,43.56,44.01,43.04,43.10,4647
2013.04.24,00:00,43.08,43.25,42.84,43.09,2425
2013.04.25,00:00,42.83,42.94,42.32,42.71,3141
2013.04.26,00:00,42.82,43.13,42.67,42.85,2830
2013.04.29,00:00,42.63,42.76,42.10,42.28,2564
2013.04.30,00:00,42.30,42.65,42.05,42.07,2640
2013.05.01,00:00,42.25,42.91,42.22,42.82,3497
2013.05.02,00:00,42.57,42.67,41.94,42.02,2872
2013.05.03,00:00,41.29,41.34,40.90,41.15,3348
2013.05.06,00:00,41.10,41.14,40.84,40.95,1595
2013.05.07,00:00,40.77,41.01,40.51,40.54,2336
2013.05.08,00:00,40.61,40.67,40.15,40.18,2303
2013.05.09,00:00,40.20,40.59,39.99,40.41,2853
2013.05.10,00:00,40.33,40.57,40.08,40.11,2568
2013.05.13,00:00,40.22,40.41,39.93,40.06,1904
2013.05.14,00:00,39.99,40.00,39.16,39.21,3306
2013.05.15,00:00,39.35,39.38,38.65,38.81,3286
2013.05.16,00:00,38.98,39.28,38.69,39.20,2608
2013.05.17,00:00,38.90,38.99,38.36,38.38,2518
2013.05.20,00:00,38.47,38.57,38.12,38.41,2129
2013.05.21,00:00,38.35,38.61,38.01,38.29,2382
2013.05.22,00:00,38.22,39.23,37.44,38.93,7996
2013.05.23,00:00,39.69,39.80,38.89,39.11,5785
2013.05.24,00:00,39.58,39.79,39.14,39.17,3078
2013.05.28,00:00,38.31,38.92,37.99,38.67,3689
2013.05.29,00:00,39.08,39.59,38.92,39.18,4565
2013.05.30,00:00,39.12,39.19,38.54,38.90,2819
2013.05.31,00:00,39.14,40.03,38.69,40.01,4059
2013.06.03,00:00,39.82,40.41,39.52,39.55,5933
2013.06.04,00:00,39.53,40.36,39.22,39.98,5143
2013.06.05,00:00,40.16,41.14,40.02,41.05,6474
2013.06.06,00:00,41.11,41.59,40.33,40.34,6186
2013.06.07,00:00,39.77,40.13,39.24,39.30,5714
2013.06.10,00:00,39.06,39.50,39.02,39.31,3333
2013.06.11,00:00,40.05,40.28,39.42,40.10,5099
2013.06.12,00:00,39.55,40.85,39.48,40.77,6069
2013.06.13,00:00,40.83,41.01,39.39,39.53,4868
2013.06.14,00:00,39.61,40.16,39.32,40.01,4597
2013.06.17,00:00,39.47,39.84,39.03,39.40,4359
2013.06.18,00:00,39.33,39.35,38.66,38.78,3421
2013.06.19,00:00,38.86,39.89,38.71,39.87,7074
2013.06.20,00:00,40.63,42.02,40.51,41.82,9437
2013.06.21,00:00,41.27,42.41,41.19,41.55,9552
2013.06.24,00:00,42.42,43.31,41.89,42.61,10720
2013.06.25,00:00,41.84,42.40,41.47,41.78,6046
2013.06.26,00:00,41.10,41.44,40.78,40.99,4689
2013.06.27,00:00,40.48,40.57,40.11,40.47,4322
2013.06.28,00:00,40.74,41.09,40.32,40.90,4723
2013.07.01,00:00,40.37,40.48,39.76,40.35,4348
2013.07.02,00:00,40.47,40.77,39.87,40.43,4137
2013.07.03,00:00,40.76,40.91,40.14,40.27,3195
2013.07.05,00:00,39.76,40.37,39.48,39.50,4657
2013.07.08,00:00,39.09,39.23,38.84,39.06,3719
2013.07.09,00:00,38.57,38.89,38.38,38.48,3073
2013.07.10,00:00,38.55,38.72,38.19,38.46,3623
2013.07.11,00:00,37.56,37.83,37.33,37.43,3780
2013.07.12,00:00,37.42,37.55,37.22,37.27,2328
2013.07.15,00:00,37.17,37.30,36.98,37.07,1849
2013.07.16,00:00,37.05,37.56,37.00,37.36,2465
2013.07.17,00:00,37.08,37.28,36.95,37.16,2397
2013.07.18,00:00,37.03,37.06,36.59,36.75,2731
2013.07.19,00:00,36.93,37.02,36.64,36.66,1809
2013.07.22,00:00,36.52,36.71,36.39,36.50,1788
2013.07.23,00:00,36.36,36.69,36.36,36.62,1634
2013.07.24,00:00,36.34,37.07,36.34,36.92,2563
2013.07.25,00:00,37.07,37.18,36.68,36.71,2545
2013.07.26,00:00,37.04,37.36,36.64,36.67,2455
2013.07.29,00:00,36.84,37.10,36.68,36.90,1974
2013.07.30,00:00,36.66,37.06,36.58,36.88,2149
2013.07.31,00:00,36.73,36.93,36.33,36.87,3792
2013.08.01,00:00,36.27,36.31,35.92,35.98,2816
2013.08.02,00:00,36.15,36.23,35.85,35.86,2019
2013.08.05,00:00,36.00,36.10,35.85,35.95,1108
2013.08.06,00:00,36.09,36.53,36.04,36.34,1732
2013.08.07,00:00,36.60,36.87,36.50,36.60,2122
2013.08.08,00:00,36.24,36.72,36.17,36.32,1854
2013.08.09,00:00,36.42,36.80,36.21,36.56,2257
2013.08.12,00:00,36.93,36.94,36.54,36.62,1732
2013.08.13,00:00,36.51,36.93,36.29,36.41,2103
2013.08.14,00:00,36.46,36.80,36.34,36.78,1916
2013.08.15,00:00,37.40,37.94,37.38,37.80,3994
2013.08.16,00:00,37.94,38.21,37.69,38.05,2914
2013.08.19,00:00,38.14,38.52,37.88,38.52,2646
2013.08.20,00:00,38.42,38.50,37.88,38.17,2668
2013.08.21,00:00,38.37,38.80,37.96,38.62,4729
2013.08.22,00:00,38.47,38.47,37.82,37.97,2672
2013.08.23,00:00,37.71,38.07,37.58,37.68,2254
2013.08.26,00:00,37.59,38.00,37.36,37.96,2223
2013.08.27,00:00,38.69,39.24,38.42,39.18,4929
2013.08.28,00:00,39.22,39.32,38.62,38.92,3202
2013.08.29,00:00,39.09,39.15,38.37,38.79,2917
2013.08.30,00:00,38.63,39.25,38.63,39.06,3464
2013.09.03,00:00,38.27,38.99,38.11,38.67,3350
2013.09.04,00:00,38.65,38.79,37.90,38.03,2720
2013.09.05,00:00,37.99,38.04,37.73,37.96,1773
2013.09.06,00:00,37.68,38.60,37.47,37.94,4198
2013.09.09,00:00,37.69,37.71,37.12,37.17,2901
2013.09.10,00:00,36.72,36.88,36.59,36.60,2760
2013.09.11,00:00,36.71,36.84,36.37,36.37,1933
2013.09.12,00:00,36.40,36.67,36.31,36.59,1901
2013.09.13,00:00,36.49,36.66,36.35,36.40,1460
2013.09.16,00:00,35.61,36.10,35.58,35.99,2747
2013.09.17,00:00,35.91,35.91,35.65,35.68,1399
2013.09.18,00:00,35.70,35.87,34.64,34.82,4318
2013.09.19,00:00,34.64,35.02,34.61,34.94,2146
2013.09.20,00:00,34.79,35.49,34.79,35.44,2252
2013.09.23,00:00,35.52,35.98,35.46,35.76,2388
2013.09.24,00:00,35.79,36.06,35.50,35.93,2106
2013.09.25,00:00,35.89,36.20,35.76,36.12,2741
2013.09.26,00:00,36.01,36.13,35.66,35.88,2006
2013.09.27,00:00,36.23,36.38,36.09,36.18,2391
2013.09.30,00:00,36.78,36.92,36.34,36.59,3933
2013.10.01,00:00,36.51,36.58,35.93,35.99,3255
2013.10.02,00:00,36.43,36.64,36.05,36.08,2652
2013.10.03,00:00,36.23,37.07,36.17,36.70,4325
2013.10.04,00:00,36.67,36.77,36.10,36.18,2690
2013.10.07,00:00,36.80,36.88,36.36,36.79,2836
2013.10.08,00:00,36.80,37.70,36.72,37.66,5364
2013.10.09,00:00,37.50,38.09,37.33,37.61,5662
2013.10.10,00:00,36.84,36.86,35.94,35.98,6140
2013.10.11,00:00,36.08,36.14,35.48,35.50,2994
2013.10.14,00:00,35.94,36.00,35.17,35.22,3720
2013.10.15,00:00,35.41,35.83,35.14,35.72,3886
2013.10.16,00:00,35.29,35.34,34.70,34.74,3712
2013.10.17,00:00,35.03,35.03,34.23,34.27,4161
2013.10.18,00:00,34.01,34.16,33.76,33.82,2373
2013.10.21,00:00,33.78,33.96,33.67,33.81,1373
2013.10.22,00:00,33.59,33.70,33.21,33.40,2883
2013.10.23,00:00,33.64,33.96,33.61,33.72,2133
2013.10.24,00:00,33.60,33.76,33.43,33.51,1651
2013.10.25,00:00,33.38,33.50,33.21,33.21,1694
2013.10.28,00:00,33.22,33.30,33.01,33.09,1623
2013.10.29,00:00,32.95,33.04,32.73,32.73,1980
2013.10.30,00:00,32.65,33.30,32.62,33.07,2916
2013.10.31,00:00,33.11,33.36,32.84,33.28,2655
2013.11.01,00:00,33.16,33.47,32.95,33.10,2355
2013.11.04,00:00,32.89,33.11,32.86,32.94,963
2013.11.05,00:00,33.11,33.33,32.89,33.05,1754
2013.11.06,00:00,32.77,32.97,32.61,32.74,2229
2013.11.07,00:00,32.59,33.62,32.55,33.54,3132
2013.11.08,00:00,33.58,33.58,32.66,32.69,3219
2013.11.11,00:00,32.71,32.79,32.56,32.64,1223
2013.11.12,00:00,32.77,32.99,32.63,32.79,2076
2013.11.13,00:00,33.09,33.09,32.23,32.25,2279
2013.11.14,00:00,32.18,32.29,31.86,31.90,2454
2013.11.15,00:00,31.82,31.89,31.63,31.64,1419
2013.11.18,00:00,31.52,32.00,31.48,31.86,1872
2013.11.19,00:00,31.89,32.11,31.70,32.00,2306
2013.11.20,00:00,31.87,32.38,31.68,32.21,2961
2013.11.21,00:00,32.01,32.06,31.62,31.68,1852
2013.11.22,00:00,31.65,31.72,31.35,31.37,1531
2013.11.25,00:00,31.25,31.51,31.23,31.42,1225
2013.11.26,00:00,31.38,31.50,31.22,31.41,1074
2013.11.27,00:00,31.34,31.42,31.21,31.25,979
2013.11.29,00:00,31.18,31.36,31.03,31.31,871
2013.12.02,00:00,31.26,31.55,31.14,31.48,1523
2013.12.03,00:00,31.65,31.93,31.50,31.68,2167
2013.12.04,00:00,31.96,32.22,31.47,31.74,2533
2013.12.05,00:00,31.84,32.07,31.73,31.99,2101
2013.12.06,00:00,31.38,31.58,31.24,31.29,2451
2013.12.09,00:00,31.10,31.22,31.04,31.14,1294
2013.12.10,00:00,31.28,31.39,31.15,31.35,1233
2013.12.11,00:00,31.32,32.14,31.32,32.06,2420
2013.12.12,00:00,32.10,32.40,32.00,32.28,2229
2013.12.13,00:00,32.13,32.40,32.08,32.28,1479
2013.12.16,00:00,31.97,31.98,31.66,31.87,1731
2013.12.17,00:00,31.82,32.22,31.81,32.08,1516
2013.12.18,00:00,31.97,32.57,30.97,30.97,4670
2013.12.19,00:00,31.15,31.32,30.98,31.04,1591
2013.12.20,00:00,31.00,31.00,30.54,30.68,1730
2013.12.23,00:00,30.39,30.51,30.32,30.38,1116
2013.12.24,00:00,30.34,30.36,30.21,30.22,384
2013.12.26,00:00,30.10,30.10,29.89,29.92,1245
2013.12.27,00:00,29.83,29.99,29.82,29.93,1055
2013.12.30,00:00,29.92,30.01,29.87,29.94,938
2013.12.31,00:00,29.84,29.88,29.68,29.74,506
2014.01.02,00:00,29.87,30.36,29.86,30.21,1812
2014.01.03,00:00,30.12,30.32,29.99,30.26,1291
2014.01.06,00:00,30.03,30.50,30.01,30.40,1753
2014.01.07,00:00,30.15,30.20,29.92,30.03,1260
2014.01.08,00:00,30.05,30.22,29.91,30.02,1469
2014.01.09,00:00,29.82,30.26,29.82,29.98,1496
2014.01.10,00:00,29.87,30.19,29.79,29.84,1763
2014.01.13,00:00,29.96,30.72,29.80,30.60,2195
2014.01.14,00:00,30.40,30.52,29.91,29.94,1831
2014.01.15,00:00,29.81,29.83,29.53,29.62,1658
2014.01.16,00:00,29.73,29.89,29.67,29.69,1072
2014.01.17,00:00,29.79,30.05,29.68,29.95,1337
2014.01.21,00:00,29.60,30.14,29.58,29.77,1529
2014.01.22,00:00,29.66,29.86,29.64,29.72,921
2014.01.23,00:00,30.03,30.52,30.03,30.23,2275
2014.01.24,00:00,30.60,31.50,30.59,31.47,4262
2014.01.27,00:00,31.43,32.13,31.29,31.81,4708
2014.01.28,00:00,31.76,31.77,31.35,31.42,2422
2014.01.29,00:00,31.95,32.21,31.62,32.03,5124
2014.01.30,00:00,31.50,31.70,31.15,31.33,2586
2014.01.31,00:00,32.15,32.17,31.34,31.75,3287
2014.02.03,00:00,31.81,33.28,31.66,33.16,5469
2014.02.04,00:00,32.86,33.09,32.52,32.69,3832
2014.02.05,00:00,32.92,33.33,32.63,32.78,4243
2014.02.06,00:00,32.61,32.61,31.90,31.93,2846
2014.02.07,00:00,31.60,31.82,31.04,31.11,3780
2014.02.10,00:00,31.10,31.28,30.98,31.01,1645
2014.02.11,00:00,30.94,30.98,30.16,30.32,3142
2014.02.12,00:00,30.23,30.41,30.03,30.27,2246
2014.02.13,00:00,30.67,30.70,29.91,29.95,2325
2014.02.14,00:00,30.02,30.08,29.53,29.64,2373
2014.02.17,00:00,29.66,29.66,29.66,29.66,1
2014.02.18,00:00,29.59,29.76,29.49,29.57,1513
2014.02.19,00:00,29.73,30.02,29.34,29.94,2773
2014.02.20,00:00,29.87,30.09,29.47,29.57,2527
2014.02.21,00:00,29.49,29.70,29.36,29.67,1727
2014.02.24,00:00,29.54,29.57,28.94,29.30,2615
2014.02.25,00:00,29.31,29.56,29.13,29.38,2209
2014.02.26,00:00,29.27,29.52,29.12,29.37,2068
2014.02.27,00:00,29.45,29.51,29.04,29.04,1811
2014.02.28,00:00,29.07,29.29,28.63,28.93,3068
2014.03.03,00:00,29.40,29.69,29.16,29.33,3659
2014.03.04,00:00,28.73,28.74,28.35,28.44,2483
2014.03.05,00:00,28.43,28.52,28.33,28.42,1234
2014.03.06,00:00,28.28,28.38,28.16,28.30,1573
2014.03.07,00:00,28.08,28.51,28.06,28.29,2216
2014.03.10,00:00,28.36,28.62,28.27,28.30,1661
2014.03.11,00:00,28.21,28.71,28.14,28.58,1960
2014.03.12,00:00,28.85,28.99,28.54,28.56,2176
2014.03.13,00:00,28.39,29.36,28.34,29.21,3356
2014.03.14,00:00,29.32,29.43,29.01,29.37,3293
2014.03.17,00:00,29.07,29.09,28.69,28.83,2347
2014.03.18,00:00,28.72,28.78,28.34,28.41,1824
2014.03.19,00:00,28.40,29.08,28.33,28.74,2592
2014.03.20,00:00,28.85,28.95,28.34,28.39,1828
2014.03.21,00:00,28.14,28.66,28.01,28.61,2236
2014.03.24,00:00,28.42,29.09,28.34,28.84,2560
2014.03.25,00:00,28.54,28.89,28.37,28.56,2083
2014.03.26,00:00,28.35,28.99,28.26,28.99,2497
2014.03.27,00:00,29.05,29.31,28.87,29.08,3055
2014.03.28,00:00,28.93,28.98,28.53,28.82,2180
2014.03.31,00:00,28.46,28.51,28.26,28.34,2026
2014.04.01,00:00,28.16,28.21,27.94,27.96,1651
2014.04.02,00:00,27.89,28.00,27.71,27.78,1463
2014.04.03,00:00,27.69,28.02,27.68,27.85,1483
2014.04.04,00:00,27.54,28.60,27.53,28.51,3410
2014.04.07,00:00,28.65,29.25,28.55,29.14,3267
2014.04.08,00:00,29.17,29.37,28.80,28.90,2456
2014.04.09,00:00,28.75,28.91,28.26,28.27,1997
2014.04.10,00:00,28.28,29.54,28.25,29.46,3442
2014.04.11,00:00,29.78,30.06,29.38,30.01,4484
2014.04.14,00:00,29.53,30.02,29.39,29.52,3017
2014.04.15,00:00,29.40,29.98,29.08,29.12,4453
2014.04.16,00:00,28.73,28.98,28.50,28.51,2638
2014.04.17,00:00,28.58,28.68,28.27,28.43,1691
2014.04.21,00:00,28.40,28.47,28.21,28.22,1160
2014.04.22,00:00,28.17,28.19,27.82,27.98,1606
2014.04.23,00:00,28.01,28.15,27.97,28.10,1205
2014.04.24,00:00,27.84,28.26,27.82,27.99,1816
2014.04.25,00:00,28.18,28.57,28.14,28.43,2080
2014.04.28,00:00,28.20,28.85,28.02,28.26,2853
2014.04.29,00:00,28.07,28.21,27.92,28.00,1534
2014.04.30,00:00,28.10,28.17,27.78,27.82,1767
2014.05.01,00:00,27.87,28.00,27.68,27.82,1473
2014.05.02,00:00,27.84,27.99,27.59,27.91,1854
2014.05.05,00:00,28.18,28.33,27.75,27.80,1670
2014.05.06,00:00,27.93,28.29,27.88,28.27,1704
2014.05.07,00:00,28.09,28.51,27.92,27.94,2454
2014.05.08,00:00,28.02,28.18,27.60,28.01,2150
2014.05.09,00:00,28.00,28.26,27.90,27.92,1685
2014.05.12,00:00,27.68,27.69,27.35,27.38,1679
2014.05.13,00:00,27.31,27.39,27.19,27.34,1197
2014.05.14,00:00,27.37,27.67,27.35,27.59,1439
2014.05.15,00:00,27.70,28.34,27.69,28.07,2984
2014.05.16,00:00,28.04,28.28,27.86,27.87,1493
2014.05.19,00:00,27.98,28.03,27.62,27.67,1112
2014.05.20,00:00,27.69,28.16,27.69,28.02,1771
2014.05.21,00:00,27.87,27.87,27.52,27.56,1708
2014.05.22,00:00,27.54,27.63,27.30,27.41,1284
2014.05.23,00:00,27.37,27.39,27.16,27.18,1180
2014.05.27,00:00,26.99,27.02,26.84,26.85,1513
2014.05.28,00:00,26.86,26.98,26.77,26.90,1026
2014.05.29,00:00,26.77,26.90,26.61,26.62,1317
2014.05.30,00:00,26.67,26.71,26.49,26.53,1155
2014.06.02,00:00,26.46,26.72,26.44,26.47,988
2014.06.03,00:00,26.60,26.64,26.46,26.49,944
2014.06.04,00:00,26.59,26.64,26.35,26.39,884
2014.06.05,00:00,26.32,26.51,25.98,26.04,1827
2014.06.06,00:00,25.92,25.95,25.77,25.79,1239
2014.06.09,00:00,25.80,25.84,25.60,25.73,1174
2014.06.10,00:00,25.80,25.90,25.73,25.73,965
2014.06.11,00:00,25.92,26.02,25.85,25.90,1003
2014.06.12,00:00,25.99,26.39,25.93,26.26,1643
2014.06.13,00:00,26.16,26.34,26.06,26.11,1232
2014.06.16,00:00,26.17,26.24,25.96,26.06,1017
2014.06.17,00:00,26.14,26.20,25.88,25.93,924
2014.06.18,00:00,25.89,26.02,25.51,25.54,1470
2014.06.19,00:00,25.49,25.66,25.45,25.48,928
2014.06.20,00:00,25.37,25.44,25.35,25.37,823
2014.06.23,00:00,25.38,25.49,25.35,25.40,632
2014.06.24,00:00,25.49,25.76,25.23,25.71,1311
2014.06.25,00:00,25.81,25.82,25.41,25.47,1157
2014.06.26,00:00,25.46,25.85,25.46,25.50,1169
2014.06.27,00:00,25.63,25.64,25.39,25.40,823
2014.06.30,00:00,25.43,25.47,25.32,25.43,801
2014.07.01,00:00,25.29,25.31,24.93,25.09,1481
2014.07.02,00:00,25.08,25.10,24.98,25.04,739
2014.07.03,00:00,24.90,24.94,24.77,24.78,728
2014.07.07,00:00,24.88,25.02,24.84,24.96,769
2014.07.08,00:00,25.05,25.40,25.03,25.27,1542
2014.07.09,00:00,25.17,25.26,25.01,25.05,1023
2014.07.10,00:00,25.55,25.58,25.12,25.25,1511
2014.07.11,00:00,25.29,25.39,25.15,25.18,910
2014.07.14,00:00,24.94,24.96,24.86,24.92,829
2014.07.15,00:00,24.89,25.24,24.80,25.01,1351
2014.07.16,00:00,24.80,24.97,24.76,24.82,832
2014.07.17,00:00,24.99,25.47,24.80,25.40,1989
2014.07.18,00:00,25.25,25.26,24.83,24.88,1332
2014.07.21,00:00,25.04,25.20,24.93,24.97,984
2014.07.22,00:00,24.80,24.83,24.66,24.75,946
2014.07.23,00:00,24.68,24.77,24.58,24.63,711
2014.07.24,00:00,24.59,24.68,24.53,24.64,746
2014.07.25,00:00,24.78,24.96,24.73,24.87,935
2014.07.28,00:00,24.85,25.15,24.77,24.85,1053
2014.07.29,00:00,24.76,25.06,24.68,25.06,1060
2014.07.30,00:00,24.89,25.26,24.81,25.04,1680
2014.07.31,00:00,25.41,26.05,25.36,26.04,2695
2014.08.01,00:00,26.19,26.45,25.86,26.20,2884
2014.08.04,00:00,26.10,26.32,25.71,25.82,1506
2014.08.05,00:00,26.04,26.51,25.90,26.33,2486
2014.08.06,00:00,26.58,26.58,26.08,26.31,1720
2014.08.07,00:00,26.07,26.72,26.01,26.59,2229
2014.08.08,00:00,26.47,26.61,25.94,25.98,1985
2014.08.11,00:00,25.78,25.85,25.59,25.82,1279
2014.08.12,00:00,25.88,26.05,25.72,25.89,1146
2014.08.13,00:00,25.67,25.78,25.48,25.53,1063
2014.08.14,00:00,25.47,25.51,25.31,25.32,877
2014.08.15,00:00,25.12,25.67,25.07,25.30,2351
2014.08.18,00:00,25.02,25.06,24.86,24.88,1301
2014.08.19,00:00,24.76,24.81,24.59,24.62,885
2014.08.20,00:00,24.69,24.70,24.43,24.50,992
2014.08.21,00:00,24.47,24.49,24.29,24.35,875
2014.08.22,00:00,24.39,24.53,24.30,24.44,1073
2014.08.25,00:00,24.19,24.26,24.09,24.18,1084
2014.08.26,00:00,24.15,24.16,24.02,24.14,797
2014.08.27,00:00,24.11,24.24,24.09,24.15,676
2014.08.28,00:00,24.33,24.37,24.16,24.19,944
2014.08.29,00:00,24.11,24.26,24.03,24.05,838
2014.09.01,00:00,24.04,24.04,24.04,24.04,1
2014.09.02,00:00,23.99,24.25,23.97,24.08,857
2014.09.03,00:00,23.89,24.16,23.88,24.10,803
2014.09.04,00:00,24.02,24.30,23.84,24.16,1247
2014.09.05,00:00,24.18,24.36,23.93,23.94,1172
2014.09.08,00:00,24.00,24.21,23.92,24.06,801
2014.09.09,00:00,24.12,24.47,24.08,24.37,1328
2014.09.10,00:00,24.35,24.51,24.16,24.19,1273
2014.09.11,00:00,24.39,24.43,24.13,24.14,970
2014.09.12,00:00,24.18,24.56,24.18,24.41,1250
2014.09.15,00:00,24.40,24.61,24.37,24.46,1201
2014.09.16,00:00,24.54,24.57,24.00,24.08,1421
2014.09.17,00:00,24.00,24.25,23.80,24.03,1582
2014.09.18,00:00,23.87,23.93,23.75,23.77,1011
2014.09.19,00:00,23.61,23.90,23.56,23.80,1135
2014.09.22,00:00,23.89,24.27,23.88,24.17,1400
2014.09.23,00:00,24.35,24.46,24.14,24.44,1353
2014.09.24,00:00,24.43,24.57,24.03,24.06,1392
2014.09.25,00:00,24.19,24.84,24.19,24.84,2368
2014.09.26,00:00,24.76,24.82,24.32,24.43,1742
2014.09.29,00:00,24.85,24.90,24.44,24.53,1762
2014.09.30,00:00,24.49,24.76,24.34,24.66,1656
2014.10.01,00:00,24.74,25.44,24.72,25.33,2769
2014.10.02,00:00,25.38,25.85,25.14,25.32,3053
2014.10.03,00:00,24.99,25.13,24.65,24.76,1890
2014.10.06,00:00,24.55,25.00,24.48,24.81,1940
2014.10.07,00:00,25.05,25.59,24.96,25.59,2270
2014.10.08,00:00,25.55,25.82,24.62,24.68,3233
2014.10.09,00:00,24.76,25.70,24.70,25.67,3658
2014.10.10,00:00,25.66,26.26,25.42,26.25,4334
2014.10.13,00:00,26.28,27.14,26.08,27.11,4892
2014.10.14,00:00,26.84,27.23,26.42,27.03,5218
2014.10.15,00:00,27.77,28.69,27.27,27.46,9699
2014.10.16,00:00,28.41,28.44,27.06,27.47,7162
2014.10.17,00:00,26.80,27.04,26.42,26.77,4555
2014.10.20,00:00,26.88,26.90,26.23,26.27,2392
2014.10.21,00:00,25.88,25.94,25.19,25.24,3182
2014.10.22,00:00,25.13,25.61,25.01,25.58,2909
2014.10.23,00:00,25.07,25.16,24.66,24.98,2785
2014.10.24,00:00,24.91,25.09,24.59,24.63,1909
2014.10.27,00:00,24.79,24.96,24.60,24.69,1577
2014.10.28,00:00,24.51,24.53,24.10,24.11,1561
2014.10.29,00:00,24.05,24.50,23.93,24.17,2449
2014.10.30,00:00,24.30,24.35,23.74,23.85,1865
2014.10.31,00:00,23.29,23.53,23.28,23.32,2221
2014.11.03,00:00,23.26,23.40,23.13,23.30,1229
2014.11.04,00:00,23.41,23.69,23.33,23.44,1423
2014.11.05,00:00,23.11,23.36,23.10,23.15,1238
2014.11.06,00:00,23.16,23.32,22.95,22.96,1186
2014.11.07,00:00,22.97,23.09,22.87,22.92,1039
2014.11.10,00:00,22.91,22.97,22.77,22.78,843
2014.11.11,00:00,22.76,22.86,22.71,22.75,681
2014.11.12,00:00,22.92,22.93,22.72,22.78,751
2014.11.13,00:00,22.73,22.96,22.59,22.74,1506
2014.11.14,00:00,22.76,22.84,22.66,22.73,918
2014.11.17,00:00,22.82,22.85,22.64,22.69,984
2014.11.18,00:00,22.67,22.67,22.35,22.43,1316
2014.11.19,00:00,22.48,22.70,22.43,22.51,1137
2014.11.20,00:00,22.72,22.73,22.39,22.42,938
2014.11.21,00:00,21.97,22.33,21.95,22.18,1467
2014.11.24,00:00,22.08,22.12,22.02,22.06,729
2014.11.25,00:00,22.00,22.15,21.94,22.07,793
2014.11.26,00:00,22.05,22.10,21.95,21.97,586
2014.11.28,00:00,21.99,22.13,21.92,22.05,625
2014.12.01,00:00,22.24,22.46,22.20,22.37,1932
2014.12.02,00:00,22.36,22.36,22.03,22.09,909
2014.12.03,00:00,22.04,22.08,21.85,21.91,809
2014.12.04,00:00,21.99,22.17,21.83,21.96,1025
2014.12.05,00:00,21.92,21.98,21.78,21.89,804
2014.12.08,00:00,21.98,22.32,21.86,22.17,1102
2014.12.09,00:00,22.65,22.76,22.17,22.20,1705
2014.12.10,00:00,22.33,22.97,22.31,22.90,2124
2014.12.11,00:00,22.74,22.79,22.23,22.69,1997
2014.12.12,00:00,23.02,23.42,22.77,23.41,2521
2014.12.15,00:00,23.16,23.91,23.03,23.75,3218
2014.12.16,00:00,23.96,24.14,23.06,24.11,3451
2014.12.17,00:00,23.96,24.03,23.04,23.14,3670
2014.12.18,00:00,22.46,22.68,22.02,22.02,1491
2014.12.19,00:00,21.84,22.02,21.66,21.83,976
2014.12.22,00:00,21.77,21.84,21.64,21.64,675
2014.12.23,00:00,21.50,21.61,21.47,21.56,393
2014.12.24,00:00,21.50,21.57,21.45,21.56,138
2014.12.26,00:00,21.45,21.45,21.35,21.43,119
2014.12.29,00:00,21.46,21.48,21.33,21.38,325
2014.12.30,00:00,21.49,21.62,21.45,21.60,309
2014.12.31,00:00,21.53,21.73,21.49,21.70,187
2015.01.02,00:00,21.86,22.32,21.75,22.06,1824
2015.01.05,00:00,22.28,22.93,22.28,22.83,2093
2015.01.06,00:00,22.77,23.50,22.63,23.26,2612
2015.01.07,00:00,22.89,23.04,22.61,22.71,2006
2015.01.08,00:00,22.32,22.32,21.85,21.89,792
2015.01.09,00:00,21.79,22.41,21.79,22.25,1673
2015.01.12,00:00,22.21,22.75,22.18,22.61,1819
2015.01.13,00:00,22.25,23.07,21.97,22.73,2313
2015.01.14,00:00,23.28,23.52,22.95,22.99,2666
2015.01.15,00:00,22.84,23.45,22.74,23.43,3024
2015.01.16,00:00,23.48,23.53,22.77,22.83,2086
2015.01.20,00:00,22.63,23.14,22.57,22.72,1992
2015.01.21,00:00,22.83,22.96,22.35,22.49,2104
2015.01.22,00:00,22.27,22.64,21.78,21.80,1767
2015.01.23,00:00,21.87,22.08,21.81,22.06,1175
2015.01.26,00:00,22.11,22.29,21.92,21.95,1015
2015.01.27,00:00,22.47,22.74,22.23,22.52,1725
2015.01.28,00:00,22.21,23.15,22.19,23.12,2959
2015.01.29,00:00,23.06,23.43,22.61,22.68,2777
2015.01.30,00:00,22.96,23.32,22.64,23.28,3070
2015.02.02,00:00,23.09,23.62,22.65,22.68,3557
2015.02.03,00:00,22.46,22.52,22.02,22.03,1994
2015.02.04,00:00,22.22,22.30,21.90,22.19,1738
2015.02.05,00:00,22.00,22.03,21.70,21.73,956
2015.02.06,00:00,21.64,21.98,21.50,21.86,1473
2015.02.09,00:00,22.02,22.15,21.84,22.04,1135
2015.02.10,00:00,21.78,22.00,21.52,21.58,934
2015.02.11,00:00,21.63,21.78,21.45,21.56,915
2015.02.12,00:00,21.37,21.39,21.13,21.14,640
2015.02.13,00:00,21.12,21.17,20.96,20.96,501
2015.02.17,00:00,21.03,21.09,20.86,20.90,480
2015.02.18,00:00,21.00,21.05,20.88,20.89,467
2015.02.19,00:00,21.03,21.07,20.84,20.92,382
2015.02.20,00:00,21.02,21.17,20.66,20.67,846
2015.02.23,00:00,20.72,20.82,20.68,20.68,323
2015.02.24,00:00,20.67,20.76,20.51,20.56,367
2015.02.25,00:00,20.58,20.67,20.48,20.59,287
2015.02.26,00:00,20.61,20.78,20.58,20.64,392
2015.02.27,00:00,20.67,20.78,20.61,20.78,430
2015.03.02,00:00,20.77,20.78,20.52,20.52,265
2015.03.03,00:00,20.62,20.87,20.60,20.71,409
2015.03.04,00:00,20.84,21.08,20.81,20.87,531
2015.03.05,00:00,20.80,20.93,20.76,20.81,331
2015.03.06,00:00,20.97,21.47,20.92,21.47,912
2015.03.09,00:00,21.35,21.37,21.14,21.22,494
2015.03.10,00:00,21.58,21.90,21.54,21.90,903
2015.03.11,00:00,21.85,22.03,21.80,22.01,794
2015.03.12,00:00,21.85,21.85,21.44,21.45,512
2015.03.13,00:00,21.53,21.97,21.49,21.71,984
2015.03.16,00:00,21.53,21.53,21.11,21.12,531
2015.03.17,00:00,21.31,21.45,21.17,21.26,600
2015.03.18,00:00,21.37,21.52,20.58,20.74,888
2015.03.19,00:00,20.85,21.02,20.78,20.93,599
2015.03.20,00:00,20.70,20.72,20.45,20.56,336
2015.03.23,00:00,20.57,20.64,20.44,20.64,348
2015.03.24,00:00,20.66,20.89,20.57,20.88,544
2015.03.25,00:00,20.82,21.49,20.77,21.49,545
2015.03.26,00:00,21.70,21.82,21.36,21.58,1191
2015.03.27,00:00,21.61,21.66,21.44,21.49,742
2015.03.30,00:00,21.23,21.23,20.90,20.96,556
2015.03.31,00:00,21.20,21.34,21.00,21.32,593
2015.04.01,00:00,21.34,21.72,21.34,21.48,1377
2015.04.02,00:00,21.50,21.55,21.22,21.34,699
2015.04.06,00:00,21.55,21.58,20.92,21.04,481
2015.04.07,00:00,21.05,21.15,20.86,21.15,520
2015.04.08,00:00,21.10,21.19,20.90,21.01,969
2015.04.09,00:00,21.05,21.17,20.77,20.82,761
2015.04.10,00:00,20.77,20.81,20.59,20.60,362
2015.04.13,00:00,20.63,20.79,20.48,20.78,383
2015.04.14,00:00,20.83,20.98,20.66,20.70,589
2015.04.15,00:00,20.59,20.61,20.40,20.51,427
2015.04.16,00:00,20.58,20.64,20.41,20.53,408
2015.04.17,00:00,20.82,21.18,20.75,21.01,843
2015.04.20,00:00,20.78,20.79,20.54,20.62,381
2015.04.21,00:00,20.46,20.73,20.43,20.66,511
2015.04.22,00:00,20.58,20.80,20.42,20.47,526
2015.04.23,00:00,20.55,20.58,20.21,20.36,437
2015.04.24,00:00,20.26,20.37,20.21,20.26,319
2015.04.27,00:00,20.14,20.47,20.11,20.43,517
2015.04.28,00:00,20.44,20.71,20.29,20.31,719
2015.04.29,00:00,20.50,20.65,20.33,20.47,1227
2015.04.30,00:00,20.61,21.04,20.52,20.88,1297
2015.05.01,00:00,20.70,20.71,20.43,20.44,618
2015.05.04,00:00,20.33,20.35,20.18,20.30,495
2015.05.05,00:00,20.37,20.80,20.29,20.78,999
2015.05.06,00:00,20.65,21.20,20.57,20.94,1314
2015.05.07,00:00,20.97,21.05,20.68,20.78,928
2015.05.08,00:00,20.38,20.40,20.19,20.23,461
2015.05.11,00:00,20.25,20.44,20.18,20.43,441
2015.05.12,00:00,20.61,20.80,20.42,20.54,847
2015.05.13,00:00,20.45,20.59,20.30,20.53,659
2015.05.14,00:00,20.28,20.36,20.10,20.11,291
2015.05.15,00:00,20.07,20.17,20.04,20.06,311
2015.05.18,00:00,20.09,20.11,19.89,19.94,227
2015.05.19,00:00,19.91,20.01,19.86,19.97,310
2015.05.20,00:00,19.93,20.05,19.82,19.99,390
2015.05.21,00:00,20.01,20.05,19.82,19.88,237
2015.05.22,00:00,19.95,19.97,19.86,19.96,220
2015.05.26,00:00,20.07,20.47,20.05,20.37,504
2015.05.27,00:00,20.28,20.35,19.94,20.00,368
2015.05.28,00:00,20.07,20.20,20.02,20.04,405
2015.05.29,00:00,20.06,20.35,20.05,20.29,626
2015.06.01,00:00,20.14,20.39,20.06,20.21,580
2015.06.02,00:00,20.31,20.45,20.10,20.25,598
2015.06.03,00:00,20.12,20.25,20.00,20.15,593
2015.06.04,00:00,20.30,20.55,20.17,20.48,859
2015.06.05,00:00,20.52,20.70,20.40,20.55,775
2015.06.08,00:00,20.58,20.82,20.54,20.81,560
2015.06.09,00:00,20.82,20.96,20.69,20.81,642
2015.06.10,00:00,20.63,20.64,20.23,20.31,457
2015.06.11,00:00,20.21,20.26,20.10,20.19,476
2015.06.12,00:00,20.36,20.55,20.33,20.49,643
2015.06.15,00:00,20.76,20.92,20.60,20.67,735
2015.06.16,00:00,20.70,20.74,20.42,20.45,399
2015.06.17,00:00,20.37,20.60,20.24,20.36,832
2015.06.18,00:00,20.23,20.26,19.85,19.97,527
2015.06.19,00:00,20.01,20.19,19.99,20.19,297
2015.06.22,00:00,19.91,19.96,19.79,19.92,354
2015.06.23,00:00,19.87,19.98,19.82,19.88,234
2015.06.24,00:00,19.95,20.17,19.87,20.17,332
2015.06.25,00:00,20.05,20.31,20.03,20.29,389
2015.06.26,00:00,20.21,20.43,20.16,20.30,487
2015.06.29,00:00,20.66,21.17,20.50,21.15,978
2015.06.30,00:00,20.80,21.18,20.79,21.06,1180
2015.07.01,00:00,20.69,20.92,20.63,20.73,649
2015.07.02,00:00,20.63,20.87,20.58,20.77,497
2015.07.06,00:00,21.09,21.13,20.71,20.90,797
2015.07.07,00:00,20.84,21.42,20.60,20.64,1546
2015.07.08,00:00,20.96,21.38,20.88,21.32,1644
2015.07.09,00:00,20.78,21.24,20.74,21.24,1046
2015.07.10,00:00,20.76,20.91,20.61,20.71,659
2015.07.13,00:00,20.41,20.42,20.23,20.25,404
2015.07.14,00:00,20.26,20.27,20.01,20.07,251
2015.07.15,00:00,20.06,20.19,19.96,20.09,394
2015.07.16,00:00,19.84,19.90,19.77,19.77,275
2015.07.17,00:00,19.76,19.86,19.72,19.73,184
2015.07.20,00:00,19.68,19.77,19.61,19.71,212
2015.07.21,00:00,19.74,19.93,19.69,19.86,262
2015.07.22,00:00,20.02,20.02,19.87,19.95,323
2015.07.23,00:00,19.91,20.24,19.89,20.17,443
2015.07.24,00:00,20.14,20.65,20.13,20.59,493
2015.07.27,00:00,20.79,20.92,20.67,20.83,778
2015.07.28,00:00,20.63,20.82,20.28,20.32,669
2015.07.29,00:00,20.28,20.31,19.98,20.03,640
2015.07.30,00:00,20.14,20.28,19.99,20.02,486
2015.07.31,00:00,19.91,20.14,19.91,20.09,520
2015.08.03,00:00,20.08,20.43,20.08,20.22,655
2015.08.04,00:00,20.23,20.40,20.13,20.30,589
2015.08.05,00:00,20.08,20.22,19.92,20.16,480
2015.08.06,00:00,20.12,20.62,20.10,20.46,605
2015.08.07,00:00,20.52,20.77,20.49,20.57,844
2015.08.10,00:00,20.30,20.30,20.03,20.06,334
2015.08.11,00:00,20.38,20.58,20.26,20.41,781
2015.08.12,00:00,20.75,21.05,20.32,20.37,1149
2015.08.13,00:00,20.38,20.54,20.24,20.42,689
2015.08.14,00:00,20.46,20.49,20.25,20.26,468
2015.08.17,00:00,20.40,20.51,20.04,20.04,403
2015.08.18,00:00,20.10,20.20,20.02,20.15,442
2015.08.19,00:00,20.33,20.65,20.15,20.47,1113
2015.08.20,00:00,20.81,21.34,20.70,21.33,1316
2015.08.21,00:00,21.78,22.67,21.55,22.67,3383
2015.08.24,00:00,25.00,25.59,23.07,24.52,10059
2015.08.25,00:00,23.04,25.17,22.99,25.11,7513
2015.08.26,00:00,23.82,24.82,23.10,23.16,10479
2015.08.27,00:00,22.54,22.99,22.00,22.03,5715
2015.08.28,00:00,22.19,22.32,21.90,22.03,3098
2015.08.31,00:00,22.28,22.52,22.05,22.38,2234
2015.09.01,00:00,23.37,23.95,23.04,23.70,4849
2015.09.02,00:00,23.02,23.56,22.83,22.83,3579
2015.09.03,00:00,22.63,22.93,22.21,22.78,3056
2015.09.04,00:00,23.40,23.70,23.19,23.48,2928
2015.09.08,00:00,22.65,22.84,22.26,22.29,1503
2015.09.09,00:00,21.86,22.99,21.84,22.89,2044
2015.09.10,00:00,22.95,23.02,22.33,22.65,2805
2015.09.11,00:00,22.75,22.94,22.43,22.45,1459
2015.09.14,00:00,22.38,22.73,22.38,22.61,1041
2015.09.15,00:00,22.45,22.58,21.92,22.03,913
2015.09.16,00:00,21.95,22.04,21.60,21.66,818
2015.09.17,00:00,21.68,21.83,21.07,21.74,2593
2015.09.18,00:00,22.36,22.56,22.00,22.45,1986
2015.09.21,00:00,22.22,22.51,21.95,22.23,1420
2015.09.22,00:00,22.81,23.10,22.68,22.80,1763
2015.09.23,00:00,22.75,23.03,22.62,22.88,1353
2015.09.24,00:00,23.21,23.59,22.91,23.02,2165
2015.09.25,00:00,22.58,23.30,22.54,23.05,2109
2015.09.28,00:00,23.31,24.29,23.28,24.22,2499
2015.09.29,00:00,24.14,24.48,23.76,24.17,3369
2015.09.30,00:00,23.63,23.84,23.23,23.27,2494
2015.10.01,00:00,23.17,23.71,23.07,23.15,2866
2015.10.02,00:00,23.72,23.87,22.48,22.48,2878
2015.10.05,00:00,22.12,22.15,21.60,21.66,1138
2015.10.06,00:00,21.69,21.98,21.55,21.81,1559
2015.10.07,00:00,21.55,21.87,21.36,21.44,1816
2015.10.08,00:00,21.54,21.62,21.00,21.07,1611
2015.10.09,00:00,21.02,21.19,20.92,21.03,1017
2015.10.12,00:00,21.01,21.12,20.94,20.98,591
2015.10.13,00:00,21.18,21.30,20.86,21.27,890
2015.10.14,00:00,21.28,21.53,21.13,21.46,1278
