2010.06.10,00:00,96.31,96.32,96.19,96.19,23
2010.06.11,00:00,97.08,97.41,97.07,97.31,4436
2010.06.14,00:00,96.32,96.97,96.29,96.93,7806
2010.06.15,00:00,97.10,97.20,96.18,96.35,4742
2010.06.16,00:00,97.14,97.17,96.38,96.85,8058
2010.06.17,00:00,97.14,98.07,97.07,98.04,9172
2010.06.23,00:00,98.60,99.56,98.57,99.21,11560
2010.06.24,00:00,99.35,99.58,98.38,98.74,8668
2010.06.25,00:00,98.79,98.99,98.78,98.98,1696
2010.06.28,00:00,99.60,99.86,99.41,99.84,7028
2010.06.29,00:00,100.31,100.64,100.31,100.40,1878
2010.06.30,00:00,101.06,101.12,101.03,101.10,304
2010.07.01,00:00,101.72,101.73,101.66,101.67,476
2010.07.06,00:00,101.54,101.74,101.54,101.56,1296
2010.07.07,00:00,101.48,101.49,100.39,100.40,6320
2010.07.08,00:00,99.78,100.16,99.61,99.99,6922
2010.07.09,00:00,99.36,99.53,99.25,99.26,4350
2010.07.12,00:00,99.31,99.82,99.18,99.21,5264
2010.07.13,00:00,98.82,98.82,98.22,98.23,5178
2010.07.14,00:00,98.73,99.48,98.44,99.47,6210
2010.07.15,00:00,99.73,100.55,99.73,100.55,6742
2010.07.16,00:00,100.31,101.10,100.26,100.78,7264
2010.07.19,00:00,100.56,100.74,99.98,100.07,5482
2010.07.20,00:00,100.78,100.84,100.33,100.34,2504
2010.07.21,00:00,100.42,101.72,100.41,101.63,7104
2010.07.22,00:00,101.49,101.51,100.86,100.89,4472
2010.07.23,00:00,100.81,100.97,99.70,99.86,7640
2010.07.26,00:00,99.62,99.81,99.00,99.58,4804
2010.07.28,00:00,98.53,99.18,98.34,98.97,2888
2010.07.29,00:00,98.10,99.02,97.92,98.97,7346
2010.07.30,00:00,100.18,100.60,99.85,100.47,7836
2010.08.04,00:00,99.26,99.30,98.57,98.57,3102
2010.08.05,00:00,99.34,99.48,98.84,99.01,4768
2010.08.06,00:00,99.79,100.20,99.49,100.12,7316
2010.08.09,00:00,99.74,99.98,99.60,99.72,3406
2010.08.10,00:00,100.06,101.00,99.47,99.92,9852
2010.08.11,00:00,100.31,101.39,100.31,101.27,9208
2010.08.12,00:00,101.55,101.94,100.86,101.01,9322
2010.08.13,00:00,101.62,102.44,101.48,102.33,7210
2010.08.16,00:00,104.21,104.88,104.07,104.87,5290
2010.08.17,00:00,104.86,104.86,104.00,104.24,4296
2010.08.18,00:00,105.00,105.64,104.49,104.51,5642
2010.08.19,00:00,104.80,106.61,104.64,106.17,7362
2010.08.20,00:00,106.40,106.83,105.84,106.04,5722
2010.08.23,00:00,105.56,106.18,105.51,106.07,1590
2010.08.24,00:00,107.03,108.11,106.67,107.73,9598
2010.08.25,00:00,108.77,109.32,107.07,107.40,10774
2010.08.26,00:00,107.54,108.48,107.28,108.41,8394
2010.08.27,00:00,107.75,108.34,105.20,105.34,13896
2010.08.30,00:00,106.21,107.32,105.82,107.32,7972
2010.08.31,00:00,108.20,108.64,107.62,108.56,12212
2010.09.01,00:00,107.00,107.05,105.09,105.98,10848
2010.09.02,00:00,105.21,105.29,104.40,104.89,8772
2010.09.03,00:00,102.72,103.94,102.70,103.25,8134
2010.09.07,00:00,103.31,105.80,103.31,105.35,8597
2010.09.08,00:00,105.35,105.41,104.33,104.33,8750
2010.09.09,00:00,104.33,104.34,102.63,102.90,8568
2010.09.10,00:00,102.90,103.10,101.85,102.30,7199
2010.09.13,00:00,101.79,103.04,101.77,102.81,5612
2010.09.14,00:00,103.04,103.81,102.97,103.80,7048
2010.09.15,00:00,102.76,103.25,102.14,102.27,6612
2010.09.16,00:00,101.51,101.81,100.85,101.40,8864
2010.09.17,00:00,101.81,102.15,101.32,101.64,7486
2010.09.20,00:00,102.15,102.44,101.68,102.25,5094
2010.09.21,00:00,102.67,104.01,102.26,103.65,11900
2010.09.22,00:00,104.57,105.07,103.84,104.60,9508
2010.09.23,00:00,105.40,105.45,104.24,104.91,9388
2010.09.24,00:00,103.93,104.11,103.50,103.50,7914
2010.09.27,00:00,104.52,105.43,104.47,105.26,6638
2010.09.28,00:00,105.33,106.31,105.33,105.99,9776
2010.09.29,00:00,106.15,106.26,105.35,105.57,6200
2010.09.30,00:00,105.36,105.57,104.04,105.50,10642
2010.10.01,00:00,104.20,105.12,103.98,104.58,9332
2010.10.04,00:00,104.60,104.91,104.40,104.87,5584
2010.10.05,00:00,104.70,104.80,103.92,104.26,6920
2010.10.06,00:00,104.93,106.09,104.86,105.55,7280
2010.10.07,00:00,105.16,105.37,104.67,104.68,5044
2010.10.08,00:00,104.93,105.44,104.21,104.24,6200
2010.10.11,00:00,104.13,104.42,103.93,104.26,3172
2010.10.12,00:00,104.41,104.75,103.17,103.20,6848
2010.10.13,00:00,102.32,103.09,102.04,103.09,6188
2010.10.14,00:00,103.21,103.64,101.46,101.49,11670
2010.10.15,00:00,100.65,101.04,99.88,100.30,10798
2010.10.18,00:00,101.13,101.44,100.77,101.18,6138
2010.10.19,00:00,100.59,102.07,100.54,101.71,7690
2010.10.20,00:00,101.39,102.27,101.20,101.85,6313
2010.10.21,00:00,101.61,101.88,100.68,100.69,7394
2010.10.22,00:00,100.48,101.45,100.47,101.36,5136
2010.10.25,00:00,102.09,102.28,101.54,101.66,5452
2010.10.26,00:00,100.87,101.05,100.04,100.04,6512
2010.10.27,00:00,99.62,100.16,99.22,99.24,8396
2010.10.28,00:00,99.54,99.82,99.15,99.47,6862
2010.10.29,00:00,99.83,100.45,99.61,100.38,6444
2010.11.01,00:00,100.73,100.75,99.48,99.68,4284
2010.11.02,00:00,100.46,101.08,100.44,100.93,2741
2010.11.03,00:00,101.67,102.19,98.42,98.92,22763
2010.11.04,00:00,99.15,99.86,99.07,99.66,6931
2010.11.05,00:00,98.34,98.79,97.99,98.02,9608
2010.11.08,00:00,98.58,98.91,97.81,98.44,6716
2010.11.09,00:00,98.47,98.50,96.19,96.24,14968
2010.11.10,00:00,96.35,96.73,94.99,96.35,19604
2010.11.11,00:00,96.43,96.62,96.13,96.31,3872
2010.11.12,00:00,96.19,96.73,95.81,95.82,11880
2010.11.15,00:00,95.32,95.70,93.84,93.84,14328
2010.11.16,00:00,94.91,96.24,93.98,96.13,15976
2010.11.17,00:00,95.94,96.75,95.33,95.61,9558
2010.11.18,00:00,95.63,95.97,94.79,95.97,10742
2010.11.19,00:00,96.08,96.56,95.78,96.56,5808
2010.11.22,00:00,97.36,97.61,96.24,96.99,8764
2010.11.23,00:00,97.65,97.93,97.23,97.47,9832
2010.11.24,00:00,96.83,96.98,95.57,95.73,10890
2010.11.26,00:00,96.72,97.09,96.54,97.00,3600
2010.11.29,00:00,97.55,97.93,97.08,97.87,7768
2010.11.30,00:00,99.21,99.25,98.10,98.40,11638
2010.12.01,00:00,96.61,97.10,95.88,95.88,13330
2010.12.02,00:00,95.95,96.53,95.53,95.63,8880
2010.12.03,00:00,96.29,96.32,94.85,94.87,10061
2010.12.06,00:00,95.50,96.24,95.31,96.23,6336
2010.12.07,00:00,94.70,94.91,93.15,94.15,16640
2010.12.08,00:00,93.72,93.79,92.11,93.26,20297
2010.12.09,00:00,93.62,94.26,92.73,93.69,18662
2010.12.10,00:00,93.29,93.85,93.13,93.15,7728
2010.12.13,00:00,93.02,94.02,92.56,93.45,11291
2010.12.14,00:00,92.37,93.01,91.43,92.13,19170
2010.12.15,00:00,92.09,92.23,90.46,90.95,19082
2010.12.16,00:00,91.02,91.57,90.56,91.56,14982
2010.12.17,00:00,91.87,93.76,91.85,93.21,12412
2010.12.20,00:00,93.78,94.21,92.63,93.14,10846
2010.12.21,00:00,93.13,93.76,92.48,93.74,8536
2010.12.22,00:00,93.44,93.54,92.92,93.12,4484
2010.12.23,00:00,93.19,93.22,92.53,92.88,5556
2010.12.27,00:00,92.77,93.87,92.29,93.77,5322
2010.12.28,00:00,92.93,93.06,91.30,91.59,12120
2010.12.29,00:00,91.73,93.51,91.46,93.15,12556
2010.12.30,00:00,92.87,93.27,92.40,93.09,7690
2010.12.31,00:00,93.48,94.37,93.43,94.35,4378
2011.01.03,00:00,93.17,94.30,92.94,93.42,11338
2011.01.04,00:00,93.39,93.75,92.90,93.50,10596
2011.01.05,00:00,92.48,92.68,91.18,91.46,14458
2011.01.06,00:00,91.52,92.11,91.15,91.84,9316
2011.01.07,00:00,91.49,92.62,91.02,92.32,11566
2011.01.10,00:00,92.57,92.98,92.17,92.84,8584
2011.01.11,00:00,92.47,92.59,91.68,92.29,8736
2011.01.12,00:00,91.73,92.16,91.44,91.62,10892
2011.01.13,00:00,91.59,92.76,91.44,92.42,13492
2011.01.14,00:00,92.77,92.89,91.75,91.81,7732
2011.01.18,00:00,91.28,91.70,90.72,91.41,10624
2011.01.19,00:00,91.40,92.05,91.35,92.04,7894
2011.01.20,00:00,91.47,91.60,90.38,90.83,14728
2011.01.21,00:00,90.72,91.50,90.50,91.50,9464
2011.01.24,00:00,91.83,91.89,91.37,91.54,8702
2011.01.25,00:00,91.91,92.89,91.31,92.40,13684
2011.01.26,00:00,92.21,92.24,90.88,91.02,15068
2011.01.27,00:00,91.08,91.64,90.66,91.42,10174
2011.01.28,00:00,90.83,92.27,90.77,91.89,12888
2011.01.31,00:00,91.66,91.96,91.04,91.21,10013
2011.02.01,00:00,90.54,90.82,90.13,90.46,9360
2011.02.02,00:00,90.81,90.99,89.89,90.47,12058
2011.02.03,00:00,89.96,90.56,89.70,89.71,11372
2011.02.04,00:00,89.48,89.64,88.76,88.84,13216
2011.02.07,00:00,88.68,89.29,88.56,89.25,7982
2011.02.08,00:00,89.30,89.53,88.35,88.45,8280
2011.02.09,00:00,88.68,89.64,88.13,89.21,12044
2011.02.10,00:00,88.88,89.13,88.26,88.38,9946
2011.02.11,00:00,89.02,89.50,88.73,89.44,9852
2011.02.14,00:00,89.33,89.91,89.32,89.51,6986
2011.02.15,00:00,89.55,89.96,89.36,89.87,6216
2011.02.16,00:00,89.86,90.30,89.33,89.62,8022
2011.02.17,00:00,90.03,90.17,89.65,89.74,6050
2011.02.18,00:00,89.42,89.54,89.07,89.50,6448
2011.02.22,00:00,89.91,90.92,89.71,90.83,9864
2011.02.23,00:00,90.90,91.54,90.73,91.16,11910
2011.02.24,00:00,91.61,92.03,91.43,91.73,11080
2011.02.25,00:00,91.76,92.27,91.63,92.25,7682
2011.02.28,00:00,92.28,92.51,92.07,92.40,6554
2011.03.01,00:00,91.48,92.39,91.46,92.39,7638
2011.03.02,00:00,91.81,91.98,90.94,90.95,7344
2011.03.03,00:00,90.49,90.77,89.97,90.06,9544
2011.03.04,00:00,90.08,90.84,89.99,90.81,8460
2011.03.07,00:00,89.89,90.85,89.85,90.22,7106
2011.03.08,00:00,90.06,90.32,89.65,89.67,7034
2011.03.09,00:00,90.09,90.81,89.84,90.54,7672
2011.03.10,00:00,90.83,92.09,90.63,92.07,10064
2011.03.11,00:00,92.00,92.07,91.32,91.55,8138
2011.03.14,00:00,91.48,91.91,91.31,91.48,6532
2011.03.15,00:00,92.87,93.04,92.35,92.85,11524
2011.03.16,00:00,93.33,94.91,93.07,93.89,22679
2011.03.17,00:00,93.24,93.60,92.75,93.22,9848
2011.03.18,00:00,92.72,93.47,92.69,93.43,7741
2011.03.21,00:00,93.12,93.15,92.56,92.92,9352
2011.03.22,00:00,92.82,93.28,92.73,93.21,6114
2011.03.23,00:00,93.81,93.84,92.92,93.10,6712
2011.03.24,00:00,92.80,92.87,92.38,92.40,7052
2011.03.25,00:00,92.88,92.95,92.02,92.18,5516
2011.03.28,00:00,92.11,92.66,91.99,92.29,4520
2011.03.29,00:00,91.99,92.49,91.56,91.58,6032
2011.03.30,00:00,91.69,92.30,91.55,92.28,4888
2011.03.31,00:00,92.64,92.71,91.60,92.13,8464
2011.04.01,00:00,91.48,92.26,91.41,92.18,7330
2011.04.04,00:00,92.19,92.57,92.12,92.28,3952
2011.04.05,00:00,92.14,92.37,91.66,91.92,7742
2011.04.06,00:00,91.78,91.78,90.54,90.54,7898
2011.04.07,00:00,90.53,90.75,90.12,90.35,9610
2011.04.08,00:00,89.95,90.30,89.84,89.88,6114
2011.04.11,00:00,89.82,90.21,89.64,89.93,5488
2011.04.12,00:00,90.59,91.23,90.55,90.90,6856
2011.04.13,00:00,90.52,91.49,90.43,91.47,7100
2011.04.14,00:00,91.52,91.76,91.21,91.43,7358
2011.04.15,00:00,92.26,92.70,92.06,92.61,8112
2011.04.18,00:00,91.99,93.09,91.45,92.86,11442
2011.04.19,00:00,92.84,93.27,92.75,93.26,5546
2011.04.20,00:00,93.07,93.25,92.60,92.66,5852
2011.04.21,00:00,92.88,93.22,92.55,92.57,3810
2011.04.25,00:00,92.62,92.96,92.49,92.95,3732
2011.04.26,00:00,93.25,93.86,93.17,93.84,6708
2011.04.27,00:00,93.44,93.56,92.74,92.88,8724
2011.04.28,00:00,93.22,93.59,92.96,93.58,6146
2011.04.29,00:00,93.49,93.91,93.34,93.87,5444
2011.05.02,00:00,93.31,93.67,93.16,93.61,2678
2011.05.03,00:00,93.94,94.16,93.57,94.15,3417
2011.05.04,00:00,94.30,94.69,94.26,94.57,3262
2011.05.05,00:00,94.91,95.62,94.80,95.45,3840
2011.05.06,00:00,94.51,95.48,94.34,95.06,4650
2011.05.09,00:00,94.89,95.19,94.83,94.96,2184
2011.05.10,00:00,94.70,94.88,94.28,94.30,2864
2011.05.11,00:00,94.29,95.08,94.17,94.81,3253
2011.05.12,00:00,94.94,95.10,93.90,94.23,3624
2011.05.13,00:00,94.60,95.48,94.52,95.06,3746
2011.05.16,00:00,95.03,95.78,94.75,95.58,2476
2011.05.17,00:00,96.01,96.59,95.97,96.56,4047
2011.05.18,00:00,96.29,96.38,95.27,95.27,3196
2011.05.19,00:00,94.48,95.31,94.47,95.30,3710
2011.05.20,00:00,95.00,95.40,94.71,95.32,2442
2011.05.23,00:00,95.74,96.18,95.58,95.74,2997
2011.05.24,00:00,95.66,96.13,95.45,96.12,2714
2011.05.25,00:00,96.11,96.27,95.53,95.68,3072
2011.05.26,00:00,95.99,96.54,95.88,96.49,3154
2011.05.27,00:00,96.13,96.50,95.87,96.46,1988
2011.05.31,00:00,96.18,96.75,96.08,96.69,2490
2011.06.01,00:00,96.91,97.71,96.88,97.63,4104
2011.06.02,00:00,96.50,96.90,95.77,95.80,4616
2011.06.03,00:00,96.58,96.59,95.56,96.32,3173
2011.06.06,00:00,95.44,95.98,95.20,95.60,2845
2011.06.07,00:00,95.21,96.05,95.11,96.04,2392
2011.06.08,00:00,96.27,96.83,96.16,96.78,3334
2011.06.09,00:00,97.07,97.32,95.92,96.41,4158
2011.06.10,00:00,96.91,97.38,96.79,97.11,3599
2011.06.13,00:00,96.73,97.28,96.63,96.63,2696
2011.06.14,00:00,95.73,95.89,95.12,95.18,3361
2011.06.15,00:00,95.37,96.93,95.37,96.91,4448
2011.06.16,00:00,97.09,97.52,96.80,97.35,5409
2011.06.17,00:00,96.84,97.13,96.63,96.89,3745
2011.06.20,00:00,97.33,97.33,96.57,97.01,2731
2011.06.21,00:00,96.69,97.02,96.26,96.61,2723
2011.06.22,00:00,96.97,97.05,96.40,96.60,3007
2011.06.23,00:00,97.24,97.73,97.14,97.37,4592
2011.06.24,00:00,97.35,97.68,96.98,96.99,3058
2011.06.27,00:00,96.84,96.84,95.54,95.67,3628
2011.06.28,00:00,95.48,95.67,94.71,94.89,4037
2011.06.29,00:00,94.93,95.19,94.01,94.24,4007
2011.06.30,00:00,94.21,94.30,93.14,94.10,4856
2011.07.01,00:00,94.14,94.22,93.35,93.59,3162
2011.07.05,00:00,94.02,94.16,93.68,93.82,2045
2011.07.06,00:00,94.18,94.44,93.83,94.28,2084
2011.07.07,00:00,93.79,94.13,93.54,94.04,2123
2011.07.08,00:00,94.84,95.60,94.82,95.35,3153
2011.07.11,00:00,96.03,96.78,95.74,96.76,2837
2011.07.12,00:00,97.27,97.28,96.55,97.12,3790
2011.07.13,00:00,96.71,97.42,96.10,97.38,4067
2011.07.14,00:00,96.60,97.11,96.00,96.01,4045
2011.07.15,00:00,95.28,96.19,95.23,96.15,3050
2011.07.18,00:00,96.05,96.16,95.19,95.23,2895
2011.07.19,00:00,95.31,97.26,95.16,97.23,3951
2011.07.20,00:00,96.71,96.83,95.86,96.06,2752
2011.07.21,00:00,95.22,95.85,94.89,95.34,4524
2011.07.22,00:00,95.69,96.08,95.52,96.04,2627
2011.07.25,00:00,94.95,96.04,94.82,95.03,4274
2011.07.26,00:00,95.26,95.86,95.23,95.64,3064
2011.07.27,00:00,95.34,95.83,95.09,95.67,4371
2011.07.28,00:00,96.10,96.30,95.70,96.00,3381
2011.07.29,00:00,96.86,98.52,96.77,97.89,6587
2011.08.01,00:00,97.38,98.93,97.34,98.56,5996
2011.08.02,00:00,99.20,101.56,98.88,101.51,7982
2011.08.03,00:00,101.55,103.41,101.35,101.74,9089
2011.08.04,00:00,102.37,105.36,102.26,105.36,12896
2011.08.05,00:00,103.42,105.49,102.27,102.32,17446
2011.08.08,00:00,103.16,105.78,102.94,105.53,16121
2011.08.09,00:00,105.01,109.36,103.87,105.85,21154
2011.08.10,00:00,107.64,109.06,106.93,109.01,21902
2011.08.11,00:00,107.33,107.80,103.19,103.58,23267
2011.08.12,00:00,104.43,105.65,104.06,105.56,9208
2011.08.15,00:00,104.93,105.47,104.46,104.51,5795
2011.08.16,00:00,104.66,106.63,104.62,106.25,9218
2011.08.17,00:00,106.31,108.09,105.77,108.06,7759
2011.08.18,00:00,110.09,112.12,109.27,110.29,14765
2011.08.19,00:00,110.65,111.39,110.22,111.23,10328
2011.08.22,00:00,110.44,111.24,110.38,110.88,7442
2011.08.23,00:00,109.78,111.15,109.34,109.40,8230
2011.08.24,00:00,109.28,109.40,106.14,106.31,8993
2011.08.25,00:00,106.69,107.89,106.35,107.43,7878
2011.08.26,00:00,108.69,109.26,107.33,108.51,9046
2011.08.29,00:00,106.69,107.39,106.59,107.01,3905
2011.08.30,00:00,108.40,109.14,108.24,108.71,5983
2011.08.31,00:00,108.80,108.95,107.02,107.05,7060
2011.09.01,00:00,107.51,108.95,106.07,108.92,7732
2011.09.02,00:00,111.38,112.56,110.65,112.49,9700
2011.09.06,00:00,114.39,114.91,113.38,113.64,8286
2011.09.07,00:00,112.27,112.36,111.30,111.51,7174
2011.09.08,00:00,112.29,112.62,111.33,112.48,7359
2011.09.09,00:00,112.52,114.17,112.20,113.75,9759
2011.09.12,00:00,113.53,114.24,113.09,113.82,6845
2011.09.13,00:00,113.42,113.58,112.10,112.22,6210
2011.09.14,00:00,111.95,113.34,111.81,113.15,8555
2011.09.15,00:00,111.98,112.48,111.42,111.45,5782
2011.09.16,00:00,111.30,112.58,111.24,112.22,5147
2011.09.19,00:00,114.19,115.18,114.11,114.35,7660
2011.09.20,00:00,114.37,114.86,114.04,114.86,4399
2011.09.21,00:00,114.63,118.78,114.33,118.63,12612
2011.09.22,00:00,121.38,123.86,121.22,123.10,16165
2011.09.23,00:00,123.11,123.35,120.82,120.88,12296
2011.09.26,00:00,120.11,120.56,118.57,118.86,8063
2011.09.27,00:00,116.71,117.29,116.25,117.06,7663
2011.09.28,00:00,116.89,117.10,115.75,117.05,8458
2011.09.29,00:00,117.61,118.81,117.08,117.82,8459
2011.09.30,00:00,119.99,120.90,118.98,120.78,8893
2011.10.03,00:00,121.86,123.79,121.10,123.74,10188
2011.10.04,00:00,124.35,125.00,122.18,122.26,12660
2011.10.05,00:00,121.65,121.77,120.65,121.36,9899
2011.10.06,00:00,120.61,121.00,119.11,119.14,7860
2011.10.07,00:00,117.72,119.04,116.84,118.24,8255
2011.10.10,00:00,116.90,116.90,115.79,116.55,3240
2011.10.11,00:00,117.28,117.35,115.89,116.19,4764
2011.10.12,00:00,114.61,115.11,113.47,114.52,8390
2011.10.13,00:00,115.04,116.54,114.95,115.59,7636
2011.10.14,00:00,113.87,114.60,113.60,113.94,5422
2011.10.17,00:00,114.29,115.95,114.21,115.88,5148
2011.10.18,00:00,116.09,116.81,114.29,115.11,7087
2011.10.19,00:00,114.56,115.73,114.15,115.15,5407
2011.10.20,00:00,114.44,115.66,114.06,114.32,6619
2011.10.21,00:00,113.84,114.19,113.12,113.13,7382
2011.10.24,00:00,113.92,114.07,113.04,113.30,5296
2011.10.25,00:00,113.37,116.34,113.34,116.15,7447
2011.10.26,00:00,115.38,116.19,114.06,114.16,9801
2011.10.27,00:00,112.54,112.84,109.81,110.26,11744
2011.10.28,00:00,110.92,111.95,110.75,111.37,6451
2011.10.31,00:00,113.60,115.87,113.45,115.83,17872
2011.11.01,00:00,118.70,119.48,117.16,119.45,29236
2011.11.02,00:00,116.63,118.35,116.41,117.99,20144
2011.11.03,00:00,116.29,117.33,115.98,116.35,13330
2011.11.04,00:00,115.68,117.04,115.52,116.45,10310
2011.11.07,00:00,116.63,118.34,116.31,117.23,7376
2011.11.08,00:00,116.72,117.53,115.49,115.71,5398
2011.11.09,00:00,118.27,119.12,117.06,118.12,7286
2011.11.10,00:00,116.73,117.60,115.20,116.38,7418
2011.11.11,00:00,115.80,116.16,115.49,115.62,2410
2011.11.14,00:00,116.38,117.58,116.20,117.46,4604
2011.11.15,00:00,117.68,118.45,116.71,117.36,5148
2011.11.16,00:00,117.93,118.41,117.17,118.41,4472
2011.11.17,00:00,118.08,120.15,118.03,119.33,7056
2011.11.18,00:00,119.17,119.54,118.31,119.33,5339
2011.11.21,00:00,120.38,120.72,119.90,120.03,5285
2011.11.22,00:00,120.34,121.40,119.84,121.36,5559
2011.11.23,00:00,121.15,123.04,121.02,122.56,6994
2011.11.25,00:00,121.79,121.86,120.73,120.79,2703
2011.11.28,00:00,118.62,121.14,118.57,120.72,5889
2011.11.29,00:00,120.05,120.91,119.07,119.74,5628
2011.11.30,00:00,118.34,118.55,117.25,117.85,6473
2011.12.01,00:00,116.29,117.23,115.80,116.97,6006
2011.12.02,00:00,116.63,118.67,116.55,118.67,5367
2011.12.05,00:00,116.98,118.82,116.87,118.43,5365
2011.12.06,00:00,117.84,118.28,116.76,117.26,5498
2011.12.07,00:00,117.32,118.23,116.84,117.65,5268
2011.12.08,00:00,117.71,119.32,117.40,119.15,6556
2011.12.09,00:00,119.04,119.12,116.62,116.72,6178
2011.12.12,00:00,117.90,118.48,117.60,117.98,4409
2011.12.13,00:00,117.27,119.62,117.15,119.11,6752
2011.12.14,00:00,119.80,121.36,119.48,121.35,7816
2011.12.15,00:00,120.62,121.31,120.36,120.91,5147
2011.12.16,00:00,121.36,122.61,121.28,122.31,6562
2011.12.19,00:00,122.30,124.00,122.25,123.86,6005
2011.12.20,00:00,122.61,122.64,120.60,120.76,7258
2011.12.21,00:00,120.62,120.82,119.06,119.09,6400
2011.12.22,00:00,120.02,120.41,119.34,119.60,4129
2011.12.23,00:00,118.56,118.70,117.73,118.24,4055
2011.12.27,00:00,117.93,118.43,117.61,118.43,2769
2011.12.28,00:00,118.74,121.04,118.73,120.63,5240
2011.12.29,00:00,120.47,121.08,120.05,120.86,3421
2011.12.30,00:00,121.10,121.75,120.88,121.24,4907
2012.01.03,00:00,119.41,120.19,118.92,119.43,5172
2012.01.04,00:00,119.25,119.27,117.67,118.00,5240
2012.01.05,00:00,118.16,119.09,117.56,117.80,4542
2012.01.06,00:00,117.74,118.95,117.73,118.71,4665
2012.01.09,00:00,118.46,119.53,118.29,118.51,3959
2012.01.10,00:00,117.73,118.86,117.67,118.31,4675
2012.01.11,00:00,119.00,120.05,118.97,119.83,4675
2012.01.12,00:00,119.94,120.18,119.23,119.68,5729
2012.01.13,00:00,121.08,121.63,120.80,120.87,6265
2012.01.17,00:00,120.94,121.62,120.82,121.44,3834
2012.01.18,00:00,121.53,121.60,119.90,119.91,3852
2012.01.19,00:00,119.35,119.55,117.91,118.33,5351
2012.01.20,00:00,117.68,117.95,116.96,116.99,4431
2012.01.23,00:00,116.12,116.63,115.54,116.24,5712
2012.01.24,00:00,116.70,116.70,115.77,116.42,3844
2012.01.25,00:00,116.04,118.52,115.88,116.17,11471
2012.01.26,00:00,116.70,117.70,116.58,117.68,5626
2012.01.27,00:00,117.82,118.32,117.00,118.10,4333
2012.01.30,00:00,119.83,120.38,119.33,119.47,6018
2012.01.31,00:00,119.23,120.90,119.18,120.86,5946
2012.02.01,00:00,119.74,119.89,118.80,119.14,5035
2012.02.02,00:00,118.95,119.47,118.63,119.11,3538
2012.02.03,00:00,116.46,116.79,115.96,116.57,5696
2012.02.06,00:00,116.68,117.79,116.34,117.74,3873
2012.02.07,00:00,116.64,116.87,115.76,116.26,4947
2012.02.08,00:00,116.21,116.78,115.97,116.35,4480
2012.02.09,00:00,115.85,116.03,114.61,115.48,6153
2012.02.10,00:00,116.79,117.32,116.51,116.96,4288
2012.02.13,00:00,116.59,117.36,116.43,117.13,3217
2012.02.14,00:00,117.44,118.27,117.22,117.74,4250
2012.02.15,00:00,117.65,118.25,117.48,117.54,4384
2012.02.16,00:00,117.24,117.58,116.12,116.61,6025
2012.02.17,00:00,115.80,116.60,115.75,116.59,4680
2012.02.21,00:00,115.78,115.91,114.94,115.28,4252
2012.02.22,00:00,115.86,116.75,115.80,116.72,4952
2012.02.23,00:00,116.15,117.21,115.92,116.73,3702
2012.02.24,00:00,117.21,117.57,116.94,117.49,3065
2012.02.27,00:00,118.49,118.84,118.11,118.55,4569
2012.02.28,00:00,118.85,119.13,117.93,118.14,3902
2012.02.29,00:00,118.34,118.41,116.96,117.43,8239
2012.03.01,00:00,116.16,116.67,115.53,116.08,7165
2012.03.02,00:00,116.58,117.47,116.54,117.12,4206
2012.03.05,00:00,116.96,117.43,116.23,116.26,4098
2012.03.06,00:00,117.44,118.10,117.43,117.58,4364
2012.03.07,00:00,117.45,117.60,116.80,116.91,3716
2012.03.08,00:00,116.29,116.56,115.63,115.75,4568
2012.03.09,00:00,115.45,115.98,114.89,115.94,4073
2012.03.12,00:00,116.36,116.51,115.86,115.96,5842
2012.03.13,00:00,115.35,115.40,113.88,113.90,15552
2012.03.14,00:00,112.55,112.74,110.94,111.05,22880
2012.03.15,00:00,111.08,111.72,110.93,111.19,12862
2012.03.16,00:00,110.47,111.43,110.19,111.42,15070
2012.03.19,00:00,111.34,111.47,109.68,110.12,15988
2012.03.20,00:00,110.39,110.86,109.84,110.53,11894
2012.03.21,00:00,110.84,111.88,110.80,111.79,11694
2012.03.22,00:00,112.25,112.36,111.86,112.14,9732
2012.03.23,00:00,112.66,113.38,112.65,113.20,9120
2012.03.26,00:00,112.80,113.00,111.79,112.65,4506
2012.03.27,00:00,112.77,113.68,112.70,113.43,4015
2012.03.28,00:00,112.88,113.93,112.84,113.29,5036
2012.03.29,00:00,114.01,114.18,113.57,114.13,4798
2012.03.30,00:00,114.20,114.26,112.18,112.19,5409
2012.04.02,00:00,112.99,113.29,112.19,112.54,5981
2012.04.03,00:00,113.01,113.43,110.56,110.60,8214
2012.04.04,00:00,111.75,112.11,111.40,112.07,5439
2012.04.05,00:00,113.02,113.06,112.32,112.89,2987
2012.04.09,00:00,115.53,115.76,115.23,115.54,5686
2012.04.10,00:00,115.94,117.28,115.77,116.86,7625
2012.04.11,00:00,115.70,116.05,115.34,115.47,4971
2012.04.12,00:00,115.66,115.74,114.81,114.99,4663
2012.04.13,00:00,116.14,116.89,116.11,116.83,4202
2012.04.16,00:00,116.69,117.59,116.56,116.67,4547
2012.04.17,00:00,116.52,116.82,116.24,116.60,3165
2012.04.18,00:00,117.03,117.11,116.72,116.90,2790
2012.04.19,00:00,117.25,117.46,117.01,117.05,3449
2012.04.20,00:00,116.56,117.12,116.32,117.06,2988
2012.04.23,00:00,118.09,118.39,117.79,117.91,2992
2012.04.24,00:00,117.58,117.75,117.07,117.11,2595
2012.04.25,00:00,116.41,117.31,115.68,116.50,5796
2012.04.26,00:00,117.42,117.45,116.58,117.18,3044
2012.04.27,00:00,117.01,117.35,116.78,117.30,2119
2012.04.30,00:00,117.56,117.74,117.18,117.29,2499
2012.05.01,00:00,117.42,117.60,116.06,116.42,3074
2012.05.02,00:00,117.21,117.31,116.79,117.26,1951
2012.05.03,00:00,116.61,117.36,116.55,117.22,2263
2012.05.04,00:00,117.47,118.18,117.39,118.12,3031
2012.05.07,00:00,118.33,118.45,118.01,118.16,2302
2012.05.08,00:00,118.70,119.50,118.65,118.78,3075
2012.05.09,00:00,119.45,119.56,118.44,118.87,3219
2012.05.10,00:00,118.00,118.61,117.43,118.51,3505
2012.05.11,00:00,119.49,119.59,118.95,119.47,2532
2012.05.14,00:00,120.91,121.28,120.59,121.16,3929
2012.05.15,00:00,121.08,121.72,120.81,121.65,3702
2012.05.16,00:00,120.96,122.17,120.71,122.00,4271
2012.05.17,00:00,122.02,124.27,122.01,124.16,7478
2012.05.18,00:00,123.25,124.43,123.10,124.19,5180
2012.05.21,00:00,123.89,124.44,123.61,123.94,4528
2012.05.22,00:00,122.75,122.87,122.06,122.55,4571
2012.05.23,00:00,123.55,124.51,123.36,123.38,5584
2012.05.24,00:00,123.22,123.49,122.74,122.93,4241
2012.05.25,00:00,123.44,123.53,123.13,123.37,2503
2012.05.29,00:00,123.40,123.80,122.99,122.99,3094
2012.05.30,00:00,125.31,126.31,125.29,126.09,6562
2012.05.31,00:00,127.01,129.07,126.66,127.58,13071
2012.06.01,00:00,128.87,130.37,128.52,130.31,10122
2012.06.04,00:00,129.30,130.17,128.93,129.33,6469
2012.06.05,00:00,128.54,128.63,127.58,127.61,6598
2012.06.06,00:00,127.55,127.57,125.04,125.06,10059
2012.06.07,00:00,124.64,125.73,124.38,125.23,8635
2012.06.08,00:00,126.74,126.94,124.56,125.17,6207
2012.06.11,00:00,124.78,126.20,124.76,125.77,6327
2012.06.12,00:00,124.95,125.62,124.49,124.64,6151
2012.06.13,00:00,124.86,126.26,124.37,125.88,6186
2012.06.14,00:00,125.94,126.27,125.18,125.68,6005
2012.06.15,00:00,126.57,126.84,126.13,126.38,5152
2012.06.18,00:00,127.14,127.33,126.25,127.08,4886
2012.06.19,00:00,126.27,126.36,125.32,125.37,4884
2012.06.20,00:00,124.55,126.50,124.08,126.04,11153
2012.06.21,00:00,125.94,127.24,125.88,126.65,6182
2012.06.22,00:00,125.86,126.21,125.00,125.02,4315
2012.06.25,00:00,126.35,127.01,126.26,126.82,3534
2012.06.26,00:00,126.10,126.94,125.93,126.35,3653
2012.06.27,00:00,126.52,126.78,126.02,126.54,3386
2012.06.28,00:00,127.29,127.47,126.78,126.83,3371
2012.06.29,00:00,125.01,125.62,124.62,125.18,5553
2012.07.02,00:00,125.44,127.20,125.36,126.23,5332
2012.07.03,00:00,125.94,125.99,125.20,125.29,2537
2012.07.05,00:00,125.34,126.31,125.24,125.89,3674
2012.07.06,00:00,126.68,127.20,126.60,127.01,3261
2012.07.09,00:00,127.37,128.25,127.10,128.15,3658
2012.07.10,00:00,127.87,128.73,127.71,128.43,3068
2012.07.11,00:00,128.61,129.46,128.25,128.57,4846
2012.07.12,00:00,129.03,129.55,128.90,129.45,3541
2012.07.13,00:00,129.21,129.23,128.59,129.17,3122
2012.07.16,00:00,130.29,130.60,129.60,129.77,3671
2012.07.17,00:00,129.23,129.81,128.63,128.77,3991
2012.07.18,00:00,129.26,129.33,128.78,128.82,2627
2012.07.19,00:00,128.46,129.09,128.10,128.45,3718
2012.07.20,00:00,129.59,130.29,129.41,130.02,3549
2012.07.23,00:00,131.32,131.43,130.50,130.78,3647
2012.07.24,00:00,130.35,132.03,130.27,131.80,3893
2012.07.25,00:00,131.62,132.21,131.47,131.93,2946
2012.07.26,00:00,131.52,131.77,130.89,130.89,3836
2012.07.27,00:00,129.90,130.00,126.95,128.53,9172
2012.07.30,00:00,128.38,129.47,128.24,129.40,4066
2012.07.31,00:00,129.80,129.87,128.57,129.67,5185
2012.08.01,00:00,128.52,129.73,128.14,128.79,5912
2012.08.02,00:00,129.57,130.68,129.12,129.49,5219
2012.08.03,00:00,127.82,128.02,126.76,127.41,5167
2012.08.06,00:00,127.66,128.13,127.36,127.46,2375
2012.08.07,00:00,125.95,126.12,125.42,125.82,3714
2012.08.08,00:00,126.16,126.38,125.04,125.18,4655
2012.08.09,00:00,124.74,125.29,123.75,125.07,4873
2012.08.10,00:00,126.17,126.31,125.59,125.67,2885
2012.08.13,00:00,126.10,126.37,125.48,125.48,2371
2012.08.14,00:00,123.94,124.40,123.74,123.78,4010
2012.08.15,00:00,123.01,123.19,121.89,122.06,5171
2012.08.16,00:00,122.20,122.49,120.51,121.01,6899
2012.08.17,00:00,121.37,122.11,121.31,121.62,3221
2012.08.20,00:00,121.54,122.18,121.49,121.84,2620
2012.08.21,00:00,121.42,122.43,120.65,122.36,3999
2012.08.22,00:00,123.56,124.50,123.20,124.39,5165
2012.08.23,00:00,124.74,125.13,124.64,124.93,3333
2012.08.24,00:00,125.46,125.55,124.66,124.83,2977
2012.08.27,00:00,125.33,125.79,125.26,125.50,2550
2012.08.28,00:00,125.78,126.35,125.58,125.81,2366
2012.08.29,00:00,125.60,125.60,124.94,125.28,2879
2012.08.30,00:00,126.26,126.43,125.72,125.91,2259
2012.08.31,00:00,125.77,127.71,125.72,127.67,5577
2012.09.03,00:00,127.68,127.68,127.68,127.68,1
2012.09.04,00:00,126.88,127.62,126.75,127.31,3485
2012.09.05,00:00,126.82,127.18,126.54,126.72,2250
2012.09.06,00:00,125.52,125.52,124.55,124.59,3421
2012.09.07,00:00,126.11,126.16,123.91,124.03,4743
2012.09.10,00:00,123.68,124.32,123.50,124.30,3238
2012.09.11,00:00,124.02,124.09,123.28,123.55,2741
2012.09.12,00:00,122.19,122.40,121.67,122.00,3909
2012.09.13,00:00,122.42,123.08,120.26,121.55,9152
2012.09.14,00:00,119.75,119.84,118.06,118.28,10085
2012.09.17,00:00,118.86,119.89,118.79,119.70,4180
2012.09.18,00:00,120.68,120.89,119.95,120.31,3890
2012.09.19,00:00,121.37,121.37,120.60,121.08,3792
2012.09.20,00:00,122.17,122.31,120.97,121.40,3267
2012.09.21,00:00,120.74,121.63,120.66,121.57,2649
2012.09.24,00:00,122.24,122.69,122.17,122.48,2482
2012.09.25,00:00,122.79,123.73,122.12,123.70,3592
2012.09.26,00:00,124.54,125.08,124.44,125.03,4350
2012.09.27,00:00,124.51,124.79,123.76,124.16,3540
2012.09.28,00:00,124.74,125.23,123.80,124.21,5043
2012.10.01,00:00,123.96,124.46,123.37,124.37,3993
2012.10.02,00:00,123.83,124.51,123.80,124.24,2631
2012.10.03,00:00,123.84,124.29,123.61,124.29,2822
2012.10.04,00:00,123.45,123.79,122.56,122.73,4021
2012.10.05,00:00,121.51,121.67,120.91,121.14,3916
2012.10.08,00:00,121.97,122.26,121.68,122.22,1147
2012.10.09,00:00,121.47,122.18,121.37,121.71,2230
2012.10.10,00:00,121.47,122.95,121.25,122.79,2713
2012.10.11,00:00,121.92,123.54,121.88,123.40,3686
2012.10.12,00:00,124.09,124.77,123.80,123.95,3416
2012.10.15,00:00,123.77,124.13,123.42,123.70,2382
2012.10.16,00:00,122.91,122.93,122.11,122.22,2572
2012.10.17,00:00,121.14,121.25,120.56,120.84,3469
2012.10.18,00:00,121.12,121.51,119.86,119.91,4111
2012.10.19,00:00,120.33,121.79,120.27,121.67,3813
2012.10.22,00:00,121.42,121.83,120.93,120.95,3063
2012.10.23,00:00,122.10,122.72,122.01,122.68,3163
2012.10.24,00:00,121.90,122.28,121.47,121.47,3524
2012.10.25,00:00,120.53,121.53,120.32,120.85,3432
2012.10.26,00:00,121.47,122.64,121.26,122.63,3186
2012.10.31,00:00,122.67,123.69,122.62,123.35,3546
2012.11.01,00:00,122.75,122.87,122.08,122.34,2610
2012.11.02,00:00,121.29,122.30,121.23,122.23,2627
2012.11.05,00:00,122.81,123.24,122.78,122.94,1842
2012.11.06,00:00,122.46,122.85,121.77,121.79,2339
2012.11.07,00:00,123.93,124.52,123.75,123.99,4487
2012.11.08,00:00,123.80,125.85,123.42,125.84,4490
2012.11.09,00:00,125.60,125.96,125.17,125.93,3508
2012.11.12,00:00,125.83,126.37,125.79,126.17,1241
2012.11.13,00:00,126.77,126.81,125.98,126.61,2145
2012.11.14,00:00,125.68,126.78,125.59,126.66,2557
2012.11.15,00:00,126.10,127.01,125.99,126.49,2795
2012.11.16,00:00,126.35,127.18,126.27,126.39,2947
2012.11.19,00:00,125.45,125.80,125.29,125.65,2092
2012.11.20,00:00,125.47,125.66,124.37,124.41,2246
2012.11.21,00:00,124.22,124.41,124.02,124.31,1724
2012.11.23,00:00,124.29,124.44,124.10,124.18,783
2012.11.26,00:00,125.15,125.51,124.74,124.79,1511
2012.11.27,00:00,124.93,125.38,124.69,125.25,1737
2012.11.28,00:00,126.03,126.19,125.08,125.10,2453
2012.11.29,00:00,124.91,125.43,124.65,125.11,2001
2012.11.30,00:00,125.50,125.53,124.70,124.80,2380
2012.12.03,00:00,123.71,124.78,123.61,124.64,2408
2012.12.04,00:00,124.99,125.40,124.83,125.36,1639
2012.12.05,00:00,125.39,125.80,125.16,125.32,1511
2012.12.06,00:00,125.82,126.07,125.50,125.55,1583
2012.12.07,00:00,124.43,124.94,124.33,124.42,2572
2012.12.10,00:00,124.95,125.07,124.53,124.98,1118
2012.12.11,00:00,124.22,124.30,123.82,124.00,1581
2012.12.12,00:00,123.82,124.33,122.56,122.58,4202
2012.12.13,00:00,122.24,123.17,122.12,122.65,3659
2012.12.14,00:00,123.19,123.70,123.07,123.58,1896
2012.12.17,00:00,123.51,123.51,121.70,121.75,2940
2012.12.18,00:00,121.41,121.77,119.89,120.49,4988
2012.12.19,00:00,120.96,121.64,120.71,120.93,2802
2012.12.20,00:00,121.28,121.63,120.61,120.92,2790
2012.12.21,00:00,122.30,122.42,121.94,122.21,2804
2012.12.24,00:00,121.99,122.03,121.86,121.92,536
2012.12.26,00:00,121.94,122.20,121.80,122.17,1148
2012.12.27,00:00,121.92,123.28,121.82,122.56,2750
2012.12.28,00:00,123.16,123.33,122.77,123.30,2392
2012.12.31,00:00,122.86,122.96,122.08,122.22,1379
2013.01.02,00:00,119.75,119.89,119.40,119.56,3638
2013.01.03,00:00,119.37,119.48,117.89,117.93,5164
2013.01.04,00:00,117.65,118.43,117.35,118.39,4832
2013.01.07,00:00,118.34,118.72,117.99,118.42,2367
2013.01.08,00:00,119.04,119.28,118.81,119.22,1979
2013.01.09,00:00,119.24,119.53,118.86,119.09,2234
2013.01.10,00:00,118.57,119.29,118.35,118.77,2996
2013.01.11,00:00,118.49,119.85,118.34,119.84,2121
2013.01.14,00:00,120.03,120.27,119.47,119.52,1714
2013.01.15,00:00,120.55,120.69,119.97,119.99,1992
2013.01.16,00:00,120.58,120.67,120.00,120.42,2303
2013.01.17,00:00,119.32,119.54,118.74,119.21,2811
2013.01.18,00:00,119.58,120.07,119.45,119.96,2211
2013.01.22,00:00,119.49,120.29,119.38,120.26,1850
2013.01.23,00:00,120.33,120.57,119.94,120.09,1470
2013.01.24,00:00,119.86,119.96,119.25,119.65,2547
2013.01.25,00:00,118.44,118.59,117.77,118.05,3630
2013.01.28,00:00,117.04,117.69,116.99,117.60,2717
2013.01.29,00:00,117.61,118.07,116.86,116.96,2560
2013.01.30,00:00,116.62,116.93,116.15,116.75,4168
2013.01.31,00:00,117.04,117.31,116.54,117.27,2932
2013.02.01,00:00,117.54,117.84,115.50,115.53,5001
2013.02.04,00:00,116.58,117.27,116.41,117.01,4096
2013.02.05,00:00,116.22,116.43,115.85,115.97,3111
2013.02.06,00:00,116.52,116.96,116.04,116.91,3649
2013.02.07,00:00,116.76,117.58,116.61,116.63,3636
2013.02.08,00:00,116.79,117.15,116.22,117.09,2924
2013.02.11,00:00,117.04,117.37,116.91,117.03,2489
2013.02.12,00:00,116.65,117.01,116.45,116.72,2240
2013.02.13,00:00,115.76,116.26,115.54,115.78,4298
2013.02.14,00:00,116.24,117.03,115.98,116.82,3507
2013.02.15,00:00,116.65,116.74,116.06,116.48,3138
2013.02.19,00:00,116.86,116.92,115.83,115.92,2685
2013.02.20,00:00,115.62,116.36,115.56,116.26,3815
2013.02.21,00:00,116.82,117.30,116.73,116.93,4114
2013.02.22,00:00,116.97,117.33,116.87,117.03,2637
2013.02.25,00:00,116.34,119.34,116.28,119.33,5203
2013.02.26,00:00,118.63,119.67,118.58,118.62,4173
2013.02.27,00:00,119.60,119.60,117.99,118.30,2889
2013.02.28,00:00,118.42,118.64,117.97,118.51,2813
2013.03.01,00:00,118.85,119.20,118.53,118.89,2945
2013.03.04,00:00,118.78,118.96,118.25,118.27,2565
2013.03.05,00:00,118.08,118.19,117.67,117.92,2454
2013.03.06,00:00,117.11,117.49,116.84,116.85,2401
2013.03.07,00:00,116.40,116.50,115.90,115.93,2580
2013.03.08,00:00,114.82,115.35,114.61,114.80,3312
2013.03.11,00:00,115.11,115.22,114.73,114.84,2224
2013.03.12,00:00,115.23,115.78,115.21,115.67,2815
2013.03.13,00:00,115.14,115.73,115.02,115.56,2728
2013.03.14,00:00,115.04,115.64,114.97,115.21,3485
2013.03.15,00:00,115.32,115.87,115.20,115.74,3170
2013.03.18,00:00,116.82,116.87,116.14,116.63,3287
2013.03.19,00:00,116.76,117.88,116.69,117.42,4160
2013.03.20,00:00,116.65,116.98,116.07,116.10,3451
2013.03.21,00:00,116.89,117.24,116.52,117.22,2648
2013.03.22,00:00,117.33,117.49,116.76,117.32,2822
2013.03.25,00:00,116.76,117.77,116.66,117.22,2993
2013.03.26,00:00,116.82,117.61,116.77,117.33,2403
2013.03.27,00:00,118.29,118.76,118.17,118.35,3073
2013.03.28,00:00,118.14,118.44,117.67,117.77,2568
2013.04.01,00:00,117.51,118.41,117.48,118.35,2286
2013.04.02,00:00,118.06,118.13,117.74,117.92,2214
2013.04.03,00:00,118.30,119.28,118.24,118.96,3201
2013.04.04,00:00,119.55,120.40,119.46,120.37,3269
2013.04.05,00:00,122.87,123.42,122.62,122.81,5193
2013.04.08,00:00,122.66,122.86,121.77,121.88,2919
2013.04.09,00:00,122.00,122.23,121.37,121.56,2573
2013.04.10,00:00,120.59,120.65,119.89,119.90,3387
2013.04.11,00:00,120.17,120.48,119.88,120.13,2871
2013.04.12,00:00,121.31,121.93,120.89,121.92,3739
2013.04.15,00:00,122.12,123.02,121.86,122.97,4998
2013.04.16,00:00,121.91,122.51,121.87,121.97,2592
2013.04.17,00:00,122.29,123.52,122.29,122.77,4344
2013.04.18,00:00,122.80,123.21,122.59,123.07,3309
2013.04.19,00:00,122.93,122.97,122.62,122.82,2242
2013.04.22,00:00,122.84,123.28,122.66,122.88,2241
2013.04.23,00:00,123.27,123.78,122.37,122.48,3448
2013.04.24,00:00,122.46,122.81,122.29,122.79,1786
2013.04.25,00:00,122.25,122.36,122.09,122.29,2155
2013.04.26,00:00,123.19,123.50,123.00,123.38,2183
2013.04.29,00:00,123.57,123.72,122.75,122.94,2082
2013.04.30,00:00,123.27,123.68,122.66,123.00,2358
2013.05.01,00:00,123.43,124.25,123.42,124.00,4169
2013.05.02,00:00,123.56,123.96,123.50,123.85,2162
2013.05.03,00:00,122.15,122.17,120.82,120.89,4221
2013.05.06,00:00,121.13,121.25,120.31,120.62,2803
2013.05.07,00:00,120.16,120.49,120.04,120.19,2150
2013.05.08,00:00,120.26,120.82,120.16,120.34,2458
2013.05.09,00:00,120.50,121.31,119.97,120.00,3348
2013.05.10,00:00,119.75,119.78,117.84,118.78,4610
2013.05.13,00:00,117.87,118.18,117.62,117.83,2672
2013.05.14,00:00,118.39,118.43,116.53,116.57,3543
2013.05.15,00:00,117.56,117.71,116.41,117.33,4332
2013.05.16,00:00,117.95,118.93,117.93,118.54,2869
2013.05.17,00:00,117.92,118.14,116.97,117.06,3596
2013.05.20,00:00,117.62,117.66,116.78,116.91,3023
2013.05.21,00:00,116.92,117.86,116.41,117.82,3433
2013.05.22,00:00,118.05,118.53,115.79,116.09,10804
2013.05.23,00:00,117.18,117.23,115.76,116.63,5092
2013.05.24,00:00,116.94,117.41,116.71,116.77,3471
2013.05.28,00:00,116.08,116.26,113.81,113.84,6893
2013.05.29,00:00,114.64,115.18,114.45,115.10,6202
2013.05.30,00:00,115.24,115.36,114.52,114.81,4416
2013.05.31,00:00,114.94,115.01,113.16,114.49,8514
2013.06.03,00:00,113.77,115.48,113.69,114.78,6787
2013.06.04,00:00,114.01,114.48,113.65,113.72,3955
2013.06.05,00:00,114.29,115.30,114.12,115.26,4459
2013.06.06,00:00,114.88,116.77,114.40,115.21,5975
2013.06.07,00:00,114.23,114.82,113.20,113.25,5733
2013.06.10,00:00,112.69,113.11,112.37,112.62,4776
2013.06.11,00:00,112.25,113.91,112.11,113.90,6171
2013.06.12,00:00,112.97,113.82,112.26,112.33,5929
2013.06.13,00:00,113.08,114.16,112.88,114.02,6695
2013.06.14,00:00,114.09,114.65,113.82,113.84,3816
2013.06.17,00:00,114.01,114.07,112.99,113.19,3791
2013.06.18,00:00,112.80,113.67,112.71,113.29,3901
2013.06.19,00:00,113.72,113.77,111.61,112.18,9913
2013.06.20,00:00,110.72,111.20,109.27,110.28,11695
2013.06.21,00:00,110.14,110.40,108.36,108.40,11745
2013.06.24,00:00,107.84,109.38,107.75,108.80,10170
2013.06.25,00:00,108.90,109.01,107.86,107.89,6003
2013.06.26,00:00,108.96,109.04,108.03,108.55,6365
2013.06.27,00:00,109.53,109.96,108.94,109.65,5723
2013.06.28,00:00,109.04,110.47,108.71,110.42,5647
2013.07.01,00:00,109.72,110.49,109.42,110.39,3428
2013.07.02,00:00,110.49,110.79,110.24,110.34,2793
2013.07.03,00:00,110.30,110.64,109.95,110.20,2755
2013.07.05,00:00,107.23,107.49,106.16,106.26,6154
2013.07.08,00:00,107.06,107.55,106.94,107.26,3113
2013.07.09,00:00,107.48,107.61,107.06,107.40,2497
2013.07.10,00:00,107.38,107.38,106.29,106.54,4574
2013.07.11,00:00,107.44,107.86,106.93,107.79,3739
2013.07.12,00:00,108.33,108.46,107.33,107.71,2617
2013.07.15,00:00,107.79,108.31,107.69,108.26,1670
2013.07.16,00:00,108.42,108.75,108.26,108.65,1557
2013.07.17,00:00,109.18,109.35,108.65,108.86,2627
2013.07.18,00:00,108.60,108.66,107.47,107.52,3525
2013.07.19,00:00,108.29,109.20,108.25,109.17,2763
2013.07.22,00:00,109.35,109.68,109.12,109.33,1835
2013.07.23,00:00,108.66,108.99,108.31,108.90,2093
2013.07.24,00:00,107.65,107.88,106.78,107.52,3569
2013.07.25,00:00,106.96,107.59,106.80,107.48,3020
2013.07.26,00:00,108.03,108.27,107.63,108.07,2664
2013.07.29,00:00,107.66,107.81,107.06,107.33,2314
2013.07.30,00:00,107.70,107.75,107.04,107.28,2064
2013.07.31,00:00,105.99,107.91,105.84,107.68,4784
2013.08.01,00:00,106.41,106.45,104.99,105.35,5037
2013.08.02,00:00,105.99,106.60,105.97,106.50,3548
2013.08.05,00:00,106.18,106.24,105.53,105.72,2856
2013.08.06,00:00,105.53,106.00,105.33,105.99,1687
2013.08.07,00:00,106.16,106.93,106.16,106.75,2626
2013.08.08,00:00,106.98,107.59,106.78,107.06,2888
2013.08.09,00:00,106.59,107.26,106.47,107.24,2061
2013.08.12,00:00,107.60,107.62,106.46,106.50,2566
2013.08.13,00:00,105.30,105.35,104.79,105.00,4193
2013.08.14,00:00,104.93,105.35,104.86,105.13,2454
2013.08.15,00:00,104.06,104.62,103.68,103.74,5352
2013.08.16,00:00,103.95,103.96,102.66,103.34,5052
2013.08.19,00:00,102.92,103.00,102.20,102.48,3899
2013.08.20,00:00,102.88,103.35,102.84,103.23,3309
2013.08.21,00:00,102.76,103.19,102.10,102.13,6367
2013.08.22,00:00,102.44,103.22,102.23,103.18,3624
2013.08.23,00:00,103.00,104.38,102.74,104.26,5876
2013.08.26,00:00,104.52,104.85,104.29,104.79,2446
2013.08.27,00:00,105.25,106.21,105.00,106.09,3911
2013.08.28,00:00,105.41,105.53,104.90,105.23,3428
2013.08.29,00:00,104.84,106.27,104.75,106.07,3108
2013.08.30,00:00,105.98,106.64,105.70,105.95,4631
2013.09.03,00:00,104.55,104.63,103.47,104.16,4838
2013.09.04,00:00,104.40,104.61,103.91,103.97,2622
2013.09.05,00:00,103.43,103.56,102.49,102.51,4677
2013.09.06,00:00,103.21,103.78,102.77,103.00,4054
2013.09.09,00:00,103.76,103.77,103.04,103.07,2575
2013.09.10,00:00,102.69,103.30,102.32,102.36,3474
2013.09.11,00:00,102.88,103.27,102.15,103.23,3882
2013.09.12,00:00,103.81,103.96,103.02,103.11,3099
2013.09.13,00:00,103.47,103.79,103.19,103.51,2617
2013.09.16,00:00,104.29,104.37,102.81,102.82,3591
2013.09.17,00:00,103.33,103.70,102.93,103.68,2956
2013.09.18,00:00,103.59,105.51,102.94,104.93,7385
2013.09.19,00:00,105.01,105.05,104.12,104.32,3977
2013.09.20,00:00,104.65,105.14,104.41,104.91,3124
2013.09.23,00:00,105.17,105.69,105.07,105.65,3360
2013.09.24,00:00,105.95,106.80,105.81,106.78,3638
2013.09.25,00:00,106.50,107.24,106.35,107.01,3758
2013.09.26,00:00,106.44,106.58,106.15,106.26,2814
2013.09.27,00:00,106.25,106.78,106.21,106.50,2594
2013.09.30,00:00,106.70,106.86,106.14,106.35,3187
2013.10.01,00:00,105.86,105.99,105.49,105.78,3191
2013.10.02,00:00,105.89,106.44,105.72,105.91,2982
2013.10.03,00:00,105.70,106.37,105.66,105.75,3431
2013.10.04,00:00,105.63,105.74,105.31,105.70,2521
2013.10.07,00:00,106.16,106.32,105.94,106.10,2375
2013.10.08,00:00,105.95,106.47,105.79,106.13,2805
2013.10.09,00:00,105.83,105.90,105.26,105.29,3381
2013.10.10,00:00,104.76,105.49,104.47,105.46,3924
2013.10.11,00:00,106.08,106.19,105.37,105.42,2919
2013.10.14,00:00,105.35,105.60,104.29,104.57,2375
2013.10.15,00:00,105.11,105.26,104.49,104.50,3400
2013.10.16,00:00,104.43,105.82,104.23,105.80,4235
2013.10.17,00:00,106.48,107.08,106.25,106.75,4037
2013.10.18,00:00,107.07,107.44,106.94,106.99,3059
2013.10.21,00:00,106.86,106.87,106.42,106.67,2475
2013.10.22,00:00,107.56,108.08,107.52,107.84,3256
2013.10.23,00:00,108.03,108.69,108.00,108.26,2789
2013.10.24,00:00,108.57,108.62,107.83,107.85,2441
2013.10.25,00:00,108.08,108.41,108.04,108.25,1731
2013.10.28,00:00,107.97,108.34,107.88,107.88,1917
2013.10.29,00:00,107.58,108.02,107.52,108.02,2078
2013.10.30,00:00,107.90,108.17,107.17,107.37,3580
2013.10.31,00:00,107.87,107.97,107.10,107.60,3313
2013.11.01,00:00,106.93,106.96,106.10,106.15,3187
2013.11.04,00:00,106.43,106.63,106.21,106.33,976
2013.11.05,00:00,105.75,105.79,104.96,104.96,2800
2013.11.06,00:00,104.90,105.10,104.65,105.03,2304
2013.11.07,00:00,105.01,105.98,104.93,105.90,2799
2013.11.08,00:00,103.93,104.07,103.35,103.42,4466
2013.11.11,00:00,103.49,103.54,102.92,102.95,1706
2013.11.12,00:00,103.17,103.55,103.14,103.45,2012
2013.11.13,00:00,103.82,104.00,103.70,103.82,2639
2013.11.14,00:00,104.27,105.08,104.11,104.50,3504
2013.11.15,00:00,104.60,104.70,104.27,104.69,1725
2013.11.18,00:00,104.61,105.37,104.61,105.30,2137
2013.11.19,00:00,104.93,105.10,104.37,104.53,2219
2013.11.20,00:00,104.37,104.80,102.61,102.77,4886
2013.11.21,00:00,102.47,103.15,102.12,102.90,3598
2013.11.22,00:00,103.45,104.09,103.45,103.87,2331
2013.11.25,00:00,103.80,104.38,103.80,104.17,1800
2013.11.26,00:00,104.45,104.89,104.44,104.54,2775
2013.11.27,00:00,104.64,104.66,103.92,104.39,2632
2013.11.29,00:00,104.04,104.56,103.91,104.41,1623
2013.12.02,00:00,103.76,103.86,103.18,103.29,3022
2013.12.03,00:00,103.66,103.92,103.42,103.63,2209
2013.12.04,00:00,102.71,103.01,102.34,102.70,3540
2013.12.05,00:00,102.44,102.81,102.18,102.41,2915
2013.12.06,00:00,102.52,102.95,102.32,102.84,3291
2013.12.09,00:00,102.86,103.19,102.79,103.11,2154
2013.12.10,00:00,103.80,103.91,103.41,103.83,2485
2013.12.11,00:00,103.52,103.73,102.98,103.08,2887
2013.12.12,00:00,103.01,103.12,102.59,102.67,2614
2013.12.13,00:00,103.10,103.26,102.75,103.15,2085
2013.12.16,00:00,103.54,103.65,102.69,102.82,2269
2013.12.17,00:00,102.55,103.36,102.55,103.25,2317
2013.12.18,00:00,102.80,103.68,102.42,102.75,5520
2013.12.19,00:00,102.82,102.97,102.41,102.64,3044
2013.12.20,00:00,103.68,104.25,103.26,104.19,3702
2013.12.23,00:00,104.01,104.37,103.62,103.63,2346
2013.12.24,00:00,103.19,103.31,102.89,102.92,999
2013.12.26,00:00,102.31,102.32,101.97,102.06,1908
2013.12.27,00:00,102.03,102.27,101.65,101.76,1823
2013.12.30,00:00,102.12,102.54,102.04,102.44,1899
2013.12.31,00:00,102.25,102.51,101.89,102.02,1023
2014.01.02,00:00,101.68,102.35,101.65,102.16,2918
2014.01.03,00:00,101.77,102.41,101.72,102.14,1718
2014.01.06,00:00,102.34,102.96,102.33,102.55,2416
2014.01.07,00:00,102.77,102.95,102.52,102.81,1580
2014.01.08,00:00,102.41,102.65,102.07,102.57,3011
2014.01.09,00:00,102.93,103.17,102.47,103.13,3122
2014.01.10,00:00,103.73,104.50,103.65,104.35,4160
2014.01.13,00:00,104.47,105.10,104.43,104.87,3035
2014.01.14,00:00,104.61,104.79,104.35,104.39,2436
2014.01.15,00:00,104.00,104.47,103.89,104.32,2724
2014.01.16,00:00,104.81,105.03,104.68,104.98,2311
2014.01.17,00:00,104.82,105.47,104.75,105.44,3344
2014.01.21,00:00,105.41,105.70,105.36,105.50,1848
2014.01.22,00:00,105.33,105.71,105.20,105.28,1763
2014.01.23,00:00,105.84,107.05,105.84,106.74,3915
2014.01.24,00:00,107.14,107.45,106.95,107.42,4253
2014.01.27,00:00,107.18,107.56,106.66,106.67,3442
2014.01.28,00:00,106.86,106.95,106.51,106.95,2246
2014.01.29,00:00,107.33,108.11,106.97,107.82,5056
2014.01.30,00:00,107.43,107.63,107.07,107.55,2532
2014.01.31,00:00,108.16,108.37,107.81,108.22,4008
2014.02.03,00:00,107.75,109.30,107.57,109.27,5642
2014.02.04,00:00,108.48,108.63,107.93,108.15,3374
2014.02.05,00:00,107.65,107.74,106.97,107.15,3568
2014.02.06,00:00,106.92,106.98,106.48,106.68,1790
2014.02.07,00:00,106.42,107.18,106.40,106.75,2581
2014.02.10,00:00,106.57,107.08,106.53,107.03,1503
2014.02.11,00:00,106.57,106.65,106.12,106.43,2575
2014.02.12,00:00,106.13,106.17,105.58,105.90,2352
2014.02.13,00:00,106.55,106.69,106.26,106.51,2007
2014.02.14,00:00,106.53,106.59,106.23,106.51,1925
2014.02.17,00:00,106.57,106.57,106.57,106.57,1
2014.02.18,00:00,106.62,107.16,106.58,106.75,1783
2014.02.19,00:00,107.14,107.14,106.26,106.36,2275
2014.02.20,00:00,106.28,106.59,105.65,106.10,2119
2014.02.21,00:00,105.92,106.64,105.91,106.62,1854
2014.02.24,00:00,106.66,106.70,106.13,106.33,1354
2014.02.25,00:00,106.87,107.32,106.85,107.30,1867
2014.02.26,00:00,107.27,107.88,107.20,107.86,2499
2014.02.27,00:00,108.24,108.52,108.06,108.45,2211
2014.02.28,00:00,108.24,108.70,107.74,108.57,2852
2014.03.03,00:00,108.84,109.14,108.60,108.99,4314
2014.03.04,00:00,108.31,108.31,107.32,107.36,2924
2014.03.05,00:00,107.30,107.74,107.16,107.57,2064
2014.03.06,00:00,106.72,106.93,106.49,106.51,2404
2014.03.07,00:00,105.60,106.13,105.56,105.85,2607
2014.03.10,00:00,105.90,106.07,105.74,105.98,1503
2014.03.11,00:00,105.91,106.30,105.74,106.26,1518
2014.03.12,00:00,106.91,107.22,106.74,107.00,2456
2014.03.13,00:00,106.66,108.49,106.61,108.47,3958
2014.03.14,00:00,108.93,108.93,108.28,108.48,2872
2014.03.17,00:00,108.14,108.26,107.63,107.66,1973
2014.03.18,00:00,107.64,108.11,107.56,108.06,1799
2014.03.19,00:00,107.88,107.94,106.77,107.21,4631
2014.03.20,00:00,107.05,107.59,106.95,107.05,2364
2014.03.21,00:00,107.37,108.28,107.33,108.17,2567
2014.03.24,00:00,108.01,109.05,107.91,108.96,3081
2014.03.25,00:00,108.37,108.78,108.16,108.55,2235
2014.03.26,00:00,108.51,109.43,108.44,109.39,2680
2014.03.27,00:00,109.60,110.35,109.38,109.93,3764
2014.03.28,00:00,109.82,109.85,108.98,109.32,2485
2014.03.31,00:00,108.70,109.24,108.31,109.10,2776
2014.04.01,00:00,108.22,108.32,107.81,107.81,2812
2014.04.02,00:00,107.35,107.50,107.13,107.23,2289
2014.04.03,00:00,107.45,107.90,107.40,107.69,1784
2014.04.04,00:00,107.83,108.65,107.81,108.41,3222
2014.04.07,00:00,108.58,109.25,108.56,109.07,2683
2014.04.08,00:00,108.99,109.43,108.68,109.33,2077
2014.04.09,00:00,108.83,109.31,108.60,108.80,2532
2014.04.10,00:00,108.88,110.18,108.86,109.79,4054
2014.04.11,00:00,110.50,110.75,110.09,110.68,3679
2014.04.14,00:00,110.43,110.66,110.26,110.40,2022
2014.04.15,00:00,110.57,111.46,110.31,111.09,3624
2014.04.16,00:00,110.39,111.23,110.34,111.22,2372
2014.04.17,00:00,111.33,111.41,109.66,110.00,3141
2014.04.21,00:00,110.33,110.58,109.80,109.92,1200
2014.04.22,00:00,109.62,110.45,109.57,110.29,2119
2014.04.23,00:00,110.56,111.01,110.49,110.91,2256
2014.04.24,00:00,110.41,111.17,110.41,111.11,2399
2014.04.25,00:00,111.45,111.95,111.28,111.28,2486
2014.04.28,00:00,111.00,111.24,110.51,110.76,2918
2014.04.29,00:00,110.13,110.69,110.00,110.62,2153
2014.04.30,00:00,110.68,111.22,110.35,111.03,2636
2014.05.01,00:00,110.84,112.04,110.80,111.86,3418
2014.05.02,00:00,111.50,113.06,111.26,112.64,4905
2014.05.05,00:00,112.73,112.77,111.85,111.98,2429
2014.05.06,00:00,112.07,112.66,112.00,112.44,2608
2014.05.07,00:00,112.27,112.53,111.90,112.03,3923
2014.05.08,00:00,112.30,112.72,111.42,111.59,4089
2014.05.09,00:00,111.49,111.77,110.94,111.22,2666
2014.05.12,00:00,110.97,111.09,110.50,110.78,2255
2014.05.13,00:00,111.40,111.71,111.29,111.70,2222
2014.05.14,00:00,112.59,113.19,112.52,112.91,3612
2014.05.15,00:00,113.73,114.37,113.56,113.80,4960
2014.05.16,00:00,113.57,113.96,113.38,113.48,2296
2014.05.19,00:00,113.88,113.92,112.58,112.67,2910
2014.05.20,00:00,112.56,113.44,112.56,112.90,2891
2014.05.21,00:00,112.18,112.36,111.83,112.24,3098
2014.05.22,00:00,112.19,112.36,111.75,112.07,2199
2014.05.23,00:00,112.48,112.87,112.41,112.64,1652
2014.05.27,00:00,112.81,113.36,112.36,113.33,2036
2014.05.28,00:00,114.06,114.80,114.05,114.71,3303
2014.05.29,00:00,114.83,115.15,114.09,114.11,3609
2014.05.30,00:00,113.92,114.35,113.77,114.05,2644
2014.06.02,00:00,113.00,113.64,112.51,112.93,3487
2014.06.03,00:00,112.37,112.50,111.47,111.53,3535
2014.06.04,00:00,111.71,111.78,111.24,111.50,2674
2014.06.05,00:00,111.09,111.93,110.98,111.58,2869
2014.06.06,00:00,112.09,112.36,111.45,111.55,2728
2014.06.09,00:00,111.41,111.60,111.16,111.42,1994
2014.06.10,00:00,111.00,111.23,110.79,110.98,2491
2014.06.11,00:00,111.19,111.50,110.81,111.18,2389
2014.06.12,00:00,111.26,112.31,110.96,112.15,3597
2014.06.13,00:00,111.53,112.58,111.49,112.12,2549
2014.06.16,00:00,112.17,112.59,112.06,112.40,1997
2014.06.17,00:00,112.03,112.05,111.44,111.51,2508
2014.06.18,00:00,111.76,112.72,111.52,112.36,4744
2014.06.19,00:00,112.48,112.52,110.70,110.92,4981
2014.06.20,00:00,110.93,111.75,110.86,111.73,2531
2014.06.23,00:00,112.08,112.14,111.37,111.42,1982
2014.06.24,00:00,112.11,112.61,111.78,112.57,2936
2014.06.25,00:00,113.06,113.32,112.65,112.82,2233
2014.06.26,00:00,113.17,113.76,113.17,113.35,2549
2014.06.27,00:00,113.64,113.78,113.13,113.19,2218
2014.06.30,00:00,113.52,113.76,113.05,113.49,2347
2014.07.01,00:00,112.46,112.70,112.16,112.25,2525
2014.07.02,00:00,111.59,111.63,110.93,111.05,2702
2014.07.03,00:00,110.34,110.82,110.30,110.64,2057
2014.07.07,00:00,111.23,111.77,111.22,111.45,1649
2014.07.08,00:00,112.20,112.82,112.20,112.70,1848
2014.07.09,00:00,112.62,113.10,112.34,112.79,2486
2014.07.10,00:00,113.53,113.62,112.78,112.81,2813
2014.07.11,00:00,113.31,113.64,113.24,113.53,1781
2014.07.14,00:00,113.24,113.37,112.89,113.06,1305
2014.07.15,00:00,112.79,113.43,112.46,112.82,3007
2014.07.16,00:00,112.96,113.54,112.90,113.45,1660
2014.07.17,00:00,114.19,115.01,113.90,114.88,3229
2014.07.18,00:00,114.84,114.92,114.07,114.51,2205
2014.07.21,00:00,114.97,115.59,114.97,115.05,2100
2014.07.22,00:00,115.08,115.42,114.61,115.32,1793
2014.07.23,00:00,115.47,115.59,115.13,115.14,1389
2014.07.24,00:00,114.48,114.54,114.21,114.28,1958
2014.07.25,00:00,115.30,115.64,115.12,115.62,2178
2014.07.28,00:00,115.55,115.85,115.08,115.46,1920
2014.07.29,00:00,115.83,116.03,115.38,115.86,2196
2014.07.30,00:00,115.11,115.34,114.13,114.26,4329
2014.07.31,00:00,113.49,114.54,113.43,113.94,4301
2014.08.01,00:00,113.54,114.83,113.15,114.54,4536
2014.08.04,00:00,114.49,114.77,114.22,114.24,1955
2014.08.05,00:00,114.02,114.76,113.64,114.59,2921
2014.08.06,00:00,115.39,115.42,114.56,114.64,2569
2014.08.07,00:00,114.80,115.71,114.53,115.69,3014
2014.08.08,00:00,115.89,116.38,115.34,115.48,3510
2014.08.11,00:00,115.61,115.78,115.25,115.49,1916
2014.08.12,00:00,115.37,115.40,114.70,114.73,2306
2014.08.13,00:00,114.83,115.48,114.74,115.46,2516
2014.08.14,00:00,115.89,116.46,115.35,116.39,3201
2014.08.15,00:00,116.67,118.32,116.67,117.66,6779
2014.08.18,00:00,117.17,117.26,116.35,116.49,2670
2014.08.19,00:00,117.04,117.11,115.94,116.15,2126
2014.08.20,00:00,116.00,116.07,115.54,115.91,2524
2014.08.21,00:00,116.03,116.72,115.98,116.59,2148
2014.08.22,00:00,116.70,117.39,116.17,117.28,3745
2014.08.25,00:00,117.41,117.74,117.17,117.68,2195
2014.08.26,00:00,117.91,117.95,117.17,117.31,2066
2014.08.27,00:00,117.66,118.37,117.36,118.28,2326
2014.08.28,00:00,119.09,119.33,118.63,118.95,3006
2014.08.29,00:00,118.88,119.39,118.71,119.01,2736
2014.09.02,00:00,117.24,117.34,116.66,116.71,3114
2014.09.03,00:00,116.36,117.33,116.27,117.32,2501
2014.09.04,00:00,116.58,116.84,115.89,115.95,3663
2014.09.05,00:00,116.40,116.56,115.40,115.69,2870
2014.09.08,00:00,116.37,116.59,115.41,115.69,2798
2014.09.09,00:00,115.45,115.85,115.41,115.64,1897
2014.09.10,00:00,114.93,115.08,114.75,114.94,3002
2014.09.11,00:00,115.22,115.50,114.53,114.57,3477
2014.09.12,00:00,113.65,113.88,113.18,113.36,3891
2014.09.15,00:00,113.81,114.03,113.32,113.51,2147
2014.09.16,00:00,113.56,113.82,113.04,113.07,2860
2014.09.17,00:00,113.49,113.78,112.69,112.74,5016
2014.09.18,00:00,113.14,113.44,112.81,113.13,2491
2014.09.19,00:00,113.54,114.64,113.16,114.53,3256
2014.09.22,00:00,114.62,115.00,114.40,114.68,2682
2014.09.23,00:00,114.87,115.43,114.73,115.39,2266
2014.09.24,00:00,115.25,115.51,114.60,114.77,2336
2014.09.25,00:00,115.27,116.14,115.27,116.12,3574
2014.09.26,00:00,115.98,116.25,115.58,115.97,2881
2014.09.29,00:00,116.96,117.13,116.62,116.88,2565
2014.09.30,00:00,116.62,117.00,116.09,116.22,2845
2014.10.01,00:00,116.85,118.22,116.79,118.17,4609
2014.10.02,00:00,117.79,118.16,117.10,117.16,3712
2014.10.03,00:00,116.96,117.73,116.79,117.67,3240
2014.10.06,00:00,117.58,118.15,117.32,117.70,2454
2014.10.07,00:00,118.27,119.39,118.14,119.32,3577
2014.10.08,00:00,119.41,119.48,118.47,119.34,5201
2014.10.09,00:00,119.23,119.63,118.74,118.84,4242
2014.10.10,00:00,119.48,120.04,119.27,120.03,3484
2014.10.13,00:00,120.12,121.13,120.01,120.76,3109
2014.10.14,00:00,121.28,121.74,120.64,121.48,4344
2014.10.15,00:00,124.54,127.61,121.80,122.48,22708
2014.10.16,00:00,124.06,124.07,121.40,121.74,11704
2014.10.17,00:00,121.15,121.67,120.44,121.11,5012
2014.10.20,00:00,121.74,121.81,120.90,121.47,4088
2014.10.21,00:00,120.80,121.20,120.49,120.52,3157
2014.10.22,00:00,120.43,120.81,120.18,120.62,3505
2014.10.23,00:00,120.00,120.14,119.02,119.57,4150
2014.10.24,00:00,119.89,120.36,119.43,119.68,3258
2014.10.27,00:00,119.85,120.22,119.62,119.87,2507
2014.10.28,00:00,119.44,119.61,119.04,119.18,2957
2014.10.29,00:00,118.92,119.78,118.38,119.41,5286
2014.10.30,00:00,120.28,120.42,119.47,119.51,3110
2014.10.31,00:00,119.32,119.67,118.79,119.20,3463
2014.11.03,00:00,118.86,119.12,118.18,118.95,4089
2014.11.04,00:00,119.38,119.87,119.04,119.26,2880
2014.11.05,00:00,118.87,119.33,118.78,119.16,2218
2014.11.06,00:00,118.59,118.89,118.27,118.38,2894
2014.11.07,00:00,118.68,119.71,118.64,119.70,3327
2014.11.10,00:00,119.54,119.54,118.52,118.58,2408
2014.11.11,00:00,118.44,118.77,118.30,118.71,967
2014.11.12,00:00,119.16,119.49,118.41,118.58,2198
2014.11.13,00:00,118.66,119.14,118.40,118.86,2440
2014.11.14,00:00,118.79,119.55,118.64,119.42,2296
2014.11.17,00:00,119.74,119.75,118.84,119.20,2316
2014.11.18,00:00,119.28,119.54,119.12,119.46,1547
2014.11.19,00:00,118.84,119.54,118.72,118.75,2749
2014.11.20,00:00,119.86,119.91,119.02,119.32,2862
2014.11.21,00:00,119.53,120.12,119.48,120.08,1949
2014.11.24,00:00,119.63,120.23,119.51,120.16,2029
2014.11.25,00:00,120.33,121.23,120.28,121.13,2841
2014.11.26,00:00,121.60,121.82,121.43,121.45,2268
2014.11.28,00:00,122.09,122.63,122.09,122.54,1568
2014.12.01,00:00,122.66,122.77,121.42,121.48,3518
2014.12.02,00:00,120.78,120.81,120.25,120.28,2778
2014.12.03,00:00,120.26,120.75,120.09,120.75,2365
2014.12.04,00:00,120.71,121.74,120.58,121.72,2168
2014.12.05,00:00,121.53,121.55,120.48,121.11,3209
2014.12.08,00:00,121.40,122.79,121.10,122.49,2666
2014.12.09,00:00,123.56,123.93,122.92,123.16,3706
2014.12.10,00:00,123.14,124.36,123.04,124.09,3669
2014.12.11,00:00,123.70,124.45,123.25,124.43,4095
2014.12.12,00:00,125.41,126.31,124.98,126.23,4983
2014.12.15,00:00,125.60,126.66,125.39,126.06,5796
2014.12.16,00:00,127.31,127.68,126.32,127.53,5233
2014.12.17,00:00,126.87,127.15,125.66,126.46,9064
2014.12.18,00:00,124.88,125.05,124.26,124.47,3096
2014.12.19,00:00,124.55,125.88,124.40,125.84,2708
2014.12.22,00:00,125.41,126.16,125.28,126.07,1951
2014.12.23,00:00,125.43,125.56,123.46,123.47,2524
2014.12.24,00:00,123.00,124.01,122.90,124.01,1099
2014.12.26,00:00,124.51,124.55,123.99,124.36,973
2014.12.29,00:00,124.87,125.63,124.77,125.36,1701
2014.12.30,00:00,125.96,126.18,125.50,125.64,1559
2014.12.31,00:00,125.67,126.13,125.65,125.96,1420
2015.01.02,00:00,126.25,127.62,126.11,127.25,4023
2015.01.05,00:00,127.97,129.59,127.93,129.27,3973
2015.01.06,00:00,130.65,132.45,130.16,131.59,7623
2015.01.07,00:00,130.68,131.93,130.14,131.33,5946
2015.01.08,00:00,130.29,130.33,129.39,129.61,3957
2015.01.09,00:00,129.14,131.06,129.03,131.06,5982
2015.01.12,00:00,130.95,132.27,130.89,131.78,5447
2015.01.13,00:00,131.35,132.57,131.11,131.80,6323
2015.01.14,00:00,133.67,134.08,132.67,132.75,6597
2015.01.15,00:00,132.81,134.99,132.66,134.86,7988
2015.01.16,00:00,134.28,134.63,133.00,133.13,7372
2015.01.20,00:00,134.13,135.08,134.05,134.90,5556
2015.01.21,00:00,135.18,135.54,132.92,133.38,7442
2015.01.22,00:00,133.94,134.14,132.26,132.89,7937
2015.01.23,00:00,134.24,135.08,134.12,134.66,5686
2015.01.26,00:00,134.79,135.15,134.02,134.32,4008
2015.01.27,00:00,135.75,136.09,134.12,134.50,4620
2015.01.28,00:00,134.68,137.35,134.68,136.69,7579
2015.01.29,00:00,136.03,136.63,135.43,135.86,5844
2015.01.30,00:00,137.70,138.47,137.17,138.25,6269
2015.02.02,00:00,136.64,137.88,136.63,137.46,5629
2015.02.03,00:00,135.61,135.75,134.34,134.54,4428
2015.02.04,00:00,133.41,134.95,133.09,134.72,5942
2015.02.05,00:00,133.97,134.18,133.08,133.34,5191
2015.02.06,00:00,132.01,132.31,130.56,130.97,6447
2015.02.09,00:00,131.92,131.92,130.74,130.74,4436
2015.02.10,00:00,130.10,130.43,129.41,129.70,4065
2015.02.11,00:00,129.62,130.24,128.93,129.89,4744
2015.02.12,00:00,129.60,130.50,129.42,129.47,4442
2015.02.13,00:00,129.49,129.49,128.06,128.12,3833
2015.02.17,00:00,127.73,127.90,125.90,126.25,6064
2015.02.18,00:00,126.81,127.69,126.45,126.89,5918
2015.02.19,00:00,126.73,127.41,126.14,126.18,4256
2015.02.20,00:00,127.03,127.97,125.97,126.56,7411
2015.02.23,00:00,127.17,128.13,127.12,127.85,3192
2015.02.24,00:00,127.62,129.74,127.15,129.60,6347
2015.02.25,00:00,129.40,130.35,129.05,130.18,4741
2015.02.26,00:00,129.63,130.26,128.37,128.42,4667
2015.02.27,00:00,129.00,129.58,128.24,129.47,5306
2015.03.02,00:00,128.87,129.04,126.91,126.98,6305
2015.03.03,00:00,126.87,127.28,126.35,126.39,6749
2015.03.04,00:00,126.75,126.97,126.13,126.34,6370
2015.03.05,00:00,126.49,126.84,125.87,126.55,4225
2015.03.06,00:00,124.88,124.89,122.93,123.59,8577
2015.03.09,00:00,124.66,124.83,124.09,124.61,4601
2015.03.10,00:00,126.01,126.40,125.73,126.24,4841
2015.03.11,00:00,126.19,127.40,126.08,127.18,4251
2015.03.12,00:00,128.13,128.13,126.68,127.08,7498
2015.03.13,00:00,126.79,127.54,126.45,126.67,4003
2015.03.16,00:00,127.88,128.11,127.23,127.89,3579
2015.03.17,00:00,128.55,129.05,128.24,128.93,3833
2015.03.18,00:00,129.88,131.46,128.70,131.45,6842
2015.03.19,00:00,131.17,131.57,130.23,130.80,6310
2015.03.20,00:00,131.20,131.65,131.10,131.48,3403
2015.03.23,00:00,131.66,131.70,130.96,131.33,3151
2015.03.24,00:00,131.80,132.59,131.43,132.57,3884
2015.03.25,00:00,132.68,132.71,131.42,131.44,1691
2015.03.26,00:00,130.97,131.00,129.14,129.45,4099
2015.03.27,00:00,129.96,131.08,129.96,130.97,3438
2015.03.30,00:00,130.84,130.96,130.05,130.34,2751
2015.03.31,00:00,130.16,130.91,129.88,130.65,2744
2015.04.01,00:00,131.33,132.43,131.27,132.09,3591
2015.04.02,00:00,131.89,131.93,130.57,130.73,2524
2015.04.06,00:00,131.41,131.43,129.68,130.00,1982
2015.04.07,00:00,130.14,131.17,129.80,131.02,2191
2015.04.08,00:00,130.99,131.31,129.98,131.03,3563
2015.04.09,00:00,130.86,130.86,129.09,129.40,3458
2015.04.10,00:00,130.27,130.40,129.50,129.57,2290
2015.04.13,00:00,129.47,129.93,129.34,129.77,2046
2015.04.14,00:00,131.30,131.82,130.43,130.65,2519
2015.04.15,00:00,131.00,131.23,130.28,130.57,2421
2015.04.16,00:00,130.73,130.81,129.37,129.91,3171
2015.04.17,00:00,129.72,131.65,129.66,131.38,3449
2015.04.20,00:00,130.90,130.96,129.89,130.25,2123
2015.04.21,00:00,130.23,130.41,129.52,129.67,2670
2015.04.22,00:00,129.46,129.49,127.50,127.66,3634
2015.04.23,00:00,127.77,128.81,127.57,128.23,3397
2015.04.24,00:00,128.61,129.38,128.54,129.01,2679
2015.04.27,00:00,129.00,129.46,128.33,129.02,2341
2015.04.28,00:00,128.12,128.70,127.23,127.24,3837
2015.04.29,00:00,125.82,126.40,125.25,125.70,5574
2015.04.30,00:00,124.98,126.13,124.49,125.97,5553
2015.05.01,00:00,124.65,125.00,123.66,124.00,3187
2015.05.04,00:00,124.27,124.48,122.69,122.81,3265
2015.05.05,00:00,122.83,122.99,121.65,122.64,5224
2015.05.06,00:00,122.01,122.02,120.34,120.55,4954
2015.05.07,00:00,121.46,122.54,121.32,122.13,4894
2015.05.08,00:00,123.34,123.50,122.27,122.53,4208
2015.05.11,00:00,121.59,121.62,119.47,119.48,4169
2015.05.12,00:00,119.13,120.60,118.80,119.77,5081
2015.05.13,00:00,120.65,120.66,118.60,118.82,6374
2015.05.14,00:00,118.90,119.78,118.65,119.14,5272
2015.05.15,00:00,120.35,121.87,120.25,121.51,3632
2015.05.18,00:00,120.26,120.39,119.45,119.56,2384
2015.05.19,00:00,118.20,119.81,118.10,118.48,3248
2015.05.20,00:00,118.70,119.41,118.14,118.66,4272
2015.05.21,00:00,119.54,120.57,119.42,120.30,3396
2015.05.22,00:00,120.61,120.71,119.76,120.34,2210
2015.05.26,00:00,120.79,122.52,120.71,122.38,2958
2015.05.27,00:00,122.16,122.83,121.57,122.70,2613
2015.05.28,00:00,122.44,122.99,122.19,122.41,3441
2015.05.29,00:00,123.16,123.53,122.49,122.68,2537
2015.06.01,00:00,122.05,122.34,120.67,121.10,3949
2015.06.02,00:00,120.17,120.22,119.08,119.40,2873
2015.06.03,00:00,118.32,118.56,117.16,117.51,5181
2015.06.04,00:00,118.23,119.25,118.12,118.96,4104
2015.06.05,00:00,117.82,118.53,117.35,117.57,4547
2015.06.08,00:00,117.92,118.13,117.34,117.42,2799
2015.06.09,00:00,117.00,117.09,116.08,116.52,3751
2015.06.10,00:00,115.89,116.09,115.22,115.50,4002
2015.06.11,00:00,116.54,117.93,116.21,117.85,4385
2015.06.12,00:00,117.58,119.03,117.51,117.92,4302
2015.06.15,00:00,118.88,119.02,117.71,118.08,3626
2015.06.16,00:00,118.58,119.03,117.91,119.03,2998
2015.06.17,00:00,118.47,118.59,117.23,118.13,6012
2015.06.18,00:00,117.33,117.70,116.72,117.54,5122
2015.06.19,00:00,118.47,119.15,118.46,119.02,2843
2015.06.22,00:00,117.76,118.09,116.56,116.65,3530
2015.06.23,00:00,115.69,116.92,115.69,115.92,3195
2015.06.24,00:00,116.50,117.13,116.12,116.89,3179
2015.06.25,00:00,116.54,117.04,116.16,116.49,4197
2015.06.26,00:00,115.63,115.83,114.85,115.22,3443
2015.06.29,00:00,116.96,118.63,116.43,118.13,5480
2015.06.30,00:00,117.39,118.67,117.30,117.50,5840
2015.07.01,00:00,115.81,116.32,115.39,115.59,3923
2015.07.02,00:00,116.31,116.63,115.85,116.03,2898
2015.07.06,00:00,118.03,118.61,117.04,118.09,3952
2015.07.07,00:00,119.62,120.45,118.92,119.24,5619
2015.07.08,00:00,119.97,120.53,119.47,120.27,4925
2015.07.09,00:00,118.66,119.08,117.81,117.90,3978
2015.07.10,00:00,115.99,116.68,115.72,116.04,4324
2015.07.13,00:00,115.37,116.42,115.36,115.65,3337
2015.07.14,00:00,115.99,116.24,115.63,116.03,2612
2015.07.15,00:00,116.09,117.51,116.01,117.23,3558
2015.07.16,00:00,116.92,118.13,116.84,118.10,3035
2015.07.17,00:00,118.35,118.85,118.32,118.66,2342
2015.07.20,00:00,118.26,118.61,117.86,118.21,2775
2015.07.21,00:00,117.67,118.87,117.63,118.83,2613
2015.07.22,00:00,118.98,119.86,118.91,119.56,2684
2015.07.23,00:00,119.58,121.16,119.41,121.06,3311
2015.07.24,00:00,121.49,121.50,120.88,121.37,3341
2015.07.27,00:00,122.13,122.25,121.45,122.02,2812
2015.07.28,00:00,121.12,121.53,120.87,121.11,2902
2015.07.29,00:00,121.03,121.14,120.37,120.67,3267
2015.07.30,00:00,121.19,121.90,121.12,121.59,3165
2015.07.31,00:00,122.47,122.86,122.03,122.53,3267
2015.08.03,00:00,122.31,123.71,122.31,123.55,2923
2015.08.04,00:00,123.11,123.28,122.43,122.56,2623
2015.08.05,00:00,121.70,121.88,121.15,121.63,3354
2015.08.06,00:00,121.98,122.84,121.98,122.64,2173
2015.08.07,00:00,123.30,124.46,123.21,124.28,2497
2015.08.10,00:00,123.37,123.53,122.49,122.77,2198
2015.08.11,00:00,124.29,125.09,124.12,124.68,2895
2015.08.12,00:00,124.89,125.67,123.97,124.02,3939
2015.08.13,00:00,123.76,124.39,123.19,123.63,3600
2015.08.14,00:00,123.41,124.33,123.17,123.94,2524
2015.08.17,00:00,124.66,125.06,124.36,124.46,2388
2015.08.18,00:00,123.76,124.25,123.35,123.50,2068
2015.08.19,00:00,123.00,124.90,122.97,124.69,4682
2015.08.20,00:00,125.35,126.06,125.15,125.97,3662
2015.08.21,00:00,126.08,126.71,125.55,126.34,4747
2015.08.24,00:00,128.38,128.89,125.78,126.32,9901
2015.08.25,00:00,124.52,124.75,123.52,124.33,7377
2015.08.26,00:00,122.90,123.47,121.33,121.87,8064
2015.08.27,00:00,121.82,122.83,121.62,121.98,5542
2015.08.28,00:00,123.12,123.43,122.20,122.26,5319
2015.08.31,00:00,123.30,123.44,121.31,121.40,4273
2015.09.01,00:00,121.58,122.06,120.95,121.95,4892
2015.09.02,00:00,121.38,121.94,120.83,120.94,3697
2015.09.03,00:00,121.36,121.64,120.68,121.52,3495
2015.09.04,00:00,122.38,122.89,121.78,122.63,3875
2015.09.08,00:00,121.31,121.52,120.72,120.85,2584
2015.09.09,00:00,119.61,121.67,119.52,121.37,3217
2015.09.10,00:00,120.95,121.16,120.42,120.60,3820
2015.09.11,00:00,121.44,122.04,121.30,121.33,2961
2015.09.14,00:00,121.93,122.11,121.25,121.53,2217
2015.09.15,00:00,120.86,121.01,119.08,119.24,3304
2015.09.16,00:00,118.95,119.40,118.51,118.76,2674
2015.09.17,00:00,118.82,120.30,118.69,120.26,5238
2015.09.18,00:00,121.18,122.16,121.10,122.00,3394
2015.09.21,00:00,120.98,121.07,119.75,120.12,3188
2015.09.22,00:00,121.39,122.36,121.10,121.71,3492
2015.09.23,00:00,121.56,122.03,120.96,121.73,3145
2015.09.24,00:00,123.15,123.64,122.46,122.56,4116
2015.09.25,00:00,121.65,121.89,121.23,121.51,3902
2015.09.28,00:00,122.19,123.73,122.15,123.55,4439
2015.09.29,00:00,123.47,124.25,123.21,123.94,5046
2015.09.30,00:00,123.37,123.76,123.09,123.52,4220
2015.10.01,00:00,124.02,124.48,123.62,123.77,4258
2015.10.02,00:00,125.58,126.17,124.14,124.49,5016
2015.10.05,00:00,123.67,123.80,122.74,122.89,3118
2015.10.06,00:00,122.54,123.56,122.38,123.38,3553
2015.10.07,00:00,122.71,123.29,122.48,122.99,3167
2015.10.08,00:00,123.27,123.33,121.63,121.97,3925
2015.10.09,00:00,121.94,122.61,121.87,122.25,3209
2015.10.12,00:00,122.98,123.39,122.88,123.18,659
2015.10.13,00:00,123.53,123.56,122.77,123.35,2770
2015.10.14,00:00,123.67,124.51,123.26,124.42,3701
