2008.05.23,00:00,261.78,271.70,261.78,270.33,3173
2008.05.26,00:00,268.20,276.30,268.20,275.50,3716
2008.05.27,00:00,277.19,281.30,269.61,272.40,4388
2008.05.28,00:00,269.05,276.00,266.00,275.55,3167
2008.05.29,00:00,278.50,287.07,278.20,282.15,4085
2008.05.30,00:00,280.50,286.69,278.28,285.77,3309
2008.06.02,00:00,287.98,291.32,284.57,288.80,3278
2008.06.03,00:00,287.51,287.60,283.12,284.80,2854
2008.06.04,00:00,280.89,283.00,270.10,273.48,3889
2008.06.05,00:00,269.00,277.77,268.00,273.54,3400
2008.06.06,00:00,279.10,284.93,279.10,282.03,3870
2008.06.07,00:00,280.01,281.70,277.30,278.70,2455
2008.06.09,00:00,280.97,281.83,273.00,279.51,3492
2008.06.10,00:00,278.80,278.80,272.55,275.65,3310
2008.06.11,00:00,276.52,281.78,276.22,279.21,3123
2008.06.16,00:00,278.75,281.71,277.70,279.32,2123
2008.06.17,00:00,278.75,285.40,277.12,283.25,2006
2008.06.18,00:00,282.20,286.58,281.00,282.20,2029
2008.06.19,00:00,278.30,283.40,278.30,280.42,2271
2008.06.20,00:00,278.89,280.11,275.70,276.74,2252
2008.06.23,00:00,276.50,277.04,267.01,268.71,2975
2008.06.24,00:00,269.15,271.74,263.25,265.10,3154
2008.06.25,00:00,265.50,266.67,260.50,263.27,2333
2008.06.26,00:00,263.51,266.22,259.53,263.62,2827
2008.06.27,00:00,260.50,274.70,258.00,273.42,3383
2008.06.30,00:00,274.90,276.72,266.83,272.55,3126
2008.07.01,00:00,270.11,272.33,261.24,263.20,3108
2008.07.02,00:00,265.07,269.40,262.46,264.80,2566
2008.07.03,00:00,262.24,266.38,259.00,264.20,2593
2008.07.04,00:00,265.59,265.61,255.02,255.20,2781
2008.07.07,00:00,256.00,258.34,253.64,255.04,2220
2008.07.08,00:00,251.50,254.82,249.00,253.30,3040
2008.07.09,00:00,253.43,255.50,248.12,248.77,2234
2008.07.10,00:00,246.50,252.88,245.50,251.05,2664
2008.07.11,00:00,254.11,257.55,248.15,249.00,3025
2008.07.14,00:00,251.61,262.30,251.00,262.20,2690
2008.07.15,00:00,257.76,258.10,251.51,256.55,3033
2008.07.16,00:00,257.70,260.92,250.77,259.50,2824
2008.07.17,00:00,261.80,270.70,259.00,269.30,3042
2008.07.18,00:00,266.00,266.00,251.23,251.80,3399
2008.07.21,00:00,252.60,254.50,245.81,251.01,3237
2008.07.22,00:00,252.00,253.30,246.51,250.50,2849
2008.07.23,00:00,250.28,252.80,247.67,249.95,2254
2008.07.24,00:00,247.45,248.90,237.51,239.70,2726
2008.07.25,00:00,232.30,233.01,224.00,228.00,3374
2008.07.28,00:00,228.20,236.98,228.20,231.40,3244
2008.07.29,00:00,229.00,238.87,226.55,238.20,3652
2008.07.30,00:00,240.12,245.78,237.00,243.50,2745
2008.07.31,00:00,246.50,254.90,244.57,247.40,3505
2008.08.01,00:00,245.67,249.30,236.30,240.51,3129
2008.08.04,00:00,238.50,240.60,231.02,231.02,2988
2008.08.05,00:00,226.70,228.18,215.42,216.00,3539
2008.08.06,00:00,219.11,223.50,209.50,222.00,4402
2008.08.07,00:00,222.04,227.30,222.03,223.49,3310
2008.08.08,00:00,221.51,222.82,205.01,205.85,3712
2008.08.11,00:00,202.50,213.67,192.30,213.50,4114
2008.08.12,00:00,207.10,221.50,205.34,217.05,4578
2008.08.13,00:00,214.80,220.35,209.01,209.49,3874
2008.08.14,00:00,212.03,217.21,210.56,212.80,3068
2008.08.15,00:00,214.02,217.40,212.08,216.50,2782
2008.08.18,00:00,218.16,219.90,214.20,216.50,2522
2008.08.19,00:00,212.60,212.84,197.01,200.52,3386
2008.08.20,00:00,203.04,204.52,197.65,202.82,3591
2008.08.21,00:00,203.00,205.48,193.50,201.00,4575
2008.08.22,00:00,204.00,204.33,197.23,199.10,3501
2008.08.25,00:00,197.00,198.70,189.17,190.17,3224
2008.08.26,00:00,186.37,191.70,180.50,191.01,4021
2008.08.27,00:00,193.11,198.70,185.37,193.64,3977
2008.08.28,00:00,196.54,206.63,192.08,206.50,3435
2008.08.29,00:00,203.23,210.51,202.50,208.66,2479
2008.09.01,00:00,206.40,218.26,206.40,217.52,3301
2008.09.02,00:00,214.64,217.26,210.47,214.52,3396
2008.09.03,00:00,212.53,215.10,206.55,207.28,2924
2008.09.04,00:00,206.08,212.40,196.36,197.41,4120
2008.09.05,00:00,192.63,198.88,180.65,198.60,3957
2008.09.08,00:00,207.14,210.00,204.95,210.00,3158
2008.09.09,00:00,206.21,207.21,186.69,187.21,4043
2008.09.10,00:00,183.53,193.67,174.28,190.03,4392
2008.09.11,00:00,192.07,198.77,180.21,180.21,4230
2008.09.12,00:00,187.29,194.10,180.53,185.26,4187
2008.09.15,00:00,178.94,185.53,166.78,169.90,4780
2008.09.16,00:00,163.19,165.70,127.67,132.28,4147
2008.09.17,00:00,143.33,148.10,111.47,128.23,1529
2008.09.19,00:00,168.34,192.42,157.76,187.69,1619
2008.09.22,00:00,202.43,203.28,180.17,193.38,2980
2008.09.23,00:00,187.56,204.54,179.95,195.28,3259
2008.09.24,00:00,194.53,210.68,193.89,199.52,2386
2008.09.25,00:00,198.77,202.53,188.02,191.22,2919
2008.09.26,00:00,190.79,192.41,185.13,189.79,2962
2008.09.29,00:00,188.36,189.72,174.93,176.53,3308
2008.09.30,00:00,162.26,179.42,161.35,169.14,3046
2008.10.01,00:00,175.78,178.51,167.03,168.13,3369
2008.10.02,00:00,163.60,167.22,158.38,158.98,2567
2008.10.03,00:00,150.09,152.62,137.85,142.83,3714
2008.10.06,00:00,133.09,133.94,108.27,108.76,2422
2008.10.07,00:00,105.98,119.72,92.74,106.46,3200
2008.10.08,00:00,91.98,96.99,87.28,91.08,456
2008.10.09,00:00,97.68,112.82,95.36,103.42,2022
2008.10.13,00:00,103.04,110.13,93.31,94.53,2978
2008.10.14,00:00,107.31,114.23,106.49,110.06,2389
2008.10.15,00:00,105.48,107.38,97.93,102.36,2535
2008.10.16,00:00,94.39,100.60,89.86,100.24,3129
2008.10.17,00:00,102.29,103.95,86.58,96.63,3681
2008.10.20,00:00,100.53,105.51,97.67,105.38,3234
2008.10.21,00:00,110.27,110.51,104.57,105.73,3439
2008.10.22,00:00,101.16,104.63,99.29,102.63,2341
2008.10.23,00:00,99.78,103.10,93.90,97.81,3077
2008.10.24,00:00,94.23,94.44,80.29,84.14,1217
2008.10.28,00:00,81.38,87.59,77.84,85.77,3648
2008.10.29,00:00,90.16,98.89,89.39,97.88,3037
2008.10.30,00:00,107.91,126.29,104.95,125.03,3332
2008.10.31,00:00,116.31,125.60,114.60,123.51,4381
2008.11.01,00:00,126.73,134.88,125.37,126.69,1409
2008.11.05,00:00,146.50,146.50,123.53,126.80,3893
2008.11.06,00:00,113.53,121.28,111.76,114.33,3393
2008.11.07,00:00,112.73,117.15,111.08,113.00,3888
2008.11.10,00:00,118.48,126.66,117.29,118.53,4121
2008.11.11,00:00,112.89,114.40,102.24,102.40,1740
2008.11.13,00:00,90.57,96.71,78.18,94.57,3000
2008.11.14,00:00,106.28,107.22,91.16,91.25,4259
2008.11.17,00:00,89.33,91.72,83.87,86.02,2952
2008.11.18,00:00,82.27,87.14,79.31,86.89,3138
2008.11.19,00:00,85.07,87.13,80.73,86.84,3373
2008.11.20,00:00,79.07,85.11,77.81,85.04,2754
2008.11.21,00:00,84.53,91.72,82.23,82.24,3128
2008.11.24,00:00,85.69,103.84,82.49,103.18,3940
2008.11.25,00:00,107.28,114.69,100.94,108.35,4936
2008.11.26,00:00,107.39,111.51,103.97,105.06,4306
2008.11.27,00:00,109.78,114.15,108.18,109.89,3596
2008.11.28,00:00,111.23,111.23,104.20,108.46,2967
2008.12.01,00:00,105.83,108.93,99.55,99.63,3432
2008.12.02,00:00,96.03,100.66,95.62,99.00,4097
2008.12.03,00:00,99.14,99.56,94.38,96.59,3250
2008.12.04,00:00,95.91,98.28,94.04,95.39,2827
2008.12.05,00:00,93.61,97.13,93.00,96.83,2110
2008.12.08,00:00,103.52,110.76,101.92,110.36,3595
2008.12.09,00:00,107.20,114.43,106.81,110.39,4127
2008.12.10,00:00,111.74,119.43,110.79,118.17,3378
2008.12.11,00:00,118.55,121.40,114.37,114.45,4647
2008.12.12,00:00,108.41,111.84,104.09,110.42,4319
2008.12.15,00:00,114.11,117.41,113.54,114.74,3509
2008.12.16,00:00,112.84,116.17,112.79,115.14,2965
2008.12.17,00:00,117.59,117.59,111.53,113.18,2798
2008.12.18,00:00,111.76,112.49,101.84,103.57,4133
2008.12.19,00:00,100.73,103.99,98.89,103.51,2730
2008.12.22,00:00,103.18,108.69,103.18,108.21,2835
2008.12.23,00:00,105.51,115.44,105.50,114.86,3665
2008.12.24,00:00,114.80,118.81,112.89,114.99,2966
2008.12.25,00:00,114.33,115.05,110.57,112.83,2973
2008.12.26,00:00,113.54,114.11,109.95,111.82,1711
2008.12.29,00:00,113.54,115.23,112.63,113.66,1739
2008.12.30,00:00,114.20,114.70,108.18,112.17,1702
2009.01.11,00:00,113.78,115.61,112.02,114.00,1488
2009.01.12,00:00,113.54,120.30,113.13,117.08,2405
2009.01.13,00:00,116.66,120.09,114.68,118.68,3145
2009.01.14,00:00,120.57,124.40,107.29,107.55,4230
2009.01.15,00:00,105.73,114.73,105.61,109.09,5451
2009.01.16,00:00,112.44,113.11,107.91,109.67,3840
2009.01.19,00:00,110.95,111.94,106.04,107.50,3108
2009.01.20,00:00,106.88,108.93,102.88,104.41,3645
2009.01.21,00:00,101.12,109.13,100.15,106.21,3950
2009.01.22,00:00,109.28,109.51,102.01,102.30,4059
2009.01.23,00:00,102.22,104.89,98.61,102.84,4350
2009.01.26,00:00,103.21,113.88,102.76,113.84,4040
2009.01.27,00:00,113.72,114.99,109.03,109.45,4900
2009.01.28,00:00,110.81,113.58,109.55,112.53,3597
2009.01.29,00:00,111.90,113.99,109.54,112.30,3617
2009.01.30,00:00,111.14,116.29,110.91,111.01,3393
2009.02.02,00:00,110.13,112.36,106.85,110.72,3649
2009.02.03,00:00,111.59,112.94,109.94,110.82,3580
2009.02.04,00:00,112.33,112.91,109.97,111.84,3237
2009.02.05,00:00,110.66,111.88,107.15,107.36,2629
2009.02.06,00:00,109.78,112.25,108.41,111.68,3083
2009.02.09,00:00,112.00,119.55,111.40,118.86,3548
2009.02.10,00:00,118.67,130.07,115.20,128.67,4533
2009.02.11,00:00,124.22,133.04,121.54,129.47,5173
2009.02.12,00:00,126.31,130.69,119.13,120.47,5429
2009.02.13,00:00,125.08,131.08,123.32,130.45,4149
2009.02.16,00:00,128.15,130.66,123.91,125.01,3667
2009.02.17,00:00,123.73,125.76,112.45,112.91,5253
2009.02.18,00:00,112.92,115.15,105.85,111.48,5343
2009.02.19,00:00,112.80,118.22,111.26,114.32,4347
2009.02.20,00:00,112.76,113.78,109.84,112.29,3993
2009.02.24,00:00,108.86,114.15,107.99,112.70,4212
2009.02.25,00:00,115.78,116.34,112.73,113.05,3240
2009.02.26,00:00,115.42,124.29,114.92,123.36,4138
2009.02.27,00:00,123.99,129.11,120.21,124.64,5331
2009.03.02,00:00,122.02,123.11,119.43,121.11,3810
2009.03.03,00:00,119.20,125.95,118.73,123.86,5409
2009.03.04,00:00,126.60,134.22,126.59,130.21,5555
2009.03.05,00:00,131.12,131.56,122.60,124.64,5776
2009.03.06,00:00,122.86,132.62,122.86,129.80,5071
2009.03.10,00:00,133.92,150.89,133.79,149.22,6042
2009.03.11,00:00,150.18,150.51,142.81,144.05,6283
2009.03.12,00:00,141.29,146.18,136.69,143.81,6136
2009.03.13,00:00,149.81,156.71,149.26,152.87,6336
2009.03.16,00:00,149.94,156.49,147.85,155.79,5253
2009.03.17,00:00,157.50,163.71,153.92,158.99,6304
2009.03.18,00:00,162.73,163.36,146.32,147.41,6334
2009.03.19,00:00,151.64,159.05,151.31,158.36,6801
2009.03.20,00:00,157.96,162.39,153.93,157.94,5746
2009.03.23,00:00,161.68,169.61,160.14,168.88,5320
2009.03.24,00:00,172.39,172.45,159.05,160.29,5358
2009.03.25,00:00,159.60,169.01,159.33,165.22,6261
2009.03.26,00:00,166.17,168.12,163.11,166.86,4651
2009.03.27,00:00,168.00,169.66,156.52,156.61,4963
2009.03.30,00:00,151.34,152.50,143.73,143.73,5279
2009.03.31,00:00,144.64,153.01,144.64,146.34,5653
2009.04.01,00:00,145.60,151.78,144.01,151.06,5615
2009.04.02,00:00,155.81,164.23,155.80,164.21,5051
2009.04.03,00:00,163.52,171.23,161.83,170.46,5531
2009.04.06,00:00,173.93,179.31,164.85,167.88,6327
2009.04.07,00:00,169.41,173.60,161.29,168.31,6514
2009.04.08,00:00,162.51,172.56,160.86,172.46,6062
2009.04.09,00:00,177.27,185.45,174.68,184.39,5988
2009.04.10,00:00,186.50,186.50,178.36,183.66,4581
2009.04.13,00:00,182.62,184.24,175.88,176.17,4250
2009.04.14,00:00,178.08,183.30,170.92,176.69,5417
2009.04.15,00:00,173.30,175.65,168.99,171.13,5703
2009.04.16,00:00,174.05,176.34,170.97,174.76,5832
2009.04.17,00:00,176.28,183.78,176.04,182.38,5615
2009.04.20,00:00,179.49,182.68,172.18,172.94,5727
2009.04.21,00:00,171.13,175.19,167.16,170.71,5681
2009.04.22,00:00,173.01,176.29,169.40,174.07,4407
2009.04.23,00:00,173.94,180.71,171.52,177.96,5678
2009.04.24,00:00,177.13,179.72,173.18,174.89,5292
2009.04.27,00:00,172.38,173.26,163.94,166.87,4944
2009.04.28,00:00,164.58,164.83,157.94,162.68,4484
2009.04.29,00:00,164.93,177.83,160.38,176.56,5522
2009.04.30,00:00,179.49,181.65,174.99,176.54,5221
2009.05.04,00:00,179.35,182.27,177.30,181.54,3671
2009.05.05,00:00,182.48,182.65,176.95,178.50,4698
2009.05.06,00:00,176.80,185.36,174.41,181.55,5465
2009.05.07,00:00,185.26,192.72,183.58,183.64,6553
2009.05.08,00:00,186.34,188.01,180.53,181.47,5264
2009.05.12,00:00,180.06,189.56,178.99,186.79,5741
2009.05.13,00:00,189.15,191.64,176.64,178.36,5967
2009.05.14,00:00,175.19,177.74,169.89,174.70,6916
2009.05.15,00:00,177.68,178.08,168.92,173.62,5564
2009.05.18,00:00,168.83,177.41,168.03,176.95,5405
2009.05.19,00:00,182.66,184.09,177.90,181.08,4862
2009.05.20,00:00,182.08,191.48,177.24,191.23,5666
2009.05.21,00:00,188.03,188.29,177.94,180.76,5593
2009.05.22,00:00,181.10,186.97,180.97,184.88,4884
2009.05.25,00:00,184.62,186.10,179.26,185.01,4230
2009.05.26,00:00,183.47,184.47,176.30,183.99,5072
2009.05.27,00:00,187.52,191.19,185.32,190.48,3545
2009.05.28,00:00,187.68,200.01,187.68,196.60,5455
2009.05.29,00:00,202.11,207.21,199.35,206.33,5299
2009.06.01,00:00,214.23,219.73,212.87,219.44,4627
2009.06.02,00:00,220.38,222.77,212.85,219.52,6574
2009.06.03,00:00,220.95,222.90,199.38,201.33,7814
2009.06.04,00:00,200.32,210.56,195.62,199.84,7678
2009.06.05,00:00,207.93,213.33,196.38,202.05,7227
2009.06.08,00:00,196.32,198.53,191.69,197.97,7742
2009.06.09,00:00,200.41,203.88,195.01,195.01,6485
2009.06.10,00:00,202.85,206.42,195.37,199.66,5878
2009.06.11,00:00,201.06,203.21,195.92,200.88,6402
2009.06.15,00:00,193.84,196.53,187.96,188.09,5360
2009.06.16,00:00,185.58,193.58,185.39,191.90,6043
2009.06.17,00:00,191.03,191.24,178.85,180.71,6098
2009.06.18,00:00,183.27,183.96,172.33,176.60,6716
2009.06.19,00:00,179.40,184.41,174.51,181.98,7478
2009.06.22,00:00,178.21,178.48,166.58,166.64,5771
2009.06.23,00:00,164.74,172.70,160.46,165.24,7502
2009.06.24,00:00,167.83,174.78,166.98,172.68,6652
2009.06.25,00:00,173.98,173.98,166.64,169.43,6081
2009.06.26,00:00,173.34,175.83,164.75,166.43,4616
2009.06.29,00:00,164.38,172.56,164.18,172.12,6239
2009.06.30,00:00,176.42,179.65,167.54,167.71,6585
2009.07.01,00:00,169.51,174.03,168.55,172.88,6141
2009.07.02,00:00,170.12,172.59,166.07,167.76,4632
2009.07.03,00:00,167.33,170.16,164.06,169.80,6145
2009.07.06,00:00,166.43,166.93,162.28,163.44,3786
2009.07.07,00:00,164.90,167.96,160.87,162.33,4665
2009.07.08,00:00,157.51,159.76,156.34,157.41,4556
2009.07.09,00:00,158.11,161.00,155.41,156.52,4585
2009.07.10,00:00,157.36,159.92,153.97,159.12,5428
2009.07.13,00:00,156.44,164.08,156.44,157.98,6091
2009.07.14,00:00,162.64,165.54,159.66,159.97,5066
2009.07.15,00:00,162.29,168.45,161.73,167.14,4379
2009.07.16,00:00,169.76,169.76,164.28,167.64,4574
2009.07.17,00:00,168.32,172.20,167.06,171.63,4203
2009.07.20,00:00,174.83,176.96,172.57,175.69,3988
2009.07.21,00:00,176.30,180.97,173.84,179.19,4558
2009.07.22,00:00,178.47,180.61,173.17,175.24,4681
2009.07.23,00:00,177.52,184.66,177.49,184.63,4469
2009.07.24,00:00,185.67,188.36,182.81,186.78,5192
2009.07.27,00:00,190.51,191.13,185.40,186.46,4624
2009.07.28,00:00,187.21,189.96,180.98,181.77,5588
2009.07.29,00:00,179.53,184.03,177.89,181.43,5352
2009.07.30,00:00,183.17,191.73,182.97,191.03,4541
2009.07.31,00:00,192.81,194.73,185.71,190.66,5381
2009.08.03,00:00,193.86,199.50,193.29,199.04,4972
2009.08.04,00:00,196.75,201.08,194.87,200.89,5245
2009.08.05,00:00,200.42,205.66,196.55,196.84,5546
2009.08.06,00:00,200.43,204.34,196.82,198.54,5433
2009.08.07,00:00,197.03,204.26,194.86,203.30,4967
2009.08.10,00:00,200.78,203.53,199.30,200.67,3942
2009.08.11,00:00,201.89,203.72,191.54,191.72,5049
2009.08.12,00:00,190.49,195.05,187.10,194.23,5045
2009.08.13,00:00,197.43,200.96,191.68,195.43,4881
2009.08.14,00:00,194.88,196.93,189.04,189.10,4399
2009.08.17,00:00,183.51,184.78,179.37,179.53,3738
2009.08.18,00:00,182.14,184.60,178.51,178.87,4679
2009.08.19,00:00,181.05,181.22,175.57,178.47,4339
2009.08.20,00:00,183.83,187.39,181.11,187.39,3673
2009.08.21,00:00,184.41,200.32,183.04,200.11,4532
2009.08.24,00:00,201.67,206.67,197.84,204.58,4826
2009.08.25,00:00,199.82,210.96,199.51,206.59,4312
2009.08.26,00:00,204.37,208.38,199.54,203.22,5141
2009.08.27,00:00,201.53,204.51,195.07,197.77,5469
2009.08.28,00:00,201.50,205.80,199.35,202.91,5755
2009.08.31,00:00,202.14,202.14,196.80,198.26,4657
2009.09.01,00:00,197.98,203.69,197.75,201.11,5851
2009.09.02,00:00,195.80,197.78,194.42,197.22,5697
2009.09.03,00:00,197.90,202.80,197.60,200.20,4093
2009.09.04,00:00,200.57,202.55,193.46,197.63,6191
2009.09.07,00:00,200.06,203.01,197.58,203.00,3599
2009.09.08,00:00,202.82,210.67,202.51,210.05,5511
2009.09.09,00:00,210.17,213.21,208.31,211.58,5894
2009.09.10,00:00,213.69,214.37,206.72,209.50,5878
2009.09.11,00:00,211.06,214.71,209.67,212.81,4382
2009.09.14,00:00,207.17,212.97,207.10,212.81,4493
2009.09.15,00:00,214.34,224.51,213.62,224.31,4922
2009.09.16,00:00,223.28,232.06,223.28,224.25,6199
2009.09.17,00:00,229.10,230.67,225.78,226.22,5793
2009.09.18,00:00,224.70,231.18,224.20,226.35,6341
2009.09.21,00:00,224.86,227.83,221.66,222.51,5491
2009.09.22,00:00,225.28,231.93,224.65,225.70,5230
2009.09.23,00:00,226.58,231.11,225.02,225.77,4674
2009.09.24,00:00,223.34,230.71,220.22,220.54,8289
2009.09.25,00:00,221.32,224.44,218.57,222.17,7884
2009.09.28,00:00,221.92,230.70,218.12,230.63,7228
2009.09.29,00:00,230.68,231.43,225.50,229.00,6431
2009.09.30,00:00,229.07,231.62,225.03,227.04,5972
2009.10.01,00:00,229.51,236.75,226.78,227.50,5884
2009.10.02,00:00,224.10,225.89,211.65,220.65,6420
2009.10.05,00:00,221.81,222.47,217.02,219.71,6644
2009.10.06,00:00,223.51,231.30,223.51,231.00,4343
2009.10.07,00:00,231.91,239.30,230.33,232.01,6335
2009.10.08,00:00,235.11,243.52,234.99,243.52,5722
2009.10.09,00:00,243.85,251.70,236.02,248.66,7339
2009.10.12,00:00,250.28,256.20,249.78,254.89,6262
2009.10.13,00:00,253.70,255.00,241.30,242.06,6756
2009.10.14,00:00,247.99,249.90,242.75,244.40,6652
2009.10.15,00:00,248.01,248.50,241.51,245.14,7831
2009.10.16,00:00,249.03,253.01,240.31,241.91,6847
2009.10.19,00:00,244.58,248.98,239.77,248.98,6809
2009.10.20,00:00,251.98,252.67,243.71,245.46,6817
2009.10.21,00:00,242.56,247.95,240.40,247.90,6405
2009.10.22,00:00,246.56,247.79,241.51,245.71,6426
2009.10.23,00:00,248.51,250.77,244.75,246.00,4476
2009.10.26,00:00,244.04,248.23,242.46,244.41,3930
2009.10.27,00:00,241.61,242.95,235.00,240.32,6519
2009.10.28,00:00,239.21,241.10,226.16,228.05,5892
2009.10.29,00:00,224.72,233.15,219.16,231.77,8337
2009.10.30,00:00,234.34,234.99,221.10,222.80,5850
2009.11.02,00:00,221.52,226.55,218.48,226.50,7885
2009.11.03,00:00,224.01,224.44,215.74,216.98,6154
2009.11.04,00:00,216.92,216.92,216.82,216.82,2
2009.11.05,00:00,220.00,224.84,217.61,224.65,6566
2009.11.06,00:00,224.90,232.38,222.45,223.62,6271
2009.11.09,00:00,225.18,238.55,225.18,238.30,5430
2009.11.10,00:00,238.80,244.80,236.01,243.84,7358
2009.11.11,00:00,242.25,245.85,237.81,243.62,6009
2009.11.12,00:00,242.85,248.50,239.60,248.13,7944
2009.11.13,00:00,245.82,247.07,242.50,244.67,6078
2009.11.16,00:00,248.20,257.50,247.35,257.29,4814
2009.11.17,00:00,255.38,258.89,252.85,254.50,5628
2009.11.18,00:00,256.52,262.26,255.16,261.07,5822
2009.11.19,00:00,260.01,261.37,252.07,252.83,5389
2009.11.20,00:00,254.04,255.38,245.00,248.20,6090
2009.11.23,00:00,253.34,258.22,251.05,257.75,5274
2009.11.24,00:00,254.81,256.47,250.01,254.34,5546
2009.11.25,00:00,256.10,257.90,246.06,248.81,6675
2009.11.26,00:00,242.61,245.80,236.34,239.24,5771
2009.11.27,00:00,232.02,239.51,229.04,239.35,8307
2009.11.30,00:00,243.08,243.36,231.12,233.80,7855
2009.12.01,00:00,236.49,246.00,233.96,245.95,5550
2009.12.02,00:00,245.50,251.50,244.19,248.34,6376
2009.12.03,00:00,249.51,254.70,243.02,243.10,6003
2009.12.04,00:00,242.75,252.44,241.53,252.39,5677
2009.12.07,00:00,248.62,249.65,243.05,247.60,6209
2009.12.08,00:00,243.71,248.80,241.52,243.00,7291
2009.12.09,00:00,242.10,246.10,238.03,239.45,7238
2009.12.10,00:00,237.16,242.90,235.34,242.56,6440
2009.12.11,00:00,244.03,244.45,239.01,240.51,5105
2009.12.14,00:00,241.01,243.25,240.62,242.55,3465
2009.12.15,00:00,242.86,245.78,240.79,245.74,4752
2009.12.16,00:00,244.47,262.17,244.24,261.33,5945
2009.12.17,00:00,259.71,265.12,253.09,253.41,8528
2009.12.18,00:00,255.01,260.31,255.01,256.25,5530
2009.12.21,00:00,257.61,259.89,254.12,255.00,4434
2009.12.22,00:00,254.10,254.70,250.52,252.97,4621
2009.12.23,00:00,255.00,255.40,249.79,253.00,4556
2009.12.24,00:00,255.01,255.68,245.01,248.70,4817
2009.12.25,00:00,248.97,252.20,247.10,250.92,4220
2009.12.28,00:00,252.01,254.47,251.00,254.20,2657
2009.12.29,00:00,254.26,255.20,250.85,252.42,3923
2009.12.30,00:00,251.89,253.88,249.50,250.61,2349
2010.01.11,00:00,262.01,272.60,259.30,271.70,6402
2010.01.12,00:00,270.61,271.59,265.33,266.52,5382
2010.01.13,00:00,264.45,270.11,261.10,267.54,6339
2010.01.14,00:00,270.80,272.01,267.12,267.90,5092
2010.01.15,00:00,266.56,271.44,266.54,268.20,5104
2010.01.18,00:00,266.17,271.78,265.90,271.01,3945
2010.01.19,00:00,270.15,270.79,264.65,269.73,5270
2010.01.20,00:00,268.81,270.77,264.70,264.80,5610
2010.01.21,00:00,266.61,267.02,256.50,256.93,7121
2010.01.22,00:00,254.51,256.75,246.60,248.49,8482
2010.01.25,00:00,245.74,254.79,245.13,251.35,7612
2010.01.26,00:00,247.00,247.68,237.15,238.40,7879
2010.01.27,00:00,237.02,240.52,229.04,234.06,9693
2010.01.28,00:00,237.81,242.92,234.51,237.17,8787
2010.01.29,00:00,234.52,237.70,231.50,236.10,7504
2010.02.01,00:00,232.51,234.53,227.80,233.50,7135
2010.02.02,00:00,235.85,242.47,235.28,241.90,7646
2010.02.03,00:00,245.11,246.80,236.64,237.62,8547
2010.02.04,00:00,237.11,239.15,230.47,231.51,8404
2010.02.05,00:00,227.77,229.01,220.48,223.55,9703
2010.02.08,00:00,223.89,226.41,215.75,216.66,9011
2010.02.09,00:00,219.26,224.32,217.51,220.67,8360
2010.02.10,00:00,223.03,227.35,218.06,219.00,7558
2010.02.11,00:00,223.02,225.51,220.01,223.90,7424
2010.02.12,00:00,226.11,227.81,218.61,222.61,7343
2010.02.15,00:00,223.55,226.71,222.65,225.98,4160
2010.02.16,00:00,227.40,233.80,227.40,233.45,6429
2010.02.17,00:00,235.12,237.24,230.46,231.06,6818
2010.02.18,00:00,229.94,231.90,226.33,229.01,7091
2010.02.19,00:00,225.83,236.70,224.72,236.24,8188
2010.02.24,00:00,234.22,234.86,228.98,230.25,6416
2010.02.25,00:00,228.77,231.41,225.15,227.10,7255
2010.02.26,00:00,229.80,231.02,226.31,230.81,6005
2010.03.01,00:00,232.56,235.41,230.27,235.11,5717
2010.03.02,00:00,234.00,236.96,233.10,236.53,6487
2010.03.03,00:00,237.00,238.73,234.24,237.58,5904
2010.03.04,00:00,236.51,239.98,235.25,238.50,5894
2010.03.05,00:00,239.72,243.73,237.85,243.44,4830
2010.03.09,00:00,242.73,243.21,236.71,239.78,6125
2010.03.10,00:00,239.01,242.03,236.34,237.42,6563
2010.03.11,00:00,236.93,240.89,235.36,237.56,7245
2010.03.12,00:00,238.90,242.15,238.34,239.00,5489
2010.03.15,00:00,237.75,239.17,235.00,235.59,5146
2010.03.16,00:00,236.52,237.90,235.10,237.66,4326
2010.03.17,00:00,238.91,239.77,228.00,233.50,9255
2010.03.18,00:00,230.59,236.00,230.00,232.39,6589
2010.03.19,00:00,233.50,233.77,226.50,228.52,6664
2010.03.22,00:00,226.57,227.65,221.20,224.83,7265
2010.03.23,00:00,226.17,227.61,222.75,223.83,6828
2010.03.24,00:00,223.20,229.19,223.12,225.50,7269
2010.03.25,00:00,225.53,228.82,224.08,225.26,5082
2010.03.26,00:00,225.75,234.20,224.20,233.41,7812
2010.03.29,00:00,233.31,235.70,232.17,234.80,4826
2010.03.30,00:00,235.91,236.55,232.20,235.12,3875
2010.03.31,00:00,234.67,238.17,233.64,233.64,4386
2010.04.01,00:00,234.40,238.72,234.40,237.10,4116
2010.04.02,00:00,238.50,238.71,235.03,235.83,2743
2010.04.05,00:00,237.51,237.81,233.99,236.31,3193
2010.04.06,00:00,236.96,248.50,235.50,248.35,6865
2010.04.07,00:00,248.60,248.90,243.05,246.00,6179
2010.04.08,00:00,244.80,249.79,243.32,249.61,5755
2010.04.09,00:00,252.02,255.75,251.11,254.55,5409
2010.04.12,00:00,257.01,258.04,251.50,252.62,4787
2010.04.13,00:00,250.00,251.89,246.25,247.50,4846
2010.04.14,00:00,249.90,252.47,247.90,250.52,5551
2010.04.15,00:00,252.43,254.39,248.13,251.10,5104
2010.04.16,00:00,247.57,249.34,244.69,244.98,5247
2010.04.19,00:00,240.14,241.94,235.50,238.31,6463
2010.04.20,00:00,240.57,243.83,238.07,242.60,6170
2010.04.21,00:00,244.00,245.75,240.62,242.50,5921
2010.04.22,00:00,240.86,243.46,235.92,238.54,6586
2010.04.23,00:00,239.60,242.38,237.75,241.51,5753
2010.04.26,00:00,243.79,244.86,242.29,244.23,4317
2010.04.27,00:00,242.69,243.08,239.53,241.01,6092
2010.04.28,00:00,235.81,241.58,235.80,239.88,6102
2010.04.29,00:00,241.02,242.40,238.61,241.62,5083
2010.04.30,00:00,240.10,240.60,236.35,237.09,4256
2010.05.04,00:00,237.90,238.47,227.74,227.80,6186
2010.05.05,00:00,227.56,230.80,225.53,226.67,4586
2010.05.06,00:00,221.12,225.31,220.15,221.05,6694
2010.05.07,00:00,215.55,217.97,205.67,207.45,8236
2010.05.10,00:00,208.83,208.83,208.83,208.83,1
2010.05.11,00:00,217.82,219.80,212.77,218.31,8680
2010.05.12,00:00,216.80,231.50,216.37,228.62,9285
2010.05.13,00:00,230.66,233.40,224.25,226.35,11854
2010.05.14,00:00,223.71,225.73,219.83,221.02,7877
2010.05.17,00:00,217.51,224.65,217.03,220.02,6826
2010.05.18,00:00,221.07,227.72,219.62,226.61,6923
2010.05.19,00:00,222.23,223.80,213.56,215.87,7936
2010.05.20,00:00,215.90,219.37,205.45,206.20,10007
2010.05.21,00:00,206.55,211.83,202.25,208.90,12322
2010.05.24,00:00,210.99,212.90,206.00,208.55,9100
2010.05.25,00:00,202.64,203.63,195.31,195.32,9173
2010.05.26,00:00,200.47,216.00,198.51,216.00,9538
2010.05.27,00:00,213.89,222.94,212.03,221.51,12740
2010.05.28,00:00,222.06,226.00,216.21,225.54,11562
2010.05.31,00:00,225.96,229.58,223.03,228.61,4976
2010.06.01,00:00,226.12,227.20,222.00,225.20,9853
2010.06.02,00:00,222.52,227.80,221.38,226.41,8891
2010.06.03,00:00,229.91,231.99,223.61,224.70,7765
2010.06.04,00:00,225.23,229.32,221.77,222.47,9571
2010.06.07,00:00,216.00,223.90,214.14,222.81,8890
2010.06.08,00:00,223.73,224.51,213.15,214.21,9004
2010.06.09,00:00,216.10,218.65,213.35,214.58,9001
2010.06.10,00:00,215.71,217.67,212.02,215.91,8513
2010.06.11,00:00,217.00,217.88,212.60,215.01,6180
2010.06.14,00:00,214.83,214.83,214.83,214.83,1
2010.06.15,00:00,215.14,221.05,213.55,220.91,7101
2010.06.16,00:00,222.61,222.97,216.01,218.01,7751
2010.06.17,00:00,217.30,218.10,204.76,206.26,10607
2010.06.18,00:00,207.51,209.86,206.66,207.71,6431
2010.06.21,00:00,211.51,212.88,209.14,210.10,6078
2010.06.22,00:00,208.43,208.43,204.58,205.28,6760
2010.06.23,00:00,203.81,206.80,201.97,201.98,5521
2010.06.24,00:00,203.45,203.90,197.77,198.50,6476
2010.06.25,00:00,198.69,199.68,195.80,196.21,6609
2010.06.28,00:00,196.51,203.70,195.55,203.07,6744
2010.06.29,00:00,200.11,201.20,193.38,194.35,6651
2010.06.30,00:00,195.27,195.87,190.67,192.90,6969
2010.07.01,00:00,189.85,190.27,184.11,185.02,6698
2010.07.02,00:00,186.23,190.00,185.31,189.02,6735
2010.07.05,00:00,187.47,189.50,186.05,187.71,3862
2010.07.06,00:00,188.51,193.15,188.51,193.15,4399
2010.07.07,00:00,190.27,191.64,186.68,191.01,5087
2010.07.08,00:00,193.99,194.00,188.00,188.16,5432
2010.07.09,00:00,189.53,190.40,185.25,187.54,5232
2010.07.12,00:00,186.92,191.34,185.61,189.23,6104
2010.07.13,00:00,188.66,195.81,187.49,195.01,6519
2010.07.14,00:00,196.76,197.02,191.72,193.00,6137
2010.07.15,00:00,192.71,195.16,188.45,188.50,5613
2010.07.16,00:00,189.01,190.82,184.02,185.51,5250
2010.07.19,00:00,185.19,186.93,184.22,185.40,4469
2010.07.20,00:00,186.15,187.60,182.74,183.50,6272
2010.07.21,00:00,184.91,187.40,184.55,186.22,5950
2010.07.22,00:00,185.00,191.38,184.83,190.00,7306
2010.07.23,00:00,190.55,199.75,189.22,199.50,9304
2010.07.26,00:00,202.01,206.37,199.89,206.25,6975
2010.07.27,00:00,206.07,211.31,205.40,208.44,7211
2010.07.28,00:00,208.83,210.59,201.31,201.95,8089
2010.07.29,00:00,203.01,207.47,202.94,205.32,6859
2010.07.30,00:00,203.81,204.36,199.25,203.19,5829
2010.08.02,00:00,205.11,210.83,205.01,209.30,6239
2010.08.03,00:00,210.31,210.54,205.38,206.80,5928
2010.08.04,00:00,205.26,210.25,204.52,208.50,5626
2010.08.05,00:00,208.55,209.21,205.07,207.50,6082
2010.08.06,00:00,208.11,208.55,203.02,204.84,6323
2010.08.09,00:00,205.90,208.99,205.72,207.16,5626
2010.08.10,00:00,206.01,206.70,201.26,202.90,6240
2010.08.11,00:00,200.00,202.96,198.64,198.99,6164
2010.08.12,00:00,197.49,202.10,197.33,200.51,7597
2010.08.13,00:00,201.90,202.75,198.80,200.08,5754
2010.08.16,00:00,200.58,201.75,197.62,201.01,6561
2010.08.17,00:00,201.55,204.62,200.74,203.42,6482
2010.08.18,00:00,203.04,203.14,200.61,201.87,5565
2010.08.19,00:00,202.40,204.05,201.21,201.50,5642
2010.08.20,00:00,201.21,202.71,198.03,200.30,6873
2010.08.23,00:00,199.74,200.50,196.24,199.02,5483
2010.08.24,00:00,197.11,197.85,194.11,195.51,6749
2010.08.25,00:00,195.16,197.43,193.51,194.70,7390
2010.08.26,00:00,196.66,197.45,194.15,195.99,4861
2010.08.27,00:00,195.01,197.85,193.03,196.96,5109
2010.08.30,00:00,196.63,198.70,195.42,195.88,3929
2010.08.31,00:00,193.50,196.59,193.21,196.59,5747
2010.09.01,00:00,196.70,200.44,194.52,199.81,5971
2010.09.02,00:00,199.20,203.40,199.13,201.37,6589
2010.09.03,00:00,201.68,204.46,199.60,202.50,5154
2010.09.06,00:00,204.00,205.67,202.00,202.00,3692
2010.09.07,00:00,201.69,202.16,198.91,198.96,4704
2010.09.08,00:00,198.56,203.21,198.50,203.10,5062
2010.09.09,00:00,203.15,207.97,202.13,206.13,5532
2010.09.10,00:00,205.63,207.89,204.15,205.69,5306
2010.09.13,00:00,207.99,209.10,205.40,205.52,4956
2010.09.14,00:00,205.21,206.62,203.00,203.61,5997
2010.09.15,00:00,203.77,204.25,199.30,200.50,5791
2010.09.16,00:00,199.84,206.86,199.81,205.33,6769
2010.09.17,00:00,206.76,207.44,201.30,201.70,5181
2010.09.20,00:00,202.50,204.50,201.95,203.41,4369
2010.09.21,00:00,204.04,205.52,203.15,203.18,4435
2010.09.22,00:00,203.11,203.80,200.00,201.20,5455
2010.09.23,00:00,201.60,202.20,199.12,201.75,5631
2010.09.24,00:00,200.77,202.90,200.01,201.90,5063
2010.09.27,00:00,202.98,203.60,200.58,200.86,4648
2010.09.28,00:00,200.54,201.15,197.50,197.97,5610
2010.09.29,00:00,199.21,200.80,197.20,200.32,4860
2010.09.30,00:00,200.01,204.70,200.01,203.52,5467
2010.10.01,00:00,204.03,211.88,203.81,210.52,6413
2010.10.04,00:00,211.90,214.76,208.67,213.03,6782
2010.10.05,00:00,212.75,216.56,211.40,214.71,7005
2010.10.06,00:00,216.00,216.43,210.02,210.71,6341
2010.10.07,00:00,211.51,212.81,208.30,208.41,7233
2010.10.08,00:00,208.51,209.20,206.31,207.92,5375
2010.10.11,00:00,209.35,213.28,209.17,212.83,4373
2010.10.12,00:00,211.00,213.51,210.51,213.08,5088
2010.10.13,00:00,214.21,215.40,211.72,212.80,5686
2010.10.14,00:00,213.82,214.35,209.72,211.21,5289
2010.10.15,00:00,211.03,212.11,207.92,209.00,6125
2010.10.18,00:00,207.29,210.99,206.55,209.82,4959
2010.10.19,00:00,210.04,212.01,207.71,208.80,6459
2010.10.20,00:00,207.61,210.39,206.87,209.53,6438
2010.10.21,00:00,210.21,218.75,209.60,218.53,7689
2010.10.22,00:00,218.20,218.75,215.15,217.58,6734
2010.10.25,00:00,219.22,220.34,216.30,216.39,5499
2010.10.26,00:00,216.01,218.84,214.53,218.10,5209
2010.10.27,00:00,217.71,217.71,213.88,213.95,5256
2010.10.28,00:00,214.57,215.63,213.65,214.04,4645
2010.10.29,00:00,213.79,216.52,213.13,215.79,4546
2010.11.01,00:00,216.90,219.14,215.81,217.88,5080
2010.11.02,00:00,217.79,219.25,216.65,217.51,4110
2010.11.03,00:00,217.85,218.24,216.17,216.85,3006
2010.11.04,00:00,216.45,216.45,216.45,216.45,1
2010.11.08,00:00,220.85,222.88,219.61,220.58,4350
2010.11.09,00:00,220.14,224.90,220.14,223.61,5445
2010.11.10,00:00,221.81,223.54,220.59,221.11,5287
2010.11.11,00:00,223.11,223.28,217.57,218.01,5868
2010.11.12,00:00,215.30,217.80,213.96,217.38,5766
2010.11.13,00:00,215.76,216.98,215.05,216.80,930
2010.11.15,00:00,217.11,218.91,215.52,218.50,5265
2010.11.16,00:00,216.61,216.61,212.32,212.40,5590
2010.11.17,00:00,212.41,213.76,210.80,212.55,5883
2010.11.18,00:00,213.90,215.19,212.71,214.60,5369
2010.11.19,00:00,214.71,216.15,212.63,215.29,5743
2010.11.20,00:00,214.53,214.53,214.53,214.53,1
2010.11.22,00:00,216.29,217.18,211.82,213.00,5033
2010.11.23,00:00,211.52,212.15,209.29,210.18,6414
2010.11.24,00:00,210.53,213.60,209.11,213.40,5874
2010.11.25,00:00,213.49,214.79,212.40,213.01,4295
2010.11.26,00:00,212.54,213.89,209.90,211.50,5224
2010.11.29,00:00,212.29,213.04,209.09,209.40,5629
2010.11.30,00:00,209.45,210.43,206.77,207.77,6733
2010.12.01,00:00,209.00,212.75,208.70,212.43,6856
2010.12.02,00:00,213.48,217.60,212.68,216.90,7400
2010.12.03,00:00,217.04,219.99,216.20,217.87,6933
2010.12.06,00:00,218.30,219.80,215.77,219.41,6170
2010.12.07,00:00,219.88,223.10,218.86,219.52,7217
2010.12.08,00:00,218.40,220.99,216.40,216.57,7848
2010.12.09,00:00,218.34,218.98,215.80,215.85,5203
2010.12.10,00:00,215.99,221.88,214.56,221.20,7020
2010.12.13,00:00,222.80,225.34,222.09,223.07,6138
2010.12.14,00:00,222.62,223.35,218.78,220.81,5806
2010.12.15,00:00,219.52,222.65,218.19,219.01,5366
2010.12.16,00:00,218.33,219.11,216.20,216.40,2979
2010.12.17,00:00,217.67,219.56,216.60,218.95,8516
2010.12.20,00:00,217.76,221.52,217.63,219.96,9506
2010.12.21,00:00,221.47,221.71,219.65,219.65,6150
2010.12.22,00:00,220.81,221.97,220.24,221.73,6696
2010.12.23,00:00,221.81,221.81,219.84,220.91,5494
2010.12.27,00:00,219.20,219.58,218.02,218.52,2366
2010.12.28,00:00,218.50,220.33,218.10,219.41,3822
2010.12.29,00:00,220.67,221.70,218.87,220.90,6408
2010.12.30,00:00,220.20,220.95,217.52,218.65,5330
2011.01.11,00:00,219.87,225.26,218.93,225.13,6731
2011.01.12,00:00,225.61,233.79,224.50,233.57,10078
2011.01.13,00:00,234.35,235.67,231.03,234.00,12544
2011.01.14,00:00,233.46,235.37,229.47,232.47,12248
2011.01.17,00:00,242.11,245.22,237.83,244.87,15856
2011.01.18,00:00,245.75,251.40,242.54,244.34,17974
2011.01.19,00:00,246.02,248.32,242.62,242.98,15864
2011.01.20,00:00,240.95,242.94,238.24,242.00,13808
2011.01.21,00:00,242.67,247.98,240.37,246.77,15472
2011.01.24,00:00,247.09,247.64,238.83,242.83,13848
2011.01.25,00:00,243.62,244.22,239.71,240.75,14418
2011.01.26,00:00,242.24,247.66,241.45,247.44,13180
2011.01.27,00:00,249.07,253.00,245.13,252.56,18872
2011.01.28,00:00,251.53,254.75,249.96,252.96,15806
2011.01.31,00:00,251.26,254.95,248.82,254.71,14694
2011.02.01,00:00,257.13,261.38,255.71,259.26,15124
2011.02.02,00:00,257.86,261.86,255.47,258.00,17376
2011.02.03,00:00,257.78,258.95,252.47,252.54,13720
2011.02.04,00:00,254.82,259.78,254.80,257.28,14860
2011.02.07,00:00,257.38,258.79,251.52,257.10,12916
2011.02.08,00:00,256.75,258.24,250.06,252.25,18934
2011.02.09,00:00,253.65,254.31,248.60,248.69,15802
2011.02.10,00:00,248.98,250.39,246.48,246.51,17398
2011.02.11,00:00,246.49,257.13,245.81,255.51,15322
2011.02.14,00:00,257.03,258.53,253.21,253.81,16354
2011.02.15,00:00,253.33,260.36,252.52,258.00,13982
2011.02.16,00:00,258.12,258.61,253.60,257.53,13014
2011.02.17,00:00,258.53,260.58,256.53,257.06,13666
2011.02.18,00:00,258.06,258.58,254.03,254.93,12838
2011.02.21,00:00,255.59,262.88,252.80,262.88,16800
2011.02.22,00:00,262.51,265.76,260.42,264.96,17752
2011.02.24,00:00,268.06,275.14,266.25,274.21,21734
2011.02.25,00:00,274.50,274.79,269.84,272.14,16498
2011.02.28,00:00,272.76,276.11,271.00,271.60,15466
2011.03.01,00:00,273.04,273.28,266.67,268.48,17358
2011.03.02,00:00,267.45,272.13,266.26,270.56,20674
2011.03.03,00:00,271.75,272.90,268.98,269.01,14672
2011.03.04,00:00,270.52,270.56,264.25,266.53,13498
2011.03.09,00:00,268.51,270.86,262.22,263.94,12980
2011.03.10,00:00,263.57,264.84,253.07,253.60,15004
2011.03.11,00:00,251.36,257.31,250.61,253.68,18948
2011.03.14,00:00,252.30,259.59,251.13,255.78,17260
2011.03.15,00:00,251.91,254.71,248.14,250.10,21582
2011.03.16,00:00,253.52,261.69,249.73,252.30,22254
2011.03.17,00:00,253.28,258.94,252.63,256.41,19052
2011.03.18,00:00,260.50,260.68,254.98,255.81,19258
2011.03.21,00:00,256.37,258.01,255.18,256.90,13466
2011.03.22,00:00,257.51,258.82,251.64,258.46,12920
2011.03.23,00:00,257.91,264.94,256.76,264.90,15142
2011.03.24,00:00,264.10,269.73,263.71,269.16,17244
2011.03.25,00:00,267.84,268.82,263.59,267.80,15224
2011.03.28,00:00,266.69,271.26,265.17,270.70,12138
2011.03.29,00:00,269.71,270.60,261.36,263.88,14226
2011.03.30,00:00,265.75,267.57,262.66,264.33,12898
2011.03.31,00:00,264.81,265.88,259.12,259.82,13328
2011.04.01,00:00,260.60,265.26,258.23,263.71,11462
2011.04.04,00:00,265.02,266.86,263.25,266.76,12400
2011.04.05,00:00,266.94,268.45,261.58,267.50,11316
2011.04.06,00:00,267.57,271.08,265.01,269.96,10636
2011.04.07,00:00,268.74,270.00,265.78,266.87,10590
2011.04.08,00:00,268.36,268.81,264.09,265.59,10946
2011.04.11,00:00,265.76,266.24,261.72,263.71,11496
2011.04.12,00:00,259.01,261.04,254.73,255.38,13670
2011.04.13,00:00,256.20,257.09,251.43,252.25,13524
2011.04.14,00:00,253.40,254.80,241.52,244.58,16792
2011.04.15,00:00,244.37,248.68,242.69,247.48,13440
2011.04.18,00:00,248.29,248.39,237.26,238.15,15440
2011.04.19,00:00,239.73,249.90,239.31,249.13,16274
2011.04.20,00:00,253.52,254.90,252.17,253.92,12174
2011.04.21,00:00,256.75,257.00,250.48,251.63,11948
2011.04.22,00:00,249.52,253.27,249.19,251.39,5548
2011.04.25,00:00,252.86,254.46,246.20,246.39,10508
2011.04.26,00:00,245.26,248.11,243.01,247.64,14618
2011.04.27,00:00,247.81,249.38,240.85,242.79,14392
2011.04.28,00:00,245.51,248.93,242.28,247.39,14828
2011.04.29,00:00,247.05,247.51,242.68,243.60,11752
2011.05.03,00:00,243.21,243.71,236.27,236.40,6038
2011.05.04,00:00,235.57,238.55,231.17,232.90,10835
2011.05.05,00:00,234.84,236.76,225.20,228.30,11642
2011.05.06,00:00,225.20,236.11,223.65,235.16,12518
2011.05.10,00:00,234.28,237.09,233.50,236.46,9918
2011.05.11,00:00,237.59,240.30,231.96,233.50,10330
2011.05.12,00:00,230.16,231.85,227.02,231.15,10784
2011.05.13,00:00,233.35,234.98,229.25,230.34,10352
2011.05.16,00:00,228.05,233.22,227.52,230.40,10298
2011.05.17,00:00,229.52,232.30,225.76,228.40,10167
2011.05.18,00:00,231.63,232.53,225.14,227.30,8413
2011.05.19,00:00,229.27,232.89,225.98,229.95,8699
2011.05.20,00:00,229.55,231.61,225.49,227.22,10443
2011.05.23,00:00,224.43,225.24,220.10,222.00,11820
2011.05.24,00:00,223.63,228.27,222.93,227.77,8022
2011.05.25,00:00,226.18,231.94,225.03,231.71,8489
2011.05.26,00:00,233.61,233.74,229.16,231.44,10178
2011.05.27,00:00,232.30,241.38,231.61,240.55,9879
2011.05.30,00:00,240.59,242.68,238.99,241.70,5253
2011.05.31,00:00,243.32,245.34,239.37,242.05,7881
2011.06.01,00:00,242.53,244.73,239.13,239.30,9163
2011.06.02,00:00,237.01,239.66,235.29,239.11,8670
2011.06.03,00:00,239.34,242.40,233.97,235.20,10401
2011.06.06,00:00,235.01,239.10,232.61,237.53,10513
2011.06.07,00:00,237.00,243.63,236.41,243.21,8115
2011.06.08,00:00,243.42,248.59,241.48,247.06,9051
2011.06.09,00:00,248.06,252.16,245.33,250.90,10152
2011.06.10,00:00,249.99,251.38,246.48,248.32,8297
2011.06.14,00:00,249.51,250.89,246.55,248.30,7961
2011.06.15,00:00,247.70,251.53,244.73,246.06,9239
2011.06.16,00:00,243.31,247.95,242.83,247.95,10195
2011.06.17,00:00,246.52,247.81,240.64,240.92,8989
2011.06.20,00:00,239.37,239.42,234.91,236.99,7916
2011.06.21,00:00,238.31,238.40,234.97,235.08,4529
2011.06.22,00:00,235.71,235.88,232.35,233.69,6827
2011.06.23,00:00,231.50,233.59,228.19,229.00,9032
2011.06.24,00:00,230.84,233.61,229.60,231.81,8083
2011.06.27,00:00,230.01,231.73,226.81,228.60,9850
2011.06.28,00:00,229.57,234.81,228.67,234.26,7784
2011.06.29,00:00,235.62,238.37,235.23,236.20,6029
2011.06.30,00:00,237.00,238.94,233.66,236.06,5821
2011.07.01,00:00,236.10,238.15,232.11,234.87,5761
2011.07.04,00:00,235.07,237.67,234.54,237.01,2895
2011.07.05,00:00,236.53,239.51,235.00,238.07,4971
2011.07.06,00:00,239.30,240.70,235.60,235.60,7862
2011.07.07,00:00,237.80,242.38,237.41,241.63,5098
2011.07.08,00:00,242.23,243.42,236.59,239.15,8538
2011.07.11,00:00,237.94,239.18,234.26,235.74,7837
2011.07.12,00:00,233.67,235.90,231.62,235.90,9892
2011.07.13,00:00,236.10,236.76,231.46,235.88,9126
2011.07.14,00:00,234.73,237.20,233.03,235.32,9539
2011.07.15,00:00,233.97,235.79,232.36,233.90,8858
2011.07.18,00:00,233.89,234.15,228.21,229.20,8289
2011.07.19,00:00,229.70,232.74,228.84,231.91,7457
2011.07.20,00:00,233.91,235.53,233.25,234.66,6239
2011.07.21,00:00,234.59,237.82,232.11,237.25,9375
2011.07.22,00:00,238.50,241.94,237.56,241.70,7224
2011.07.25,00:00,239.54,242.97,237.74,242.60,5847
2011.07.26,00:00,242.26,244.44,240.09,241.18,5921
2011.07.27,00:00,241.10,242.37,237.11,237.50,6370
2011.07.28,00:00,236.76,239.62,236.76,239.18,5233
2011.07.29,00:00,237.88,238.80,232.98,235.88,5832
2011.08.01,00:00,239.38,240.35,237.04,239.44,6031
2011.08.02,00:00,239.46,239.62,235.26,236.28,6766
2011.08.03,00:00,233.25,234.82,229.10,230.48,9078
2011.08.04,00:00,231.72,231.78,223.75,224.82,9508
2011.08.05,00:00,218.42,222.71,215.51,219.01,12142
2011.08.08,00:00,213.37,216.78,206.97,208.12,13154
2011.08.09,00:00,202.31,209.79,192.34,205.76,18164
2011.08.10,00:00,209.51,211.86,193.18,195.90,16699
2011.08.11,00:00,199.84,203.14,181.88,193.95,21218
2011.08.12,00:00,197.12,203.69,191.20,201.71,20044
2011.08.15,00:00,204.59,208.50,202.37,207.78,13466
2011.08.16,00:00,205.80,206.90,201.76,206.54,13406
2011.08.17,00:00,206.92,212.23,204.52,211.35,13397
2011.08.18,00:00,207.67,209.84,202.23,202.56,11535
2011.08.19,00:00,199.36,202.36,192.14,199.36,18568
2011.08.22,00:00,195.53,202.59,194.35,199.53,13664
2011.08.23,00:00,202.23,204.98,196.38,198.00,14086
2011.08.24,00:00,200.05,203.19,196.02,202.50,14990
2011.08.25,00:00,202.87,205.67,198.61,199.00,7916
2011.08.26,00:00,200.33,206.15,197.20,206.10,11042
2011.08.29,00:00,209.73,221.21,209.16,220.99,8135
2011.08.30,00:00,220.92,229.18,219.58,224.04,12838
2011.08.31,00:00,226.95,229.73,221.79,227.61,10327
2011.09.01,00:00,226.19,232.32,224.65,231.63,12035
2011.09.02,00:00,229.45,230.59,225.63,227.14,9709
2011.09.05,00:00,223.28,226.81,220.64,221.25,9559
2011.09.06,00:00,220.24,224.00,219.21,222.12,10985
2011.09.07,00:00,225.54,229.60,225.28,228.99,11155
2011.09.08,00:00,228.64,229.74,224.32,228.00,9811
2011.09.09,00:00,226.72,227.04,219.60,221.31,12937
2011.09.12,00:00,217.40,220.50,214.39,217.80,13286
2011.09.13,00:00,220.81,221.79,214.08,216.57,12483
2011.09.14,00:00,215.38,220.72,215.33,215.78,10363
2011.09.15,00:00,218.26,221.40,216.63,217.05,13352
2011.09.16,00:00,218.70,219.67,212.62,212.80,11591
2011.09.19,00:00,211.52,212.76,208.97,209.03,10489
2011.09.20,00:00,210.15,215.45,209.68,213.53,8557
2011.09.21,00:00,212.62,215.62,209.08,209.12,7997
2011.09.22,00:00,205.58,205.67,191.96,192.40,14292
2011.09.23,00:00,191.01,192.93,176.24,182.58,20275
2011.09.26,00:00,180.24,192.59,177.24,187.74,18794
2011.09.27,00:00,194.03,194.66,190.35,193.80,10451
2011.09.28,00:00,190.44,194.22,189.50,190.50,12110
2011.09.29,00:00,187.39,197.20,187.14,196.40,11342
2011.09.30,00:00,195.59,196.36,186.29,190.26,13588
2011.10.03,00:00,185.12,188.94,182.89,186.77,12234
2011.10.04,00:00,183.98,187.82,171.04,175.07,15364
2011.10.05,00:00,179.74,180.72,171.20,175.64,18792
2011.10.06,00:00,178.61,186.52,177.92,185.76,14604
2011.10.07,00:00,188.18,195.12,187.40,192.44,14624
2011.10.10,00:00,193.34,198.97,188.89,198.51,14340
2011.10.11,00:00,198.85,198.85,189.45,191.65,8400
2011.10.12,00:00,191.76,198.71,191.10,198.17,8361
2011.10.13,00:00,197.75,201.17,193.97,194.91,13978
2011.10.14,00:00,196.50,200.03,194.51,199.80,13242
2011.10.17,00:00,202.11,202.16,193.63,195.51,14608
2011.10.18,00:00,194.29,198.50,190.80,198.15,15594
2011.10.19,00:00,198.48,198.66,192.30,195.39,16497
2011.10.20,00:00,191.75,196.21,190.95,195.49,15760
2011.10.21,00:00,196.33,200.91,194.51,200.44,11692
2011.10.24,00:00,201.50,208.81,201.22,208.41,10685
2011.10.25,00:00,207.71,209.95,203.64,207.01,11188
2011.10.26,00:00,206.63,215.85,206.33,214.88,11704
2011.10.27,00:00,218.58,224.89,218.11,221.69,13220
2011.10.28,00:00,224.42,227.84,220.51,225.00,16288
2011.10.31,00:00,222.72,224.51,216.75,217.83,19698
2011.11.01,00:00,215.87,217.69,210.06,210.11,17804
2011.11.02,00:00,212.30,218.92,211.64,218.54,18122
2011.11.03,00:00,215.22,222.19,210.41,218.88,25440
2011.11.07,00:00,220.70,227.08,217.99,227.08,24374
2011.11.08,00:00,227.07,229.32,223.52,226.24,18778
2011.11.09,00:00,228.56,228.64,217.20,221.02,33334
2011.11.10,00:00,217.24,223.38,214.39,221.71,33262
2011.11.11,00:00,222.80,223.04,217.03,218.51,29674
2011.11.14,00:00,220.75,222.24,219.28,219.90,26092
2011.11.15,00:00,220.07,224.57,215.10,220.54,23780
2011.11.16,00:00,217.59,225.91,216.33,224.07,29206
2011.11.17,00:00,223.54,225.78,215.78,220.30,30700
2011.11.18,00:00,216.71,218.21,215.12,215.14,18462
2011.11.21,00:00,213.68,213.83,203.01,203.44,19764
2011.11.22,00:00,202.91,208.49,202.91,204.88,20442
2011.11.23,00:00,201.54,209.65,201.47,206.02,28598
2011.11.24,00:00,206.02,207.61,203.51,204.01,18644
2011.11.25,00:00,203.08,206.86,198.62,206.69,23638
2011.11.28,00:00,210.01,217.41,209.72,216.43,18962
2011.11.29,00:00,218.31,219.42,215.09,216.20,18866
2011.11.30,00:00,215.95,224.31,214.49,223.13,23556
2011.12.01,00:00,224.60,226.93,221.76,222.10,23374
2011.12.02,00:00,223.86,226.42,220.75,222.80,27418
2011.12.05,00:00,223.72,225.87,222.18,224.29,20304
2011.12.06,00:00,223.24,224.89,215.02,215.12,22560
2011.12.07,00:00,217.18,219.56,213.88,218.30,26244
2011.12.08,00:00,218.89,222.20,216.61,218.54,20362
2011.12.09,00:00,215.00,215.12,207.57,207.94,23656
2011.12.12,00:00,209.80,214.70,199.87,200.16,21934
2011.12.13,00:00,200.72,207.59,197.31,207.59,27924
2011.12.14,00:00,204.47,209.61,202.36,204.35,27842
2011.12.15,00:00,201.48,208.48,201.23,207.61,26472
2011.12.16,00:00,208.00,208.85,204.02,204.60,20140
2011.12.19,00:00,202.69,209.11,201.51,208.81,22090
2011.12.20,00:00,208.03,214.44,206.44,214.38,17750
2011.12.21,00:00,214.90,215.59,210.60,211.93,20462
2011.12.22,00:00,212.79,213.09,208.60,212.50,15678
2011.12.23,00:00,213.12,213.39,209.04,209.78,12004
2011.12.26,00:00,210.67,211.95,210.30,211.17,5130
2011.12.27,00:00,209.82,212.81,209.77,212.11,10816
2011.12.28,00:00,212.76,214.13,209.51,210.29,8994
2011.12.29,00:00,209.80,210.87,206.70,210.56,11074
2011.12.30,00:00,210.92,214.33,209.48,213.70,13042
2012.01.03,00:00,215.25,218.43,214.48,218.00,11672
2012.01.04,00:00,218.19,222.34,216.78,222.10,12846
2012.01.05,00:00,222.23,223.41,218.10,218.12,7327
2012.01.06,00:00,218.41,222.01,218.28,221.08,9190
2012.01.09,00:00,219.91,222.00,219.70,221.11,17614
2012.01.10,00:00,223.02,227.12,222.95,227.08,8757
2012.01.11,00:00,226.22,228.81,225.39,227.48,13509
2012.01.12,00:00,228.11,229.45,225.32,226.00,12942
2012.01.13,00:00,226.30,228.12,223.53,225.96,10711
2012.01.16,00:00,224.63,228.22,224.07,227.46,9667
2012.01.17,00:00,229.07,230.71,228.66,229.83,13866
2012.01.18,00:00,229.50,230.75,227.51,230.75,10370
2012.01.19,00:00,231.60,232.18,229.50,232.00,15720
2012.01.20,00:00,232.46,232.46,229.68,230.31,11228
2012.01.23,00:00,229.78,233.90,229.44,233.90,7061
2012.01.24,00:00,232.17,232.99,228.21,228.26,8696
2012.01.25,00:00,230.32,230.38,225.73,227.24,5913
2012.01.26,00:00,228.64,229.58,226.21,228.53,7718
2012.01.27,00:00,227.18,228.70,225.94,227.00,7052
2012.01.30,00:00,226.00,226.46,223.08,223.92,8082
2012.01.31,00:00,225.20,227.93,224.23,224.83,4608
2012.02.01,00:00,223.82,227.77,222.70,227.29,5628
2012.02.02,00:00,228.45,230.32,226.89,230.24,8283
2012.02.03,00:00,229.71,233.83,228.72,233.82,8790
2012.02.06,00:00,233.81,234.81,229.18,229.76,7180
2012.02.07,00:00,230.07,231.75,223.66,223.82,6025
2012.02.08,00:00,225.73,226.76,216.22,216.73,14125
2012.02.09,00:00,217.14,217.36,209.19,211.99,12709
2012.02.10,00:00,211.42,214.91,211.07,211.61,7456
2012.02.13,00:00,213.57,216.75,213.19,216.05,9904
2012.02.14,00:00,215.48,217.40,214.44,215.02,5006
2012.02.15,00:00,216.42,219.57,216.07,218.75,7033
2012.02.16,00:00,216.86,219.64,215.97,219.36,6388
2012.02.17,00:00,221.20,221.33,217.05,218.39,6862
2012.02.20,00:00,220.20,220.86,219.04,219.35,4060
2012.02.21,00:00,219.31,220.11,216.61,219.70,11650
2012.02.22,00:00,220.36,220.92,216.29,217.07,5556
2012.02.24,00:00,219.14,226.53,218.05,225.59,10842
2012.02.27,00:00,224.94,226.62,223.40,226.31,12988
2012.02.28,00:00,228.76,229.61,223.51,224.50,10796
2012.02.29,00:00,224.98,228.11,224.18,225.81,9769
2012.03.01,00:00,224.72,225.53,221.97,222.08,6900
2012.03.02,00:00,224.02,225.00,220.20,224.84,10364
2012.03.05,00:00,225.27,228.62,224.11,227.61,10915
2012.03.06,00:00,226.45,227.13,219.73,219.76,9837
2012.03.07,00:00,218.68,222.42,217.96,221.54,16506
2012.03.12,00:00,222.86,224.75,221.11,221.74,10687
2012.03.13,00:00,223.11,224.16,221.24,221.91,7229
2012.03.14,00:00,223.70,224.03,222.06,223.10,8898
2012.03.15,00:00,222.42,225.41,221.98,223.87,9712
2012.03.16,00:00,222.55,223.79,218.50,219.31,7279
2012.03.19,00:00,220.52,220.52,213.20,213.62,10800
2012.03.20,00:00,214.11,215.63,210.58,210.80,8895
2012.03.21,00:00,211.63,213.63,208.54,209.41,8245
2012.03.22,00:00,209.51,211.07,208.15,208.80,7490
2012.03.23,00:00,210.25,210.84,207.95,210.22,13078
2012.03.26,00:00,211.42,213.95,211.09,212.41,9844
2012.03.27,00:00,213.42,213.55,209.28,210.39,7134
2012.03.28,00:00,208.48,209.67,206.03,206.55,16436
2012.03.29,00:00,206.01,206.80,203.13,204.40,12930
2012.03.30,00:00,207.15,211.94,205.93,210.01,5238
2012.04.02,00:00,211.30,213.21,209.27,210.52,20198
2012.04.03,00:00,212.11,213.41,210.76,211.89,11960
2012.04.04,00:00,209.58,211.43,207.77,209.12,15105
2012.04.05,00:00,210.42,211.85,207.97,211.18,10080
2012.04.06,00:00,211.74,211.92,207.50,207.80,7361
2012.04.09,00:00,206.94,209.57,205.04,209.25,17569
2012.04.10,00:00,208.47,211.30,207.68,207.92,14904
2012.04.11,00:00,206.98,211.50,206.66,208.83,18952
2012.04.12,00:00,209.58,209.92,206.74,208.53,14320
2012.04.13,00:00,209.17,212.09,208.68,209.74,10070
2012.04.16,00:00,209.50,215.66,208.96,210.78,14044
2012.04.17,00:00,211.57,213.38,208.28,211.45,13866
2012.04.18,00:00,212.88,213.16,210.30,211.10,16950
2012.04.19,00:00,211.42,216.63,211.42,215.00,13815
2012.04.20,00:00,213.68,217.20,213.59,216.35,8262
2012.04.23,00:00,214.99,215.79,209.00,209.99,6292
2012.04.24,00:00,210.58,210.89,205.48,208.20,9227
2012.04.25,00:00,209.01,210.05,207.13,207.80,16862
2012.04.26,00:00,208.40,208.83,204.59,205.76,8709
2012.04.27,00:00,205.14,209.34,205.14,208.87,13802
2012.05.02,00:00,211.58,214.19,208.91,209.00,7724
2012.05.03,00:00,209.71,210.93,206.86,207.34,12828
2012.05.04,00:00,206.85,207.15,198.64,199.81,14656
2012.05.07,00:00,195.03,199.90,194.52,198.88,5954
2012.05.08,00:00,199.83,201.32,192.64,193.47,8954
2012.05.10,00:00,193.41,199.42,193.30,198.01,11193
2012.05.11,00:00,196.08,204.30,195.01,203.08,11781
2012.05.14,00:00,202.07,202.95,197.57,199.31,9817
2012.05.15,00:00,199.88,201.30,195.96,200.71,10685
2012.05.16,00:00,199.01,203.75,198.50,203.11,13732
2012.05.17,00:00,203.55,205.03,199.08,200.32,12617
2012.05.18,00:00,197.49,203.37,196.34,197.01,13663
2012.05.21,00:00,197.87,198.50,191.13,195.04,16614
2012.05.22,00:00,196.01,202.41,194.84,198.30,8810
2012.05.23,00:00,196.35,199.91,192.77,193.01,10577
2012.05.24,00:00,195.31,198.41,192.81,197.05,15432
2012.05.25,00:00,196.07,198.05,192.52,192.52,14601
2012.05.28,00:00,194.52,196.33,192.40,192.50,10097
2012.05.29,00:00,194.12,200.65,193.63,199.81,8933
2012.05.30,00:00,198.53,204.58,197.52,202.92,13878
2012.05.31,00:00,203.68,209.60,203.68,206.76,9480
2012.06.01,00:00,207.04,208.92,201.58,206.49,18148
2012.06.04,00:00,203.07,205.97,202.28,203.11,11077
2012.06.05,00:00,204.64,204.78,196.13,196.40,13847
2012.06.06,00:00,197.33,199.54,194.90,199.02,16681
2012.06.07,00:00,200.46,201.88,196.88,199.68,11777
2012.06.08,00:00,197.38,200.44,196.88,197.44,11423
2012.06.13,00:00,197.53,201.19,196.02,197.42,8682
2012.06.14,00:00,197.58,198.15,196.47,197.14,13221
2012.06.15,00:00,198.22,203.55,197.22,200.50,6761
2012.06.18,00:00,203.85,203.97,199.55,201.40,10375
2012.06.19,00:00,200.40,202.83,200.26,200.73,8385
2012.06.20,00:00,201.02,202.48,199.26,201.50,9558
2012.06.21,00:00,200.13,208.46,199.98,207.40,6340
2012.06.22,00:00,205.71,208.18,203.50,204.21,4928
2012.06.25,00:00,203.80,204.58,200.04,200.89,4465
2012.06.26,00:00,201.00,202.60,199.54,199.54,4335
2012.06.27,00:00,200.76,203.43,199.89,202.70,4708
2012.06.28,00:00,203.02,204.14,201.59,202.62,7127
2012.06.29,00:00,205.24,206.79,203.85,204.50,5322
2012.07.02,00:00,204.01,207.56,204.01,204.26,5517
2012.07.03,00:00,205.16,211.71,205.16,211.55,6896
2012.07.04,00:00,210.70,213.38,209.22,212.30,3373
2012.07.05,00:00,210.86,213.66,209.60,211.76,8072
2012.07.06,00:00,210.95,212.23,207.03,207.25,6742
2012.07.09,00:00,207.80,209.55,206.93,207.81,6580
2012.07.10,00:00,207.03,210.48,206.09,207.47,4419
2012.07.11,00:00,205.84,206.61,203.57,203.85,6625
2012.07.12,00:00,204.00,204.24,201.11,203.55,6003
2012.07.13,00:00,204.67,206.39,203.51,205.73,5451
2012.07.16,00:00,205.51,207.28,205.07,207.00,3794
2012.07.17,00:00,207.52,210.63,206.63,208.82,4046
2012.07.18,00:00,208.97,210.55,207.14,207.92,4659
2012.07.19,00:00,209.65,210.16,208.06,208.45,5276
2012.07.20,00:00,207.50,207.50,204.32,205.12,3464
2012.07.23,00:00,203.97,204.44,197.78,198.25,6719
2012.07.24,00:00,199.17,200.92,196.83,197.48,6842
2012.07.25,00:00,196.40,199.41,191.68,192.29,7895
2012.07.26,00:00,192.98,197.32,191.88,196.52,7926
2012.07.27,00:00,197.01,198.07,195.31,197.65,5552
2012.07.30,00:00,198.40,202.93,198.12,202.10,6079
2012.07.31,00:00,202.37,202.91,194.40,195.20,6122
2012.08.01,00:00,194.85,198.31,194.85,197.60,5866
2012.08.02,00:00,196.14,197.53,192.26,193.01,7300
2012.08.03,00:00,192.96,194.19,192.11,193.69,5538
2012.08.06,00:00,194.21,198.52,193.99,196.00,7090
2012.08.07,00:00,195.47,200.06,195.30,200.06,6604
2012.08.08,00:00,199.14,202.83,198.94,201.98,5903
2012.08.09,00:00,202.23,203.92,200.70,202.23,7430
2012.08.10,00:00,201.09,202.03,198.58,200.48,5313
2012.08.13,00:00,200.98,204.81,200.70,203.05,6073
2012.08.14,00:00,203.94,204.45,202.22,204.26,7362
2012.08.15,00:00,203.06,203.66,198.18,200.30,6236
2012.08.16,00:00,201.41,202.06,200.47,201.65,4741
2012.08.17,00:00,202.59,202.77,200.55,200.58,6117
2012.08.20,00:00,201.57,201.57,197.24,198.47,6019
2012.08.21,00:00,199.36,202.45,198.86,201.62,6131
2012.08.22,00:00,199.69,201.62,199.31,199.93,5698
2012.08.23,00:00,201.47,204.07,200.47,200.53,3217
2012.08.24,00:00,199.10,200.95,198.50,199.89,3455
2012.08.27,00:00,201.08,201.13,199.00,200.00,3726
2012.08.28,00:00,199.81,200.65,198.07,198.77,4392
2012.08.29,00:00,198.68,199.89,196.58,196.78,3596
2012.08.30,00:00,196.91,197.70,195.49,196.51,3874
2012.08.31,00:00,196.35,197.20,192.62,192.73,6358
2012.09.03,00:00,193.17,197.19,193.12,196.99,3206
2012.09.04,00:00,197.10,198.17,196.15,197.30,3662
2012.09.05,00:00,196.57,197.35,194.19,194.73,4227
2012.09.06,00:00,195.59,199.29,195.40,199.17,4068
2012.09.07,00:00,199.52,202.11,199.51,200.67,5079
2012.09.10,00:00,200.18,202.24,200.00,201.42,3406
2012.09.11,00:00,200.76,203.02,199.25,203.00,2738
2012.09.12,00:00,203.33,204.10,202.57,203.31,5258
2012.09.13,00:00,203.35,204.23,202.20,203.06,3031
2012.09.14,00:00,207.18,214.15,207.02,212.18,7745
2012.09.17,00:00,211.58,212.92,210.39,212.00,6507
2012.09.18,00:00,210.43,213.22,208.99,209.03,4748
2012.09.19,00:00,210.27,211.91,206.63,208.55,8157
2012.09.20,00:00,207.20,213.43,204.78,213.33,8834
2012.09.21,00:00,214.43,214.76,211.10,211.61,7018
2012.09.24,00:00,208.24,209.85,206.50,209.85,4874
2012.09.25,00:00,210.30,210.71,208.11,208.41,5766
2012.09.26,00:00,206.19,206.89,203.69,203.95,7145
2012.09.27,00:00,205.55,207.90,203.71,207.89,4995
2012.09.28,00:00,209.94,210.88,207.89,210.88,4942
2012.10.01,00:00,210.08,213.41,209.68,213.30,5161
2012.10.02,00:00,212.10,212.94,209.87,210.91,5526
2012.10.03,00:00,209.43,211.70,208.60,209.52,5454
2012.10.04,00:00,209.82,210.20,206.34,207.81,6063
2012.10.05,00:00,209.71,212.88,209.64,212.06,5629
2012.10.08,00:00,210.59,211.73,209.63,211.50,3640
2012.10.09,00:00,211.88,212.51,210.37,212.00,3936
2012.10.10,00:00,211.04,211.65,209.50,210.12,2708
2012.10.11,00:00,209.62,211.27,208.78,210.73,4026
2012.10.12,00:00,210.56,210.56,207.48,208.26,5102
2012.10.15,00:00,207.61,209.40,207.39,207.66,7470
2012.10.16,00:00,209.61,210.04,207.98,210.01,5834
2012.10.17,00:00,210.42,213.64,209.37,213.19,6152
2012.10.18,00:00,213.41,220.87,213.00,219.22,14386
2012.10.19,00:00,220.36,220.45,214.06,214.27,13251
2012.10.22,00:00,212.79,220.75,212.79,219.70,11407
2012.10.23,00:00,218.42,227.62,218.14,225.77,16048
2012.10.24,00:00,227.08,238.12,226.00,233.91,16280
2012.10.25,00:00,234.39,236.75,229.27,232.21,12744
2012.10.26,00:00,229.71,232.65,228.55,231.40,11168
2012.10.29,00:00,231.16,231.40,228.86,230.99,10006
2012.10.30,00:00,230.29,235.09,229.72,232.04,10082
2012.10.31,00:00,232.24,233.62,230.03,232.65,10894
2012.11.01,00:00,232.24,246.98,231.45,246.24,12886
2012.11.02,00:00,248.35,251.32,246.34,248.97,14682
2012.11.06,00:00,251.61,254.41,245.25,246.52,11143
2012.11.07,00:00,247.08,247.19,242.73,244.89,11635
2012.11.08,00:00,241.91,243.89,238.48,239.87,11403
2012.11.09,00:00,239.25,242.88,238.12,241.56,10079
2012.11.12,00:00,242.95,245.16,240.03,244.48,11520
2012.11.13,00:00,242.57,246.17,240.81,241.03,14252
2012.11.14,00:00,243.40,247.75,240.50,246.55,13914
2012.11.15,00:00,245.80,249.15,245.48,246.96,8462
2012.11.16,00:00,246.50,248.76,245.98,248.11,6605
2012.11.19,00:00,249.61,253.58,248.58,251.46,7398
2012.11.20,00:00,251.80,252.05,247.51,250.16,5687
2012.11.21,00:00,249.31,251.70,248.97,249.22,6030
2012.11.22,00:00,250.01,250.11,242.02,242.93,4598
2012.11.23,00:00,243.03,243.35,239.01,241.32,4717
2012.11.26,00:00,241.35,241.94,239.20,240.26,5343
2012.11.27,00:00,241.04,243.64,239.42,240.01,5975
2012.11.28,00:00,238.35,240.10,236.63,239.77,6049
2012.11.29,00:00,241.58,244.72,240.65,244.01,5383
2012.11.30,00:00,243.90,247.35,242.74,243.60,6600
2012.12.03,00:00,244.73,245.11,241.54,244.14,6710
2012.12.04,00:00,242.65,243.39,240.31,241.34,5024
2012.12.05,00:00,242.41,248.18,242.41,248.02,5519
2012.12.06,00:00,247.22,250.54,247.22,248.47,7081
2012.12.07,00:00,249.03,251.10,245.14,250.78,6031
2012.12.10,00:00,250.39,252.21,248.81,250.90,6631
2012.12.11,00:00,250.51,250.79,247.99,248.43,5287
2012.12.12,00:00,249.13,252.11,248.90,251.68,3794
2012.12.13,00:00,251.36,253.90,250.83,253.41,6438
2012.12.14,00:00,253.50,258.79,253.01,258.56,6227
2012.12.17,00:00,258.95,261.54,256.97,261.21,6740
2012.12.18,00:00,261.85,264.23,261.12,263.16,5207
2012.12.19,00:00,263.71,264.29,261.67,262.16,3604
2012.12.20,00:00,260.11,262.69,259.67,261.18,5324
2012.12.21,00:00,260.25,262.62,259.04,262.19,5012
2012.12.24,00:00,261.68,268.11,260.94,265.15,6055
2012.12.26,00:00,265.62,269.18,265.62,268.76,2127
2012.12.27,00:00,268.62,269.18,265.51,268.77,3582
2012.12.28,00:00,268.12,270.14,267.12,270.01,4311
2013.01.08,00:00,272.06,274.62,266.38,268.91,4959
2013.01.09,00:00,267.03,270.03,265.40,268.99,4977
2013.01.10,00:00,269.05,269.22,266.63,266.74,3048
2013.01.11,00:00,266.41,266.58,264.29,265.26,3710
2013.01.14,00:00,265.70,268.55,265.63,267.17,3339
2013.01.15,00:00,266.00,266.08,263.69,264.10,3605
2013.01.16,00:00,264.37,264.84,260.76,261.56,3772
2013.01.17,00:00,260.15,260.41,257.55,258.45,3895
2013.01.18,00:00,259.33,262.83,258.25,262.43,4271
2013.01.21,00:00,262.01,263.43,260.51,262.54,4130
2013.01.22,00:00,263.04,265.25,260.13,264.90,5321
2013.01.23,00:00,265.00,265.77,263.66,265.21,4947
2013.01.24,00:00,264.34,268.70,262.02,268.33,4974
2013.01.25,00:00,268.20,273.38,267.04,272.90,4091
2013.01.28,00:00,272.80,275.44,270.65,275.31,4322
2013.01.29,00:00,274.16,275.32,270.28,270.85,4522
2013.01.30,00:00,272.00,272.24,266.13,266.74,5915
2013.01.31,00:00,264.56,267.55,264.09,266.85,6373
2013.02.01,00:00,267.08,267.15,259.38,262.01,5704
2013.02.04,00:00,262.82,263.52,257.66,258.00,6255
2013.02.05,00:00,256.53,259.77,255.81,258.15,4796
2013.02.06,00:00,259.20,261.69,255.32,256.65,6787
2013.02.07,00:00,256.06,257.63,255.03,255.80,5216
2013.02.08,00:00,255.83,256.40,253.26,255.07,5675
2013.02.11,00:00,256.68,259.65,255.91,257.05,6323
2013.02.12,00:00,257.00,258.18,253.68,253.82,4739
2013.02.13,00:00,254.91,265.49,253.96,263.65,6719
2013.02.14,00:00,262.53,264.91,258.02,258.25,7781
2013.02.15,00:00,258.50,258.50,254.74,255.12,5566
2013.02.18,00:00,254.28,255.82,252.21,253.32,3893
2013.02.19,00:00,253.60,257.41,253.60,255.43,4995
2013.02.20,00:00,255.85,256.42,251.45,251.80,5112
2013.02.21,00:00,249.87,251.79,248.00,251.41,5713
2013.02.22,00:00,250.91,253.37,249.64,252.06,4351
2013.02.25,00:00,252.65,252.90,250.55,251.10,2591
2013.02.26,00:00,248.89,250.17,248.17,248.30,3505
2013.02.27,00:00,249.38,250.85,246.53,247.00,3083
2013.02.28,00:00,248.53,248.85,243.85,243.89,4682
2013.03.01,00:00,243.24,243.86,240.29,241.84,4357
2013.03.04,00:00,241.19,242.36,239.63,241.28,3092
2013.03.05,00:00,242.09,245.42,241.54,244.86,3115
2013.03.06,00:00,245.88,249.51,245.09,247.61,2342
2013.03.07,00:00,247.79,250.85,247.42,248.03,2286
2013.03.11,00:00,249.30,251.07,248.33,248.58,2748
2013.03.12,00:00,248.57,248.89,245.60,248.27,2158
2013.03.13,00:00,247.63,247.99,246.00,246.52,3585
2013.03.14,00:00,246.03,246.35,244.11,244.29,2484
2013.03.15,00:00,245.94,247.84,241.63,242.08,4629
2013.03.18,00:00,239.40,239.55,236.28,238.54,4137
2013.03.19,00:00,239.10,239.10,235.38,236.03,4000
2013.03.20,00:00,236.89,237.83,234.52,237.56,3410
2013.03.21,00:00,238.01,242.57,236.35,242.23,3268
2013.03.22,00:00,241.91,242.10,237.44,237.59,2759
2013.03.25,00:00,239.51,244.22,239.51,241.41,3101
2013.03.26,00:00,241.60,242.92,236.81,237.61,4337
2013.03.27,00:00,239.06,240.72,235.62,238.51,3492
2013.03.28,00:00,237.86,238.50,235.23,237.09,3436
2013.03.29,00:00,238.12,238.81,237.04,238.52,1287
2013.04.01,00:00,238.15,238.26,235.72,237.57,1085
2013.04.02,00:00,236.13,237.49,234.82,236.69,1965
2013.04.03,00:00,235.80,237.00,232.56,235.25,2589
2013.04.04,00:00,233.36,240.82,233.11,238.68,2537
2013.04.05,00:00,237.62,238.22,230.10,230.29,3006
2013.04.08,00:00,231.00,232.51,227.32,227.32,1528
2013.04.09,00:00,226.66,228.58,223.71,224.92,2039
2013.04.10,00:00,225.62,226.71,224.02,226.00,2163
2013.04.11,00:00,226.45,226.61,219.10,221.88,2239
2013.04.12,00:00,221.60,223.37,219.70,223.04,2037
2013.04.15,00:00,221.75,224.86,220.00,220.27,3032
2013.04.16,00:00,220.73,221.95,219.72,221.11,2312
2013.04.17,00:00,220.24,220.66,214.55,214.69,3429
2013.04.18,00:00,214.30,217.25,214.09,215.81,2568
2013.04.19,00:00,214.53,216.06,211.26,212.82,2990
2013.04.22,00:00,215.30,218.01,214.54,217.42,2716
2013.04.23,00:00,216.36,220.90,215.52,217.46,2873
2013.04.24,00:00,216.40,220.41,215.25,219.90,2781
2013.04.25,00:00,220.79,221.78,216.91,217.55,2444
2013.04.26,00:00,215.75,217.10,212.32,213.47,3115
2013.04.29,00:00,214.61,215.91,213.00,213.51,2329
2013.04.30,00:00,214.20,216.30,213.12,214.23,1862
2013.05.06,00:00,220.00,221.63,219.55,220.80,1143
2013.05.07,00:00,213.03,219.80,213.00,219.26,2524
2013.05.08,00:00,219.30,220.58,217.77,220.09,1628
2013.05.13,00:00,222.33,224.17,218.24,222.95,3085
2013.05.14,00:00,223.07,226.58,221.57,222.63,3006
2013.05.15,00:00,223.71,225.86,218.66,219.20,2519
2013.05.16,00:00,221.10,221.52,219.25,220.01,2036
2013.05.17,00:00,218.49,221.79,217.29,221.48,2033
2013.05.20,00:00,220.55,222.80,219.44,219.97,2449
2013.05.21,00:00,219.23,222.34,218.02,221.85,2130
2013.05.22,00:00,220.95,224.64,220.21,224.27,2748
2013.05.23,00:00,220.67,221.16,214.01,214.33,3614
2013.05.24,00:00,215.10,215.91,210.30,211.98,2935
2013.05.27,00:00,212.61,213.77,210.55,211.15,2080
2013.05.28,00:00,212.08,214.53,211.97,214.31,1716
2013.05.29,00:00,213.59,213.59,208.13,212.23,4566
2013.05.30,00:00,212.18,216.95,211.44,215.39,5926
2013.05.31,00:00,215.73,218.00,212.36,213.28,3654
2013.06.03,00:00,209.65,212.89,207.55,211.18,6105
2013.06.04,00:00,211.00,214.27,209.01,211.06,2901
2013.06.05,00:00,209.90,211.27,207.97,209.51,4327
2013.06.06,00:00,208.17,211.13,206.97,209.30,4142
2013.06.07,00:00,210.35,214.77,209.58,214.65,4117
2013.06.10,00:00,215.23,219.27,214.37,215.94,3156
2013.06.11,00:00,216.16,216.99,208.04,208.73,3558
2013.06.13,00:00,207.05,209.94,203.96,209.32,5107
2013.06.14,00:00,211.03,213.28,209.31,210.91,3819
2013.06.17,00:00,211.00,216.07,211.00,215.04,3777
2013.06.18,00:00,215.50,219.25,213.73,218.41,2768
2013.06.19,00:00,218.10,219.77,215.58,219.39,2626
2013.06.20,00:00,215.84,226.19,215.84,220.78,6073
2013.06.21,00:00,220.60,226.40,219.22,221.52,7383
2013.06.24,00:00,221.01,229.36,220.68,228.02,5014
2013.06.25,00:00,226.93,232.99,226.70,232.03,4922
2013.06.26,00:00,231.27,235.65,228.53,229.69,5231
2013.06.27,00:00,229.60,230.76,222.18,223.00,4829
2013.06.28,00:00,223.66,227.54,223.00,226.19,3456
2013.07.01,00:00,227.06,229.42,226.18,229.13,3298
2013.07.02,00:00,229.00,231.19,226.20,227.58,3240
2013.07.03,00:00,226.03,229.83,223.95,229.64,2930
2013.07.04,00:00,230.65,231.69,228.10,229.62,2392
2013.07.05,00:00,230.46,234.03,227.56,228.76,3128
2013.07.08,00:00,230.18,233.81,229.00,233.63,2285
2013.07.09,00:00,233.49,234.72,231.40,232.41,2138
2013.07.10,00:00,232.70,234.60,231.54,233.64,2030
2013.07.11,00:00,235.18,240.24,235.01,239.86,3137
2013.07.12,00:00,240.41,248.68,240.22,246.70,3847
2013.07.15,00:00,247.20,248.48,244.03,246.67,3715
2013.07.16,00:00,247.48,248.60,245.56,245.85,3723
2013.07.17,00:00,245.58,250.11,245.08,248.01,4451
2013.07.18,00:00,248.72,249.64,242.16,244.20,4119
2013.07.19,00:00,244.30,247.61,242.60,243.14,4072
2013.07.22,00:00,244.00,244.59,241.10,243.42,4332
2013.07.23,00:00,244.14,246.79,243.60,244.77,2407
2013.07.24,00:00,243.60,244.66,242.10,242.56,2163
2013.07.25,00:00,241.95,242.47,240.01,240.82,2058
2013.07.26,00:00,242.00,243.41,239.13,241.27,1544
2013.07.29,00:00,240.89,242.15,238.38,239.07,1530
2013.07.30,00:00,239.50,241.24,236.09,236.34,1551
2013.07.31,00:00,236.51,239.12,234.10,235.70,2475
2013.08.01,00:00,236.00,239.31,235.99,238.58,2401
2013.08.02,00:00,240.59,240.99,236.20,238.51,2675
2013.08.05,00:00,237.78,240.31,237.30,238.75,2403
2013.08.06,00:00,237.91,239.03,234.17,234.17,2164
2013.08.07,00:00,232.78,235.22,232.10,232.39,2502
2013.08.08,00:00,233.02,233.58,227.70,229.46,3444
2013.08.09,00:00,230.00,234.40,227.70,233.34,2781
2013.08.12,00:00,233.60,235.62,232.29,235.16,3024
2013.08.13,00:00,235.15,239.21,235.15,236.93,1952
2013.08.14,00:00,237.00,238.75,236.03,237.80,1707
2013.08.15,00:00,238.24,239.71,232.40,233.41,2599
2013.08.16,00:00,233.45,234.32,229.03,230.08,3345
2013.08.19,00:00,230.50,232.40,229.11,230.51,2665
2013.08.20,00:00,228.50,229.25,226.46,226.80,1813
2013.08.21,00:00,227.27,229.62,226.05,229.05,3509
2013.08.22,00:00,227.62,235.70,227.61,233.15,2940
2013.08.23,00:00,234.31,237.82,233.03,234.77,2482
2013.08.26,00:00,236.13,236.45,234.55,235.34,1575
2013.08.27,00:00,232.76,236.88,232.42,233.65,2870
2013.08.28,00:00,234.20,239.19,230.60,239.08,4655
2013.08.29,00:00,238.89,243.69,238.89,243.44,2604
2013.08.30,00:00,242.76,249.28,242.61,247.61,3219
2013.09.03,00:00,245.86,246.54,244.09,245.21,2069
2013.09.04,00:00,245.11,249.20,243.79,249.03,2065
2013.09.05,00:00,249.50,260.27,248.73,259.21,3598
2013.09.06,00:00,259.75,267.92,258.95,263.50,4595
2013.09.09,00:00,264.71,269.45,262.54,263.08,3407
2013.09.10,00:00,263.12,263.55,255.34,257.45,3634
2013.09.11,00:00,257.64,259.83,255.37,256.22,2719
2013.09.12,00:00,257.00,258.72,254.19,257.07,3052
2013.09.13,00:00,257.33,260.18,256.08,257.46,2703
2013.09.16,00:00,259.49,265.61,259.25,263.27,3301
2013.09.17,00:00,262.41,264.12,261.29,264.06,1711
2013.09.18,00:00,265.10,265.86,263.17,263.21,2200
2013.09.19,00:00,269.56,270.10,263.08,265.04,3599
2013.09.20,00:00,264.55,265.02,262.63,262.93,1815
2013.09.23,00:00,262.11,262.96,257.67,258.19,2585
2013.09.24,00:00,259.36,260.69,256.89,259.40,2256
2013.09.25,00:00,259.60,262.30,258.27,261.67,2906
2013.09.26,00:00,262.64,264.56,260.91,263.92,2419
2013.09.27,00:00,262.66,266.63,262.25,265.21,3335
2013.09.30,00:00,264.08,264.08,261.28,263.39,2523
2013.10.01,00:00,262.46,264.48,261.78,263.37,3442
2013.10.02,00:00,263.82,264.03,259.38,260.31,2389
2013.10.03,00:00,261.37,262.12,259.52,260.00,2129
2013.10.04,00:00,259.63,262.63,258.60,262.08,2077
2013.10.07,00:00,261.01,262.73,260.23,262.00,1673
2013.10.08,00:00,261.18,263.90,261.18,263.64,2521
2013.10.09,00:00,262.77,265.58,262.08,263.00,2295
2013.10.10,00:00,263.45,265.39,262.80,264.80,1975
2013.10.11,00:00,266.49,266.49,264.29,265.21,1424
2013.10.14,00:00,264.25,265.23,263.47,264.79,626
2013.10.15,00:00,266.60,267.47,263.29,264.91,1563
2013.10.16,00:00,265.49,265.49,260.22,260.76,1776
2013.10.17,00:00,261.70,261.81,255.61,256.49,2516
2013.10.18,00:00,258.23,262.37,256.90,261.45,2245
2013.10.21,00:00,261.78,263.10,259.06,259.28,1918
2013.10.22,00:00,261.13,261.37,259.77,260.13,1626
2013.10.23,00:00,258.05,260.46,254.27,254.46,1949
2013.10.24,00:00,254.97,255.02,249.88,251.16,1970
2013.10.25,00:00,251.31,252.88,249.58,251.91,1648
2013.10.28,00:00,253.27,254.64,250.27,253.69,1542
2013.10.29,00:00,253.91,257.38,251.46,253.85,2354
2013.10.30,00:00,253.85,254.61,248.76,249.43,1401
2013.10.31,00:00,248.75,254.45,247.42,254.26,2162
2013.11.01,00:00,254.04,255.57,251.11,251.91,1712
2013.11.05,00:00,252.18,252.55,248.75,249.33,1447
2013.11.06,00:00,249.39,249.91,246.72,248.96,1920
2013.11.07,00:00,248.80,250.77,247.18,248.68,1962
2013.11.08,00:00,247.31,248.26,245.66,246.17,1483
2013.11.11,00:00,247.40,247.53,243.82,244.37,1181
2013.11.12,00:00,244.52,248.15,243.79,247.11,1752
2013.11.13,00:00,245.56,247.01,244.23,244.53,1417
2013.11.14,00:00,245.61,246.65,245.37,245.60,1513
2013.11.15,00:00,246.59,247.16,243.53,243.90,1162
2013.11.18,00:00,244.50,245.81,243.74,245.02,1714
2013.11.19,00:00,245.00,245.69,243.60,244.04,1447
2013.11.20,00:00,244.10,244.94,243.99,244.77,1010
2013.11.21,00:00,244.00,244.00,241.76,242.29,1420
2013.11.22,00:00,243.30,247.28,242.68,246.93,1502
2013.11.25,00:00,247.52,247.89,243.96,244.10,1518
2013.11.26,00:00,244.67,244.67,238.97,239.23,1715
2013.11.27,00:00,240.22,241.71,237.09,237.36,1922
2013.11.28,00:00,238.09,238.74,235.44,238.62,1557
2013.11.29,00:00,238.50,239.31,236.97,238.35,1590
2013.12.02,00:00,238.03,240.79,237.46,237.51,1399
2013.12.03,00:00,236.65,236.85,232.71,233.43,1789
2013.12.04,00:00,233.90,236.55,233.57,235.73,2125
2013.12.05,00:00,235.72,236.44,231.72,232.30,2068
2013.12.06,00:00,233.21,236.90,232.79,235.52,2173
2013.12.09,00:00,236.00,237.77,233.61,236.04,2614
2013.12.10,00:00,236.60,236.92,233.16,234.05,1943
2013.12.11,00:00,233.81,234.65,232.82,234.07,1534
2013.12.12,00:00,232.08,233.47,230.62,232.86,2090
2013.12.13,00:00,232.93,234.45,232.26,232.51,1762
2013.12.16,00:00,231.27,236.26,227.52,235.54,2665
2013.12.17,00:00,235.75,236.79,233.72,236.55,1856
2013.12.18,00:00,236.92,242.21,236.92,241.72,1875
2013.12.19,00:00,243.47,246.17,242.44,244.60,2522
2013.12.20,00:00,244.49,245.16,243.52,243.58,1449
2013.12.23,00:00,244.79,248.70,244.07,248.13,1366
2013.12.24,00:00,247.67,248.77,246.76,248.28,869
2013.12.26,00:00,248.42,248.88,248.27,248.27,216
2013.12.27,00:00,248.01,248.40,247.01,247.72,734
2013.12.30,00:00,246.90,250.76,246.82,250.75,1096
2013.12.31,00:00,251.49,251.49,251.49,251.49,1
2014.01.06,00:00,247.02,247.60,242.87,243.42,1282
2014.01.08,00:00,243.30,243.69,241.96,242.08,1679
2014.01.09,00:00,240.74,244.95,240.74,242.08,1743
2014.01.10,00:00,240.88,243.14,239.38,242.17,1813
2014.01.13,00:00,241.92,243.33,240.65,240.99,1834
2014.01.14,00:00,238.81,243.08,236.30,242.27,1992
2014.01.15,00:00,243.41,246.30,242.06,244.97,1685
2014.01.16,00:00,246.29,247.12,243.46,243.97,1798
2014.01.17,00:00,243.48,249.43,243.05,249.19,2163
2014.01.20,00:00,248.33,249.83,247.68,249.67,1567
2014.01.21,00:00,250.33,250.74,248.42,250.22,1751
2014.01.22,00:00,250.16,251.67,249.54,250.56,2076
2014.01.23,00:00,250.47,251.92,249.60,249.90,2470
2014.01.24,00:00,247.20,249.06,246.61,247.43,3036
2014.01.27,00:00,246.78,249.40,246.10,246.73,2827
2014.01.28,00:00,247.02,247.92,244.20,244.38,2255
2014.01.29,00:00,245.79,248.63,244.25,244.79,3656
2014.01.30,00:00,245.00,246.55,242.63,245.12,4723
2014.01.31,00:00,246.10,246.10,242.79,243.40,4420
2014.02.03,00:00,244.60,244.83,239.05,239.12,3209
2014.02.04,00:00,238.34,243.93,238.01,242.18,3774
2014.02.05,00:00,242.26,243.90,241.17,242.69,3502
2014.02.06,00:00,242.97,244.95,242.67,244.53,2101
2014.02.07,00:00,245.31,245.91,243.30,245.78,2002
2014.02.10,00:00,246.61,247.76,245.59,247.75,1723
2014.02.11,00:00,248.15,248.90,247.03,248.17,1914
2014.02.12,00:00,248.61,249.64,247.19,248.51,1175
2014.02.13,00:00,247.16,247.16,242.81,243.80,2738
2014.02.14,00:00,245.00,248.14,244.47,246.94,1947
2014.02.17,00:00,248.27,252.40,247.87,249.95,1652
2014.02.18,00:00,249.41,252.37,249.10,249.97,1358
2014.02.19,00:00,250.14,250.72,246.60,247.06,2049
2014.02.20,00:00,246.00,247.46,245.16,246.55,2060
2014.02.21,00:00,248.12,250.54,247.63,249.95,1897
2014.02.24,00:00,249.75,249.95,247.48,249.21,1847
2014.02.25,00:00,249.51,249.77,247.10,247.36,1615
2014.02.26,00:00,248.63,249.45,245.63,247.40,2175
2014.02.27,00:00,247.02,248.75,240.09,242.69,3456
2014.02.28,00:00,242.51,245.75,240.36,243.36,3337
2014.03.03,00:00,239.85,239.85,223.21,229.00,8277
2014.03.04,00:00,235.78,241.90,233.80,238.52,7283
2014.03.05,00:00,238.00,238.00,231.72,236.48,4740
2014.03.06,00:00,236.20,237.82,229.96,234.35,6656
2014.03.07,00:00,234.33,239.35,231.57,236.68,3617
2014.03.11,00:00,233.62,236.54,227.50,229.19,3803
2014.03.12,00:00,227.92,229.54,223.17,223.79,3283
2014.03.13,00:00,224.97,225.51,223.08,224.80,3272
2014.03.14,00:00,221.02,229.59,219.17,224.54,4764
2014.03.17,00:00,226.99,229.22,221.58,227.20,6021
2014.03.18,00:00,228.54,233.93,224.96,233.10,4757
2014.03.19,00:00,234.38,235.31,230.34,231.81,4521
2014.03.20,00:00,230.10,233.20,228.54,231.43,3709
2014.03.21,00:00,226.06,233.61,223.20,231.43,5391
2014.03.24,00:00,231.21,236.66,228.04,228.16,3468
2014.03.25,00:00,228.07,232.85,227.49,232.02,3510
2014.03.26,00:00,232.26,236.88,230.50,231.80,3738
2014.03.27,00:00,231.84,233.12,230.12,232.48,2778
2014.03.28,00:00,232.69,234.20,231.78,231.82,2051
2014.03.31,00:00,232.48,233.03,231.09,231.85,1886
2014.04.01,00:00,233.56,235.24,231.23,232.13,2820
2014.04.02,00:00,232.10,232.68,230.47,231.74,1734
2014.04.03,00:00,233.00,233.85,229.52,230.41,1951
2014.04.04,00:00,231.02,232.04,229.97,230.93,1978
2014.04.07,00:00,230.50,231.05,228.18,230.10,2463
2014.04.08,00:00,231.31,231.91,228.37,229.48,3014
2014.04.09,00:00,230.11,230.91,229.04,230.49,1943
2014.04.10,00:00,232.30,234.17,230.93,233.82,2415
2014.04.11,00:00,233.11,234.73,231.55,232.40,2278
2014.04.14,00:00,230.40,234.70,230.07,234.56,2615
2014.04.15,00:00,233.64,234.79,229.06,229.10,2479
2014.04.16,00:00,227.00,227.95,221.26,226.09,4078
2014.04.17,00:00,227.51,228.39,223.60,223.72,2556
2014.04.18,00:00,233.12,234.27,231.64,231.89,1693
2014.04.21,00:00,231.55,233.18,230.88,232.33,1194
2014.04.22,00:00,230.75,231.66,229.31,230.29,2473
2014.04.23,00:00,229.62,230.06,228.16,228.66,1612
2014.04.24,00:00,228.50,229.08,223.70,224.97,2377
2014.04.25,00:00,224.77,225.80,222.46,222.59,2237
2014.04.28,00:00,222.50,225.29,218.24,219.79,4293
2014.04.29,00:00,221.71,224.95,221.11,223.47,2625
2014.04.30,00:00,223.71,224.29,222.33,223.66,1359
2014.05.02,00:00,219.44,222.42,219.44,222.15,938
2014.05.05,00:00,222.25,222.54,219.37,220.35,1152
2014.05.06,00:00,221.30,223.30,221.03,223.00,1661
2014.05.07,00:00,223.33,226.70,223.33,225.27,2308
2014.05.08,00:00,229.67,229.67,225.76,227.01,3638
2014.05.12,00:00,227.45,230.39,224.38,229.51,2421
2014.05.13,00:00,229.78,230.86,228.50,229.49,1925
2014.05.14,00:00,229.50,230.31,228.71,229.51,1647
2014.05.15,00:00,229.55,230.83,227.09,227.33,2198
2014.05.16,00:00,226.77,228.27,225.47,226.92,1814
2014.05.19,00:00,227.54,229.39,227.34,229.21,1934
2014.05.20,00:00,229.37,231.67,224.68,229.50,2729
2014.05.21,00:00,229.82,232.22,228.74,231.03,3737
2014.05.22,00:00,231.19,231.82,228.51,229.67,2002
2014.05.23,00:00,231.00,232.07,230.21,232.06,1780
2014.05.26,00:00,233.64,235.73,233.17,234.65,1106
2014.05.27,00:00,233.99,233.99,228.33,228.60,2095
2014.05.28,00:00,229.20,229.90,227.46,228.36,1873
2014.05.29,00:00,229.65,232.52,229.59,231.62,2055
2014.05.30,00:00,229.87,231.02,227.77,228.20,1510
2014.06.02,00:00,227.51,231.90,227.51,230.95,1873
2014.06.03,00:00,229.50,231.39,228.21,229.03,1780
2014.06.04,00:00,230.16,231.48,229.83,230.16,1671
2014.06.05,00:00,230.44,231.22,228.81,229.59,1913
2014.06.06,00:00,230.05,235.19,230.05,235.14,2603
2014.06.09,00:00,238.12,241.71,237.02,241.35,2234
2014.06.10,00:00,240.60,243.35,239.61,240.64,2241
2014.06.11,00:00,242.45,248.94,242.12,248.88,2081
2014.06.13,00:00,249.00,249.00,249.00,249.00,1
2014.06.16,00:00,249.00,254.81,245.74,252.14,3748
2014.06.17,00:00,253.00,255.49,250.11,251.06,2571
2014.06.18,00:00,251.41,252.45,250.25,250.68,1656
2014.06.19,00:00,252.50,254.17,249.73,252.13,2240
2014.06.20,00:00,249.90,250.92,248.07,250.55,2214
2014.06.23,00:00,250.53,251.71,249.97,251.56,1696
2014.06.24,00:00,253.08,255.93,252.62,255.04,2397
2014.06.25,00:00,256.40,257.61,249.06,249.43,2084
2014.06.26,00:00,250.79,252.39,248.54,249.34,2227
2014.06.27,00:00,249.52,251.10,247.13,248.64,2527
2014.06.30,00:00,249.68,249.77,246.33,247.48,1884
2014.07.01,00:00,248.77,250.23,247.17,249.53,1575
2014.07.02,00:00,250.27,254.83,249.74,254.56,1839
2014.07.03,00:00,255.20,258.48,255.20,257.37,2090
2014.07.04,00:00,257.70,258.95,256.81,257.92,1503
2014.07.07,00:00,243.75,247.72,241.45,247.15,2749
2014.07.08,00:00,248.66,254.43,248.50,252.24,3736
2014.07.09,00:00,248.86,249.82,245.31,246.85,2811
2014.07.10,00:00,248.20,249.60,242.18,242.35,3555
2014.07.11,00:00,245.39,245.56,242.57,245.14,3090
2014.07.14,00:00,246.34,247.80,242.01,243.22,2890
2014.07.15,00:00,242.60,244.36,240.46,243.26,3436
2014.07.16,00:00,241.90,245.21,240.73,242.17,3599
2014.07.17,00:00,236.48,236.48,229.12,232.93,3529
2014.07.18,00:00,229.05,232.04,229.04,230.69,3190
2014.07.21,00:00,231.11,231.42,226.03,228.38,3340
2014.07.22,00:00,227.33,229.43,226.37,228.16,3868
2014.07.23,00:00,227.31,228.35,222.44,223.13,2592
2014.07.24,00:00,222.00,222.20,220.17,221.26,2885
2014.07.25,00:00,221.85,223.94,219.74,220.58,3315
2014.07.28,00:00,220.40,220.88,214.37,216.03,3713
2014.07.29,00:00,218.85,221.37,218.23,221.05,3043
2014.07.30,00:00,218.20,226.55,217.54,225.23,2555
2014.07.31,00:00,224.24,226.63,223.96,224.09,1939
2014.08.01,00:00,222.10,223.59,219.41,219.76,2992
2014.08.04,00:00,221.32,223.30,218.98,219.74,1930
2014.08.05,00:00,221.01,221.33,219.04,220.19,2887
2014.08.06,00:00,219.52,223.67,218.53,220.19,2801
2014.08.07,00:00,218.80,222.94,218.65,221.74,3432
2014.08.08,00:00,221.50,222.46,219.97,220.50,2794
2014.08.11,00:00,221.63,224.77,221.18,221.50,2484
2014.08.12,00:00,221.58,223.15,219.76,221.06,3020
2014.08.13,00:00,221.50,226.62,221.50,226.31,3152
2014.08.14,00:00,226.85,227.43,224.58,226.78,2587
2014.08.15,00:00,225.80,226.85,224.63,225.75,1737
2014.08.18,00:00,225.00,226.58,223.66,224.30,1740
2014.08.19,00:00,225.36,227.20,225.12,227.00,1456
2014.08.20,00:00,227.31,231.42,226.81,231.27,1347
2014.08.21,00:00,231.20,234.63,231.15,233.70,1730
2014.08.22,00:00,233.10,233.21,227.99,229.51,2268
2014.08.25,00:00,230.30,232.13,229.30,231.49,1292
2014.08.26,00:00,231.94,232.51,229.76,230.43,1476
2014.08.27,00:00,230.20,232.43,229.70,232.42,1288
2014.08.28,00:00,231.61,231.76,226.31,226.76,2982
2014.08.29,00:00,228.55,231.33,227.03,228.86,2138
2014.09.01,00:00,226.50,231.92,226.50,229.72,3696
2014.09.02,00:00,229.55,230.92,227.96,229.67,2515
2014.09.03,00:00,230.22,235.85,229.91,235.82,3972
2014.09.04,00:00,236.00,237.34,233.13,236.42,2374
2014.09.05,00:00,234.70,239.01,234.51,237.17,2756
2014.09.08,00:00,236.80,238.78,232.24,233.78,2141
2014.09.09,00:00,234.01,235.80,233.92,235.43,1739
2014.09.10,00:00,234.49,235.94,232.71,234.34,2311
2014.09.11,00:00,234.62,236.23,230.68,231.25,2314
2014.09.12,00:00,229.95,234.14,228.56,233.66,3143
2014.09.15,00:00,232.91,233.93,231.20,231.36,3644
2014.09.16,00:00,232.51,238.78,232.46,238.40,3012
2014.09.17,00:00,239.54,240.43,234.77,237.25,3720
2014.09.18,00:00,237.68,240.59,235.96,238.67,2745
2014.09.19,00:00,237.50,238.01,231.80,236.62,3692
2014.09.22,00:00,234.15,234.47,230.54,231.32,2443
2014.09.23,00:00,230.04,232.15,230.04,231.02,1744
2014.09.24,00:00,233.12,234.23,231.85,232.39,1760
2014.09.25,00:00,232.98,233.95,232.00,233.02,1984
2014.09.26,00:00,231.49,233.23,228.94,231.81,2055
2014.09.29,00:00,233.74,235.82,229.09,229.29,2507
2014.09.30,00:00,229.71,233.64,228.46,232.42,2978
2014.10.01,00:00,231.32,233.08,230.26,231.59,2691
2014.10.02,00:00,229.36,230.46,225.87,227.27,2632
2014.10.03,00:00,228.00,229.39,226.97,227.98,2349
2014.10.06,00:00,229.50,232.91,229.50,232.70,2159
2014.10.07,00:00,232.14,232.83,229.63,232.36,2359
2014.10.08,00:00,230.48,232.70,229.41,229.97,2138
2014.10.09,00:00,229.73,231.17,227.01,228.70,2571
2014.10.10,00:00,226.44,226.99,221.98,222.75,2904
2014.10.13,00:00,221.84,227.44,221.40,227.00,2656
2014.10.14,00:00,225.35,233.39,224.93,232.64,2735
2014.10.15,00:00,229.21,230.02,225.81,226.98,3447
2014.10.16,00:00,227.14,229.75,223.00,223.56,4239
2014.10.17,00:00,225.73,230.02,225.10,228.79,3810
2014.10.20,00:00,229.43,230.50,225.55,226.86,3026
2014.10.21,00:00,226.94,229.13,224.97,228.81,2701
2014.10.22,00:00,228.65,229.20,224.70,225.67,2243
2014.10.23,00:00,224.67,225.16,222.30,224.70,3058
2014.10.24,00:00,224.44,225.31,222.47,225.28,2080
2014.10.27,00:00,227.13,229.23,225.66,227.51,1927
2014.10.28,00:00,228.28,231.43,227.48,230.17,2001
2014.10.29,00:00,229.93,233.19,228.18,232.22,2322
2014.10.30,00:00,232.44,236.08,230.48,234.15,3575
2014.10.31,00:00,236.29,238.93,234.70,238.21,3691
2014.11.03,00:00,237.95,240.67,237.77,240.67,1798
2014.11.05,00:00,238.64,239.69,234.62,239.17,3112
2014.11.06,00:00,239.34,243.88,239.34,240.85,4150
2014.11.07,00:00,240.03,243.81,237.00,238.62,5645
2014.11.10,00:00,240.81,242.95,239.38,241.11,3203
2014.11.11,00:00,239.55,242.24,238.83,241.21,3006
2014.11.12,00:00,239.73,240.19,235.97,236.64,2685
2014.11.13,00:00,237.06,238.54,233.16,233.59,3622
2014.11.14,00:00,231.28,235.31,230.13,233.30,3068
2014.11.17,00:00,232.53,234.97,232.33,234.21,2723
2014.11.18,00:00,234.33,235.89,233.49,234.60,2508
2014.11.19,00:00,235.43,235.93,234.40,235.06,2183
2014.11.20,00:00,234.94,236.94,234.04,234.52,1709
2014.11.21,00:00,235.81,240.25,235.07,240.23,4126
2014.11.24,00:00,240.53,241.39,237.53,237.67,2272
2014.11.25,00:00,236.81,237.54,235.00,237.23,2068
2014.11.26,00:00,237.19,238.39,234.33,236.86,2334
2014.11.27,00:00,236.91,239.01,235.96,238.54,2471
2014.11.28,00:00,230.22,234.73,228.97,231.80,3840
2014.12.01,00:00,233.03,239.43,232.38,232.80,2301
2014.12.02,00:00,233.00,234.25,230.45,232.73,1567
2014.12.03,00:00,233.10,235.30,227.50,229.80,2355
2014.12.04,00:00,230.50,232.58,228.50,230.30,1681
2014.12.05,00:00,227.45,228.73,224.35,224.90,1290
2014.12.08,00:00,223.30,226.13,210.65,211.40,2057
2014.12.09,00:00,209.45,217.60,205.50,213.70,1958
2014.12.10,00:00,215.05,218.05,212.15,215.25,1128
2014.12.11,00:00,214.45,215.28,204.30,206.35,1912
2014.12.12,00:00,201.55,215.30,200.00,213.40,2473
2014.12.15,00:00,211.30,212.30,203.00,206.05,3267
2014.12.16,00:00,196.65,204.90,183.95,187.10,7203
2014.12.17,00:00,203.95,205.05,190.15,203.00,6082
2014.12.18,00:00,197.70,211.85,197.20,204.60,4301
2014.12.19,00:00,199.35,201.15,187.40,192.70,2963
2014.12.22,00:00,195.25,208.83,194.10,206.60,2849
2014.12.23,00:00,198.75,203.75,197.30,197.60,2661
2014.12.24,00:00,195.85,198.75,193.30,194.00,2100
2014.12.26,00:00,195.25,198.45,194.73,196.75,869
2014.12.29,00:00,198.00,206.10,197.80,201.40,2642
2014.12.30,00:00,200.20,200.35,192.30,192.55,1975
2015.01.05,00:00,194.10,199.70,192.70,197.10,1521
2015.01.06,00:00,197.10,200.83,196.05,198.25,1361
2015.01.08,00:00,203.30,214.93,202.95,213.90,2276
2015.01.09,00:00,215.10,215.30,204.20,208.05,2283
2015.01.12,00:00,206.10,209.50,201.90,203.30,1440
2015.01.13,00:00,203.85,208.03,201.05,207.40,1418
2015.01.14,00:00,205.40,210.58,205.00,210.05,1171
2015.01.15,00:00,212.40,224.28,211.30,222.50,2197
2015.01.16,00:00,217.85,226.55,216.75,225.65,1587
2015.01.19,00:00,226.10,237.18,223.95,233.15,2813
2015.01.20,00:00,224.40,232.10,222.35,226.55,2559
2015.01.21,00:00,227.05,234.70,226.05,232.55,1806
2015.01.22,00:00,234.60,244.53,234.10,241.75,2835
2015.01.23,00:00,244.30,247.68,241.55,245.20,2423
2015.01.26,00:00,239.40,240.60,234.70,237.93,1844
2015.01.27,00:00,236.10,244.85,236.05,238.75,2381
2015.01.28,00:00,240.85,241.23,234.35,234.53,1650
2015.01.29,00:00,232.60,235.80,229.10,230.60,2027
2015.01.30,00:00,229.25,232.15,225.05,230.55,1957
2015.02.02,00:00,232.00,233.28,224.55,231.55,2556
2015.02.03,00:00,232.05,241.58,231.25,237.58,3158
2015.02.04,00:00,240.20,242.70,239.10,240.35,1878
2015.02.05,00:00,237.80,249.93,235.25,249.15,2396
2015.02.06,00:00,252.10,260.93,251.40,259.70,2753
2015.02.09,00:00,261.80,269.50,258.00,259.85,3045
2015.02.10,00:00,255.25,264.15,255.20,257.35,2381
2015.02.11,00:00,262.35,272.60,260.00,268.95,2985
2015.02.12,00:00,271.90,282.20,264.15,277.55,4963
2015.02.13,00:00,279.30,290.65,278.50,288.80,2639
2015.02.16,00:00,293.45,294.13,275.10,276.65,2757
2015.02.17,00:00,278.45,289.73,273.60,280.95,3106
2015.02.18,00:00,278.23,283.23,276.25,282.15,2314
2015.02.19,00:00,280.00,280.05,266.50,270.85,2255
2015.02.20,00:00,277.60,277.60,271.20,273.65,1962
2015.02.24,00:00,269.00,271.43,267.50,267.95,1246
2015.02.25,00:00,268.70,268.75,260.10,262.00,1324
2015.02.26,00:00,266.50,269.13,262.70,264.60,1672
2015.02.27,00:00,262.73,266.88,261.30,263.00,1293
2015.03.02,00:00,268.80,273.00,266.75,268.40,1467
2015.03.03,00:00,266.25,275.95,262.25,274.10,3440
2015.03.04,00:00,276.65,278.15,268.30,268.40,2473
2015.03.05,00:00,265.10,265.25,260.65,262.55,416
2015.03.06,00:00,263.35,264.25,262.35,264.25,64
2015.03.10,00:00,260.30,262.20,249.25,252.00,2749
2015.03.11,00:00,252.40,254.30,248.35,249.35,2409
2015.03.12,00:00,250.75,251.15,245.75,246.35,1987
2015.03.13,00:00,245.20,247.15,240.45,240.65,2094
2015.03.16,00:00,238.05,241.05,236.70,238.90,3480
2015.03.17,00:00,238.35,240.00,235.40,237.80,2334
2015.03.18,00:00,235.55,242.70,235.55,241.60,2458
2015.03.19,00:00,244.10,246.55,234.70,235.35,2745
2015.03.20,00:00,235.30,243.13,232.85,240.95,1841
2015.03.23,00:00,242.65,245.35,237.15,237.55,1574
2015.03.24,00:00,238.90,243.35,236.85,240.55,1132
2015.03.25,00:00,244.60,245.10,237.48,241.95,1251
2015.03.26,00:00,244.55,247.60,235.95,237.60,1506
2015.03.27,00:00,234.95,238.23,234.28,236.88,1610
2015.03.30,00:00,235.58,243.73,235.58,243.35,860
2015.03.31,00:00,245.03,249.63,243.03,249.10,909
2015.04.01,00:00,249.98,259.95,248.98,258.05,959
2015.04.02,00:00,258.53,262.48,258.53,260.50,864
2015.04.03,00:00,261.15,262.95,259.15,260.70,422
2015.04.06,00:00,261.85,265.13,261.85,264.20,428
2015.04.07,00:00,264.18,269.08,261.50,265.30,914
2015.04.08,00:00,261.85,261.88,255.93,260.28,867
2015.04.09,00:00,260.20,260.53,252.55,258.50,1181
2015.04.10,00:00,257.73,261.35,251.08,253.78,1359
2015.04.13,00:00,255.78,259.73,253.73,256.33,1111
2015.04.14,00:00,252.88,253.65,249.28,249.28,801
2015.04.15,00:00,247.55,250.73,244.93,250.50,650
2015.04.16,00:00,253.80,257.93,251.48,257.93,1143
2015.04.17,00:00,257.50,258.45,250.93,253.40,597
2015.04.20,00:00,255.35,262.08,253.85,259.63,1207
2015.04.21,00:00,259.05,261.43,256.50,258.35,632
2015.04.22,00:00,257.93,258.98,250.53,250.85,828
2015.04.23,00:00,249.68,250.78,245.40,249.90,1281
2015.04.24,00:00,248.23,258.25,247.03,256.18,1159
2015.04.27,00:00,256.53,258.50,254.93,256.05,621
2015.04.28,00:00,254.08,255.93,252.03,254.43,636
2015.04.29,00:00,254.40,258.78,253.60,254.58,506
2015.04.30,00:00,253.55,255.13,252.55,253.58,812
2015.05.05,00:00,255.78,261.73,253.50,260.78,712
2015.05.06,00:00,259.03,260.30,254.58,260.30,616
2015.05.07,00:00,256.70,257.23,249.85,251.80,790
2015.05.08,00:00,253.40,255.18,252.30,255.18,483
2015.05.12,00:00,257.20,258.53,253.13,254.90,713
2015.05.13,00:00,256.58,257.15,253.45,254.58,546
2015.05.14,00:00,252.15,254.93,251.65,253.58,622
2015.05.15,00:00,254.80,257.98,254.05,254.83,391
2015.05.18,00:00,255.60,257.48,254.58,255.65,320
2015.05.19,00:00,253.93,253.93,248.58,249.23,655
2015.05.20,00:00,250.98,251.13,244.50,247.05,438
2015.05.21,00:00,245.10,246.60,240.05,241.95,542
2015.05.22,00:00,243.70,249.23,243.28,245.78,644
2015.05.25,00:00,247.00,247.70,240.83,241.38,583
2015.05.26,00:00,244.45,244.78,241.60,243.23,503
2015.05.27,00:00,243.25,247.70,241.30,245.98,724
2015.05.28,00:00,244.78,248.88,244.65,246.45,502
2015.05.29,00:00,245.70,247.13,239.88,240.15,872
2015.06.01,00:00,234.60,239.53,234.60,235.53,676
2015.06.02,00:00,235.50,236.23,231.83,235.15,939
2015.06.03,00:00,238.25,238.25,229.13,229.78,876
2015.06.04,00:00,232.83,235.08,232.63,234.78,705
2015.06.05,00:00,233.95,236.48,233.08,233.10,688
2015.06.08,00:00,235.15,242.50,234.08,239.63,1006
2015.06.09,00:00,239.50,241.88,236.53,241.78,1072
2015.06.10,00:00,243.88,244.50,240.45,243.98,637
2015.06.11,00:00,244.03,247.48,242.33,243.78,703
2015.06.15,00:00,243.40,243.73,235.78,237.95,1065
2015.06.16,00:00,242.43,244.43,241.53,243.15,656
2015.06.17,00:00,245.63,245.63,241.23,244.05,532
2015.06.18,00:00,244.08,247.80,243.23,246.13,572
2015.06.19,00:00,243.10,244.73,242.43,243.95,415
2015.06.22,00:00,248.23,252.58,247.48,249.05,690
2015.06.23,00:00,252.50,252.50,247.00,247.93,446
2015.06.24,00:00,248.53,248.55,244.43,245.98,514
2015.06.25,00:00,246.15,246.15,238.90,239.00,532
2015.06.26,00:00,232.65,232.65,227.48,228.93,995
2015.06.29,00:00,227.10,227.10,224.55,226.03,499
2015.06.30,00:00,229.05,229.78,225.53,228.98,513
2015.07.01,00:00,229.83,231.70,229.55,230.85,376
2015.07.02,00:00,230.28,230.93,228.58,229.73,402
2015.07.03,00:00,229.40,229.83,226.73,227.03,340
2015.07.06,00:00,224.70,226.83,220.98,221.10,459
2015.07.07,00:00,221.30,222.10,217.30,219.08,601
2015.07.08,00:00,218.15,219.08,213.13,216.65,694
2015.07.09,00:00,219.60,223.15,217.80,223.10,541
2015.07.10,00:00,225.50,226.23,222.80,225.13,351
2015.07.13,00:00,224.68,226.78,223.50,226.30,474
2015.07.14,00:00,229.48,230.43,221.85,224.90,777
2015.07.15,00:00,227.05,230.60,227.05,228.03,579
2015.07.16,00:00,228.40,232.10,227.53,231.53,406
2015.07.17,00:00,232.33,232.83,229.95,231.23,452
2015.07.20,00:00,230.70,231.60,226.30,227.65,453
2015.07.21,00:00,227.20,227.20,220.83,225.95,738
2015.07.22,00:00,226.55,226.55,222.10,223.60,455
2015.07.23,00:00,226.50,226.50,221.10,221.43,572
2015.07.24,00:00,221.30,224.23,220.13,221.98,661
2015.07.27,00:00,218.65,221.08,215.78,215.78,918
2015.07.28,00:00,218.03,224.68,217.18,222.15,792
2015.07.29,00:00,221.98,227.53,221.35,226.43,630
2015.07.30,00:00,227.80,230.58,227.08,229.45,595
2015.07.31,00:00,229.00,231.83,226.63,231.48,460
2015.08.03,00:00,234.15,234.43,229.73,230.73,710
2015.08.04,00:00,231.50,233.65,229.93,233.65,687
2015.08.05,00:00,234.10,235.23,230.73,234.48,452
2015.08.06,00:00,233.85,234.03,230.63,233.03,690
2015.08.07,00:00,233.55,235.43,232.18,235.43,369
2015.08.10,00:00,232.88,235.80,231.85,234.35,334
2015.08.11,00:00,235.28,240.75,235.15,237.28,795
2015.08.12,00:00,234.03,237.85,232.23,237.35,675
2015.08.13,00:00,240.03,244.88,238.40,242.50,728
2015.08.14,00:00,242.48,246.40,241.65,245.60,599
2015.08.17,00:00,244.90,244.90,242.28,242.50,368
2015.08.18,00:00,242.68,243.10,240.93,241.95,366
2015.08.19,00:00,241.90,243.23,241.28,241.60,294
2015.08.20,00:00,238.15,240.55,236.28,239.60,763
2015.08.21,00:00,237.45,239.15,233.63,233.93,760
2015.08.24,00:00,230.98,232.08,222.45,226.55,1601
2015.08.25,00:00,226.40,235.08,226.40,233.13,1004
2015.08.26,00:00,233.45,238.03,229.93,236.73,988
2015.08.27,00:00,240.48,244.73,237.88,243.95,852
2015.08.28,00:00,246.60,246.60,238.50,240.05,1162
2015.08.31,00:00,243.73,245.20,239.53,239.78,512
2015.09.01,00:00,242.43,247.28,241.70,243.83,882
2015.09.02,00:00,240.73,249.63,240.38,248.08,1015
2015.09.03,00:00,248.55,250.40,244.58,246.35,1110
2015.09.04,00:00,247.05,248.08,243.58,243.70,591
2015.09.07,00:00,242.58,246.15,242.58,243.75,491
2015.09.08,00:00,246.80,250.75,245.88,247.58,524
2015.09.09,00:00,249.20,250.90,247.53,249.13,541
2015.09.10,00:00,246.63,246.98,242.38,242.90,582
2015.09.11,00:00,246.10,246.23,243.05,243.78,468
2015.09.14,00:00,243.53,248.20,243.30,245.43,346
2015.09.15,00:00,246.10,246.10,243.45,244.40,463
2015.09.16,00:00,244.93,248.30,243.80,247.10,363
2015.09.17,00:00,250.50,254.00,246.85,252.55,628
2015.09.18,00:00,252.43,259.28,251.58,253.98,755
2015.09.21,00:00,255.10,256.28,247.08,250.73,887
2015.09.22,00:00,248.53,250.73,245.23,245.38,1185
2015.09.23,00:00,243.65,243.95,234.55,238.03,1108
2015.09.24,00:00,235.88,236.05,231.03,233.70,904
2015.09.25,00:00,237.20,242.63,236.65,238.20,667
2015.09.28,00:00,237.05,239.48,233.38,237.25,771
2015.09.29,00:00,233.00,238.05,231.65,236.45,706
2015.09.30,00:00,240.00,244.83,237.88,243.08,712
2015.10.01,00:00,243.10,243.38,235.80,235.83,675
2015.10.02,00:00,236.10,237.63,231.40,231.88,668
2015.10.05,00:00,234.63,242.60,234.45,242.13,687
2015.10.06,00:00,242.90,247.05,240.93,247.03,648
2015.10.07,00:00,247.23,250.03,245.28,249.60,507
2015.10.08,00:00,250.00,251.53,247.45,250.70,717
2015.10.09,00:00,254.10,265.58,251.30,265.53,1337
2015.10.12,00:00,266.25,270.18,261.03,261.35,961
2015.10.13,00:00,260.48,262.50,257.55,258.70,651
2015.10.14,00:00,258.98,262.65,257.33,261.50,812
2015.10.15,00:00,261.33,265.30,257.83,260.15,844
2015.10.16,00:00,260.63,261.15,252.90,254.10,735
