2008.12.23,00:00,10.94,11.01,10.76,10.85,42
2008.12.24,00:00,11.02,11.04,10.81,11.02,47
2008.12.26,00:00,11.02,11.04,10.83,10.98,39
2008.12.29,00:00,11.00,11.29,10.99,11.12,49
2008.12.30,00:00,11.21,11.39,11.12,11.29,47
2008.12.31,00:00,11.29,11.92,11.29,11.81,75
2009.01.02,00:00,11.80,11.91,11.60,11.85,58
2009.01.05,00:00,11.93,12.12,11.67,11.82,80
2009.01.06,00:00,12.10,12.46,11.95,12.27,86
2009.01.07,00:00,12.25,12.33,11.92,11.98,56
2009.01.08,00:00,11.98,12.23,11.89,12.03,64
2009.01.09,00:00,12.09,12.36,11.98,12.05,73
2009.01.12,00:00,12.00,12.11,11.45,11.47,80
2009.01.13,00:00,11.45,11.67,11.41,11.53,45
2009.01.14,00:00,11.61,11.79,11.32,11.43,77
2009.01.15,00:00,11.55,12.18,11.52,11.96,92
2009.01.16,00:00,12.07,12.44,12.07,12.26,56
2009.01.20,00:00,12.15,12.62,12.02,12.59,77
2009.01.21,00:00,12.63,12.68,12.31,12.60,72
2009.01.22,00:00,12.66,12.67,12.10,12.38,87
2009.01.23,00:00,12.35,12.84,12.23,12.70,88
2009.01.26,00:00,12.64,13.05,12.64,12.92,55
2009.01.27,00:00,12.96,13.05,12.65,12.91,76
2009.01.28,00:00,12.81,12.91,12.60,12.87,57
2009.01.29,00:00,12.85,12.87,12.51,12.59,47
2009.01.30,00:00,12.58,12.94,12.54,12.67,72
2009.02.02,00:00,12.62,12.93,12.57,12.75,60
2009.02.03,00:00,12.93,13.07,12.64,12.66,60
2009.02.04,00:00,12.65,12.73,12.52,12.59,37
2009.02.05,00:00,12.59,13.00,12.39,12.98,84
2009.02.06,00:00,12.98,13.25,12.93,13.12,51
2009.02.09,00:00,13.21,13.35,13.11,13.28,42
2009.02.10,00:00,13.56,13.64,13.36,13.50,51
2009.02.11,00:00,13.50,13.54,13.37,13.50,35
2009.02.12,00:00,13.55,13.55,13.15,13.49,75
2009.02.13,00:00,13.34,13.59,13.34,13.57,28
2009.02.17,00:00,13.57,13.58,13.13,13.28,62
2009.02.18,00:00,13.28,13.29,12.92,13.01,48
2009.02.19,00:00,12.91,13.43,12.91,13.17,79
2009.02.20,00:00,13.16,13.21,12.92,13.06,49
2009.02.23,00:00,13.11,13.24,12.98,12.99,41
2009.02.24,00:00,13.08,13.23,12.93,13.13,56
2009.02.25,00:00,13.13,13.49,13.11,13.42,48
2009.02.26,00:00,13.45,13.93,13.34,13.90,74
2009.02.27,00:00,13.85,13.87,13.71,13.73,21
2009.03.02,00:00,13.70,13.77,12.71,12.75,118
2009.03.03,00:00,12.87,12.95,12.58,12.69,57
2009.03.04,00:00,12.73,13.34,12.73,13.26,70
2009.03.05,00:00,13.20,13.24,12.67,12.83,78
2009.03.06,00:00,12.90,13.10,12.72,12.78,65
2009.03.09,00:00,12.80,12.86,12.42,12.49,58
2009.03.10,00:00,12.49,12.73,12.44,12.59,49
2009.03.11,00:00,12.59,12.92,12.59,12.81,45
2009.03.12,00:00,12.70,13.11,12.69,13.09,46
2009.03.13,00:00,13.10,13.20,12.81,12.88,57
2009.03.16,00:00,12.88,13.04,12.76,12.99,46
2009.03.17,00:00,12.93,13.15,12.74,13.11,65
2009.03.18,00:00,13.12,13.36,13.03,13.24,55
2009.03.19,00:00,13.39,13.76,13.33,13.62,64
2009.03.20,00:00,13.53,13.63,13.42,13.54,42
2009.03.23,00:00,13.50,13.67,13.35,13.41,56
2009.03.24,00:00,13.41,13.45,12.96,13.00,58
2009.03.25,00:00,13.00,13.12,12.72,12.82,63
2009.03.26,00:00,12.85,13.05,12.69,12.75,63
2009.03.27,00:00,12.81,12.83,12.51,12.62,46
2009.03.30,00:00,12.59,12.60,12.44,12.48,22
2009.03.31,00:00,12.50,12.72,12.48,12.67,32
2009.04.01,00:00,12.69,13.01,12.65,12.73,69
2009.04.02,00:00,12.75,13.20,12.75,13.06,60
2009.04.03,00:00,13.00,13.14,12.48,12.55,88
2009.04.06,00:00,12.70,12.80,12.13,12.22,87
2009.04.07,00:00,12.25,12.39,12.15,12.23,47
2009.04.08,00:00,12.84,13.04,12.78,12.95,42
2009.04.09,00:00,12.99,13.35,12.99,13.31,41
2009.04.13,00:00,13.40,13.79,13.37,13.77,48
2009.04.14,00:00,13.80,13.85,13.56,13.67,46
2009.04.15,00:00,13.70,13.74,13.47,13.56,41
2009.04.16,00:00,13.56,13.57,13.27,13.35,40
2009.04.17,00:00,13.40,13.82,13.25,13.66,89
2009.04.20,00:00,13.64,13.70,13.27,13.32,55
2009.04.21,00:00,13.32,13.52,13.06,13.43,82
2009.04.22,00:00,13.44,13.65,13.36,13.55,48
2009.04.23,00:00,13.60,13.77,13.53,13.67,42
2009.04.24,00:00,13.64,14.20,13.56,14.18,75
2009.04.27,00:00,13.90,14.15,13.82,13.89,66
2009.04.28,00:00,13.90,14.10,13.76,14.04,55
2009.04.29,00:00,14.07,14.15,13.83,14.08,64
2009.04.30,00:00,14.08,14.40,14.02,14.36,49
2009.05.01,00:00,14.36,15.13,14.27,15.05,104
2009.05.04,00:00,14.99,15.10,14.75,15.02,68
2009.05.05,00:00,15.00,15.27,14.73,15.15,94
2009.05.06,00:00,15.09,15.41,14.96,15.36,64
2009.05.07,00:00,15.36,15.60,15.24,15.49,60
2009.05.08,00:00,15.47,15.55,15.21,15.27,49
2009.05.11,00:00,15.35,15.69,15.06,15.61,101
2009.05.12,00:00,15.60,16.03,15.44,15.72,107
2009.05.13,00:00,15.72,15.76,15.32,15.40,57
2009.05.14,00:00,15.38,15.56,15.19,15.47,66
2009.05.15,00:00,15.51,15.53,14.90,14.95,71
2009.05.18,00:00,14.95,15.63,14.95,15.61,71
2009.05.19,00:00,15.51,15.91,15.37,15.63,97
2009.05.20,00:00,15.55,15.67,15.17,15.38,84
2009.05.21,00:00,15.40,15.65,15.11,15.62,87
2009.05.22,00:00,15.65,15.79,15.46,15.70,62
2009.05.26,00:00,15.60,16.05,15.48,15.94,81
2009.05.27,00:00,15.70,15.93,15.51,15.77,78
2009.05.28,00:00,15.72,15.77,15.40,15.64,67
2009.05.29,00:00,15.50,15.81,15.26,15.58,103
2009.06.01,00:00,15.69,15.94,15.63,15.85,47
2009.06.02,00:00,15.80,15.88,15.40,15.44,61
2009.06.03,00:00,15.45,15.47,14.81,14.89,77
2009.06.04,00:00,15.00,15.32,14.95,15.24,51
2009.06.05,00:00,15.12,15.72,15.06,15.53,92
2009.06.08,00:00,15.50,15.50,15.17,15.37,54
2009.06.09,00:00,16.58,16.67,16.34,16.60,65
2009.06.10,00:00,16.60,16.65,16.39,16.42,35
2009.06.11,00:00,16.44,16.55,16.24,16.47,60
2009.06.12,00:00,16.47,16.50,16.18,16.32,50
2009.06.15,00:00,16.30,16.30,15.80,15.90,61
2009.06.16,00:00,15.90,16.15,15.74,15.78,71
2009.06.17,00:00,15.77,16.02,15.61,15.95,65
2009.06.18,00:00,15.97,16.14,15.79,15.84,58
2009.06.19,00:00,15.90,16.10,15.86,16.07,32
2009.06.22,00:00,16.04,16.28,15.77,16.24,83
2009.06.23,00:00,16.20,17.00,16.11,16.98,101
2009.06.24,00:00,16.90,17.39,16.86,17.13,84
2009.06.25,00:00,17.03,17.73,17.02,17.70,76
2009.06.26,00:00,17.69,17.75,17.25,17.31,63
2009.06.29,00:00,17.27,17.97,17.27,17.90,78
2009.06.30,00:00,17.93,18.09,17.38,17.85,135
2009.07.01,00:00,17.90,18.01,17.63,17.75,62
2009.07.02,00:00,17.71,17.82,17.40,17.58,72
2009.07.06,00:00,17.46,17.48,16.96,17.32,91
2009.07.07,00:00,17.29,17.65,16.90,16.96,118
2009.07.08,00:00,16.90,17.28,16.75,17.21,76
2009.07.09,00:00,17.19,17.27,16.94,17.10,58
2009.07.10,00:00,16.92,17.39,16.88,17.27,68
2009.07.13,00:00,17.25,17.56,17.12,17.54,60
2009.07.14,00:00,17.50,17.85,17.46,17.68,61
2009.07.15,00:00,17.66,17.84,17.48,17.77,62
2009.07.16,00:00,17.77,17.78,17.35,17.39,49
2009.07.17,00:00,17.45,17.58,17.25,17.30,52
2009.07.20,00:00,17.45,17.78,17.45,17.74,38
2009.07.21,00:00,17.74,17.95,17.61,17.80,63
2009.07.22,00:00,17.77,18.01,17.67,17.99,47
2009.07.23,00:00,18.02,18.39,17.99,18.26,57
2009.07.24,00:00,18.25,18.49,18.17,18.43,47
2009.07.27,00:00,18.45,18.57,18.37,18.45,41
2009.07.28,00:00,18.49,18.57,18.08,18.50,98
2009.07.29,00:00,18.45,18.57,18.23,18.56,58
2009.07.30,00:00,18.50,18.91,18.49,18.75,60
2009.07.31,00:00,18.76,18.85,18.44,18.61,68
2009.08.03,00:00,18.71,19.43,18.71,19.14,102
2009.08.04,00:00,19.13,19.46,19.02,19.35,67
2009.08.05,00:00,19.30,19.55,19.15,19.37,74
2009.08.06,00:00,19.36,19.98,19.36,19.80,81
2009.08.07,00:00,19.99,20.85,19.91,20.81,107
2009.08.10,00:00,20.71,22.44,20.64,22.00,232
2009.08.11,00:00,21.80,22.20,21.25,21.92,179
2009.08.12,00:00,21.80,23.33,21.50,22.97,250
2009.08.13,00:00,22.87,23.32,22.04,22.21,191
2009.08.14,00:00,21.99,22.26,21.53,21.98,146
2009.08.17,00:00,21.85,22.02,21.35,21.83,133
2009.08.18,00:00,21.89,22.14,21.45,21.78,128
2009.08.19,00:00,21.58,22.75,21.55,22.67,132
2009.08.20,00:00,22.73,23.15,21.67,21.97,221
2009.08.21,00:00,21.80,22.58,21.22,21.84,269
2009.08.24,00:00,21.75,22.40,21.65,21.79,147
2009.08.25,00:00,21.79,22.25,21.60,21.92,118
2009.08.26,00:00,22.20,22.43,21.82,22.37,106
2009.08.27,00:00,22.40,22.82,22.38,22.49,80
2009.08.28,00:00,22.60,23.63,22.60,23.52,115
2009.08.31,00:00,23.52,24.48,23.35,24.39,140
2009.09.01,00:00,24.44,24.85,23.61,24.24,229
2009.09.02,00:00,24.29,24.41,23.42,23.68,138
2009.09.03,00:00,23.70,23.85,22.78,23.14,159
2009.09.04,00:00,23.25,23.64,20.50,21.60,464
2009.09.08,00:00,22.99,23.13,21.95,22.40,178
2009.09.09,00:00,22.31,22.90,22.15,22.53,129
2009.09.10,00:00,22.72,23.52,22.53,23.42,129
2009.09.11,00:00,23.55,23.98,22.45,22.86,238
2009.09.14,00:00,22.85,23.84,22.45,23.69,195
2009.09.15,00:00,23.59,23.85,22.90,23.32,164
2009.09.16,00:00,23.37,24.31,23.28,24.00,144
2009.09.17,00:00,24.00,24.38,23.62,23.93,146
2009.09.18,00:00,23.79,23.84,23.20,23.24,74
2009.09.21,00:00,23.20,23.60,22.93,23.22,133
2009.09.22,00:00,23.37,23.74,23.27,23.61,71
2009.09.23,00:00,23.49,23.89,22.52,23.08,234
2009.09.24,00:00,23.04,23.42,22.63,22.92,147
2009.09.25,00:00,22.87,23.38,22.79,23.17,89
2009.09.28,00:00,23.15,24.20,23.15,24.10,116
2009.09.29,00:00,24.28,25.15,24.28,24.94,109
2009.09.30,00:00,24.95,25.43,24.41,25.39,161
2009.10.01,00:00,25.30,25.37,24.43,24.64,123
2009.10.02,00:00,24.75,24.75,23.68,23.78,118
2009.10.05,00:00,23.88,24.35,23.79,24.19,82
2009.10.06,00:00,24.10,24.62,23.51,24.00,213
2009.10.07,00:00,23.81,23.90,22.84,23.12,144
2009.10.08,00:00,23.02,23.02,21.80,22.54,197
2009.10.09,00:00,22.50,22.96,21.18,21.24,231
2009.10.12,00:00,21.28,21.79,21.24,21.63,76
2009.10.13,00:00,21.63,22.98,21.62,22.79,157
2009.10.14,00:00,22.81,23.28,22.53,22.71,141
2009.10.15,00:00,22.72,23.92,22.59,23.85,154
2009.10.16,00:00,23.85,24.34,23.63,23.91,137
2009.10.19,00:00,24.10,24.68,24.00,24.17,130
2009.10.20,00:00,24.18,24.39,23.28,23.59,164
2009.10.21,00:00,23.79,24.22,23.57,24.04,106
2009.10.22,00:00,23.93,23.98,23.01,23.08,110
2009.10.23,00:00,23.23,23.54,22.84,23.12,130
2009.10.26,00:00,23.19,23.73,22.72,22.94,178
2009.10.27,00:00,23.08,23.30,22.60,22.65,98
2009.10.28,00:00,22.59,22.61,21.78,21.93,101
2009.10.29,00:00,22.01,22.85,21.98,22.81,95
2009.10.30,00:00,22.62,22.90,22.19,22.81,124
2009.11.02,00:00,22.81,23.59,22.81,23.44,94
2009.11.03,00:00,23.44,24.00,23.12,23.97,124
2009.11.04,00:00,23.97,24.00,23.55,23.59,53
2009.11.05,00:00,23.60,23.95,22.45,22.76,217
2009.11.06,00:00,22.91,23.07,22.31,22.43,105
2009.11.09,00:00,22.73,22.90,22.29,22.41,91
2009.11.10,00:00,22.30,22.70,21.78,21.91,146
2009.11.11,00:00,22.15,22.87,22.10,22.67,103
2009.11.12,00:00,22.61,23.01,22.37,22.69,121
2009.11.13,00:00,22.83,22.85,22.47,22.72,66
2009.11.16,00:00,22.78,23.33,22.78,23.23,66
2009.11.17,00:00,23.14,23.22,22.82,23.10,77
2009.11.18,00:00,23.15,23.67,23.08,23.30,104
2009.11.19,00:00,23.21,23.29,22.56,22.74,100
2009.11.20,00:00,22.76,23.00,22.23,22.47,126
2009.11.23,00:00,22.75,22.90,22.04,22.14,112
2009.11.24,00:00,22.11,22.58,22.00,22.08,114
2009.11.25,00:00,22.28,22.65,21.94,22.32,139
2009.11.27,00:00,21.90,22.88,21.33,22.77,224
2009.11.30,00:00,22.95,23.00,22.37,22.64,96
2009.12.01,00:00,22.70,22.96,22.52,22.66,85
2009.12.02,00:00,22.82,23.17,22.60,23.04,93
2009.12.03,00:00,23.18,23.57,22.67,23.11,174
2009.12.04,00:00,23.02,23.19,22.33,22.52,123
2009.12.07,00:00,22.68,22.72,22.35,22.45,52
2009.12.08,00:00,22.45,22.58,22.21,22.22,52
2009.12.09,00:00,22.34,22.65,22.09,22.15,94
2009.12.10,00:00,22.24,23.38,22.13,23.26,149
2009.12.11,00:00,23.39,24.10,23.12,24.00,136
2009.12.14,00:00,24.07,25.40,24.00,25.28,160
2009.12.15,00:00,25.25,25.72,24.57,24.82,188
2009.12.16,00:00,24.96,26.15,24.88,25.94,157
2009.12.17,00:00,25.96,26.80,25.46,26.43,222
2009.12.18,00:00,26.73,26.94,25.78,26.34,194
2009.12.21,00:00,26.04,26.40,25.46,25.62,147
2009.12.22,00:00,25.64,26.65,25.10,26.50,225
2009.12.23,00:00,26.54,26.71,26.11,26.50,117
2009.12.24,00:00,26.51,27.10,26.50,27.08,64
2009.12.28,00:00,27.19,27.40,27.00,27.26,74
2009.12.29,00:00,27.05,27.49,26.70,26.77,131
2009.12.30,00:00,26.77,27.40,26.55,26.96,152
2009.12.31,00:00,26.96,27.30,26.56,26.95,148
2010.01.04,00:00,27.00,27.83,27.00,27.62,105
2010.01.05,00:00,27.50,28.90,27.34,27.64,299
2010.01.06,00:00,27.63,28.55,27.30,28.41,173
2010.01.07,00:00,28.24,28.95,27.91,28.00,185
2010.01.08,00:00,27.93,28.35,27.31,27.53,169
2010.01.11,00:00,27.53,27.73,26.70,26.75,129
2010.01.12,00:00,26.93,27.98,26.87,27.36,180
2010.01.13,00:00,27.64,28.28,27.40,28.04,137
2010.01.14,00:00,27.95,28.34,27.70,27.76,110
2010.01.15,00:00,27.78,27.83,27.32,27.62,87
2010.01.19,00:00,27.90,29.06,27.87,28.98,131
2010.01.20,00:00,28.97,29.45,28.57,29.11,163
2010.01.21,00:00,29.29,29.82,28.68,29.26,226
2010.01.22,00:00,28.95,29.28,28.47,28.78,146
2010.01.25,00:00,28.74,30.10,28.44,29.80,227
2010.01.26,00:00,29.67,30.03,29.19,29.30,132
2010.01.27,00:00,29.30,29.40,28.16,28.36,155
2010.01.28,00:00,28.50,29.40,28.45,29.00,141
2010.01.29,00:00,29.16,30.33,29.12,29.90,169
2010.02.01,00:00,29.90,30.40,29.20,29.28,179
2010.02.02,00:00,29.30,29.82,28.88,29.40,179
2010.02.03,00:00,29.55,29.65,28.45,28.58,144
2010.02.04,00:00,28.35,28.54,27.58,27.64,122
2010.02.05,00:00,27.60,28.05,25.70,26.17,328
2010.02.08,00:00,26.50,27.12,26.31,26.60,153
2010.02.09,00:00,27.00,27.44,26.71,27.07,140
2010.02.10,00:00,26.20,26.30,25.58,25.93,118
2010.02.11,00:00,25.95,27.04,25.86,26.90,142
2010.02.12,00:00,27.00,27.25,26.09,26.33,166
2010.02.16,00:00,26.63,27.07,26.52,26.78,96
2010.02.17,00:00,26.66,26.87,25.46,25.57,174
2010.02.18,00:00,25.79,25.97,24.95,25.80,204
2010.02.19,00:00,25.80,26.07,25.36,25.96,127
2010.02.22,00:00,26.25,26.34,24.02,24.12,252
2010.02.23,00:00,24.40,24.60,23.49,23.68,151
2010.02.24,00:00,23.87,24.52,23.57,24.40,138
2010.02.25,00:00,24.29,24.31,23.40,23.70,124
2010.02.26,00:00,23.90,24.10,23.25,23.60,141
2010.03.01,00:00,23.60,24.00,22.02,22.26,263
2010.03.02,00:00,22.36,22.70,21.12,22.64,289
2010.03.03,00:00,22.52,22.80,21.93,22.05,128
2010.03.04,00:00,21.99,22.29,21.24,21.67,179
2010.03.05,00:00,21.93,22.25,21.63,22.19,99
2010.03.08,00:00,22.34,22.40,21.21,21.57,162
2010.03.09,00:00,21.57,21.62,20.22,20.32,156
2010.03.10,00:00,20.20,20.38,18.82,19.69,262
2010.03.11,00:00,19.55,20.07,19.06,19.27,175
2010.03.12,00:00,19.30,19.99,19.21,19.67,120
2010.03.15,00:00,19.71,19.90,19.11,19.39,127
2010.03.16,00:00,19.21,19.37,18.02,18.24,174
2010.03.17,00:00,18.30,18.47,17.66,18.33,160
2010.03.18,00:00,18.35,19.07,18.33,19.03,81
2010.03.19,00:00,19.00,19.45,18.23,18.64,209
2010.03.22,00:00,18.70,18.85,17.59,17.84,167
2010.03.23,00:00,17.80,17.80,16.40,16.57,158
2010.03.24,00:00,16.68,17.89,16.17,17.67,246
2010.03.25,00:00,17.80,17.91,17.01,17.05,106
2010.03.26,00:00,17.24,17.45,16.42,17.00,183
2010.03.29,00:00,17.03,17.55,17.03,17.51,57
2010.03.30,00:00,17.51,18.25,17.36,17.88,142
2010.03.31,00:00,17.95,17.99,16.45,16.59,173
2010.04.01,00:00,16.60,16.90,15.46,16.70,279
2010.04.05,00:00,16.69,17.18,16.25,16.40,158
2010.04.06,00:00,16.40,16.67,15.80,15.89,124
2010.04.07,00:00,15.88,16.30,15.72,16.16,89
2010.04.08,00:00,16.08,16.45,15.77,15.92,121
2010.04.09,00:00,16.33,16.79,16.11,16.76,94
2010.04.12,00:00,16.74,17.70,16.66,16.85,198
2010.04.13,00:00,16.92,17.50,16.87,17.23,96
2010.04.14,00:00,17.30,17.85,17.24,17.68,85
2010.04.15,00:00,17.69,17.84,16.70,17.08,168
2010.04.16,00:00,17.08,17.42,16.12,16.18,171
2010.04.19,00:00,16.22,17.27,16.20,17.05,132
2010.04.20,00:00,17.00,17.34,16.58,16.60,113
2010.04.21,00:00,16.66,16.90,16.36,16.69,106
2010.04.22,00:00,16.69,16.89,16.10,16.14,104
2010.04.23,00:00,16.16,16.45,15.55,15.75,140
2010.04.26,00:00,15.96,16.12,15.71,15.85,72
2010.04.27,00:00,15.85,15.92,15.25,15.37,87
2010.04.28,00:00,15.37,15.47,14.81,14.86,82
2010.04.29,00:00,14.88,15.35,14.87,15.29,56
2010.04.30,00:00,15.35,15.50,15.10,15.15,61
2010.05.03,00:00,15.15,15.28,14.90,14.98,60
2010.05.04,00:00,15.10,15.15,14.41,14.51,90
2010.05.05,00:00,14.54,14.64,13.84,14.41,148
2010.05.06,00:00,14.31,14.36,13.55,13.67,99
2010.05.07,00:00,13.59,13.98,13.00,13.75,181
2010.05.10,00:00,14.00,14.55,13.87,14.18,119
2010.05.11,00:00,14.15,14.20,13.66,13.91,85
2010.05.12,00:00,13.88,14.70,13.77,14.67,108
2010.05.13,00:00,14.61,14.82,14.45,14.66,70
2010.05.14,00:00,14.67,14.73,13.88,14.13,117
2010.05.17,00:00,14.03,14.53,13.81,13.89,131
2010.05.18,00:00,13.95,14.83,13.95,14.80,92
2010.05.19,00:00,14.60,15.09,14.41,14.93,104
2010.05.20,00:00,15.05,15.25,14.75,14.99,95
2010.05.21,00:00,15.00,15.71,14.91,15.65,96
2010.05.24,00:00,15.70,15.75,15.08,15.19,84
2010.05.25,00:00,15.00,15.60,14.67,15.25,162
2010.05.26,00:00,15.32,15.62,15.06,15.36,109
2010.05.27,00:00,15.40,15.47,14.81,14.92,85
2010.05.28,00:00,14.99,15.04,14.16,14.19,97
2010.06.01,00:00,14.19,14.60,14.09,14.40,82
2010.06.02,00:00,14.40,14.46,13.82,13.94,83
2010.06.03,00:00,14.05,14.34,13.96,13.99,71
2010.06.04,00:00,14.06,14.74,14.00,14.52,103
2010.06.07,00:00,14.55,14.59,14.20,14.33,57
2010.06.08,00:00,14.38,15.03,14.31,14.88,95
2010.06.09,00:00,15.11,15.60,15.11,15.38,72
2010.06.10,00:00,15.37,15.79,15.18,15.51,109
2010.06.11,00:00,15.41,16.00,15.36,15.84,86
2010.06.14,00:00,15.88,16.10,15.79,15.99,52
2010.06.15,00:00,16.01,16.13,15.65,15.95,91
2010.06.16,00:00,15.99,16.17,15.70,16.05,89
2010.06.17,00:00,15.87,15.97,15.49,15.60,70
2010.06.18,00:00,15.70,15.75,14.95,15.38,129
2010.06.21,00:00,15.41,16.10,15.08,15.96,150
2010.06.22,00:00,15.81,16.00,15.70,15.92,50
2010.06.23,00:00,15.76,16.35,15.63,15.81,140
2010.06.24,00:00,15.73,16.23,15.67,16.19,67
2010.06.25,00:00,16.20,16.48,16.04,16.39,70
2010.06.28,00:00,16.32,16.68,15.72,15.82,143
2010.06.29,00:00,15.76,15.87,15.12,15.28,103
2010.06.30,00:00,15.34,16.12,15.27,16.06,99
2010.07.01,00:00,15.95,16.30,15.64,16.28,100
2010.07.02,00:00,16.19,16.72,16.10,16.70,74
2010.07.06,00:00,16.70,16.98,16.47,16.69,102
2010.07.07,00:00,16.54,17.15,16.41,17.06,97
2010.07.08,00:00,17.10,17.30,16.93,17.09,74
2010.07.09,00:00,17.15,17.41,16.55,16.61,119
2010.07.12,00:00,16.84,17.15,16.60,17.10,85
2010.07.13,00:00,17.05,17.26,16.80,17.17,81
2010.07.14,00:00,17.12,17.20,16.82,16.97,62
2010.07.15,00:00,17.00,17.46,16.95,17.39,64
2010.07.16,00:00,17.35,17.61,16.86,17.11,127
2010.07.19,00:00,17.11,17.70,17.07,17.61,77
2010.07.20,00:00,17.61,17.70,17.26,17.28,56
2010.07.21,00:00,17.31,17.60,17.31,17.47,43
2010.07.22,00:00,17.55,18.38,17.52,18.30,98
2010.07.23,00:00,18.39,18.66,18.09,18.26,102
2010.07.26,00:00,18.39,18.63,18.25,18.62,54
2010.07.27,00:00,18.64,19.05,18.35,18.42,119
2010.07.28,00:00,18.45,19.00,18.34,18.87,91
2010.07.29,00:00,18.99,19.67,18.95,19.50,94
2010.07.30,00:00,19.50,19.64,19.19,19.57,84
2010.08.02,00:00,19.60,19.88,19.12,19.40,133
2010.08.03,00:00,19.40,19.40,18.41,18.59,118
2010.08.04,00:00,18.69,18.96,17.95,18.88,184
2010.08.05,00:00,18.88,19.13,18.20,18.29,128
2010.08.06,00:00,18.40,18.60,18.04,18.24,97
2010.08.09,00:00,18.35,18.70,17.60,17.73,159
2010.08.10,00:00,17.81,18.67,17.51,18.56,158
2010.08.11,00:00,18.51,18.65,18.18,18.26,70
2010.08.12,00:00,18.21,19.06,18.21,18.97,95
2010.08.13,00:00,18.92,19.47,18.73,19.42,99
2010.08.16,00:00,19.41,19.72,18.81,18.94,136
2010.08.17,00:00,19.00,19.50,18.71,19.38,121
2010.08.18,00:00,19.36,19.66,18.96,19.60,117
2010.08.19,00:00,19.59,19.65,19.25,19.48,70
2010.08.20,00:00,19.45,20.07,19.45,19.95,75
2010.08.23,00:00,19.90,20.14,19.82,20.07,48
2010.08.24,00:00,20.06,20.20,19.09,20.16,213
2010.08.25,00:00,20.16,20.37,19.73,20.03,116
2010.08.26,00:00,19.99,20.04,19.23,19.27,91
2010.08.27,00:00,19.32,20.32,19.26,19.96,149
2010.08.30,00:00,19.96,20.14,19.50,19.81,114
2010.08.31,00:00,19.79,20.25,19.60,19.75,127
2010.09.01,00:00,19.83,20.54,19.77,20.49,89
2010.09.02,00:00,20.45,20.94,20.27,20.81,99
2010.09.03,00:00,20.74,20.91,20.53,20.60,63
2010.09.07,00:00,20.70,21.52,20.70,21.45,90
2010.09.08,00:00,21.52,21.75,21.27,21.38,83
2010.09.09,00:00,21.37,22.67,21.32,22.43,165
2010.09.10,00:00,21.50,22.15,21.24,21.71,162
2010.09.13,00:00,21.71,22.69,21.70,22.55,115
2010.09.14,00:00,22.55,23.52,22.53,23.41,113
2010.09.15,00:00,23.35,23.71,22.37,22.73,207
2010.09.16,00:00,22.70,23.43,22.33,23.24,167
2010.09.17,00:00,23.25,23.60,22.92,23.25,137
2010.09.20,00:00,23.40,23.95,22.93,23.08,173
2010.09.21,00:00,23.20,23.27,22.42,22.77,128
2010.09.22,00:00,22.83,23.32,22.66,23.19,97
2010.09.23,00:00,23.11,23.71,23.08,23.62,76
2010.09.24,00:00,23.61,24.47,23.45,24.40,126
2010.09.27,00:00,24.30,25.11,24.29,24.98,97
2010.09.28,00:00,24.95,25.35,24.59,25.29,119
2010.09.29,00:00,25.29,25.29,24.52,24.93,119
2010.09.30,00:00,24.99,24.99,23.25,23.48,198
2010.10.01,00:00,23.73,23.81,22.78,23.36,170
2010.10.04,00:00,23.30,23.38,22.49,22.99,148
2010.10.05,00:00,22.89,23.83,22.86,23.74,110
2010.10.06,00:00,23.64,23.85,23.30,23.54,101
2010.10.07,00:00,23.56,25.41,23.54,25.16,215
2010.10.08,00:00,25.16,26.68,25.11,26.32,199
2010.10.11,00:00,26.37,27.24,26.28,26.59,171
2010.10.12,00:00,26.60,27.70,25.89,27.45,278
2010.10.13,00:00,27.80,28.04,27.02,27.50,175
2010.10.14,00:00,27.52,28.36,26.89,27.94,253
2010.10.15,00:00,27.90,28.07,26.88,27.06,155
2010.10.18,00:00,26.91,27.68,26.50,27.58,170
2010.10.19,00:00,27.33,28.70,27.18,28.33,205
2010.10.20,00:00,28.30,29.15,28.20,28.81,140
2010.10.21,00:00,28.81,29.23,28.16,28.35,169
2010.10.22,00:00,28.47,28.78,27.82,28.22,168
2010.10.25,00:00,28.44,28.95,28.40,28.50,105
2010.10.26,00:00,28.50,28.60,27.56,27.96,155
2010.10.27,00:00,27.78,28.94,27.41,28.59,226
2010.10.28,00:00,28.82,29.59,28.63,28.71,182
2010.10.29,00:00,28.50,29.80,28.23,29.12,253
2010.11.01,00:00,29.30,29.64,28.92,29.45,130
2010.11.02,00:00,29.57,30.64,29.56,30.12,162
2010.11.03,00:00,30.33,30.53,29.58,30.15,173
2010.11.04,00:00,30.35,31.81,30.35,31.66,162
2010.11.05,00:00,31.95,32.30,30.68,31.76,306
2010.11.08,00:00,31.70,32.30,31.38,31.88,167
2010.11.09,00:00,32.00,33.32,32.00,33.11,154
2010.11.10,00:00,33.12,33.16,31.96,32.81,210
2010.11.11,00:00,32.85,33.39,29.05,29.66,550
2010.11.12,00:00,29.15,29.20,25.56,26.21,435
2010.11.15,00:00,26.30,27.24,25.67,27.03,242
2010.11.16,00:00,26.69,27.79,25.92,26.31,337
2010.11.17,00:00,26.02,27.23,25.30,26.47,342
2010.11.18,00:00,26.92,28.90,26.92,28.15,274
2010.11.19,00:00,28.35,29.30,25.98,26.15,445
2010.11.22,00:00,27.00,27.50,25.90,26.50,271
2010.11.23,00:00,26.82,27.44,25.45,27.33,348
2010.11.24,00:00,27.37,28.20,27.00,27.95,183
2010.11.26,00:00,27.60,28.45,27.25,28.25,176
2010.11.29,00:00,28.51,28.70,28.15,28.35,95
2010.11.30,00:00,28.65,28.84,27.03,27.55,253
2010.12.01,00:00,27.78,28.70,27.70,28.37,142
2010.12.02,00:00,28.61,28.93,27.76,28.45,219
2010.12.03,00:00,28.50,29.67,28.38,29.50,159
2010.12.06,00:00,29.50,29.59,28.80,29.01,110
2010.12.07,00:00,29.38,29.75,28.27,28.41,200
2010.12.08,00:00,28.41,29.21,27.88,28.98,210
2010.12.09,00:00,29.00,29.47,28.51,28.71,164
2010.12.10,00:00,28.66,29.19,28.00,29.13,192
2010.12.13,00:00,29.20,30.53,29.17,30.49,144
2010.12.14,00:00,30.65,31.27,30.48,30.78,146
2010.12.15,00:00,30.50,31.23,30.10,31.11,166
2010.12.16,00:00,31.24,31.40,30.84,31.00,89
2010.12.17,00:00,31.31,32.97,31.25,32.50,226
2010.12.20,00:00,32.88,33.50,32.62,32.96,169
2010.12.21,00:00,32.89,33.65,32.50,33.02,218
2010.12.22,00:00,32.67,33.30,32.05,33.13,205
2010.12.23,00:00,33.23,34.06,33.19,33.98,100
2010.12.27,00:00,33.98,33.98,33.23,33.64,117
2010.12.28,00:00,33.84,34.60,33.80,34.39,106
2010.12.29,00:00,34.50,34.77,33.56,33.83,176
2010.12.30,00:00,33.85,34.35,29.50,30.38,624
2010.12.31,00:00,30.63,32.25,30.25,32.12,252
2011.01.04,00:00,32.27,33.45,30.35,31.00,494
2011.01.05,00:00,31.08,32.41,30.45,32.20,281
2011.01.06,00:00,32.20,32.20,30.07,30.24,231
2011.01.07,00:00,30.35,32.10,29.58,31.53,387
2011.01.10,00:00,31.55,31.97,30.82,31.74,212
2011.01.11,00:00,31.78,32.93,31.67,32.75,156
2011.01.12,00:00,32.75,33.35,30.92,32.02,414
2011.01.13,00:00,32.09,32.28,31.22,32.06,210
2011.01.14,00:00,32.20,32.25,30.35,30.89,250
2011.01.18,00:00,31.02,31.55,30.52,31.12,197
2011.01.19,00:00,31.10,31.80,30.88,31.18,177
2011.01.20,00:00,31.18,31.40,30.04,31.31,260
2011.01.21,00:00,31.39,32.39,31.11,32.33,163
2011.01.24,00:00,32.36,32.65,32.04,32.31,118
2011.01.25,00:00,32.17,32.24,31.15,31.84,186
2011.01.26,00:00,31.99,33.19,31.71,33.13,183
2011.01.27,00:00,33.00,34.54,32.77,34.18,237
2011.01.28,00:00,34.18,34.51,33.54,33.94,171
2011.01.31,00:00,34.10,34.10,32.59,33.97,290
2011.02.01,00:00,33.97,34.40,33.47,33.96,186
2011.02.02,00:00,34.10,36.08,34.01,35.31,294
2011.02.03,00:00,35.40,35.62,31.80,32.04,429
2011.02.04,00:00,32.08,33.24,31.85,32.64,223
2011.02.07,00:00,33.00,33.40,32.56,32.68,137
2011.02.08,00:00,32.65,32.86,31.02,31.16,220
2011.02.09,00:00,31.20,31.93,30.43,31.50,271
2011.02.10,00:00,29.88,31.10,29.88,30.19,214
2011.02.11,00:00,30.19,30.71,28.86,29.39,291
2011.02.14,00:00,29.44,29.44,28.05,28.78,213
2011.02.15,00:00,28.76,28.78,27.85,28.21,132
2011.02.16,00:00,28.35,29.61,28.35,29.22,166
2011.02.17,00:00,29.12,29.56,28.46,28.86,195
2011.02.18,00:00,28.89,28.94,28.08,28.42,126
2011.02.22,00:00,28.81,29.23,28.24,28.38,156
2011.02.23,00:00,28.50,28.53,27.00,27.36,193
2011.02.24,00:00,27.36,27.97,26.90,27.83,168
2011.02.25,00:00,27.95,28.92,27.26,28.74,254
2011.02.28,00:00,28.80,29.55,28.75,29.45,96
2011.03.01,00:00,29.45,29.45,28.58,29.26,156
2011.03.02,00:00,29.26,30.61,29.21,30.38,169
2011.03.03,00:00,30.47,30.74,29.88,30.59,161
2011.03.04,00:00,30.60,30.76,29.00,29.88,281
2011.03.07,00:00,30.00,30.39,29.69,29.99,140
2011.03.08,00:00,30.06,31.05,29.75,30.70,197
2011.03.09,00:00,30.83,30.97,29.83,30.42,188
2011.03.10,00:00,30.21,30.38,28.56,28.71,215
2011.03.11,00:00,28.65,29.11,27.83,28.86,236
2011.03.14,00:00,28.61,28.79,27.41,27.79,195
2011.03.15,00:00,27.79,27.79,25.47,25.65,251
2011.03.16,00:00,26.00,26.62,25.79,25.85,152
2011.03.17,00:00,26.09,27.00,25.98,26.74,140
2011.03.18,00:00,27.02,27.75,26.95,27.71,92
2011.03.21,00:00,27.80,28.20,27.24,27.48,161
2011.03.22,00:00,27.41,27.51,26.37,27.16,204
2011.03.23,00:00,27.50,27.50,26.50,26.58,109
2011.03.24,00:00,26.50,27.80,26.32,27.45,202
2011.03.25,00:00,27.45,28.00,27.05,27.86,150
2011.03.28,00:00,27.80,28.00,26.80,27.05,166
2011.03.29,00:00,27.15,27.68,26.82,27.02,160
2011.03.30,00:00,26.99,27.38,26.28,27.21,199
2011.03.31,00:00,27.36,27.65,26.71,27.11,164
2011.04.01,00:00,27.11,27.76,26.95,27.44,130
2011.04.04,00:00,27.55,28.13,27.49,28.00,84
2011.04.05,00:00,27.86,28.07,27.43,27.55,98
2011.04.06,00:00,27.55,27.74,26.57,26.71,151
2011.04.07,00:00,26.71,26.97,26.20,26.50,134
2011.04.08,00:00,26.54,26.78,25.51,25.66,167
2011.04.11,00:00,25.80,26.26,25.78,26.04,73
2011.04.12,00:00,25.95,26.39,25.47,25.58,148
2011.04.13,00:00,25.61,25.92,24.70,24.79,163
2011.04.14,00:00,24.85,25.05,24.35,24.44,100
2011.04.15,00:00,24.50,25.09,24.38,24.59,134
2011.04.18,00:00,22.97,23.16,22.40,22.79,135
2011.04.19,00:00,22.82,23.20,22.54,22.62,113
2011.04.20,00:00,22.79,23.67,22.78,23.53,105
2011.04.21,00:00,23.45,23.84,23.01,23.80,132
2011.04.25,00:00,23.95,23.96,23.31,23.40,76
2011.04.26,00:00,23.37,23.46,22.86,23.24,108
2011.04.27,00:00,23.28,23.28,22.61,22.96,103
2011.04.28,00:00,22.78,22.87,21.94,22.51,160
2011.04.29,00:00,22.48,22.61,21.75,22.25,150
2011.05.02,00:00,22.19,22.24,21.45,21.87,127
2011.05.03,00:00,22.00,22.43,21.67,22.05,148
2011.05.04,00:00,21.93,22.00,21.33,21.35,77
2011.05.05,00:00,21.35,21.38,20.50,20.86,128
2011.05.06,00:00,20.75,21.37,20.40,20.47,167
2011.05.09,00:00,20.60,21.14,20.57,20.96,79
2011.05.10,00:00,21.12,22.25,21.06,21.87,164
2011.05.11,00:00,22.07,22.08,20.79,20.94,146
2011.05.12,00:00,20.91,21.69,20.61,21.33,175
2011.05.13,00:00,21.70,22.10,21.26,21.45,144
2011.05.16,00:00,21.45,21.99,21.32,21.77,103
2011.05.17,00:00,21.77,22.04,21.10,21.93,173
2011.05.18,00:00,22.00,22.95,21.97,22.85,112
2011.05.19,00:00,22.60,22.69,21.70,21.82,121
2011.05.20,00:00,21.85,22.54,21.65,22.41,123
2011.05.23,00:00,22.24,22.29,21.32,21.51,122
2011.05.24,00:00,21.80,22.37,21.65,21.91,134
2011.05.25,00:00,22.08,22.89,21.82,22.64,159
2011.05.26,00:00,22.69,22.84,22.18,22.69,133
2011.05.27,00:00,22.85,23.16,22.69,22.99,81
2011.05.31,00:00,22.99,23.37,22.85,23.18,86
2011.06.01,00:00,23.18,23.52,22.35,22.46,163
2011.06.02,00:00,22.57,23.73,22.55,23.52,142
2011.06.03,00:00,23.62,24.22,23.52,23.95,108
2011.06.06,00:00,23.85,24.06,23.51,23.59,85
2011.06.07,00:00,23.70,24.49,23.66,24.35,102
2011.06.08,00:00,23.59,24.04,23.25,23.91,127
2011.06.09,00:00,23.91,24.15,23.70,23.99,83
2011.06.10,00:00,23.96,24.62,23.96,24.54,75
2011.06.13,00:00,24.46,24.93,24.00,24.38,179
2011.06.14,00:00,24.40,24.59,23.89,24.23,124
2011.06.15,00:00,24.35,24.54,24.05,24.15,79
2011.06.16,00:00,24.00,25.00,23.62,24.93,184
2011.06.17,00:00,24.95,25.44,24.79,25.38,88
2011.06.20,00:00,25.28,26.31,25.15,26.21,140
2011.06.21,00:00,26.21,26.31,25.57,26.26,144
2011.06.22,00:00,26.10,26.12,25.60,26.00,95
2011.06.23,00:00,25.88,26.14,24.30,26.08,349
2011.06.24,00:00,26.00,26.08,25.42,26.00,133
2011.06.27,00:00,25.58,25.97,25.18,25.91,126
2011.06.28,00:00,25.92,27.23,25.91,27.01,156
2011.06.29,00:00,26.98,27.30,26.34,26.92,187
2011.06.30,00:00,26.95,27.30,25.50,26.34,300
2011.07.01,00:00,26.25,27.45,25.68,27.25,255
2011.07.05,00:00,27.25,28.32,27.18,27.60,194
2011.07.06,00:00,27.59,27.74,27.00,27.68,140
2011.07.07,00:00,27.77,29.70,27.75,29.52,216
2011.07.08,00:00,29.54,29.74,28.74,29.36,183
2011.07.11,00:00,28.90,29.36,28.64,28.92,143
2011.07.12,00:00,28.75,30.62,28.42,30.49,267
2011.07.13,00:00,30.50,31.33,30.00,30.24,241
2011.07.14,00:00,30.11,30.21,28.83,29.02,168
2011.07.15,00:00,28.92,29.95,28.50,28.97,286
2011.07.18,00:00,28.80,29.11,28.20,28.94,169
2011.07.19,00:00,29.06,29.43,28.32,28.78,195
2011.07.20,00:00,28.86,29.17,28.60,28.92,109
2011.07.21,00:00,28.95,30.40,28.82,29.85,227
2011.07.22,00:00,30.00,31.55,29.93,31.34,191
2011.07.25,00:00,31.30,31.68,30.58,30.74,165
2011.07.26,00:00,30.93,31.47,30.31,30.94,232
2011.07.27,00:00,31.01,31.45,30.67,31.13,145
2011.07.28,00:00,31.06,31.28,29.77,29.92,189
2011.07.29,00:00,29.87,30.23,29.22,29.81,197
2011.08.01,00:00,30.15,30.60,28.90,28.97,223
2011.08.02,00:00,29.03,29.11,28.06,28.16,124
2011.08.03,00:00,28.41,28.56,27.22,27.69,197
2011.08.04,00:00,28.01,28.15,26.99,27.79,211
2011.08.05,00:00,27.78,27.97,27.28,27.54,115
2011.08.08,00:00,27.38,27.46,26.38,26.98,177
2011.08.09,00:00,26.97,28.34,26.50,27.49,317
2011.08.10,00:00,27.79,28.19,26.81,27.62,260
2011.08.11,00:00,27.87,28.69,27.20,28.08,278
2011.08.12,00:00,28.00,28.17,27.25,27.84,169
2011.08.15,00:00,27.93,28.15,27.41,27.48,104
2011.08.16,00:00,27.41,28.49,27.21,28.04,194
2011.08.17,00:00,28.19,29.53,28.02,29.49,173
2011.08.18,00:00,29.49,29.49,28.64,29.12,134
2011.08.19,00:00,28.87,31.18,28.67,30.96,294
2011.08.22,00:00,30.89,31.65,30.58,30.79,205
2011.08.23,00:00,30.77,31.42,30.62,30.82,156
2011.08.24,00:00,30.65,31.85,29.75,30.18,374
2011.08.25,00:00,30.00,30.07,28.92,29.66,197
2011.08.26,00:00,29.66,30.25,29.16,30.22,163
2011.08.29,00:00,30.15,30.25,29.79,29.89,67
2011.08.30,00:00,29.89,30.40,29.27,29.62,200
2011.08.31,00:00,29.55,30.22,29.40,29.68,152
2011.09.01,00:00,29.74,29.93,29.11,29.59,150
2011.09.02,00:00,29.62,29.70,28.85,29.18,127
2011.09.06,00:00,28.92,28.96,28.10,28.29,110
2011.09.07,00:00,28.40,29.01,28.31,28.41,140
2011.09.08,00:00,28.30,29.07,28.27,28.73,118
2011.09.09,00:00,27.85,28.25,27.30,27.64,170
2011.09.12,00:00,27.63,28.32,27.21,28.18,168
2011.09.13,00:00,28.18,28.38,27.94,27.96,67
2011.09.14,00:00,27.92,28.19,27.51,28.12,117
2011.09.15,00:00,28.16,28.42,27.88,28.18,107
2011.09.16,00:00,28.00,28.07,26.24,26.31,198
2011.09.19,00:00,26.32,26.89,26.18,26.71,104
2011.09.20,00:00,26.74,27.14,26.45,26.79,134
2011.09.21,00:00,26.79,26.84,25.66,25.91,149
2011.09.22,00:00,25.77,25.80,24.40,24.81,185
2011.09.23,00:00,24.85,24.97,24.01,24.13,121
2011.09.26,00:00,24.13,24.86,24.04,24.28,150
2011.09.27,00:00,24.55,24.96,24.55,24.70,68
2011.09.28,00:00,24.79,25.40,24.26,24.30,180
2011.09.29,00:00,24.37,26.44,24.36,25.87,267
2011.09.30,00:00,25.81,25.81,25.05,25.29,101
2011.10.03,00:00,25.29,25.29,24.41,24.85,133
2011.10.04,00:00,24.80,24.97,24.31,24.69,122
2011.10.05,00:00,24.96,25.49,24.57,24.80,169
2011.10.06,00:00,24.86,25.40,24.51,24.64,157
2011.10.07,00:00,24.75,25.69,24.60,25.16,178
2011.10.10,00:00,25.46,26.63,25.36,26.28,173
2011.10.11,00:00,26.27,26.30,25.58,25.94,112
2011.10.12,00:00,25.99,26.35,25.72,26.01,125
2011.10.13,00:00,26.01,27.08,25.99,26.91,129
2011.10.14,00:00,26.91,28.05,26.71,27.93,167
2011.10.17,00:00,27.88,28.35,27.63,27.79,136
2011.10.18,00:00,27.60,28.08,27.41,27.85,110
2011.10.19,00:00,27.76,28.26,26.84,26.97,206
2011.10.20,00:00,26.70,27.10,26.13,26.80,185
2011.10.21,00:00,26.96,27.35,26.33,26.48,157
2011.10.24,00:00,26.77,27.30,26.48,27.10,132
2011.10.25,00:00,27.24,27.70,26.86,26.94,139
2011.10.26,00:00,27.10,27.21,26.24,26.35,120
2011.10.27,00:00,26.71,27.09,26.59,26.86,86
2011.10.28,00:00,27.05,27.17,26.10,26.15,125
2011.10.31,00:00,26.10,26.22,25.73,25.77,66
2011.11.01,00:00,25.73,26.02,25.31,25.34,104
2011.11.02,00:00,25.74,25.99,25.30,25.42,107
2011.11.03,00:00,25.56,25.78,25.37,25.65,74
2011.11.04,00:00,25.74,25.95,25.45,25.57,84
2011.11.07,00:00,25.60,25.85,25.22,25.32,99
2011.11.08,00:00,25.32,26.18,25.19,25.91,140
2011.11.09,00:00,26.00,26.03,25.31,25.36,81
2011.11.10,00:00,25.30,25.70,25.23,25.39,86
2011.11.11,00:00,25.47,25.53,24.80,25.00,100
2011.11.14,00:00,25.26,25.45,24.70,24.75,100
2011.11.15,00:00,24.90,25.00,24.50,24.81,92
2011.11.16,00:00,24.73,24.81,24.45,24.52,52
2011.11.17,00:00,24.46,24.51,24.00,24.04,61
2011.11.18,00:00,24.23,24.33,23.90,23.97,61
2011.11.21,00:00,24.06,24.32,23.86,24.09,90
2011.11.22,00:00,24.28,24.28,23.33,23.44,107
2011.11.23,00:00,23.44,23.52,23.01,23.09,68
2011.11.25,00:00,23.08,23.16,22.71,22.90,73
2011.11.28,00:00,23.00,23.41,22.97,23.12,77
2011.11.29,00:00,23.15,23.64,22.89,23.49,117
2011.11.30,00:00,23.49,23.95,23.15,23.69,141
2011.12.01,00:00,23.69,23.88,23.44,23.59,79
2011.12.02,00:00,23.60,23.94,23.40,23.45,94
2011.12.05,00:00,23.51,24.18,23.51,24.08,78
2011.12.06,00:00,24.05,24.25,23.86,24.18,66
2011.12.07,00:00,24.23,24.25,22.99,23.05,135
2011.12.08,00:00,23.15,24.22,23.15,24.13,117
2011.12.09,00:00,23.95,24.13,23.16,23.40,140
2011.12.12,00:00,23.46,23.89,23.17,23.29,128
2011.12.13,00:00,23.25,23.60,23.20,23.44,62
2011.12.14,00:00,23.41,23.53,22.68,22.80,110
2011.12.15,00:00,22.98,23.24,22.62,22.75,102
2011.12.16,00:00,23.10,23.14,22.76,23.08,75
2011.12.19,00:00,23.08,23.18,22.78,23.09,80
2011.12.20,00:00,23.11,23.70,23.11,23.49,81
2011.12.21,00:00,23.49,23.62,23.10,23.32,88
2011.12.22,00:00,23.41,23.50,23.20,23.44,58
2011.12.23,00:00,23.50,23.86,23.50,23.59,64
2011.12.27,00:00,23.70,23.85,23.59,23.61,44
2011.12.28,00:00,23.61,24.00,22.81,23.13,191
2011.12.29,00:00,23.13,23.60,22.85,23.51,113
2011.12.30,00:00,23.40,23.40,23.00,23.30,71
2012.01.03,00:00,23.40,24.55,23.39,24.51,122
2012.01.04,00:00,24.46,24.65,24.16,24.42,95
2012.01.05,00:00,24.49,24.52,22.90,23.13,189
2012.01.06,00:00,23.20,23.55,23.05,23.29,92
2012.01.09,00:00,23.45,23.48,22.82,23.34,122
2012.01.10,00:00,23.39,23.48,23.00,23.32,90
2012.01.11,00:00,23.41,23.75,23.03,23.69,117
2012.01.12,00:00,23.79,23.85,23.17,23.27,85
2012.01.13,00:00,23.30,23.96,23.10,23.84,119
2012.01.17,00:00,23.97,24.22,23.52,23.86,130
2012.01.18,00:00,24.00,24.17,23.85,24.00,65
2012.01.19,00:00,24.01,24.88,24.01,24.61,115
2012.01.20,00:00,24.81,24.98,24.35,24.89,119
2012.01.23,00:00,24.92,25.07,24.73,24.96,65
2012.01.24,00:00,24.87,25.21,24.74,24.89,93
2012.01.25,00:00,24.83,24.98,24.39,24.51,87
2012.01.26,00:00,24.58,24.97,24.51,24.73,78
2012.01.27,00:00,24.70,24.83,24.15,24.21,88
2012.01.30,00:00,24.25,24.38,23.80,23.85,77
2012.01.31,00:00,24.00,24.21,23.61,23.64,85
2012.02.01,00:00,23.78,23.78,23.43,23.59,52
2012.02.02,00:00,23.66,23.80,23.41,23.48,61
2012.02.03,00:00,23.57,24.16,23.52,23.94,92
2012.02.06,00:00,23.94,24.59,23.94,24.50,75
2012.02.07,00:00,24.50,24.66,24.07,24.40,109
2012.02.08,00:00,24.47,24.77,24.25,24.48,104
2012.02.09,00:00,23.64,24.07,23.57,23.71,94
2012.02.10,00:00,23.69,23.85,23.37,23.80,86
2012.02.13,00:00,23.86,23.93,23.64,23.79,52
2012.02.14,00:00,23.67,23.72,23.17,23.38,82
2012.02.15,00:00,23.41,23.63,23.17,23.57,77
2012.02.16,00:00,23.64,23.91,23.33,23.73,108
2012.02.17,00:00,23.73,23.85,23.63,23.77,41
2012.02.21,00:00,23.84,24.50,23.81,24.47,76
2012.02.22,00:00,24.47,24.75,24.29,24.71,69
2012.02.23,00:00,24.80,24.92,24.43,24.86,93
2012.02.24,00:00,24.84,25.27,24.72,25.22,73
2012.02.27,00:00,25.22,25.81,25.22,25.55,86
2012.02.28,00:00,25.53,25.67,25.23,25.33,69
2012.02.29,00:00,25.17,25.42,24.62,25.01,145
2012.03.01,00:00,25.00,25.00,24.45,24.85,96
2012.03.02,00:00,24.85,25.16,24.63,24.96,96
2012.03.05,00:00,24.95,25.10,24.60,24.68,74
2012.03.06,00:00,24.62,24.65,24.01,24.05,72
2012.03.07,00:00,24.25,24.31,23.82,23.92,66
2012.03.08,00:00,23.92,24.22,23.81,23.96,79
2012.03.09,00:00,24.03,24.19,23.55,23.66,92
2012.03.12,00:00,23.66,23.90,23.26,23.77,118
2012.03.13,00:00,23.85,24.19,23.54,24.13,103
2012.03.14,00:00,24.10,24.48,23.85,24.44,93
2012.03.15,00:00,24.44,25.58,24.34,25.50,143
2012.03.16,00:00,25.45,25.68,25.04,25.41,125
2012.03.19,00:00,25.41,25.71,25.21,25.66,76
2012.03.20,00:00,25.68,26.20,25.38,25.61,158
2012.03.21,00:00,25.56,25.99,25.30,25.33,116
2012.03.22,00:00,25.33,26.10,25.28,25.91,107
2012.03.23,00:00,25.79,26.13,25.50,25.63,111
2012.03.26,00:00,25.41,25.66,24.70,24.78,130
2012.03.27,00:00,24.77,24.96,24.26,24.30,94
2012.03.28,00:00,24.40,24.56,24.11,24.26,77
2012.03.29,00:00,24.35,24.65,24.18,24.60,70
2012.03.30,00:00,23.73,23.91,23.48,23.82,78
2012.04.02,00:00,23.80,23.93,23.60,23.78,65
2012.04.03,00:00,23.78,23.78,23.41,23.46,43
2012.04.04,00:00,23.41,23.79,23.35,23.54,76
2012.04.05,00:00,23.54,23.83,23.47,23.70,57
2012.04.09,00:00,23.76,23.98,23.57,23.61,68
2012.04.10,00:00,23.75,23.75,23.10,23.16,72
2012.04.11,00:00,23.21,23.33,23.06,23.22,54
2012.04.12,00:00,23.25,23.58,23.15,23.52,60
2012.04.13,00:00,23.55,23.58,22.71,22.81,101
2012.04.16,00:00,22.81,22.85,22.26,22.31,69
2012.04.17,00:00,22.38,22.80,22.20,22.57,102
2012.04.18,00:00,22.65,22.92,21.95,22.01,131
2012.04.19,00:00,22.05,22.40,21.67,21.77,119
2012.04.20,00:00,21.77,21.94,21.42,21.55,83
2012.04.23,00:00,21.65,21.85,21.41,21.54,78
2012.04.24,00:00,21.65,21.82,21.52,21.61,57
2012.04.25,00:00,21.73,22.07,21.67,21.80,74
2012.04.26,00:00,21.90,21.96,21.21,21.25,86
2012.04.27,00:00,21.25,21.37,20.89,21.21,93
2012.04.30,00:00,21.29,21.45,20.96,21.12,82
2012.05.01,00:00,21.04,21.14,20.77,20.95,66
2012.05.02,00:00,21.02,21.10,20.50,20.55,74
2012.05.03,00:00,20.55,20.78,20.51,20.65,45
2012.05.04,00:00,20.77,21.00,20.62,20.81,73
2012.05.07,00:00,20.81,21.17,20.70,21.05,71
2012.05.08,00:00,21.05,21.07,20.31,20.37,85
2012.05.09,00:00,20.37,20.54,20.13,20.38,82
2012.05.10,00:00,20.49,20.70,20.30,20.45,77
2012.05.11,00:00,20.35,20.58,20.19,20.22,66
2012.05.14,00:00,20.18,20.29,20.07,20.27,36
2012.05.15,00:00,20.31,20.69,20.30,20.40,70
2012.05.16,00:00,20.37,20.87,20.19,20.73,101
2012.05.17,00:00,20.85,20.93,20.61,20.86,64
2012.05.18,00:00,20.88,20.90,20.40,20.47,60
2012.05.21,00:00,20.47,20.66,20.30,20.38,64
2012.05.22,00:00,20.30,20.39,19.76,19.80,77
2012.05.23,00:00,19.80,19.84,19.36,19.51,68
2012.05.24,00:00,19.51,19.76,19.44,19.58,58
2012.05.25,00:00,19.51,19.85,19.51,19.62,58
2012.05.29,00:00,19.62,19.82,19.40,19.53,76
2012.05.30,00:00,19.61,19.77,19.45,19.48,52
2012.05.31,00:00,19.50,19.68,19.38,19.42,53
2012.06.01,00:00,19.50,19.50,18.95,19.09,70
2012.06.04,00:00,19.06,19.13,18.86,18.90,39
2012.06.05,00:00,18.94,19.19,18.90,19.06,47
2012.06.06,00:00,19.12,20.08,19.12,19.90,115
2012.06.07,00:00,19.90,20.43,19.67,19.76,139
2012.06.08,00:00,19.70,20.04,19.60,19.98,61
2012.06.11,00:00,20.01,20.27,19.97,20.15,47
2012.06.12,00:00,20.00,20.18,19.75,19.98,85
2012.06.13,00:00,19.85,19.86,19.42,19.68,72
2012.06.14,00:00,19.67,19.77,19.50,19.51,39
2012.06.15,00:00,19.51,20.07,19.51,20.01,63
2012.06.18,00:00,20.01,20.14,19.75,19.99,77
2012.06.19,00:00,19.91,20.82,19.82,20.79,113
2012.06.20,00:00,20.77,20.99,20.52,20.97,75
2012.06.21,00:00,20.90,21.14,20.39,20.79,140
2012.06.22,00:00,20.53,20.78,19.65,19.75,149
2012.06.25,00:00,19.80,20.02,19.71,19.93,50
2012.06.26,00:00,19.90,20.36,19.90,20.23,60
2012.06.27,00:00,20.26,21.05,20.10,20.95,122
2012.06.28,00:00,20.85,21.39,20.21,20.53,205
2012.06.29,00:00,20.56,21.12,20.56,21.01,68
2012.07.02,00:00,21.08,21.59,21.03,21.40,81
2012.07.03,00:00,21.45,22.05,21.43,21.98,72
2012.07.05,00:00,22.09,22.69,21.80,21.92,162
2012.07.06,00:00,21.81,22.38,21.69,22.25,95
2012.07.09,00:00,22.32,22.87,22.25,22.70,87
2012.07.10,00:00,22.70,23.05,22.45,22.49,100
2012.07.11,00:00,22.49,22.98,22.40,22.88,78
2012.07.12,00:00,22.88,23.04,22.16,22.46,135
2012.07.13,00:00,22.46,22.82,22.36,22.73,66
2012.07.16,00:00,22.73,22.92,22.32,22.77,117
2012.07.17,00:00,22.80,22.85,22.46,22.79,78
2012.07.18,00:00,22.83,22.98,22.20,22.95,145
2012.07.19,00:00,22.98,23.28,22.65,23.25,100
2012.07.20,00:00,23.25,23.99,23.08,23.92,116
2012.07.23,00:00,23.92,24.00,23.48,23.89,102
2012.07.24,00:00,23.88,23.92,23.19,23.49,108
2012.07.25,00:00,23.49,23.63,23.19,23.57,81
2012.07.26,00:00,23.40,23.40,22.25,22.50,141
2012.07.27,00:00,22.50,22.69,22.20,22.52,97
2012.07.30,00:00,22.52,22.97,22.45,22.80,77
2012.07.31,00:00,22.81,23.00,22.35,22.64,114
2012.08.01,00:00,22.59,22.81,22.07,22.56,146
2012.08.02,00:00,22.55,22.56,21.95,22.04,72
2012.08.03,00:00,22.00,22.14,21.78,22.00,73
2012.08.06,00:00,22.00,22.10,21.67,21.83,70
2012.08.07,00:00,21.80,22.04,21.35,21.42,101
2012.08.08,00:00,21.40,21.56,21.05,21.09,72
2012.08.09,00:00,21.13,21.29,20.78,20.80,70
2012.08.10,00:00,20.98,21.19,20.65,20.74,85
2012.08.13,00:00,20.89,20.90,20.36,20.39,59
2012.08.14,00:00,20.60,20.77,20.24,20.32,79
2012.08.15,00:00,20.45,20.64,20.17,20.29,79
2012.08.16,00:00,20.37,20.45,20.14,20.15,41
2012.08.17,00:00,20.16,20.60,20.11,20.18,97
2012.08.20,00:00,20.25,20.70,20.21,20.50,74
2012.08.21,00:00,20.50,20.50,19.75,19.78,79
2012.08.22,00:00,19.80,20.18,19.80,19.94,63
2012.08.23,00:00,19.80,20.27,19.56,19.59,122
2012.08.24,00:00,19.62,19.74,19.48,19.58,49
2012.08.27,00:00,19.70,19.97,19.52,19.56,77
2012.08.28,00:00,19.63,20.18,19.45,20.13,97
2012.08.29,00:00,20.18,20.39,19.67,19.76,103
2012.08.30,00:00,19.75,20.10,19.67,19.75,87
2012.08.31,00:00,19.86,19.99,19.62,19.78,67
2012.09.04,00:00,19.83,19.93,19.31,19.34,76
2012.09.05,00:00,19.41,19.58,18.98,19.01,81
2012.09.06,00:00,19.18,19.27,18.81,18.87,62
2012.09.07,00:00,19.00,19.60,18.96,19.38,91
2012.09.10,00:00,19.30,19.74,19.30,19.43,76
2012.09.11,00:00,20.12,20.27,20.00,20.16,51
2012.09.12,00:00,20.22,20.60,20.12,20.41,78
2012.09.13,00:00,20.45,20.59,20.31,20.43,55
2012.09.14,00:00,20.46,21.00,20.44,20.77,82
2012.09.17,00:00,20.75,20.86,20.61,20.78,48
2012.09.18,00:00,20.68,20.77,20.02,20.15,98
2012.09.19,00:00,20.11,20.24,19.65,19.69,77
2012.09.20,00:00,19.87,20.02,19.68,19.91,65
2012.09.21,00:00,19.91,20.39,19.81,20.07,101
2012.09.24,00:00,20.08,20.38,19.89,20.27,80
2012.09.25,00:00,20.25,20.75,20.19,20.72,66
2012.09.26,00:00,20.72,20.87,20.08,20.38,125
2012.09.27,00:00,20.29,20.57,20.10,20.39,85
2012.09.28,00:00,20.39,20.50,20.15,20.42,68
2012.10.01,00:00,20.42,21.15,20.36,21.13,88
2012.10.02,00:00,21.09,21.72,21.08,21.59,79
2012.10.03,00:00,21.50,21.69,21.21,21.58,89
2012.10.04,00:00,21.57,21.77,21.12,21.60,128
2012.10.05,00:00,21.62,21.66,21.02,21.54,121
2012.10.08,00:00,21.54,21.55,21.21,21.42,57
2012.10.09,00:00,21.42,21.74,21.38,21.47,68
2012.10.10,00:00,21.47,21.49,20.86,21.26,106
2012.10.11,00:00,21.17,21.18,20.21,20.45,123
2012.10.12,00:00,20.50,20.59,19.85,20.05,104
2012.10.15,00:00,20.11,20.14,19.81,19.85,41
2012.10.16,00:00,19.88,20.23,19.87,20.17,44
2012.10.17,00:00,20.16,20.29,20.01,20.11,52
2012.10.18,00:00,20.11,20.18,19.67,19.79,71
2012.10.19,00:00,19.92,20.47,19.71,20.23,122
2012.10.22,00:00,20.33,20.50,19.93,20.06,88
2012.10.23,00:00,20.04,20.04,19.55,19.65,60
2012.10.24,00:00,19.72,19.85,19.45,19.68,77
2012.10.25,00:00,19.73,19.95,19.48,19.53,75
2012.10.26,00:00,19.56,19.65,19.28,19.35,54
2012.10.29,00:00,19.45,19.49,19.27,19.41,41
2012.10.30,00:00,19.46,19.68,19.42,19.56,43
2012.10.31,00:00,19.60,19.66,19.18,19.46,83
2012.11.01,00:00,19.46,19.55,19.27,19.38,49
2012.11.02,00:00,19.43,19.51,19.34,19.45,33
2012.11.05,00:00,19.49,19.51,19.27,19.33,33
2012.11.06,00:00,19.37,19.77,19.26,19.59,81
2012.11.07,00:00,19.59,19.64,18.92,18.95,81
2012.11.08,00:00,19.02,19.08,18.69,18.84,61
2012.11.09,00:00,18.94,19.28,18.66,19.06,113
2012.11.12,00:00,19.15,19.47,19.03,19.36,68
2012.11.13,00:00,19.40,19.64,19.24,19.35,76
2012.11.14,00:00,19.35,19.61,19.19,19.24,74
2012.11.15,00:00,19.21,19.26,18.96,19.04,44
2012.11.16,00:00,19.02,19.20,18.91,19.15,46
2012.11.19,00:00,19.25,20.00,19.25,19.94,82
2012.11.20,00:00,19.94,20.03,19.73,19.90,57
2012.11.21,00:00,19.83,19.86,19.55,19.64,44
2012.11.23,00:00,19.71,19.89,19.11,19.14,100
2012.11.26,00:00,19.19,19.34,19.04,19.15,57
2012.11.27,00:00,19.22,19.47,19.10,19.23,74
2012.11.28,00:00,19.29,19.36,19.07,19.16,46
2012.11.29,00:00,19.16,19.40,19.14,19.34,35
2012.11.30,00:00,19.36,19.42,19.18,19.34,47
2012.12.03,00:00,19.45,19.94,19.39,19.75,81
2012.12.04,00:00,19.73,19.90,19.36,19.44,80
2012.12.05,00:00,19.42,19.67,19.28,19.57,64
2012.12.06,00:00,19.58,19.60,19.26,19.36,47
2012.12.07,00:00,19.35,19.40,19.05,19.21,57
2012.12.10,00:00,19.21,19.24,18.72,18.76,60
2012.12.11,00:00,18.78,18.94,18.70,18.88,39
2012.12.12,00:00,18.89,18.91,18.50,18.54,48
2012.12.13,00:00,18.55,18.63,18.31,18.54,64
2012.12.14,00:00,18.63,19.06,18.60,19.01,55
2012.12.17,00:00,19.15,19.45,19.14,19.41,37
2012.12.18,00:00,19.38,19.43,19.06,19.39,74
2012.12.19,00:00,19.37,19.46,19.15,19.23,49
2012.12.20,00:00,19.28,19.29,18.81,19.25,94
2012.12.21,00:00,19.23,19.35,19.08,19.25,53
2012.12.24,00:00,19.09,19.29,18.99,19.02,54
2012.12.26,00:00,19.05,19.22,19.03,19.05,39
2012.12.27,00:00,19.10,19.55,19.02,19.45,72
2012.12.28,00:00,19.50,19.58,19.39,19.42,31
2012.12.31,00:00,19.39,19.58,19.29,19.51,47
2013.01.02,00:00,19.65,19.75,19.58,19.69,31
2013.01.03,00:00,19.70,19.71,18.89,19.10,105
2013.01.04,00:00,19.06,19.10,18.77,18.85,46
2013.01.07,00:00,18.94,19.05,18.67,18.86,69
2013.01.08,00:00,18.98,19.02,18.61,18.67,52
2013.01.09,00:00,18.67,18.81,18.52,18.72,54
2013.01.10,00:00,18.83,18.99,18.72,18.96,42
2013.01.11,00:00,18.95,19.19,18.85,19.17,47
2013.01.14,00:00,19.14,19.17,18.81,18.90,49
2013.01.15,00:00,18.90,18.90,18.58,18.62,37
2013.01.16,00:00,18.70,18.74,18.33,18.45,58
2013.01.17,00:00,18.52,18.59,18.38,18.42,33
2013.01.18,00:00,18.46,18.62,18.35,18.37,46
2013.01.22,00:00,18.32,18.50,18.08,18.12,65
2013.01.23,00:00,18.17,18.60,18.06,18.50,76
2013.01.24,00:00,18.54,18.59,18.31,18.49,52
2013.01.25,00:00,18.55,18.55,18.26,18.38,42
2013.01.28,00:00,18.47,18.96,18.35,18.73,97
2013.01.29,00:00,18.75,18.78,18.31,18.38,58
2013.01.30,00:00,18.60,18.76,18.27,18.71,88
2013.01.31,00:00,18.71,18.85,18.46,18.78,72
2013.02.01,00:00,18.85,19.02,18.69,18.89,63
2013.02.04,00:00,18.84,18.97,18.71,18.73,42
2013.02.05,00:00,18.76,18.89,18.53,18.56,53
2013.02.06,00:00,18.59,18.61,18.17,18.19,49
2013.02.07,00:00,18.22,18.32,18.12,18.16,35
2013.02.08,00:00,18.18,18.27,18.03,18.14,45
2013.02.11,00:00,18.28,18.50,18.21,18.46,41
2013.02.12,00:00,18.49,18.49,18.04,18.07,49
2013.02.13,00:00,18.14,18.28,18.06,18.20,39
2013.02.14,00:00,18.27,18.28,17.76,17.77,55
2013.02.15,00:00,17.82,17.94,17.67,17.74,47
2013.02.19,00:00,17.90,18.07,17.80,17.96,49
2013.02.20,00:00,17.95,18.23,17.82,18.13,65
2013.02.21,00:00,18.06,18.11,17.80,17.90,47
2013.02.22,00:00,18.08,18.24,17.96,18.15,50
2013.02.25,00:00,18.30,18.46,18.02,18.09,68
2013.02.26,00:00,17.97,18.11,17.90,18.05,35
2013.02.27,00:00,18.07,18.19,17.97,18.08,44
2013.02.28,00:00,18.08,18.59,17.94,18.39,100
2013.03.01,00:00,18.34,18.39,17.88,17.91,60
2013.03.04,00:00,17.91,18.14,17.91,18.08,30
2013.03.05,00:00,18.15,18.28,18.07,18.19,39
2013.03.06,00:00,18.19,18.24,18.11,18.20,26
2013.03.07,00:00,18.14,18.81,18.12,18.77,76
2013.03.08,00:00,18.74,19.05,18.58,18.75,94
2013.03.11,00:00,18.75,18.96,18.67,18.82,52
2013.03.12,00:00,18.84,18.91,18.48,18.82,85
2013.03.13,00:00,18.82,18.89,18.64,18.80,49
2013.03.14,00:00,18.76,18.88,18.59,18.84,51
2013.03.15,00:00,18.84,19.12,18.72,18.89,76
2013.03.18,00:00,18.71,18.73,18.24,18.29,57
2013.03.19,00:00,18.35,18.40,18.26,18.31,25
2013.03.20,00:00,18.41,18.49,18.32,18.35,29
2013.03.21,00:00,18.40,18.49,18.13,18.21,54
2013.03.22,00:00,18.25,18.38,18.15,18.20,42
2013.03.25,00:00,18.21,18.22,17.93,17.97,35
2013.03.26,00:00,17.97,18.01,17.77,17.78,30
2013.03.27,00:00,17.78,17.95,17.75,17.85,34
2013.03.28,00:00,17.95,17.95,17.56,17.66,50
2013.04.01,00:00,17.70,17.79,17.63,17.69,32
2013.04.02,00:00,17.69,17.74,17.50,17.59,39
2013.04.03,00:00,17.59,17.71,17.47,17.50,40
2013.04.04,00:00,17.54,17.74,17.50,17.67,36
2013.04.05,00:00,17.67,17.76,17.61,17.65,29
2013.04.08,00:00,17.75,17.87,17.55,17.69,59
2013.04.09,00:00,17.72,17.78,17.59,17.72,39
2013.04.10,00:00,17.75,17.91,17.73,17.88,24
2013.04.11,00:00,17.89,17.89,17.65,17.79,39
2013.04.12,00:00,17.79,17.97,17.74,17.84,42
2013.04.15,00:00,17.95,17.95,17.53,17.55,45
2013.04.16,00:00,17.55,17.88,17.54,17.87,37
2013.04.17,00:00,17.83,17.90,17.70,17.79,37
2013.04.18,00:00,17.70,17.86,17.43,17.61,78
2013.04.19,00:00,17.60,17.93,17.46,17.88,67
2013.04.22,00:00,17.80,17.80,17.61,17.74,33
2013.04.23,00:00,17.69,17.83,17.63,17.67,39
2013.04.24,00:00,17.67,17.73,17.33,17.37,51
2013.04.25,00:00,17.38,17.44,17.25,17.38,39
2013.04.26,00:00,17.39,17.48,17.31,17.42,32
2013.04.29,00:00,17.42,17.54,17.26,17.45,54
2013.04.30,00:00,17.54,17.74,17.49,17.60,45
2013.05.01,00:00,17.63,17.68,17.29,17.33,49
2013.05.02,00:00,17.33,17.63,17.18,17.60,64
2013.05.03,00:00,17.60,17.62,17.44,17.53,30
2013.05.06,00:00,17.60,17.90,17.52,17.81,56
2013.05.07,00:00,17.79,17.84,17.56,17.64,42
2013.05.08,00:00,17.63,17.69,17.44,17.47,35
2013.05.09,00:00,17.43,17.64,17.38,17.47,49
2013.05.10,00:00,17.50,17.62,17.38,17.43,42
2013.05.13,00:00,17.43,17.56,17.23,17.25,49
2013.05.14,00:00,17.25,17.29,17.00,17.02,36
2013.05.15,00:00,17.03,17.11,16.92,16.95,31
2013.05.16,00:00,16.94,16.98,16.81,16.83,24
2013.05.17,00:00,16.83,17.00,16.82,16.89,31
2013.05.20,00:00,16.90,17.00,16.80,16.81,32
2013.05.21,00:00,16.84,16.92,16.70,16.86,43
2013.05.22,00:00,16.85,16.97,16.60,16.65,55
2013.05.23,00:00,16.62,16.89,16.56,16.76,53
2013.05.24,00:00,16.76,16.91,16.73,16.84,29
2013.05.28,00:00,16.89,17.00,16.70,16.72,44
2013.05.29,00:00,16.72,16.82,16.61,16.67,38
2013.05.30,00:00,16.69,16.78,16.63,16.65,27
2013.05.31,00:00,16.68,16.75,16.52,16.55,34
2013.06.03,00:00,16.55,16.66,16.41,16.43,39
2013.06.04,00:00,16.43,16.48,16.32,16.38,28
2013.06.05,00:00,16.41,16.53,16.34,16.38,36
2013.06.06,00:00,16.38,16.52,16.34,16.48,27
2013.06.07,00:00,16.53,16.60,16.35,16.43,41
2013.06.10,00:00,16.46,16.47,16.35,16.38,17
2013.06.11,00:00,16.70,16.80,16.54,16.67,50
2013.06.12,00:00,16.65,16.72,16.55,16.57,27
2013.06.13,00:00,16.54,16.65,16.48,16.53,34
2013.06.14,00:00,16.51,17.12,16.50,17.09,67
2013.06.17,00:00,17.10,17.30,16.83,17.25,80
2013.06.18,00:00,17.21,17.23,16.94,17.06,44
2013.06.19,00:00,17.00,17.41,16.93,17.29,68
2013.06.20,00:00,17.15,17.15,16.64,16.66,54
2013.06.21,00:00,16.70,16.99,16.66,16.93,44
2013.06.24,00:00,16.93,17.23,16.78,17.14,70
2013.06.25,00:00,17.17,17.49,17.14,17.34,54
2013.06.26,00:00,17.26,17.37,17.16,17.33,36
2013.06.27,00:00,17.30,17.37,16.90,17.01,66
2013.06.28,00:00,17.05,17.14,16.87,16.92,42
2013.07.01,00:00,16.93,17.04,16.58,16.69,69
2013.07.02,00:00,16.68,16.74,16.43,16.53,48
2013.07.03,00:00,16.54,16.60,16.41,16.42,27
2013.07.05,00:00,16.43,16.46,16.24,16.26,28
2013.07.08,00:00,16.30,16.38,16.24,16.33,26
2013.07.09,00:00,16.31,16.41,16.27,16.34,26
2013.07.10,00:00,16.33,16.47,16.19,16.25,49
2013.07.11,00:00,16.24,16.33,16.08,16.10,37
2013.07.12,00:00,16.16,16.19,16.03,16.06,23
2013.07.15,00:00,16.08,16.20,16.03,16.16,27
2013.07.16,00:00,16.15,16.23,15.93,16.00,46
2013.07.17,00:00,16.00,16.15,15.97,16.08,29
2013.07.18,00:00,16.07,16.45,16.06,16.18,68
2013.07.19,00:00,16.21,16.36,16.17,16.29,31
2013.07.22,00:00,16.31,16.48,16.29,16.40,30
2013.07.23,00:00,16.38,16.55,16.28,16.34,51
2013.07.24,00:00,16.34,16.37,16.09,16.14,37
2013.07.25,00:00,16.15,16.45,16.15,16.39,37
2013.07.26,00:00,16.38,16.49,16.29,16.47,32
2013.07.29,00:00,16.45,16.95,16.38,16.92,68
2013.07.30,00:00,16.92,16.98,16.83,16.93,30
2013.07.31,00:00,16.90,17.08,16.68,16.97,74
2013.08.01,00:00,16.95,17.03,16.78,16.83,39
2013.08.02,00:00,16.82,16.88,16.72,16.79,30
2013.08.05,00:00,16.79,16.83,16.51,16.56,42
2013.08.06,00:00,16.58,16.65,16.52,16.55,24
2013.08.07,00:00,16.55,16.80,16.52,16.78,34
2013.08.08,00:00,16.79,16.86,16.71,16.82,28
2013.08.09,00:00,16.84,17.04,16.80,16.98,35
2013.08.12,00:00,17.03,17.23,16.90,17.16,54
2013.08.13,00:00,17.16,17.29,17.13,17.25,24
2013.08.14,00:00,17.25,17.28,17.14,17.25,29
2013.08.15,00:00,17.25,17.28,17.03,17.19,45
2013.08.16,00:00,17.20,17.26,16.89,16.94,49
2013.08.19,00:00,16.85,16.85,16.45,16.53,49
2013.08.20,00:00,16.55,16.62,16.46,16.47,25
2013.08.21,00:00,16.49,16.54,16.30,16.32,32
2013.08.22,00:00,16.35,16.42,16.26,16.28,26
2013.08.23,00:00,16.29,16.53,16.28,16.47,33
2013.08.26,00:00,16.50,16.67,16.48,16.61,28
2013.08.27,00:00,16.61,16.62,16.35,16.46,40
2013.08.28,00:00,16.46,16.56,16.40,16.44,31
2013.08.29,00:00,16.45,16.51,16.31,16.37,33
2013.08.30,00:00,16.35,16.40,16.31,16.34,18
2013.09.03,00:00,16.35,16.54,16.35,16.47,27
2013.09.04,00:00,16.49,16.51,16.35,16.38,22
2013.09.05,00:00,16.38,16.57,16.36,16.51,30
2013.09.06,00:00,16.57,16.90,16.55,16.79,49
2013.09.09,00:00,16.80,17.04,16.79,17.01,30
2013.09.10,00:00,17.48,17.65,17.41,17.63,34
2013.09.11,00:00,17.59,17.76,17.57,17.64,34
2013.09.12,00:00,17.59,17.75,17.59,17.73,19
2013.09.13,00:00,17.72,17.76,17.55,17.68,39
2013.09.16,00:00,17.56,17.60,17.48,17.53,22
2013.09.17,00:00,17.53,17.54,17.36,17.40,24
2013.09.18,00:00,17.45,17.51,17.35,17.48,30
2013.09.19,00:00,17.58,17.80,17.54,17.74,37
2013.09.20,00:00,17.79,17.90,17.67,17.74,42
2013.09.23,00:00,17.68,17.81,17.52,17.76,51
2013.09.24,00:00,17.79,17.96,17.77,17.93,25
2013.09.25,00:00,17.93,18.22,17.83,18.19,53
2013.09.26,00:00,18.19,18.24,18.09,18.19,31
2013.09.27,00:00,18.14,18.16,17.65,17.74,63
2013.09.30,00:00,17.73,18.17,17.61,18.14,72
2013.10.01,00:00,18.13,18.38,18.06,18.32,46
2013.10.02,00:00,18.32,18.56,18.22,18.51,50
2013.10.03,00:00,18.47,18.54,18.42,18.52,20
2013.10.04,00:00,18.52,18.54,18.36,18.48,33
2013.10.07,00:00,18.50,18.65,18.49,18.59,24
2013.10.08,00:00,18.60,18.67,18.45,18.62,43
2013.10.09,00:00,18.60,18.62,18.47,18.59,30
2013.10.10,00:00,18.55,18.76,18.46,18.72,44
2013.10.11,00:00,18.75,18.95,18.72,18.93,29
2013.10.14,00:00,18.91,19.11,18.84,19.05,41
2013.10.15,00:00,19.05,19.15,18.55,18.70,86
2013.10.16,00:00,18.71,19.04,18.63,19.01,53
2013.10.17,00:00,18.97,19.04,18.87,19.00,32
2013.10.18,00:00,18.98,20.16,18.93,19.50,195
2013.10.21,00:00,19.50,19.69,19.33,19.42,65
2013.10.22,00:00,19.42,19.49,19.25,19.45,46
2013.10.23,00:00,19.42,19.45,19.22,19.28,33
2013.10.24,00:00,19.21,19.22,18.80,18.97,61
2013.10.25,00:00,18.88,19.07,18.80,19.03,40
2013.10.28,00:00,19.03,19.06,18.86,18.91,29
2013.10.29,00:00,18.85,18.88,18.43,18.45,51
2013.10.30,00:00,18.54,18.55,18.28,18.32,33
2013.10.31,00:00,18.36,18.43,18.26,18.32,31
2013.11.01,00:00,18.33,18.37,18.20,18.25,27
2013.11.04,00:00,18.17,18.38,18.17,18.32,28
2013.11.05,00:00,18.36,18.45,18.23,18.26,35
2013.11.06,00:00,18.27,18.28,18.08,18.10,24
2013.11.07,00:00,18.05,18.14,17.93,18.04,42
2013.11.08,00:00,18.10,18.16,17.95,18.08,41
2013.11.11,00:00,18.05,18.14,17.94,17.97,33
2013.11.12,00:00,17.97,18.02,17.84,17.87,27
2013.11.13,00:00,17.90,17.93,17.79,17.80,19
2013.11.14,00:00,17.85,17.85,17.62,17.64,26
2013.11.15,00:00,17.64,17.68,17.50,17.55,28
2013.11.18,00:00,17.60,17.81,17.60,17.75,28
2013.11.19,00:00,17.75,17.85,17.64,17.65,33
2013.11.20,00:00,17.64,17.75,17.57,17.60,33
2013.11.21,00:00,17.65,17.65,17.50,17.51,17
2013.11.22,00:00,17.51,17.53,17.33,17.40,30
2013.11.25,00:00,17.45,17.48,17.30,17.32,24
2013.11.26,00:00,17.31,17.40,17.26,17.30,28
2013.11.27,00:00,17.36,17.46,17.21,17.22,37
2013.11.29,00:00,17.25,17.29,17.15,17.15,19
2013.12.02,00:00,17.18,17.25,16.92,16.97,46
2013.12.03,00:00,16.95,16.97,16.80,16.81,21
2013.12.04,00:00,16.83,16.87,16.66,16.68,28
2013.12.05,00:00,16.68,16.76,16.55,16.69,42
2013.12.06,00:00,16.78,16.84,16.56,16.59,38
2013.12.09,00:00,16.55,16.77,16.52,16.55,51
2013.12.10,00:00,16.53,16.84,16.45,16.62,70
2013.12.11,00:00,16.63,16.72,16.48,16.51,37
2013.12.12,00:00,16.49,16.54,16.29,16.30,32
2013.12.13,00:00,16.32,16.37,16.22,16.27,26
2013.12.16,00:00,16.32,16.36,16.24,16.27,20
2013.12.17,00:00,16.25,16.27,15.91,15.96,44
2013.12.18,00:00,15.96,16.07,15.86,15.89,36
2013.12.19,00:00,15.89,16.23,15.89,16.15,43
2013.12.20,00:00,16.18,16.48,16.18,16.45,34
2013.12.23,00:00,16.48,16.48,16.22,16.23,28
2013.12.24,00:00,16.25,16.36,16.20,16.21,29
2013.12.26,00:00,16.26,16.37,16.21,16.29,30
2013.12.27,00:00,16.32,16.49,16.29,16.43,30
2013.12.30,00:00,16.40,16.52,16.34,16.38,35
2013.12.31,00:00,16.35,16.58,16.30,16.41,51
2014.01.02,00:00,16.38,16.42,16.25,16.29,26
2014.01.03,00:00,16.28,16.37,16.06,16.08,43
2014.01.06,00:00,16.08,16.16,15.97,16.08,39
2014.01.07,00:00,16.10,16.19,15.98,16.06,39
2014.01.08,00:00,16.08,16.09,15.69,15.74,47
2014.01.09,00:00,15.78,15.78,15.41,15.48,45
2014.01.10,00:00,15.46,15.60,15.43,15.57,24
2014.01.13,00:00,15.59,15.69,15.44,15.60,50
2014.01.14,00:00,15.61,15.67,15.43,15.49,37
2014.01.15,00:00,15.49,15.49,15.13,15.23,47
2014.01.16,00:00,15.22,15.53,15.10,15.45,64
2014.01.17,00:00,15.50,15.51,15.15,15.22,45
2014.01.21,00:00,15.22,15.33,15.14,15.22,39
2014.01.22,00:00,15.20,15.27,14.97,15.03,44
2014.01.23,00:00,15.04,15.21,15.00,15.04,43
2014.01.24,00:00,15.06,15.18,15.01,15.11,30
2014.01.27,00:00,15.14,15.15,14.78,14.80,41
2014.01.28,00:00,14.75,15.10,14.70,15.02,54
2014.01.29,00:00,15.08,15.09,14.72,14.74,41
2014.01.30,00:00,14.80,15.06,14.72,14.99,50
2014.01.31,00:00,14.99,15.72,14.99,15.55,91
2014.02.03,00:00,15.54,15.77,15.47,15.74,41
2014.02.04,00:00,15.76,16.38,15.58,16.06,131
2014.02.05,00:00,16.03,16.24,15.92,16.10,58
2014.02.06,00:00,16.08,16.17,15.75,15.85,62
2014.02.07,00:00,15.84,15.88,15.60,15.73,46
2014.02.10,00:00,15.80,15.96,15.68,15.93,44
2014.02.11,00:00,15.95,16.02,15.70,15.73,43
2014.02.12,00:00,15.71,16.21,15.57,16.11,89
2014.02.13,00:00,16.11,16.21,15.85,16.04,66
2014.02.14,00:00,16.00,16.02,15.87,15.99,30
2014.02.18,00:00,16.02,16.55,16.01,16.50,61
2014.02.19,00:00,16.57,16.88,16.40,16.85,69
2014.02.20,00:00,16.83,16.85,16.62,16.69,33
2014.02.21,00:00,16.73,17.14,16.71,17.07,53
2014.02.24,00:00,17.12,17.79,17.10,17.68,83
2014.02.25,00:00,17.75,18.08,17.57,17.68,96
2014.02.26,00:00,17.67,17.69,17.03,17.67,133
2014.02.27,00:00,17.70,18.13,17.61,18.07,68
2014.02.28,00:00,18.03,18.03,17.51,17.66,68
2014.03.03,00:00,17.56,17.98,17.41,17.80,91
2014.03.04,00:00,17.80,17.80,17.44,17.74,67
2014.03.05,00:00,17.74,18.28,17.73,18.23,62
2014.03.06,00:00,18.30,18.47,18.04,18.32,85
2014.03.07,00:00,18.31,18.40,17.87,18.01,77
2014.03.10,00:00,17.84,18.36,17.41,18.22,153
2014.03.11,00:00,18.20,18.37,17.82,18.03,94
2014.03.12,00:00,17.98,18.00,17.58,17.67,54
2014.03.13,00:00,17.68,17.85,17.51,17.82,55
2014.03.14,00:00,17.67,17.71,17.07,17.25,87
2014.03.17,00:00,17.25,17.32,16.94,17.05,57
2014.03.18,00:00,17.04,17.17,16.93,17.14,39
2014.03.19,00:00,17.18,17.37,17.06,17.32,49
2014.03.20,00:00,17.31,17.36,17.00,17.05,47
2014.03.21,00:00,17.00,17.03,16.69,16.83,52
2014.03.24,00:00,16.74,16.98,16.67,16.84,53
2014.03.25,00:00,16.83,17.01,16.76,16.97,37
2014.03.26,00:00,17.00,17.53,16.97,17.36,77
2014.03.27,00:00,17.50,17.89,17.48,17.87,46
2014.03.28,00:00,17.92,18.10,17.65,17.98,85
2014.03.31,00:00,17.95,17.99,17.68,17.77,45
2014.04.01,00:00,17.77,17.78,17.06,17.18,86
2014.04.02,00:00,17.07,17.11,16.79,16.97,55
2014.04.03,00:00,17.03,17.20,16.89,17.18,48
2014.04.04,00:00,17.20,17.39,17.01,17.35,62
2014.04.07,00:00,17.32,17.35,16.90,16.94,53
2014.04.08,00:00,17.51,17.79,17.39,17.78,54
2014.04.09,00:00,17.76,17.93,17.54,17.63,66
2014.04.10,00:00,17.69,17.86,17.59,17.68,54
2014.04.11,00:00,17.74,17.79,17.42,17.46,47
2014.04.14,00:00,17.51,17.66,17.24,17.32,66
2014.04.15,00:00,17.34,17.53,17.31,17.47,32
2014.04.16,00:00,17.55,17.95,17.44,17.69,89
2014.04.17,00:00,17.68,17.68,17.18,17.33,66
2014.04.21,00:00,17.35,17.60,17.30,17.53,43
2014.04.22,00:00,17.50,17.69,17.42,17.62,43
2014.04.23,00:00,17.69,18.03,17.59,17.98,60
2014.04.24,00:00,17.91,18.03,17.68,17.74,54
2014.04.25,00:00,17.69,17.95,17.63,17.85,49
2014.04.28,00:00,17.83,17.86,17.53,17.56,40
2014.04.29,00:00,17.57,17.64,17.34,17.57,61
2014.04.30,00:00,17.62,17.88,17.61,17.72,45
2014.05.01,00:00,17.76,17.85,17.64,17.80,39
2014.05.02,00:00,17.84,17.85,17.40,17.45,52
2014.05.05,00:00,17.41,17.54,17.27,17.47,49
2014.05.06,00:00,17.45,17.55,17.15,17.20,56
2014.05.07,00:00,17.17,17.38,17.11,17.26,46
2014.05.08,00:00,17.27,17.36,17.07,17.24,56
2014.05.09,00:00,17.20,17.30,17.16,17.20,29
2014.05.12,00:00,17.20,17.32,17.13,17.29,30
2014.05.13,00:00,17.31,17.84,17.30,17.80,60
2014.05.14,00:00,17.84,18.28,17.83,18.25,50
2014.05.15,00:00,18.21,18.25,17.81,18.20,88
2014.05.16,00:00,18.15,18.23,17.86,17.91,51
2014.05.19,00:00,17.92,17.99,17.72,17.77,40
2014.05.20,00:00,17.75,17.87,17.53,17.58,52
2014.05.21,00:00,17.59,17.59,17.35,17.44,34
2014.05.22,00:00,17.46,17.54,17.36,17.38,29
2014.05.23,00:00,17.34,17.45,17.26,17.37,36
2014.05.27,00:00,17.32,17.34,16.95,17.02,49
2014.05.28,00:00,17.02,17.18,17.01,17.11,26
2014.05.29,00:00,17.17,17.57,17.17,17.48,50
2014.05.30,00:00,17.50,17.54,17.25,17.38,47
2014.06.02,00:00,17.45,17.54,17.12,17.18,58
2014.06.03,00:00,17.16,17.28,17.13,17.19,28
2014.06.04,00:00,17.18,17.26,17.01,17.04,37
2014.06.05,00:00,17.02,17.10,16.81,16.83,40
2014.06.06,00:00,17.64,17.78,17.56,17.72,37
2014.06.09,00:00,17.72,17.91,17.70,17.76,39
2014.06.10,00:00,17.74,17.87,17.64,17.76,45
2014.06.11,00:00,17.70,17.74,17.55,17.62,31
2014.06.12,00:00,17.60,17.64,17.50,17.51,20
2014.06.13,00:00,17.56,17.98,17.47,17.85,74
2014.06.16,00:00,17.99,18.03,17.82,17.97,41
2014.06.17,00:00,17.92,17.95,17.83,17.91,24
2014.06.18,00:00,17.95,18.37,17.86,18.35,63
2014.06.19,00:00,18.29,18.73,18.19,18.69,69
2014.06.20,00:00,18.61,18.79,18.58,18.75,29
2014.06.23,00:00,18.80,18.81,18.59,18.71,36
2014.06.24,00:00,18.61,18.71,18.47,18.69,41
2014.06.25,00:00,18.68,18.70,18.42,18.61,50
2014.06.26,00:00,18.61,18.75,18.58,18.73,23
2014.06.27,00:00,18.70,18.72,18.23,18.32,61
2014.06.30,00:00,18.20,18.29,17.98,18.01,44
2014.07.01,00:00,18.04,18.04,17.71,17.80,43
2014.07.02,00:00,17.83,17.96,17.65,17.87,59
2014.07.03,00:00,17.90,17.93,17.73,17.81,32
2014.07.07,00:00,17.75,17.75,17.34,17.51,59
2014.07.08,00:00,17.55,17.78,17.40,17.68,64
2014.07.09,00:00,17.70,17.77,17.27,17.42,73
2014.07.10,00:00,17.45,17.45,17.15,17.29,45
2014.07.11,00:00,17.29,17.29,17.00,17.07,37
2014.07.14,00:00,17.14,17.33,17.10,17.19,42
2014.07.15,00:00,17.18,17.28,17.15,17.21,24
2014.07.16,00:00,17.24,17.31,17.02,17.07,42
2014.07.17,00:00,17.07,17.10,16.87,16.92,32
2014.07.18,00:00,17.01,17.20,16.93,16.97,51
2014.07.21,00:00,17.05,17.44,17.00,17.28,66
2014.07.22,00:00,17.30,17.33,16.96,17.16,61
2014.07.23,00:00,17.19,17.23,16.92,16.96,40
2014.07.24,00:00,16.96,17.33,16.94,17.05,70
2014.07.25,00:00,17.01,17.23,16.98,17.14,38
2014.07.28,00:00,17.17,17.18,16.90,16.94,34
2014.07.29,00:00,16.92,16.93,16.60,16.62,37
2014.07.30,00:00,16.64,16.73,16.52,16.63,42
2014.07.31,00:00,16.68,16.72,16.42,16.46,39
2014.08.01,00:00,16.48,16.49,16.20,16.35,46
2014.08.04,00:00,16.85,17.26,16.28,16.32,144
2014.08.05,00:00,16.32,16.34,16.10,16.13,30
2014.08.06,00:00,16.13,16.44,16.06,16.32,58
2014.08.07,00:00,16.33,16.64,16.04,16.05,93
2014.08.08,00:00,16.08,16.20,16.01,16.14,33
2014.08.11,00:00,16.14,16.37,16.04,16.24,57
2014.08.12,00:00,16.23,16.43,16.02,16.05,65
2014.08.13,00:00,16.03,16.23,15.97,16.02,52
2014.08.14,00:00,16.00,16.02,15.84,15.91,28
2014.08.15,00:00,15.82,16.05,15.82,15.92,37
2014.08.18,00:00,16.00,16.01,15.63,15.68,45
2014.08.19,00:00,15.67,15.69,15.44,15.47,31
2014.08.20,00:00,15.50,15.77,15.38,15.70,59
2014.08.21,00:00,15.70,16.05,15.66,15.99,50
2014.08.22,00:00,15.99,16.05,15.61,15.64,54
2014.08.25,00:00,15.66,15.74,15.30,15.36,59
2014.08.26,00:00,15.40,15.75,15.35,15.71,50
2014.08.27,00:00,15.75,15.97,15.56,15.58,66
2014.08.28,00:00,15.52,15.72,15.48,15.56,45
2014.08.29,00:00,15.60,15.70,15.41,15.49,48
2014.09.02,00:00,15.55,15.86,15.54,15.82,38
2014.09.03,00:00,15.86,15.87,15.56,15.62,39
2014.09.04,00:00,15.60,15.73,15.06,15.13,88
2014.09.05,00:00,15.13,15.23,15.00,15.00,34
2014.09.08,00:00,15.02,15.14,14.93,14.94,35
2014.09.09,00:00,17.21,17.30,16.97,17.08,54
2014.09.10,00:00,17.00,17.05,16.67,16.75,52
2014.09.11,00:00,16.70,16.80,16.61,16.63,32
2014.09.12,00:00,16.60,16.69,16.31,16.32,49
2014.09.15,00:00,16.31,16.38,16.10,16.27,53
2014.09.16,00:00,16.25,16.35,16.13,16.17,37
2014.09.17,00:00,16.18,16.31,15.89,16.25,78
2014.09.18,00:00,16.25,16.35,15.90,15.95,61
2014.09.19,00:00,15.88,16.02,15.77,15.80,43
2014.09.22,00:00,15.77,15.86,15.55,15.64,50
2014.09.23,00:00,15.60,16.07,15.51,15.73,100
2014.09.24,00:00,15.64,15.96,15.64,15.90,39
2014.09.25,00:00,16.02,16.39,15.97,16.08,79
2014.09.26,00:00,16.22,16.64,16.20,16.56,55
2014.09.29,00:00,16.69,16.91,16.26,16.80,120
2014.09.30,00:00,16.80,16.94,16.39,16.45,76
2014.10.01,00:00,16.38,16.45,15.89,16.04,79
2014.10.02,00:00,16.12,16.27,15.90,16.05,68
2014.10.03,00:00,16.05,16.49,16.00,16.44,60
2014.10.06,00:00,16.55,16.99,16.55,16.98,46
2014.10.07,00:00,17.00,17.12,16.88,17.03,46
2014.10.08,00:00,16.97,16.99,16.70,16.92,54
2014.10.09,00:00,16.91,17.20,16.62,16.70,96
2014.10.10,00:00,16.68,16.76,16.52,16.55,36
2014.10.13,00:00,16.57,16.72,16.52,16.67,31
2014.10.14,00:00,16.68,16.85,16.57,16.81,44
2014.10.15,00:00,16.90,16.96,16.41,16.50,71
2014.10.16,00:00,16.55,16.71,16.28,16.67,75
2014.10.17,00:00,16.63,16.74,16.43,16.62,62
2014.10.20,00:00,16.69,16.89,16.60,16.68,58
2014.10.21,00:00,16.70,16.73,16.36,16.44,49
2014.10.22,00:00,16.64,16.68,16.47,16.50,29
2014.10.23,00:00,16.50,16.59,16.13,16.16,59
2014.10.24,00:00,16.28,16.49,16.23,16.38,43
2014.10.27,00:00,16.17,16.18,15.91,16.03,41
2014.10.28,00:00,16.03,16.20,15.94,16.13,43
2014.10.29,00:00,16.20,16.40,16.18,16.30,35
2014.10.30,00:00,16.34,16.37,16.15,16.30,41
2014.10.31,00:00,16.29,16.32,16.00,16.04,40
2014.11.03,00:00,16.00,16.06,15.91,15.93,24
2014.11.04,00:00,15.90,15.94,15.65,15.68,37
2014.11.05,00:00,15.71,15.82,15.50,15.51,45
2014.11.06,00:00,15.55,15.63,15.42,15.48,36
2014.11.07,00:00,15.66,15.86,15.53,15.69,64
2014.11.10,00:00,15.79,15.80,15.54,15.66,40
2014.11.11,00:00,15.66,16.35,15.60,16.23,94
2014.11.12,00:00,16.30,16.44,16.09,16.36,65
2014.11.13,00:00,16.22,16.34,15.94,16.01,60
2014.11.14,00:00,16.06,16.08,15.74,15.90,53
2014.11.17,00:00,15.90,15.98,15.66,15.77,52
2014.11.18,00:00,15.80,15.87,15.65,15.71,36
2014.11.19,00:00,15.72,15.97,15.65,15.87,50
2014.11.20,00:00,15.85,16.22,15.83,16.10,54
2014.11.21,00:00,16.05,16.18,15.87,16.09,59
2014.11.24,00:00,16.05,16.10,15.96,16.00,24
2014.11.25,00:00,16.07,16.20,15.90,16.00,54
2014.11.26,00:00,16.00,16.13,15.96,16.12,23
2014.11.28,00:00,15.96,15.99,15.53,15.59,56
2014.12.01,00:00,15.52,15.75,15.35,15.59,74
2014.12.02,00:00,15.54,15.68,15.21,15.24,65
2014.12.03,00:00,15.21,15.26,15.07,15.09,27
2014.12.04,00:00,15.12,15.24,15.02,15.21,36
2014.12.05,00:00,15.21,15.25,15.06,15.14,32
2014.12.08,00:00,15.25,15.43,15.19,15.30,44
2014.12.09,00:00,15.25,15.45,15.21,15.42,32
2014.12.10,00:00,15.54,15.62,15.44,15.47,30
2014.12.11,00:00,15.43,15.51,15.10,15.15,55
2014.12.12,00:00,15.14,15.21,14.96,14.98,35
2014.12.15,00:00,15.00,15.15,14.89,14.96,49
2014.12.16,00:00,14.96,14.98,14.67,14.71,38
2014.12.17,00:00,14.70,14.87,14.62,14.72,49
2014.12.18,00:00,14.79,15.02,14.76,14.99,33
2014.12.19,00:00,14.94,15.10,14.88,14.98,41
2014.12.22,00:00,15.00,15.20,14.80,14.86,67
2014.12.23,00:00,14.83,14.90,14.75,14.83,31
2014.12.24,00:00,14.80,14.85,14.75,14.76,17
2014.12.26,00:00,14.81,14.81,14.70,14.70,12
2014.12.29,00:00,14.74,14.86,14.53,14.60,53
2014.12.30,00:00,14.61,14.72,14.57,14.61,31
2014.12.31,00:00,14.65,14.79,14.47,14.52,52
2015.01.02,00:00,14.52,14.55,14.15,14.17,46
2015.01.05,00:00,14.20,14.30,14.07,14.26,41
2015.01.06,00:00,14.29,15.06,14.27,14.87,101
2015.01.07,00:00,14.94,14.99,14.61,14.78,61
2015.01.08,00:00,14.71,15.17,14.65,14.88,88
2015.01.09,00:00,17.13,17.23,17.13,17.21,13
2015.01.13,00:00,17.14,17.17,17.09,17.10,13
2015.01.15,00:00,17.33,17.49,17.33,17.46,20
2015.01.16,00:00,17.47,17.50,17.39,17.43,19
2015.01.20,00:00,17.49,17.60,17.40,17.53,37
2015.01.21,00:00,17.55,17.65,17.48,17.52,32
2015.01.22,00:00,17.49,17.62,17.45,17.60,24
2015.01.23,00:00,17.40,17.45,17.01,17.24,73
2015.01.26,00:00,17.27,17.42,17.27,17.41,17
2015.01.27,00:00,17.22,17.37,17.20,17.32,25
2015.01.28,00:00,17.40,17.44,17.18,17.33,46
2015.01.29,00:00,17.22,17.22,17.03,17.05,22
2015.01.30,00:00,17.01,17.02,16.90,17.00,24
2015.02.02,00:00,17.01,17.03,16.62,16.72,54
2015.02.03,00:00,16.80,16.91,16.74,16.77,32
2015.02.04,00:00,16.74,16.88,16.71,16.75,34
2015.02.05,00:00,16.70,16.71,16.62,16.64,13
2015.02.06,00:00,16.71,16.71,16.59,16.60,14
2015.02.09,00:00,16.64,16.67,16.51,16.58,27
2015.02.10,00:00,16.59,16.73,16.38,16.44,56
2015.02.11,00:00,16.38,16.44,16.33,16.33,18
2015.02.12,00:00,16.30,16.54,16.26,16.52,35
2015.02.13,00:00,16.42,16.54,16.36,16.52,27
2015.02.17,00:00,16.42,16.85,16.39,16.76,59
2015.02.18,00:00,16.55,16.70,16.55,16.68,18
2015.02.20,00:00,16.59,16.59,16.47,16.57,23
2015.02.23,00:00,16.59,16.59,16.50,16.52,12
2015.02.25,00:00,16.66,16.69,16.38,16.39,36
2015.02.26,00:00,16.40,16.44,16.32,16.34,19
2015.02.27,00:00,16.25,16.32,16.23,16.31,13
2015.03.02,00:00,16.29,16.35,16.25,16.33,17
2015.03.03,00:00,16.18,16.18,16.10,16.15,14
2015.03.04,00:00,16.10,16.15,15.77,15.94,61
2015.03.05,00:00,16.05,16.09,15.84,15.86,32
2015.03.06,00:00,15.88,15.97,15.72,15.84,47
2015.03.09,00:00,15.85,15.88,15.61,15.62,32
2015.03.10,00:00,15.54,15.54,15.34,15.39,26
2015.03.11,00:00,15.40,15.49,15.34,15.45,26
2015.03.12,00:00,15.46,15.74,15.46,15.60,43
2015.03.13,00:00,15.52,15.52,15.05,15.10,53
2015.03.16,00:00,15.13,15.30,15.13,15.27,21
2015.03.17,00:00,15.17,15.26,15.04,15.11,39
2015.03.18,00:00,15.16,15.19,15.00,15.12,35
2015.03.19,00:00,15.22,15.22,14.85,14.92,45
2015.03.20,00:00,14.92,14.99,14.78,14.91,42
2015.03.23,00:00,14.96,15.21,14.95,15.14,35
2015.03.24,00:00,15.16,15.22,14.95,15.02,41
2015.03.25,00:00,14.90,15.08,14.89,15.03,26
2015.03.26,00:00,15.05,15.10,14.89,14.96,34
2015.03.27,00:00,15.01,15.02,14.77,14.78,28
2015.03.30,00:00,14.65,14.70,14.54,14.61,29
2015.03.31,00:00,14.52,14.57,14.44,14.54,25
2015.04.01,00:00,14.55,14.68,14.49,14.67,27
2015.04.02,00:00,14.66,14.95,14.63,14.91,40
2015.04.06,00:00,14.98,15.02,14.89,14.93,22
2015.04.07,00:00,14.93,14.99,14.80,14.97,35
2015.04.08,00:00,14.94,15.14,14.94,15.10,25
2015.04.09,00:00,15.02,15.13,14.93,15.09,34
2015.04.13,00:00,15.09,15.16,15.01,15.13,27
2015.04.15,00:00,15.22,15.22,15.07,15.20,29
2015.04.17,00:00,15.35,15.35,15.28,15.29,9
2015.04.20,00:00,15.27,15.30,15.05,15.09,33
2015.04.21,00:00,15.08,15.10,14.89,14.95,30
2015.04.22,00:00,15.00,15.12,14.94,15.10,27
2015.04.24,00:00,15.30,15.48,15.25,15.41,36
2015.04.27,00:00,15.40,15.63,15.32,15.63,40
2015.04.28,00:00,15.63,15.65,15.48,15.54,26
2015.04.29,00:00,15.45,15.47,15.35,15.41,21
2015.04.30,00:00,15.48,15.57,15.25,15.31,48
2015.05.01,00:00,15.31,15.42,15.11,15.15,47
2015.05.04,00:00,15.12,15.12,14.87,14.90,29
2015.05.05,00:00,14.89,15.13,14.83,15.09,41
2015.05.06,00:00,15.12,15.21,15.12,15.19,12
2015.05.07,00:00,15.20,15.28,15.00,15.24,53
2015.05.11,00:00,15.36,15.42,15.24,15.40,33
2015.05.12,00:00,15.28,15.38,15.28,15.38,11
2015.05.13,00:00,15.35,15.38,15.00,15.04,46
2015.05.14,00:00,15.06,15.14,14.95,15.07,38
2015.05.15,00:00,15.16,15.18,15.01,15.04,23
2015.05.18,00:00,15.00,15.05,14.93,15.04,21
2015.05.19,00:00,15.06,15.12,14.98,15.01,24
2015.05.20,00:00,14.97,14.97,14.90,14.90,8
2015.05.21,00:00,14.95,14.95,14.79,14.84,22
2015.05.22,00:00,14.87,14.87,14.66,14.67,23
2015.05.26,00:00,14.65,14.66,14.49,14.57,27
2015.05.27,00:00,14.52,14.56,14.45,14.50,21
2015.05.28,00:00,14.56,14.63,14.45,14.56,37
2015.05.29,00:00,14.58,14.59,14.41,14.46,25
2015.06.01,00:00,14.55,14.61,14.37,14.59,45
2015.06.02,00:00,14.60,14.70,14.56,14.64,25
2015.06.03,00:00,14.61,14.75,14.61,14.62,28
2015.06.04,00:00,14.68,14.77,14.67,14.69,20
2015.06.05,00:00,14.69,14.71,14.55,14.59,23
2015.06.08,00:00,14.62,14.75,14.61,14.75,16
2015.06.09,00:00,14.72,14.80,14.61,14.63,30
2015.06.10,00:00,14.69,14.77,14.55,14.55,31
2015.06.11,00:00,14.55,14.61,14.28,14.31,43
2015.06.12,00:00,14.39,14.43,14.33,14.38,20
2015.06.15,00:00,14.29,14.30,14.19,14.25,19
2015.06.16,00:00,14.25,14.35,14.17,14.26,36
2015.06.17,00:00,14.30,14.41,14.30,14.39,14
2015.06.18,00:00,14.39,14.46,14.30,14.37,31
2015.06.19,00:00,14.37,14.50,14.30,14.32,36
2015.06.22,00:00,14.39,14.50,14.32,14.49,27
2015.06.23,00:00,14.49,14.52,14.34,14.37,25
2015.06.24,00:00,14.39,14.50,14.39,14.49,13
2015.06.25,00:00,14.52,14.52,14.31,14.31,22
2015.06.26,00:00,14.34,14.45,14.19,14.42,45
2015.06.29,00:00,14.42,14.47,14.29,14.32,27
2015.07.01,00:00,14.52,14.61,14.40,14.42,33
2015.07.02,00:00,14.47,14.58,14.46,14.53,19
2015.07.06,00:00,14.40,14.60,14.38,14.51,34
2015.07.07,00:00,14.44,14.53,14.28,14.37,44
2015.07.08,00:00,14.29,14.39,14.22,14.25,31
2015.07.09,00:00,14.24,14.31,14.10,14.16,35
2015.07.10,00:00,14.23,14.38,14.23,14.37,17
2015.07.13,00:00,14.30,14.50,14.30,14.50,21
2015.07.14,00:00,14.49,14.60,14.49,14.57,15
2015.07.15,00:00,14.49,14.57,14.45,14.47,23
2015.07.16,00:00,14.43,14.53,14.35,14.46,34
2015.07.17,00:00,14.41,14.41,14.25,14.34,26
2015.07.20,00:00,14.22,14.25,13.97,14.03,38
2015.07.21,00:00,14.09,14.18,13.95,14.01,39
2015.07.22,00:00,14.06,14.06,13.91,13.92,17
2015.07.23,00:00,13.95,13.97,13.81,13.86,24
2015.07.24,00:00,13.85,13.92,13.65,13.70,40
2015.07.27,00:00,13.78,13.79,13.59,13.60,23
2015.07.28,00:00,13.66,13.68,13.46,13.47,26
2015.07.29,00:00,13.57,13.69,13.53,13.56,32
2015.07.30,00:00,13.56,13.63,13.40,13.44,35
2015.07.31,00:00,13.45,13.47,13.27,13.29,25
2015.08.03,00:00,13.28,13.28,13.07,13.09,24
2015.08.04,00:00,13.10,13.14,13.01,13.08,25
2015.08.05,00:00,13.10,13.13,12.97,12.98,21
2015.08.06,00:00,12.99,12.99,12.79,12.85,27
2015.08.07,00:00,12.90,13.02,12.86,12.89,32
2015.08.10,00:00,12.85,12.91,12.75,12.90,28
2015.08.11,00:00,12.87,12.98,12.77,12.93,37
2015.08.12,00:00,12.95,12.99,12.79,12.88,34
2015.08.13,00:00,12.87,12.99,12.78,12.84,40
2015.08.14,00:00,12.85,12.94,12.79,12.92,24
2015.08.17,00:00,12.91,12.98,12.84,12.95,25
2015.08.18,00:00,12.87,13.14,12.85,13.06,40
2015.08.19,00:00,13.05,13.09,12.93,12.94,22
2015.08.20,00:00,12.95,12.97,12.81,12.94,32
2015.08.21,00:00,12.93,12.93,12.75,12.78,22
2015.08.24,00:00,12.75,12.75,12.51,12.72,46
2015.08.25,00:00,12.80,12.94,12.75,12.84,35
2015.08.26,00:00,12.77,12.85,12.58,12.60,38
2015.08.27,00:00,12.63,12.82,12.63,12.81,21
2015.08.28,00:00,12.75,12.90,12.75,12.90,16
2015.08.31,00:00,12.79,12.80,12.61,12.78,38
2015.09.01,00:00,12.75,12.78,12.66,12.70,20
2015.09.02,00:00,12.66,12.83,12.58,12.80,37
2015.09.03,00:00,12.73,13.00,12.73,12.98,30
2015.09.04,00:00,12.99,13.10,12.92,13.03,33
2015.09.08,00:00,12.96,13.20,12.96,13.01,44
2015.09.09,00:00,13.06,13.27,12.98,13.26,39
2015.09.10,00:00,13.11,13.11,12.84,12.97,41
2015.09.11,00:00,12.93,13.15,12.85,13.01,53
2015.09.14,00:00,13.03,13.07,12.89,12.93,27
2015.09.15,00:00,12.95,12.97,12.80,12.89,29
2015.09.16,00:00,12.83,12.92,12.77,12.89,25
2015.09.17,00:00,12.91,12.99,12.69,12.72,42
2015.09.18,00:00,12.77,12.84,12.39,12.41,55
2015.09.21,00:00,12.46,12.52,12.35,12.37,26
2015.09.22,00:00,12.35,12.41,12.17,12.22,36
2015.09.23,00:00,12.22,12.46,12.10,12.11,62
2015.09.24,00:00,12.14,12.39,12.05,12.36,47
2015.09.25,00:00,12.50,12.89,12.48,12.86,47
2015.09.28,00:00,12.84,12.90,12.76,12.87,26
2015.09.29,00:00,12.79,13.09,12.68,12.87,75
2015.09.30,00:00,12.97,13.38,12.97,13.31,49
2015.10.01,00:00,13.31,13.48,13.31,13.39,27
2015.10.02,00:00,13.38,13.63,13.38,13.63,26
2015.10.05,00:00,13.65,13.82,13.65,13.81,19
2015.10.06,00:00,13.78,13.88,13.60,13.79,56
2015.10.07,00:00,13.74,13.96,13.70,13.95,32
2015.10.08,00:00,13.85,14.04,13.75,14.01,43
2015.10.09,00:00,13.98,14.38,13.98,14.28,51
2015.10.12,00:00,14.19,14.36,14.03,14.35,51
2015.10.13,00:00,14.34,14.34,13.99,14.07,44
2015.10.14,00:00,14.03,14.28,13.98,14.25,39
2015.10.15,00:00,14.30,14.42,14.03,14.33,76
2015.10.16,00:00,14.39,14.45,14.12,14.40,66
2015.10.19,00:00,14.36,14.51,14.32,14.45,30
2015.10.20,00:00,14.41,14.46,14.22,14.30,38
2015.10.21,00:00,14.27,14.32,14.18,14.28,28
2015.10.22,00:00,14.25,14.41,14.25,14.39,19
2015.10.23,00:00,14.38,14.44,14.13,14.26,51
2015.10.26,00:00,14.19,14.45,14.10,14.43,47
2015.10.27,00:00,14.48,14.50,14.29,14.36,31
2015.10.28,00:00,14.33,14.55,14.30,14.52,32
2015.10.29,00:00,14.50,14.51,14.32,14.36,25
2015.10.30,00:00,14.42,14.46,14.21,14.34,43
2015.11.02,00:00,14.44,14.84,14.44,14.80,45
2015.11.03,00:00,14.78,15.04,14.65,15.02,55
2015.11.04,00:00,14.96,15.02,14.50,14.58,67
2015.11.05,00:00,14.58,14.80,14.43,14.64,69
2015.11.06,00:00,14.64,14.70,14.28,14.36,57
2015.11.09,00:00,14.23,14.27,13.94,14.01,45
2015.11.10,00:00,14.04,14.67,14.01,14.57,80
2015.11.11,00:00,14.61,14.82,14.48,14.51,59
2015.11.12,00:00,14.51,14.69,14.44,14.68,34
2015.11.13,00:00,14.68,14.87,14.60,14.76,47
2015.11.16,00:00,14.72,14.93,14.61,14.91,46
2015.11.17,00:00,14.86,14.86,14.42,14.58,61
2015.11.18,00:00,14.46,14.49,14.19,14.44,59
2015.11.19,00:00,14.51,14.83,14.43,14.74,58
2015.11.20,00:00,14.74,15.06,14.69,14.99,50
2015.11.23,00:00,14.96,15.06,14.88,15.03,30
2015.11.24,00:00,15.01,15.29,14.68,14.72,94
2015.11.25,00:00,14.72,14.83,14.47,14.73,72
2015.11.27,00:00,14.75,14.90,14.64,14.66,44
2015.11.30,00:00,14.63,14.67,14.42,14.52,40
2015.12.01,00:00,14.45,15.06,14.40,15.01,77
2015.12.02,00:00,15.01,15.12,14.65,14.89,83
2015.12.03,00:00,14.82,15.15,14.82,15.13,36
2015.12.04,00:00,15.10,15.33,15.02,15.04,57
2015.12.07,00:00,15.04,15.14,14.88,14.97,46
2015.12.08,00:00,14.96,15.11,14.65,14.69,66
2015.12.09,00:00,14.69,14.86,14.69,14.79,25
2015.12.10,00:00,14.79,14.79,14.34,14.38,50
2015.12.11,00:00,14.42,14.53,14.38,14.43,30
2015.12.14,00:00,14.39,14.49,14.15,14.37,67
2015.12.15,00:00,14.38,14.72,14.38,14.46,61
2015.12.16,00:00,14.45,14.57,14.27,14.51,55
2015.12.17,00:00,14.54,14.71,14.46,14.62,43
2015.12.18,00:00,14.62,14.98,14.58,14.85,58
2015.12.21,00:00,14.75,14.92,14.53,14.73,77
2015.12.22,00:00,14.69,14.84,14.66,14.79,27
2015.12.23,00:00,14.76,14.91,14.75,14.88,21
2015.12.24,00:00,14.84,14.94,14.81,14.86,25
2015.12.28,00:00,14.80,14.80,14.61,14.63,22
2015.12.29,00:00,14.63,14.73,14.63,14.69,15
2015.12.30,00:00,14.69,15.00,14.69,14.96,36
2015.12.31,00:00,14.96,15.28,14.96,15.10,51
2016.01.04,00:00,15.03,15.10,14.70,14.89,67
2016.01.05,00:00,14.89,14.93,14.47,14.50,54
2016.01.06,00:00,14.50,14.56,14.40,14.45,28
2016.01.07,00:00,14.44,14.81,14.37,14.68,65
2016.01.08,00:00,14.68,14.82,14.41,14.44,59
2016.01.11,00:00,14.44,14.55,14.12,14.23,66
2016.01.12,00:00,14.25,14.34,14.07,14.09,39
2016.01.13,00:00,14.09,14.47,14.09,14.35,51
2016.01.14,00:00,14.38,14.67,14.27,14.60,59
2016.01.15,00:00,14.53,14.79,14.48,14.59,57
2016.01.19,00:00,14.58,14.74,14.49,14.58,51
2016.01.20,00:00,14.55,14.55,14.15,14.19,45
2016.01.21,00:00,14.19,14.55,14.14,14.40,62
2016.01.22,00:00,14.46,14.67,14.33,14.42,65
2016.01.25,00:00,14.36,14.42,14.25,14.29,28
2016.01.26,00:00,14.28,14.44,14.21,14.29,46
2016.01.27,00:00,14.29,14.38,13.99,14.05,55
2016.01.28,00:00,14.05,14.06,13.78,13.96,48
2016.01.29,00:00,14.00,14.09,13.75,13.84,53
2016.02.01,00:00,13.87,14.09,13.70,13.83,75
2016.02.02,00:00,13.83,13.95,13.69,13.86,50
2016.02.03,00:00,13.86,14.00,13.62,13.67,58
2016.02.04,00:00,13.67,13.84,13.51,13.53,53
2016.02.05,00:00,13.61,13.83,13.56,13.80,36
2016.02.08,00:00,13.85,14.13,13.81,14.09,41
2016.02.09,00:00,14.11,14.20,14.02,14.16,32
2016.02.10,00:00,14.10,14.20,14.00,14.16,35
2016.02.11,00:00,14.17,14.20,13.83,13.84,42
2016.02.12,00:00,13.84,13.98,13.82,13.90,27
2016.02.16,00:00,13.91,14.10,13.77,13.96,62
2016.02.17,00:00,13.97,13.98,13.77,13.87,33
2016.02.18,00:00,13.89,13.90,13.61,13.62,32
2016.02.19,00:00,13.62,13.66,13.48,13.56,31
2016.02.22,00:00,13.59,13.72,13.51,13.61,41
2016.02.23,00:00,13.74,14.45,13.68,14.42,87
2016.02.24,00:00,14.34,14.48,14.13,14.42,63
2016.02.25,00:00,14.42,14.65,14.26,14.64,57
2016.02.26,00:00,14.67,14.75,14.38,14.53,61
2016.02.29,00:00,14.53,14.81,14.43,14.79,51
2016.03.01,00:00,14.79,14.88,14.58,14.85,55
2016.03.02,00:00,14.85,15.06,14.80,15.06,32
2016.03.03,00:00,15.02,15.27,15.02,15.26,27
2016.03.04,00:00,15.20,15.35,15.15,15.30,31
2016.03.07,00:00,15.20,15.35,15.11,15.26,43
2016.03.08,00:00,15.24,15.45,15.11,15.45,48
2016.03.09,00:00,15.44,15.48,15.20,15.26,39
2016.03.10,00:00,15.25,15.49,15.21,15.49,33
2016.03.11,00:00,15.50,15.84,15.47,15.69,56
2016.03.14,00:00,15.67,15.94,15.58,15.91,49
2016.03.15,00:00,15.88,15.91,15.65,15.89,52
2016.03.16,00:00,15.86,15.99,15.70,15.99,46
2016.03.17,00:00,15.97,16.46,15.96,16.42,56
2016.03.18,00:00,16.29,16.50,16.17,16.45,51
2016.03.21,00:00,16.39,16.68,16.26,16.65,59
2016.03.22,00:00,16.60,16.85,16.52,16.83,44
2016.03.23,00:00,16.75,17.05,16.67,17.02,50
2016.03.24,00:00,17.00,17.00,16.36,16.46,75
2016.03.28,00:00,16.37,16.82,16.19,16.62,102
2016.03.29,00:00,16.56,16.58,16.33,16.53,48
2016.03.30,00:00,16.49,16.70,16.43,16.47,53
2016.03.31,00:00,16.47,16.56,16.00,16.04,70
2016.04.01,00:00,16.04,16.08,15.66,15.85,66
2016.04.04,00:00,15.65,15.65,15.45,15.51,27
2016.04.05,00:00,15.60,15.65,15.45,15.48,29
2016.04.06,00:00,15.48,15.58,15.40,15.44,33
2016.04.07,00:00,15.42,15.54,15.27,15.31,44
2016.04.08,00:00,15.33,15.63,15.17,15.59,67
2016.04.11,00:00,15.44,15.46,15.13,15.15,38
2016.04.12,00:00,15.18,15.30,15.08,15.11,38
2016.04.13,00:00,15.11,15.23,15.07,15.07,29
2016.04.14,00:00,15.09,15.41,15.07,15.15,63
2016.04.15,00:00,15.24,15.94,15.16,15.87,94
2016.04.18,00:00,15.86,16.32,15.82,16.16,71
2016.04.19,00:00,16.11,16.22,15.94,16.09,55
2016.04.20,00:00,15.92,16.58,15.75,16.51,108
2016.04.21,00:00,16.45,16.60,16.14,16.48,90
2016.04.22,00:00,16.47,16.61,16.08,16.20,80
2016.04.25,00:00,16.24,16.65,16.15,16.62,63
2016.04.26,00:00,16.61,16.76,16.42,16.74,56
2016.04.27,00:00,16.74,16.79,16.42,16.63,171
2016.04.28,00:00,16.61,16.62,16.36,16.51,163
2016.04.29,00:00,16.55,17.11,16.48,17.05,209
2016.05.02,00:00,17.11,17.15,16.84,17.02,125
2016.05.03,00:00,17.01,17.05,16.72,17.02,167
2016.05.04,00:00,16.96,17.43,16.95,17.27,150
2016.05.05,00:00,17.30,17.50,16.54,16.54,249
2016.05.06,00:00,16.66,16.83,16.50,16.67,221
2016.05.09,00:00,16.51,17.03,16.45,16.81,228
2016.05.10,00:00,16.78,17.06,16.75,16.89,212
2016.05.11,00:00,16.91,17.56,16.91,17.53,234
2016.05.12,00:00,17.45,17.62,17.32,17.60,151
2016.05.13,00:00,17.60,17.60,17.02,17.37,295
2016.05.16,00:00,17.27,17.54,17.10,17.51,171
2016.05.17,00:00,17.50,17.55,17.21,17.42,163
2016.05.18,00:00,17.41,17.53,17.09,17.50,202
2016.05.19,00:00,17.42,17.57,17.27,17.46,187
2016.05.20,00:00,17.47,17.91,17.38,17.77,195
2016.05.23,00:00,17.67,17.83,17.43,17.53,173
2016.05.24,00:00,17.51,17.71,17.39,17.49,187
2016.05.25,00:00,17.45,17.88,17.26,17.83,191
2016.05.26,00:00,17.80,18.02,17.66,17.99,175
2016.05.27,00:00,17.95,18.02,17.82,17.99,127
2016.05.31,00:00,18.00,18.07,17.68,17.81,230
2016.06.01,00:00,17.85,18.00,17.67,17.92,235
2016.06.02,00:00,17.94,18.39,17.89,18.34,178
2016.06.03,00:00,18.30,18.81,18.30,18.77,168
2016.06.06,00:00,18.78,19.16,18.74,18.89,257
2016.06.07,00:00,18.90,19.25,18.56,19.20,203
2016.06.08,00:00,19.22,19.82,19.17,19.78,190
2016.06.09,00:00,19.73,19.90,19.56,19.77,255
2016.06.10,00:00,19.75,19.84,19.33,19.84,236
2016.06.13,00:00,19.71,19.85,19.55,19.76,207
2016.06.14,00:00,19.66,19.67,19.28,19.61,254
2016.06.15,00:00,19.45,19.94,19.45,19.93,218
2016.06.16,00:00,19.95,20.21,19.44,19.87,389
2016.06.17,00:00,19.80,20.23,19.80,19.96,267
2016.06.20,00:00,20.04,20.09,19.73,19.86,234
2016.06.21,00:00,19.87,19.88,19.43,19.51,259
2016.06.22,00:00,19.52,19.56,19.36,19.39,176
2016.06.23,00:00,19.42,19.73,19.03,19.58,334
2016.06.24,00:00,19.01,19.49,18.84,19.41,247
2016.06.27,00:00,19.44,20.03,19.38,19.89,276
2016.06.28,00:00,19.93,20.25,19.89,20.07,242
2016.06.29,00:00,20.08,21.20,19.99,21.16,242
2016.06.30,00:00,21.00,21.20,20.33,20.43,333
2016.07.01,00:00,20.52,21.07,20.41,20.71,333
2016.07.05,00:00,20.66,21.13,20.55,20.99,374
2016.07.06,00:00,20.95,21.02,20.34,20.68,261
2016.07.07,00:00,20.65,20.82,19.85,19.91,319
2016.07.08,00:00,19.92,20.13,19.72,19.83,286
2016.07.11,00:00,19.81,20.57,19.81,20.55,278
2016.07.12,00:00,20.55,20.75,19.85,20.00,306
2016.07.13,00:00,20.00,20.42,19.66,19.75,375
2016.07.14,00:00,19.73,20.48,19.71,20.17,369
2016.07.15,00:00,20.01,20.06,19.47,19.68,214
2016.07.18,00:00,19.58,19.78,19.40,19.64,257
2016.07.19,00:00,19.72,19.94,19.49,19.64,245
2016.07.20,00:00,19.69,19.76,19.45,19.57,191
2016.07.21,00:00,19.64,20.11,19.56,19.83,227
2016.07.22,00:00,19.88,19.91,19.56,19.88,195
2016.07.25,00:00,19.82,20.31,19.81,20.15,206
2016.07.26,00:00,20.15,20.26,19.61,19.75,268
2016.07.27,00:00,19.72,19.78,19.28,19.34,187
2016.07.28,00:00,19.37,19.46,19.14,19.19,145
2016.07.29,00:00,19.18,19.70,19.09,19.37,203
2016.08.01,00:00,19.46,19.68,19.19,19.21,243
2016.08.02,00:00,19.26,19.60,19.18,19.46,182
2016.08.03,00:00,19.45,19.66,19.28,19.45,224
2016.08.04,00:00,19.49,20.21,19.29,20.17,255
2016.08.05,00:00,20.25,20.81,20.02,20.73,276
2016.08.08,00:00,20.77,21.25,20.71,20.86,266
2016.08.09,00:00,20.95,21.27,20.70,20.74,265
2016.08.10,00:00,20.81,20.96,20.06,20.15,294
2016.08.11,00:00,20.11,20.36,20.02,20.09,222
2016.08.12,00:00,20.04,20.42,20.00,20.19,202
2016.08.15,00:00,20.34,20.54,20.02,20.52,199
2016.08.16,00:00,20.50,20.92,20.50,20.69,302
2016.08.17,00:00,20.76,20.76,20.15,20.21,200
2016.08.18,00:00,20.25,20.68,20.19,20.46,212
2016.08.19,00:00,20.53,20.59,20.20,20.26,145
2016.08.22,00:00,20.31,20.92,20.17,20.91,194
2016.08.23,00:00,20.87,21.25,20.68,21.19,212
2016.08.24,00:00,21.17,21.37,20.43,20.73,303
2016.08.25,00:00,20.82,21.20,20.70,20.98,259
2016.08.26,00:00,21.17,21.17,20.80,21.05,265
2016.08.29,00:00,21.09,21.30,20.82,21.09,181
2016.08.30,00:00,21.20,21.27,20.92,20.99,190
2016.08.31,00:00,21.02,21.08,20.48,20.57,256
2016.09.01,00:00,20.55,20.71,20.10,20.23,210
2016.09.02,00:00,20.22,20.98,20.18,20.82,268
2016.09.06,00:00,20.91,20.91,20.36,20.84,230
2016.09.07,00:00,20.81,21.12,20.62,20.82,219
2016.09.08,00:00,20.82,20.90,20.61,20.86,197
2016.09.09,00:00,20.85,21.03,20.65,20.69,227
2016.09.12,00:00,20.63,20.90,20.50,20.82,199
2016.09.13,00:00,20.84,21.06,20.77,20.93,218
2016.09.14,00:00,20.96,21.00,20.64,20.80,224
2016.09.15,00:00,20.85,21.20,20.71,21.16,246
2016.09.16,00:00,21.17,22.86,21.12,22.40,365
2016.09.19,00:00,22.43,22.95,22.40,22.70,291
2016.09.20,00:00,22.74,22.85,22.37,22.69,286
2016.09.21,00:00,22.75,22.88,22.48,22.67,210
2016.09.22,00:00,22.88,23.88,22.54,22.57,467
2016.09.23,00:00,22.65,22.85,22.22,22.74,323
2016.09.26,00:00,22.60,23.18,22.51,23.13,2075
2016.09.27,00:00,23.13,23.55,22.84,23.44,2032
2016.09.28,00:00,23.59,23.85,23.36,23.81,1839
2016.09.29,00:00,23.84,24.10,23.24,23.43,1969
2016.09.30,00:00,23.39,23.56,22.79,23.00,2886
2016.10.03,00:00,22.80,23.13,22.52,22.56,2009
2016.10.04,00:00,22.62,23.47,22.56,23.29,2282
2016.10.05,00:00,23.35,23.86,23.25,23.61,2318
2016.10.06,00:00,23.90,23.90,22.83,23.16,2054
2016.10.07,00:00,23.02,23.69,22.92,23.38,2056
2016.10.10,00:00,23.24,23.38,22.82,23.10,1825
2016.10.11,00:00,23.00,23.40,22.66,23.30,1862
2016.10.12,00:00,23.42,23.59,22.87,23.15,2025
2016.10.13,00:00,23.15,23.30,22.88,22.89,1978
2016.10.14,00:00,22.95,23.33,22.73,22.96,2039
2016.10.17,00:00,23.12,23.29,22.71,23.18,1850
2016.10.18,00:00,23.14,23.18,22.83,23.02,1539
2016.10.19,00:00,22.90,23.10,22.80,22.95,1338
2016.10.20,00:00,22.91,22.98,22.35,22.67,1966
2016.10.21,00:00,22.67,22.73,22.44,22.71,2103
2016.10.24,00:00,22.75,23.32,22.72,23.15,3392
2016.10.25,00:00,23.14,23.20,22.76,22.92,2818
2016.10.26,00:00,22.90,22.95,22.62,22.64,2592
2016.10.27,00:00,22.60,22.70,22.44,22.57,2868
2016.10.28,00:00,22.63,22.65,22.12,22.15,3074
2016.10.31,00:00,22.18,22.18,21.55,21.56,2833
2016.11.01,00:00,21.51,21.56,21.11,21.16,2590
2016.11.02,00:00,21.16,21.82,21.08,21.74,2714
2016.11.03,00:00,21.79,21.84,21.35,21.47,3016
2016.11.04,00:00,21.47,21.80,21.29,21.73,3351
2016.11.07,00:00,21.81,22.58,21.73,22.17,3366
2016.11.08,00:00,22.31,22.31,21.92,21.99,2612
2016.11.09,00:00,21.42,22.19,21.35,22.07,2853
2016.11.10,00:00,22.19,22.49,21.57,21.57,3564
2016.11.11,00:00,21.58,21.80,21.50,21.76,2886
2016.11.14,00:00,21.85,21.89,21.58,21.61,2333
2016.11.15,00:00,21.77,21.80,20.89,21.08,3551
2016.11.16,00:00,21.10,21.15,20.31,20.33,3452
2016.11.17,00:00,20.32,20.52,20.18,20.23,2524
2016.11.18,00:00,20.18,20.49,20.05,20.23,2406
2016.11.21,00:00,20.26,20.46,20.20,20.37,2156
2016.11.22,00:00,20.35,20.44,19.65,19.73,2636
2016.11.23,00:00,19.75,19.88,19.57,19.63,2069
2016.11.25,00:00,19.73,20.04,19.58,19.86,2287
2016.11.28,00:00,19.94,20.11,19.80,19.98,1890
2016.11.29,00:00,20.21,20.30,19.57,19.57,2367
2016.11.30,00:00,19.64,19.83,19.50,19.79,2358
2016.12.01,00:00,19.82,19.94,19.32,19.33,2317
2016.12.02,00:00,19.32,19.36,18.87,19.21,2576
2016.12.05,00:00,19.15,19.15,18.88,18.89,1895
2016.12.06,00:00,18.99,19.83,18.79,19.52,3630
2016.12.07,00:00,19.50,19.75,19.21,19.61,2990
2016.12.08,00:00,19.59,19.80,19.32,19.47,2387
2016.12.09,00:00,19.49,19.56,19.10,19.23,2258
2016.12.12,00:00,19.33,19.82,19.16,19.16,2681
2016.12.13,00:00,19.20,19.25,18.51,18.62,2989
2016.12.14,00:00,18.36,18.53,17.96,18.03,3511
2016.12.15,00:00,17.88,18.67,17.83,18.53,3520
2016.12.16,00:00,18.67,18.70,17.94,18.23,2622
2016.12.19,00:00,18.20,18.52,18.11,18.29,1963
2016.12.20,00:00,18.31,18.32,18.09,18.25,1436
2016.12.21,00:00,18.26,18.43,18.11,18.14,1582
2016.12.22,00:00,18.17,18.29,18.12,18.12,1229
2016.12.23,00:00,18.17,18.29,18.13,18.16,1075
2016.12.27,00:00,18.19,18.92,18.14,18.45,1835
2016.12.28,00:00,18.62,19.10,18.56,19.03,2728
2016.12.29,00:00,19.04,19.70,19.00,19.48,3131
2016.12.30,00:00,19.48,19.68,19.39,19.61,1970
2017.01.03,00:00,19.62,20.53,19.57,20.52,3190
2017.01.04,00:00,20.50,20.93,20.39,20.93,3040
2017.01.05,00:00,20.83,21.15,20.64,20.66,3721
2017.01.06,00:00,20.49,20.81,20.29,20.79,2879
2017.01.09,00:00,20.71,20.74,20.35,20.45,2735
2017.01.10,00:00,20.46,20.55,20.14,20.47,2377
2017.01.11,00:00,20.57,20.88,20.47,20.52,3215
2017.01.12,00:00,20.61,20.86,20.56,20.70,2783
2017.01.13,00:00,20.78,20.90,20.47,20.52,2397
2017.01.17,00:00,20.51,20.81,20.51,20.66,1952
2017.01.18,00:00,20.71,20.98,20.54,20.93,1928
2017.01.19,00:00,21.00,21.35,20.04,20.09,4002
2017.01.20,00:00,20.08,20.52,20.04,20.22,3180
2017.01.23,00:00,20.33,20.66,20.24,20.62,3422
2017.01.24,00:00,20.62,20.92,20.58,20.59,2535
2017.01.25,00:00,20.56,20.75,20.31,20.40,2535
2017.01.26,00:00,20.43,20.61,20.29,20.33,2629
2017.01.27,00:00,20.35,20.48,20.27,20.36,1707
2017.01.30,00:00,20.37,20.47,20.19,20.38,1808
2017.01.31,00:00,20.36,20.51,20.29,20.47,1680
2017.02.01,00:00,20.48,20.70,20.44,20.65,2611
2017.02.02,00:00,20.64,20.96,20.27,20.41,3632
2017.02.03,00:00,20.40,21.00,20.35,21.00,2789
2017.02.06,00:00,21.01,21.19,20.84,20.96,2479
2017.02.07,00:00,20.97,21.08,20.59,20.67,3328
2017.02.08,00:00,20.66,20.82,20.56,20.73,2074
2017.02.09,00:00,20.69,20.95,20.60,20.65,2170
2017.02.10,00:00,20.66,20.70,20.30,20.45,2171
2017.02.13,00:00,20.48,20.59,19.88,20.03,2490
2017.02.14,00:00,20.04,20.41,20.03,20.35,2254
2017.02.15,00:00,20.36,20.68,20.31,20.42,3065
2017.02.16,00:00,20.47,20.48,20.04,20.38,2888
2017.02.17,00:00,20.33,20.36,20.12,20.27,1996
2017.02.21,00:00,20.37,20.81,20.25,20.77,1716
2017.02.22,00:00,20.76,20.92,20.61,20.64,1272
2017.02.23,00:00,20.67,20.68,20.08,20.09,1250
2017.02.24,00:00,20.10,20.19,19.74,19.80,1308
