2010.10.06,00:00,49.77,50.05,49.13,49.49,157
2010.10.07,00:00,49.31,50.25,48.81,50.00,220
2010.10.08,00:00,50.26,50.29,49.42,50.07,156
2010.10.11,00:00,50.20,50.62,49.82,49.87,128
2010.10.12,00:00,49.44,50.49,49.06,50.20,211
2010.10.13,00:00,50.40,50.49,49.88,50.07,90
2010.10.14,00:00,50.50,50.50,49.74,50.00,103
2010.10.15,00:00,50.08,50.25,49.19,49.45,150
2010.10.18,00:00,49.23,49.42,48.58,49.00,146
2010.10.19,00:00,48.99,49.69,48.84,49.12,158
2010.10.20,00:00,49.09,49.60,48.90,49.60,90
2010.10.21,00:00,49.54,50.09,49.31,50.02,109
2010.10.22,00:00,50.19,50.44,49.54,50.03,165
2010.10.25,00:00,50.31,51.02,50.20,50.72,124
2010.10.26,00:00,50.49,50.94,50.12,50.44,160
2010.10.27,00:00,50.04,50.45,49.10,49.88,255
2010.10.28,00:00,50.15,50.48,49.53,49.85,161
2010.10.29,00:00,49.49,51.65,49.44,51.51,241
2010.11.01,00:00,51.77,52.99,51.65,52.96,150
2010.11.02,00:00,52.70,52.70,52.10,52.35,86
2010.11.03,00:00,50.75,52.38,50.65,51.64,258
2010.11.04,00:00,52.05,54.15,52.00,54.08,228
2010.11.05,00:00,54.14,54.99,53.76,54.06,239
2010.11.08,00:00,53.69,53.77,52.86,53.41,155
2010.11.09,00:00,53.40,54.98,53.22,54.91,202
2010.11.10,00:00,54.60,54.70,53.33,53.75,190
2010.11.11,00:00,54.00,54.49,53.60,54.42,137
2010.11.12,00:00,53.33,55.90,52.85,55.29,415
2010.11.15,00:00,55.07,56.52,54.90,56.06,226
2010.11.16,00:00,55.68,55.83,54.62,54.62,137
2010.11.17,00:00,54.72,54.73,53.87,54.30,131
2010.11.18,00:00,54.96,56.30,54.94,56.30,139
2010.11.19,00:00,56.34,56.73,55.65,56.67,184
2010.11.22,00:00,57.33,58.90,57.30,57.69,285
2010.11.23,00:00,57.15,58.62,56.39,56.47,379
2010.11.24,00:00,57.01,59.12,56.48,59.12,318
2010.11.25,00:00,59.10,60.00,58.84,59.90,153
2010.11.26,00:00,59.31,59.76,58.13,59.25,321
2010.11.29,00:00,59.75,59.91,57.74,57.74,234
2010.11.30,00:00,57.70,59.24,57.22,57.93,382
2010.12.01,00:00,58.35,60.90,58.35,60.90,256
2010.12.02,00:00,61.69,63.80,61.55,63.80,240
2010.12.03,00:00,63.70,65.49,63.48,63.69,402
2010.12.06,00:00,64.00,64.53,62.75,62.81,238
2010.12.07,00:00,63.00,64.49,62.40,63.98,321
2010.12.08,00:00,63.50,63.50,61.90,61.90,161
2010.12.09,00:00,62.42,62.66,58.88,60.20,535
2010.12.10,00:00,60.50,62.99,60.39,62.52,319
2010.12.13,00:00,62.00,63.44,62.00,63.44,145
2010.12.14,00:00,63.40,63.44,62.14,62.47,168
2010.12.15,00:00,62.00,62.83,61.40,62.49,238
2010.12.16,00:00,62.40,63.26,61.79,62.80,255
2010.12.17,00:00,62.95,63.15,61.80,61.95,171
2010.12.20,00:00,61.90,63.23,61.64,63.15,194
2010.12.21,00:00,63.40,64.80,62.92,64.80,237
2010.12.22,00:00,64.98,65.11,64.30,64.37,102
2010.12.23,00:00,64.55,64.69,63.24,63.26,162
2010.12.27,00:00,62.70,62.70,59.12,59.22,369
2010.12.28,00:00,59.69,59.98,57.66,58.25,321
2010.12.29,00:00,58.10,58.92,58.08,58.72,107
2010.12.30,00:00,59.10,59.47,58.62,58.85,146
2011.01.03,00:00,59.26,61.45,59.07,61.45,258
2011.01.04,00:00,61.50,61.74,60.02,60.74,269
2011.01.05,00:00,60.50,60.93,58.22,60.03,496
2011.01.06,00:00,60.00,61.18,59.66,59.90,295
2011.01.07,00:00,59.51,60.09,58.54,59.31,291
2011.01.10,00:00,58.80,59.40,58.36,58.47,176
2011.01.11,00:00,58.36,59.99,58.15,59.66,239
2011.01.12,00:00,59.69,60.57,58.93,59.32,292
2011.01.13,00:00,59.25,59.54,57.61,57.68,230
2011.01.14,00:00,57.50,59.02,56.79,58.94,303
2011.01.17,00:00,58.80,59.50,58.22,58.55,232
2011.01.18,00:00,58.98,59.94,58.27,58.75,312
2011.01.19,00:00,58.87,58.92,57.33,57.86,218
2011.01.20,00:00,57.57,57.70,55.22,55.51,291
2011.01.21,00:00,55.77,56.69,54.17,55.70,498
2011.01.24,00:00,55.60,55.83,54.40,55.23,250
2011.01.25,00:00,55.77,56.73,55.35,56.08,246
2011.01.26,00:00,56.51,57.55,56.18,56.95,231
2011.01.27,00:00,56.90,57.97,56.67,57.31,220
2011.01.28,00:00,58.70,58.95,57.06,57.10,219
2011.01.31,00:00,56.88,56.91,55.44,56.08,215
2011.02.01,00:00,57.03,57.11,55.97,56.51,177
2011.02.02,00:00,56.85,58.24,56.13,56.47,385
2011.02.03,00:00,56.41,57.33,55.23,57.33,329
2011.02.04,00:00,57.75,57.90,56.45,56.85,201
2011.02.07,00:00,57.00,58.87,56.55,58.85,280
2011.02.08,00:00,59.03,61.65,58.86,61.59,303
2011.02.09,00:00,61.45,62.42,60.76,61.29,317
2011.02.10,00:00,60.92,61.81,60.40,61.71,204
2011.02.11,00:00,61.25,63.44,61.10,63.14,280
2011.02.14,00:00,63.50,63.68,62.97,63.44,137
2011.02.15,00:00,63.15,63.30,61.84,61.98,176
2011.02.16,00:00,62.20,62.37,60.77,61.66,267
2011.02.17,00:00,61.70,61.92,60.17,61.04,285
2011.02.18,00:00,61.58,61.58,60.10,60.56,195
2011.02.21,00:00,60.39,61.68,60.07,60.30,314
2011.02.22,00:00,59.50,61.18,59.47,60.43,250
2011.02.23,00:00,60.38,60.42,57.79,58.30,319
2011.02.24,00:00,57.25,58.00,56.39,57.00,298
2011.02.25,00:00,57.49,59.05,57.08,58.70,274
2011.02.28,00:00,58.46,59.21,57.90,58.78,231
2011.03.01,00:00,59.32,61.10,58.97,59.67,392
2011.03.02,00:00,58.85,59.05,57.55,58.00,216
2011.03.03,00:00,58.60,59.32,57.84,58.09,246
2011.03.04,00:00,58.60,59.75,57.58,57.78,353
2011.03.07,00:00,56.81,58.67,56.42,57.74,358
2011.03.08,00:00,58.49,58.86,56.93,57.97,335
2011.03.09,00:00,58.27,58.89,57.55,58.14,256
2011.03.10,00:00,57.41,59.50,56.68,57.12,536
2011.03.11,00:00,56.50,57.20,55.91,56.30,239
2011.03.14,00:00,55.75,56.45,55.25,55.80,236
2011.03.15,00:00,54.72,54.82,52.01,54.29,520
2011.03.16,00:00,54.88,55.44,52.95,53.09,320
2011.03.17,00:00,53.49,54.92,53.21,54.13,279
2011.03.18,00:00,54.60,56.16,53.82,55.30,399
2011.03.21,00:00,56.44,56.44,54.91,55.44,207
2011.03.22,00:00,55.30,55.34,54.25,54.59,148
2011.03.23,00:00,54.70,55.89,54.27,55.27,268
2011.03.24,00:00,55.35,57.83,55.03,57.60,336
2011.03.25,00:00,58.17,58.17,57.22,57.46,120
2011.03.28,00:00,57.40,57.49,56.40,57.36,215
2011.03.29,00:00,57.70,58.19,56.63,57.39,282
2011.03.30,00:00,58.08,58.91,57.88,58.56,159
2011.03.31,00:00,58.59,59.14,58.29,58.75,155
2011.04.01,00:00,59.20,61.31,59.10,61.22,241
2011.04.04,00:00,61.39,61.40,60.16,60.41,151
2011.04.05,00:00,60.71,61.19,60.50,61.00,110
2011.04.06,00:00,61.22,61.50,60.14,60.81,232
2011.04.07,00:00,59.65,59.90,59.05,59.13,119
2011.04.08,00:00,59.36,59.71,58.32,58.54,197
2011.04.11,00:00,58.00,58.27,57.02,57.10,161
2011.04.12,00:00,56.70,57.08,56.22,56.64,167
2011.04.13,00:00,57.27,58.42,56.94,57.59,265
2011.04.14,00:00,57.51,58.15,57.21,57.94,146
2011.04.15,00:00,58.20,58.39,57.72,58.12,127
2011.04.18,00:00,57.85,58.82,56.79,57.21,343
2011.04.19,00:00,57.61,59.31,57.55,58.79,235
2011.04.20,00:00,59.31,60.76,59.28,60.53,175
2011.04.21,00:00,61.00,61.18,59.89,61.00,259
2011.04.26,00:00,60.99,61.87,60.60,61.71,183
2011.04.27,00:00,61.56,63.14,61.50,61.94,291
2011.04.28,00:00,62.56,63.25,62.06,63.18,177
2011.04.29,00:00,62.91,63.67,62.29,63.67,201
2011.05.02,00:00,64.00,65.30,64.00,64.44,217
2011.05.03,00:00,63.78,63.98,62.17,63.37,322
2011.05.04,00:00,64.80,65.00,61.92,62.35,372
2011.05.05,00:00,62.20,62.52,60.38,61.36,345
2011.05.06,00:00,61.42,62.99,60.27,62.82,405
2011.05.09,00:00,62.73,62.96,60.98,61.28,252
2011.05.10,00:00,61.60,63.04,61.21,62.67,260
2011.05.11,00:00,63.03,63.85,62.41,63.17,275
2011.05.12,00:00,62.40,63.21,62.16,63.21,130
2011.05.13,00:00,62.38,62.95,61.71,61.86,197
2011.05.16,00:00,61.17,61.80,60.38,61.54,248
2011.05.17,00:00,61.39,61.57,60.46,60.57,141
2011.05.18,00:00,61.09,61.45,60.67,61.25,141
2011.05.19,00:00,61.83,62.50,61.28,61.98,230
2011.05.20,00:00,62.19,62.43,60.62,60.98,242
2011.05.23,00:00,60.00,60.03,58.83,59.13,154
2011.05.24,00:00,59.01,60.69,59.00,60.28,212
2011.05.25,00:00,59.65,60.99,59.40,60.75,209
2011.05.26,00:00,61.00,61.00,59.36,59.70,199
2011.05.27,00:00,60.20,60.83,59.87,60.70,143
2011.05.30,00:00,60.89,61.24,60.49,60.83,145
2011.05.31,00:00,61.50,61.89,61.25,61.48,127
2011.06.01,00:00,61.28,61.40,60.14,60.61,186
2011.06.02,00:00,60.30,60.90,59.40,60.14,285
2011.06.03,00:00,60.26,60.91,59.65,60.29,250
2011.06.06,00:00,60.10,60.96,59.75,60.74,179
2011.06.07,00:00,60.70,61.13,60.12,60.32,165
2011.06.08,00:00,59.88,61.00,59.26,61.00,237
2011.06.09,00:00,61.26,63.06,60.97,62.93,252
2011.06.10,00:00,62.99,63.47,62.04,62.34,222
2011.06.13,00:00,62.50,62.92,61.72,62.51,240
2011.06.14,00:00,62.04,63.52,62.01,63.40,167
2011.06.15,00:00,62.85,63.69,62.21,62.38,250
2011.06.16,00:00,62.00,63.44,61.49,63.44,247
2011.06.17,00:00,63.06,64.55,62.44,64.18,311
2011.06.20,00:00,63.66,64.24,62.93,63.90,239
2011.06.21,00:00,64.41,64.87,63.83,64.85,165
2011.06.22,00:00,64.90,65.63,64.02,65.39,274
2011.06.23,00:00,65.15,66.07,64.66,65.21,277
2011.06.24,00:00,66.12,68.46,66.12,67.13,368
2011.06.27,00:00,67.09,68.06,66.79,67.76,188
2011.06.28,00:00,67.84,69.38,67.29,69.10,293
2011.06.29,00:00,69.55,70.02,67.98,68.86,340
2011.06.30,00:00,68.97,69.10,67.26,68.81,353
2011.07.01,00:00,68.70,68.70,67.35,67.77,178
2011.07.04,00:00,67.98,69.00,67.54,68.82,209
2011.07.05,00:00,68.51,69.55,68.21,68.79,241
2011.07.06,00:00,68.44,69.14,67.56,67.82,255
2011.07.07,00:00,68.38,69.45,68.13,69.28,175
2011.07.08,00:00,69.33,70.12,68.25,68.51,293
2011.07.11,00:00,68.00,68.26,66.33,66.75,262
2011.07.12,00:00,65.74,67.56,64.19,67.24,525
2011.07.13,00:00,67.58,70.29,67.56,70.18,287
2011.07.14,00:00,69.64,71.75,69.56,71.00,303
2011.07.15,00:00,70.75,72.74,70.44,72.67,269
2011.07.18,00:00,72.27,72.65,70.94,71.11,227
2011.07.19,00:00,71.95,72.52,71.24,72.00,252
2011.07.20,00:00,72.49,72.49,71.12,71.95,221
2011.07.21,00:00,72.39,72.57,70.34,71.19,327
2011.07.22,00:00,71.94,71.94,70.62,71.58,229
2011.07.25,00:00,71.22,73.68,70.92,73.52,323
2011.07.26,00:00,73.77,73.85,71.57,72.19,299
2011.07.27,00:00,71.58,72.85,70.32,70.70,419
2011.07.28,00:00,70.00,70.87,68.00,70.25,550
2011.07.29,00:00,69.26,70.72,68.70,69.82,349
2011.08.01,00:00,71.60,71.76,67.51,67.71,462
2011.08.02,00:00,67.80,69.30,65.79,65.97,520
2011.08.03,00:00,65.00,66.89,64.41,65.55,442
2011.08.04,00:00,66.78,66.78,61.22,61.27,562
2011.08.05,00:00,59.13,63.72,58.60,60.48,890
2011.08.08,00:00,59.35,61.27,54.51,55.14,932
2011.08.09,00:00,55.59,58.77,51.71,58.63,1109
2011.08.10,00:00,60.59,61.59,54.63,55.62,896
2011.08.11,00:00,57.17,57.90,54.35,57.66,662
2011.08.12,00:00,57.57,59.71,56.09,59.34,548
2011.08.15,00:00,60.00,60.68,59.09,59.31,250
2011.08.16,00:00,58.52,59.10,56.80,58.87,426
2011.08.17,00:00,58.35,59.90,57.73,58.76,394
2011.08.18,00:00,57.81,58.29,53.28,54.15,637
2011.08.19,00:00,53.13,53.99,50.57,52.30,602
2011.08.22,00:00,50.33,52.44,49.83,50.09,499
2011.08.23,00:00,50.97,52.49,50.20,51.37,419
2011.08.24,00:00,52.50,54.45,51.10,53.57,564
2011.08.25,00:00,54.29,55.56,52.87,53.82,492
2011.08.26,00:00,53.48,54.43,52.16,54.05,398
2011.08.29,00:00,55.23,55.34,53.49,54.41,289
2011.08.30,00:00,55.43,55.43,53.40,54.25,289
2011.08.31,00:00,54.48,56.87,54.39,56.35,310
2011.09.01,00:00,56.50,57.66,54.72,56.90,549
2011.09.02,00:00,55.75,55.90,53.72,54.22,284
2011.09.05,00:00,52.80,54.01,50.20,50.87,570
2011.09.06,00:00,50.93,51.96,49.85,50.66,396
2011.09.07,00:00,52.15,53.93,52.00,53.71,231
2011.09.08,00:00,53.96,54.40,52.05,53.30,405
2011.09.09,00:00,53.00,53.85,51.41,51.69,358
2011.09.12,00:00,50.10,51.24,49.03,50.90,363
2011.09.13,00:00,52.08,52.75,50.06,51.95,526
2011.09.14,00:00,51.38,55.35,51.10,55.07,482
2011.09.15,00:00,55.80,57.48,55.05,56.52,415
2011.09.16,00:00,57.25,57.50,56.22,57.18,250
2011.09.19,00:00,55.80,57.78,55.52,56.20,413
2011.09.20,00:00,55.90,57.97,55.56,57.64,309
2011.09.21,00:00,57.73,57.77,55.67,56.09,257
2011.09.22,00:00,54.10,54.38,52.05,52.99,356
2011.09.23,00:00,53.50,53.70,49.94,52.18,621
2011.09.26,00:00,51.45,51.61,49.73,50.80,312
2011.09.27,00:00,53.21,54.23,51.91,53.95,391
2011.09.28,00:00,53.22,54.84,52.73,53.25,420
2011.09.29,00:00,52.82,54.21,52.23,52.75,390
2011.09.30,00:00,51.52,51.60,48.65,49.97,436
2011.10.03,00:00,47.26,47.91,46.35,47.12,299
2011.10.04,00:00,46.33,46.50,43.49,45.04,474
2011.10.05,00:00,46.28,47.40,45.12,47.40,345
2011.10.06,00:00,48.05,49.47,47.33,48.90,344
2011.10.07,00:00,49.12,51.10,48.40,50.89,364
2011.10.10,00:00,51.50,53.48,49.81,52.99,586
2011.10.11,00:00,52.71,53.98,51.94,53.75,305
2011.10.12,00:00,53.50,55.45,52.81,54.91,388
2011.10.13,00:00,54.71,55.65,53.54,54.82,412
2011.10.14,00:00,55.09,57.17,54.56,56.44,388
2011.10.17,00:00,57.22,58.08,53.84,54.50,577
2011.10.18,00:00,53.26,55.65,52.09,55.08,531
2011.10.19,00:00,55.59,55.96,54.09,55.01,317
2011.10.20,00:00,53.92,55.99,53.80,54.11,420
2011.10.21,00:00,54.40,57.40,53.67,57.19,468
2011.10.24,00:00,57.85,58.44,56.54,57.88,378
2011.10.25,00:00,57.47,59.67,57.19,57.80,464
2011.10.26,00:00,57.72,59.60,57.15,57.81,482
2011.10.27,00:00,60.00,61.06,59.03,61.06,301
2011.10.28,00:00,61.66,62.47,60.86,61.81,308
2011.10.31,00:00,61.40,61.40,59.06,59.06,235
2011.11.01,00:00,54.73,57.38,54.73,55.77,427
2011.11.02,00:00,55.07,58.24,49.57,49.57,1185
2011.11.03,00:00,59.05,61.13,58.59,60.95,319
2011.11.04,00:00,60.82,61.00,57.71,57.99,376
2011.11.07,00:00,55.00,59.46,55.00,58.17,576
2011.11.08,00:00,55.86,60.23,55.55,58.45,678
2011.11.09,00:00,58.45,59.70,55.50,56.93,689
2011.11.10,00:00,56.39,58.57,55.01,57.43,609
2011.11.11,00:00,55.58,58.82,55.58,58.69,338
2011.11.14,00:00,59.09,59.09,56.65,58.31,411
2011.11.15,00:00,57.36,58.50,55.00,57.56,681
2011.11.16,00:00,55.00,58.08,55.00,55.62,555
2011.11.17,00:00,55.38,55.96,54.51,54.84,237
2011.11.18,00:00,53.63,55.09,53.63,53.68,288
2011.11.21,00:00,53.28,53.28,51.01,51.35,262
2011.11.22,00:00,51.66,52.45,50.70,50.97,282
2011.11.23,00:00,50.00,51.05,49.39,49.39,272
2011.11.24,00:00,48.01,51.24,48.01,49.88,460
2011.11.25,00:00,48.00,50.41,48.00,50.13,270
2011.11.28,00:00,50.77,53.44,50.76,52.92,322
2011.11.29,00:00,51.00,53.30,51.00,52.85,276
2011.11.30,00:00,51.05,56.35,51.05,55.92,574
2011.12.01,00:00,55.32,56.45,54.81,55.23,320
2011.12.02,00:00,55.86,57.33,55.46,55.63,352
2011.12.05,00:00,51.00,56.52,51.00,56.39,566
2011.12.06,00:00,53.12,56.86,53.12,56.23,438
2011.12.07,00:00,56.68,57.39,54.75,55.64,425
2011.12.08,00:00,56.11,56.20,53.38,53.58,312
2011.12.09,00:00,52.87,54.77,51.48,53.77,569
2011.12.12,00:00,51.39,53.85,51.39,52.55,377
2011.12.13,00:00,52.57,53.79,50.62,52.89,603
2011.12.14,00:00,52.28,52.39,50.19,50.32,245
2011.12.15,00:00,50.26,51.64,50.24,50.95,212
2011.12.16,00:00,49.96,50.96,49.91,49.96,211
2011.12.19,00:00,49.51,51.55,49.42,50.01,377
2011.12.20,00:00,49.90,52.65,49.90,52.18,323
2011.12.21,00:00,53.23,53.87,51.23,52.54,460
2011.12.22,00:00,52.66,53.42,52.22,52.54,229
2011.12.23,00:00,53.15,53.24,52.26,52.57,139
2011.12.27,00:00,52.82,53.25,52.00,52.98,235
2011.12.28,00:00,52.63,52.65,51.01,51.14,180
2011.12.29,00:00,51.27,51.43,50.60,51.08,148
2011.12.30,00:00,51.05,51.59,50.76,51.57,115
2012.01.02,00:00,51.08,53.44,51.08,53.31,250
2012.01.03,00:00,53.83,55.56,53.02,55.32,360
2012.01.04,00:00,52.71,56.43,52.71,55.84,432
2012.01.05,00:00,55.66,56.55,54.56,56.31,334
2012.01.06,00:00,56.01,56.55,55.06,55.53,251
2012.01.09,00:00,56.06,57.52,55.01,57.04,405
2012.01.10,00:00,56.49,59.37,56.47,58.50,380
2012.01.11,00:00,58.60,59.25,58.31,58.86,163
2012.01.12,00:00,58.86,60.29,58.11,59.25,398
2012.01.13,00:00,59.69,60.10,56.84,58.30,514
2012.01.16,00:00,58.30,60.06,58.01,59.96,245
2012.01.17,00:00,59.93,62.12,59.93,61.86,246
2012.01.18,00:00,61.86,62.28,60.69,61.99,306
2012.01.19,00:00,61.60,63.17,61.60,63.05,170
2012.01.20,00:00,62.94,64.05,62.35,63.66,269
2012.01.23,00:00,63.31,64.14,62.64,63.72,260
2012.01.24,00:00,63.26,64.09,62.57,63.36,295
2012.01.25,00:00,63.62,63.75,62.30,63.43,272
2012.01.26,00:00,63.83,65.62,63.46,65.33,283
2012.01.27,00:00,64.92,66.34,64.23,64.64,395
2012.01.30,00:00,63.85,64.99,63.71,64.55,187
2012.01.31,00:00,65.18,66.48,65.07,65.42,259
2012.02.01,00:00,65.06,68.03,65.06,67.88,313
2012.02.02,00:00,68.24,68.50,67.10,67.98,255
2012.02.03,00:00,67.73,69.98,67.49,69.95,277
2012.02.06,00:00,69.48,70.71,69.23,70.71,174
2012.02.07,00:00,70.88,71.43,68.39,69.35,456
2012.02.08,00:00,69.62,70.13,68.71,68.89,212
2012.02.09,00:00,69.16,72.62,69.16,71.56,453
2012.02.10,00:00,70.73,71.91,69.51,69.96,404
2012.02.13,00:00,70.53,71.17,70.10,70.37,199
2012.02.14,00:00,70.06,71.06,69.27,69.88,341
2012.02.15,00:00,70.61,71.21,70.01,70.27,207
2012.02.16,00:00,68.84,70.48,68.62,70.13,244
2012.02.17,00:00,71.02,72.01,70.60,71.76,209
2012.02.20,00:00,72.13,72.65,71.61,72.19,203
2012.02.21,00:00,72.17,72.58,71.51,71.91,189
2012.02.22,00:00,71.93,72.44,70.43,70.89,299
2012.02.23,00:00,70.69,71.53,68.61,69.85,501
2012.02.24,00:00,70.20,70.92,69.38,70.40,289
2012.02.27,00:00,69.52,69.53,67.65,68.99,324
2012.02.28,00:00,69.14,70.13,68.84,69.91,182
2012.02.29,00:00,70.21,70.59,69.05,69.31,219
2012.03.01,00:00,69.30,71.30,68.63,71.30,335
2012.03.02,00:00,71.52,71.64,70.42,70.53,146
2012.03.05,00:00,69.82,71.22,69.21,70.45,340
2012.03.08,00:00,68.64,70.68,67.78,69.28,517
2012.03.09,00:00,69.16,70.81,68.55,70.66,303
2012.03.12,00:00,70.31,71.45,69.91,71.16,224
2012.03.13,00:00,71.21,71.53,69.66,70.68,322
2012.03.14,00:00,71.00,73.70,70.06,73.42,487
2012.03.15,00:00,73.30,73.83,72.44,73.65,244
2012.03.16,00:00,73.63,73.95,72.64,73.05,205
2012.03.19,00:00,72.41,72.41,71.20,71.80,182
2012.03.20,00:00,69.61,69.99,67.93,68.13,265
2012.03.21,00:00,68.79,69.43,67.91,68.65,291
2012.03.22,00:00,68.55,69.18,67.26,67.46,276
2012.03.26,00:00,68.02,69.37,67.98,68.68,213
2012.03.27,00:00,69.10,69.34,68.38,68.53,136
2012.03.28,00:00,68.06,68.48,67.06,67.12,191
2012.03.29,00:00,67.03,67.24,65.75,65.77,173
2012.03.30,00:00,66.21,68.21,66.04,67.51,305
2012.04.02,00:00,68.05,69.19,67.38,69.19,249
2012.04.03,00:00,69.10,69.12,68.05,68.05,110
2012.04.04,00:00,67.52,67.74,66.25,66.42,189
2012.04.05,00:00,66.81,67.08,65.42,66.90,324
2012.04.10,00:00,65.63,66.53,65.24,65.31,227
2012.04.11,00:00,65.17,67.21,65.02,66.54,302
2012.04.12,00:00,67.30,69.07,67.23,68.91,208
2012.04.13,00:00,68.72,68.89,67.07,67.42,235
2012.04.16,00:00,67.00,69.47,66.72,68.95,356
2012.04.17,00:00,68.52,69.91,67.90,69.86,269
2012.04.18,00:00,69.91,70.40,68.80,69.41,271
2012.04.19,00:00,69.58,70.21,68.25,68.25,260
2012.04.20,00:00,68.75,69.94,67.85,69.77,317
2012.04.23,00:00,68.68,68.75,66.47,67.07,296
2012.04.24,00:00,67.00,68.11,66.85,67.70,183
2012.04.25,00:00,67.71,70.02,67.71,69.82,252
2012.04.26,00:00,69.38,71.35,69.21,71.33,234
2012.04.27,00:00,70.89,72.48,70.53,72.23,257
2012.04.30,00:00,72.12,72.65,71.58,71.95,198
2012.05.02,00:00,72.54,72.86,70.31,71.10,367
2012.05.03,00:00,72.59,73.94,71.11,71.82,490
2012.05.04,00:00,71.36,71.82,68.71,68.94,381
2012.05.07,00:00,67.09,70.18,66.73,70.02,398
2012.05.08,00:00,69.50,69.53,66.98,67.31,292
2012.05.09,00:00,67.71,68.46,66.34,67.51,405
2012.05.10,00:00,67.97,68.18,65.92,66.02,258
2012.05.11,00:00,65.74,67.05,65.40,66.68,237
2012.05.14,00:00,67.15,67.29,65.87,66.57,227
2012.05.15,00:00,66.92,67.28,65.50,66.08,273
2012.05.16,00:00,65.40,67.15,64.54,66.68,395
2012.05.17,00:00,64.63,64.87,62.50,62.74,286
2012.05.18,00:00,61.89,62.22,61.01,61.10,164
2012.05.21,00:00,61.47,62.64,61.30,61.68,248
2012.05.22,00:00,62.65,63.73,62.44,63.56,168
2012.05.23,00:00,62.71,62.81,61.56,61.79,159
2012.05.24,00:00,62.28,62.50,61.20,62.10,243
2012.05.25,00:00,61.70,62.59,61.39,61.95,216
2012.05.28,00:00,62.37,63.40,62.01,62.24,266
2012.05.29,00:00,62.97,64.73,62.90,64.14,250
2012.05.30,00:00,63.56,63.64,61.67,61.98,237
2012.05.31,00:00,62.13,62.88,60.61,60.87,329
2012.06.01,00:00,60.77,61.04,57.83,58.79,445
2012.06.04,00:00,57.89,57.99,56.81,56.81,129
2012.06.05,00:00,56.55,57.56,56.05,57.07,251
2012.06.06,00:00,57.82,58.90,57.49,58.59,206
2012.06.07,00:00,59.00,60.96,57.97,59.45,554
2012.06.08,00:00,58.88,59.01,58.10,58.71,166
2012.06.11,00:00,60.49,60.93,58.70,58.78,276
2012.06.12,00:00,58.41,59.66,57.75,58.61,363
2012.06.13,00:00,58.46,59.58,56.77,57.60,477
2012.06.14,00:00,57.48,57.58,55.83,56.11,214
2012.06.15,00:00,56.46,56.76,55.90,55.98,125
2012.06.18,00:00,57.11,57.63,56.64,57.19,191
2012.06.19,00:00,57.00,58.24,56.91,57.98,169
2012.06.20,00:00,57.88,58.22,56.80,58.01,272
2012.06.21,00:00,57.60,58.42,57.17,57.51,242
2012.06.22,00:00,57.02,57.16,56.30,56.30,101
2012.06.25,00:00,56.00,56.31,55.10,55.11,154
2012.06.26,00:00,54.31,54.45,53.16,53.59,187
2012.06.27,00:00,53.70,54.53,53.43,54.46,145
2012.06.28,00:00,54.53,55.03,53.72,54.15,225
2012.06.29,00:00,54.08,57.03,54.08,57.03,296
2012.07.02,00:00,56.85,58.11,55.97,57.27,387
2012.07.03,00:00,57.62,58.98,57.36,58.87,200
2012.07.04,00:00,58.88,59.57,58.59,58.97,188
2012.07.05,00:00,59.61,60.13,58.13,59.04,344
2012.07.06,00:00,58.04,58.12,56.46,56.46,175
2012.07.09,00:00,56.52,56.62,55.86,56.55,150
2012.07.10,00:00,56.40,57.73,56.01,57.38,247
2012.07.11,00:00,56.78,57.06,56.00,56.58,193
2012.07.12,00:00,55.95,56.81,55.40,55.89,277
2012.07.13,00:00,55.87,58.01,55.58,57.60,314
2012.07.16,00:00,56.97,57.54,56.81,57.52,92
2012.07.17,00:00,57.59,58.23,57.01,57.53,239
2012.07.18,00:00,57.72,58.97,57.23,58.85,236
2012.07.19,00:00,58.85,60.18,58.82,59.63,195
2012.07.20,00:00,59.59,60.60,58.17,58.34,362
2012.07.23,00:00,57.41,57.80,56.04,56.62,274
2012.07.24,00:00,56.42,56.53,55.07,55.13,164
2012.07.25,00:00,55.00,56.80,54.92,55.88,289
2012.07.26,00:00,55.90,57.47,54.74,57.36,401
2012.07.27,00:00,57.41,59.34,56.90,59.14,316
2012.07.30,00:00,59.45,60.73,59.14,60.54,210
2012.07.31,00:00,60.53,61.39,59.50,60.97,335
2012.08.01,00:00,60.76,60.76,57.69,58.87,426
2012.08.02,00:00,58.41,59.50,56.24,56.36,448
2012.08.03,00:00,56.28,58.48,56.28,58.13,256
2012.08.06,00:00,57.94,60.05,57.80,59.49,296
2012.08.07,00:00,59.31,60.67,59.17,60.46,186
2012.08.08,00:00,60.04,60.56,59.71,60.17,158
2012.08.09,00:00,59.94,60.39,59.02,60.14,255
2012.08.10,00:00,59.45,60.19,59.14,59.92,164
2012.08.13,00:00,59.63,59.72,58.65,59.00,152
2012.08.14,00:00,59.07,59.63,58.84,59.12,154
2012.08.15,00:00,58.95,59.50,58.58,59.06,174
2012.08.16,00:00,59.06,60.07,58.85,59.93,158
2012.08.17,00:00,59.90,61.61,59.90,61.61,172
2012.08.20,00:00,61.61,62.04,60.90,61.28,196
2012.08.21,00:00,61.30,61.88,61.11,61.64,121
2012.08.22,00:00,61.21,61.41,60.32,61.32,208
2012.08.23,00:00,61.69,61.92,60.35,60.81,227
2012.08.24,00:00,60.51,60.70,59.24,59.99,241
2012.08.27,00:00,59.74,60.84,59.23,60.73,224
2012.08.28,00:00,60.36,60.52,59.82,60.47,130
2012.08.29,00:00,60.10,60.55,59.53,60.01,196
2012.08.30,00:00,59.00,59.33,57.21,57.24,249
2012.08.31,00:00,57.34,58.15,56.78,57.48,261
2012.09.03,00:00,57.25,57.74,56.72,57.02,182
2012.09.04,00:00,57.16,57.24,54.93,55.35,282
2012.09.05,00:00,54.56,55.32,54.35,55.03,148
2012.09.06,00:00,55.17,57.17,55.01,57.13,237
2012.09.07,00:00,57.59,58.62,57.34,58.03,213
2012.09.10,00:00,57.65,58.76,57.54,58.61,149
2012.09.11,00:00,57.86,59.53,57.86,59.53,168
2012.09.12,00:00,59.56,61.11,59.14,60.66,285
2012.09.13,00:00,60.59,60.84,59.66,59.86,164
2012.09.14,00:00,61.33,62.48,61.16,62.01,197
2012.09.17,00:00,61.47,62.27,61.37,61.60,168
2012.09.18,00:00,61.00,61.26,59.84,60.50,235
2012.09.19,00:00,60.50,61.37,60.04,61.33,184
2012.09.20,00:00,60.56,60.65,58.65,59.06,251
2012.09.21,00:00,59.56,59.90,58.88,59.67,194
2012.09.24,00:00,59.37,59.76,58.89,59.74,138
2012.09.25,00:00,59.10,59.29,57.82,58.56,241
2012.09.26,00:00,57.69,57.95,57.39,57.73,109
2012.09.27,00:00,57.68,58.02,57.28,57.66,147
2012.09.28,00:00,58.02,58.22,56.97,57.12,161
2012.10.01,00:00,56.86,57.72,56.50,57.27,204
2012.10.02,00:00,56.64,58.43,56.52,57.77,270
2012.10.03,00:00,57.38,58.47,57.32,57.96,173
2012.10.04,00:00,58.25,60.12,58.16,59.86,232
2012.10.05,00:00,60.12,61.20,60.02,60.97,152
2012.10.08,00:00,60.56,60.65,60.03,60.13,82
2012.10.09,00:00,60.37,60.80,59.79,59.90,156
2012.10.10,00:00,59.77,60.16,58.93,59.53,223
2012.10.11,00:00,59.05,61.05,58.94,60.87,241
2012.10.12,00:00,60.72,61.84,60.45,60.52,259
2012.10.15,00:00,60.30,60.94,60.11,60.44,153
2012.10.16,00:00,60.70,61.12,59.75,60.94,251
2012.10.17,00:00,60.90,61.78,60.16,61.75,240
2012.10.18,00:00,61.48,62.27,60.98,62.04,203
2012.10.19,00:00,62.49,63.67,61.94,61.99,297
2012.10.22,00:00,61.83,62.09,61.13,61.45,155
2012.10.23,00:00,61.55,61.74,60.21,60.51,203
2012.10.24,00:00,60.52,60.79,59.22,60.37,300
2012.10.25,00:00,59.99,60.87,59.80,60.21,193
2012.10.26,00:00,59.87,60.86,59.61,60.84,154
2012.10.29,00:00,60.64,60.86,60.01,60.37,144
2012.10.30,00:00,60.49,61.49,60.49,61.33,117
2012.10.31,00:00,61.44,62.69,61.32,61.56,263
2012.11.01,00:00,61.61,63.50,61.60,63.36,206
2012.11.02,00:00,63.60,65.28,63.43,65.03,228
2012.11.05,00:00,64.34,65.23,64.00,64.38,243
2012.11.06,00:00,64.14,65.00,62.75,64.03,440
2012.11.07,00:00,64.28,66.28,63.96,64.93,400
2012.11.08,00:00,64.91,65.27,63.46,63.65,237
2012.11.09,00:00,63.56,64.77,63.37,64.38,199
2012.11.12,00:00,64.01,64.26,63.32,63.65,153
2012.11.13,00:00,63.27,63.86,62.54,63.75,217
2012.11.14,00:00,63.40,63.91,62.96,63.34,185
2012.11.15,00:00,62.64,63.21,62.31,62.63,180
2012.11.16,00:00,62.54,63.10,61.56,61.98,253
2012.11.19,00:00,62.39,65.25,62.28,65.00,334
2012.11.20,00:00,64.61,65.88,64.49,65.65,175
2012.11.21,00:00,65.50,66.95,65.48,66.23,222
2012.11.22,00:00,66.23,66.90,65.61,65.79,215
2012.11.23,00:00,65.72,65.92,65.22,65.72,141
2012.11.26,00:00,66.39,66.57,65.89,66.28,126
2012.11.27,00:00,66.44,66.74,65.93,66.53,154
2012.11.28,00:00,66.60,67.29,66.28,67.09,154
2012.11.29,00:00,67.55,68.33,67.35,68.02,150
2012.11.30,00:00,67.79,68.58,67.28,68.30,210
2012.12.03,00:00,68.34,68.54,67.78,67.91,110
2012.12.04,00:00,67.83,68.70,67.52,67.52,206
2012.12.05,00:00,68.14,68.74,67.74,67.94,181
2012.12.06,00:00,68.26,68.83,68.09,68.57,118
2012.12.07,00:00,68.75,69.17,67.98,68.95,219
2012.12.10,00:00,68.71,69.40,68.53,69.34,112
2012.12.11,00:00,69.28,70.61,69.22,70.57,150
2012.12.12,00:00,70.58,71.11,70.16,70.81,168
2012.12.13,00:00,71.00,71.23,70.25,70.68,165
2012.12.14,00:00,70.80,71.88,70.70,71.73,144
2012.12.17,00:00,71.74,72.17,71.26,71.63,172
2012.12.18,00:00,71.84,72.07,71.47,71.94,111
2012.12.19,00:00,72.11,72.11,71.19,71.94,168
2012.12.20,00:00,71.44,72.25,71.23,72.17,132
2012.12.21,00:00,71.62,72.80,71.52,72.80,139
2012.12.27,00:00,72.85,73.83,72.75,73.47,155
2012.12.28,00:00,73.34,73.99,72.95,72.95,170
2013.01.02,00:00,74.91,76.14,74.64,75.77,215
2013.01.03,00:00,75.71,76.03,74.73,75.48,238
2013.01.04,00:00,75.63,75.95,74.87,75.62,216
2013.01.07,00:00,75.63,75.87,74.90,75.63,195
2013.01.08,00:00,75.46,75.77,73.06,73.27,324
2013.01.09,00:00,73.08,73.91,71.59,72.05,362
2013.01.10,00:00,72.08,73.81,72.08,72.83,272
2013.01.11,00:00,72.26,73.19,71.63,73.08,231
2013.01.14,00:00,72.92,73.86,72.57,73.22,229
2013.01.15,00:00,73.20,73.56,72.28,72.41,178
2013.01.16,00:00,72.00,73.19,71.74,73.01,190
2013.01.17,00:00,72.88,74.28,72.67,73.85,226
2013.01.18,00:00,74.19,74.52,73.13,73.33,193
2013.01.21,00:00,73.43,74.24,73.00,74.19,173
2013.01.22,00:00,74.01,74.26,72.78,74.06,292
2013.01.23,00:00,74.17,74.87,73.87,74.47,171
2013.01.24,00:00,74.30,74.67,73.64,74.59,178
2013.01.25,00:00,74.32,75.82,74.03,75.68,223
2013.01.28,00:00,75.91,76.15,75.29,75.57,139
2013.01.29,00:00,75.34,75.65,74.91,75.50,133
2013.01.30,00:00,75.48,75.59,74.54,74.85,148
2013.01.31,00:00,74.60,74.69,73.66,74.30,177
2013.02.01,00:00,73.87,75.36,73.84,74.37,255
2013.02.04,00:00,74.65,74.65,72.18,72.25,255
2013.02.05,00:00,71.56,72.15,70.82,71.79,244
2013.02.06,00:00,72.03,72.90,70.95,71.83,371
2013.02.07,00:00,71.61,72.56,71.38,71.70,228
2013.02.08,00:00,71.85,73.41,71.79,73.40,170
2013.02.11,00:00,73.30,73.53,71.78,72.05,226
2013.02.12,00:00,71.63,72.11,71.08,71.42,186
2013.02.14,00:00,71.96,72.70,71.39,71.73,240
2013.02.15,00:00,71.57,72.07,71.40,71.52,130
2013.02.18,00:00,70.74,71.48,70.67,71.40,97
2013.02.19,00:00,71.09,71.83,70.76,71.81,143
2013.02.20,00:00,71.54,71.93,70.61,70.91,202
2013.02.21,00:00,70.19,70.19,68.67,68.92,178
2013.02.22,00:00,69.30,70.11,68.01,68.62,353
2013.02.25,00:00,69.39,71.57,69.14,70.50,376
2013.02.26,00:00,68.90,70.57,68.90,69.60,265
2013.02.27,00:00,69.75,70.43,68.81,70.43,257
2013.02.28,00:00,70.63,70.87,69.98,70.61,177
2013.03.01,00:00,70.74,71.14,68.12,69.22,453
2013.03.04,00:00,68.74,70.00,68.04,69.47,320
2013.03.05,00:00,70.77,71.64,70.58,71.45,145
2013.03.06,00:00,71.46,72.29,71.34,71.58,179
2013.03.07,00:00,71.81,72.25,71.57,71.91,127
2013.03.08,00:00,72.40,73.10,71.86,72.57,232
2013.03.11,00:00,72.70,72.98,72.34,72.66,125
2013.03.12,00:00,72.57,72.73,71.81,71.96,124
2013.03.13,00:00,71.51,71.51,70.67,71.22,140
2013.03.14,00:00,71.74,71.96,69.60,70.83,382
2013.03.15,00:00,70.94,71.03,69.41,69.98,229
2013.03.18,00:00,68.60,70.32,68.57,70.25,186
2013.03.19,00:00,69.67,71.82,68.66,69.09,575
2013.03.20,00:00,70.00,70.27,69.02,70.26,225
2013.03.21,00:00,69.66,69.86,68.48,69.19,230
2013.03.22,00:00,69.08,70.34,68.64,69.62,287
2013.03.25,00:00,70.10,70.88,69.41,69.66,251
2013.03.26,00:00,69.99,70.27,69.32,69.72,164
2013.03.27,00:00,70.01,70.33,68.60,68.96,242
2013.03.28,00:00,68.99,68.99,67.02,67.02,198
2013.04.02,00:00,67.40,68.37,66.31,68.26,327
2013.04.03,00:00,68.34,69.20,68.16,68.43,200
2013.04.04,00:00,68.58,68.96,67.27,67.53,234
2013.04.05,00:00,67.60,67.90,65.57,66.22,329
2013.04.08,00:00,66.65,66.65,65.66,66.16,150
2013.04.09,00:00,66.57,66.78,65.57,65.66,152
2013.04.10,00:00,66.03,68.03,65.85,67.95,245
2013.04.11,00:00,67.90,69.42,67.81,69.06,207
2013.04.12,00:00,68.66,68.70,66.97,67.25,206
2013.04.15,00:00,67.40,67.46,65.95,66.25,188
2013.04.16,00:00,66.03,67.69,65.67,66.98,310
2013.04.17,00:00,67.21,67.34,64.82,64.90,274
2013.04.18,00:00,65.05,65.08,63.44,63.92,216
2013.04.19,00:00,64.31,65.18,63.90,64.70,218
2013.04.22,00:00,65.14,66.16,64.88,65.21,250
2013.04.23,00:00,64.89,66.83,64.40,66.82,294
2013.04.24,00:00,66.31,68.15,66.31,67.90,210
2013.04.25,00:00,67.92,69.21,67.63,68.96,213
2013.04.26,00:00,68.43,69.25,67.65,68.55,309
2013.04.29,00:00,68.72,69.96,68.59,69.81,166
2013.04.30,00:00,70.53,70.70,69.59,70.15,185
2013.05.02,00:00,70.60,72.15,69.91,70.84,425
2013.05.03,00:00,70.84,72.12,70.01,72.12,295
2013.05.06,00:00,71.95,72.12,71.12,71.36,142
2013.05.07,00:00,70.01,72.08,70.01,70.97,319
2013.05.08,00:00,70.60,71.35,70.47,70.98,139
2013.05.09,00:00,70.85,71.04,70.37,70.97,123
2013.05.10,00:00,71.46,72.34,71.36,71.71,172
2013.05.13,00:00,71.70,72.40,71.11,72.02,227
2013.05.14,00:00,72.20,73.47,71.85,73.11,234
2013.05.15,00:00,71.31,71.93,71.05,71.88,120
2013.05.16,00:00,71.75,71.83,70.96,71.31,131
2013.05.17,00:00,71.10,72.47,70.98,71.82,227
2013.05.20,00:00,72.50,74.28,72.50,74.08,199
2013.05.21,00:00,73.82,73.86,72.77,73.69,206
2013.05.22,00:00,73.74,73.89,72.53,73.34,233
2013.05.23,00:00,70.89,71.54,70.51,71.48,148
2013.05.24,00:00,71.57,71.84,69.89,70.88,322
2013.05.27,00:00,71.47,71.94,71.31,71.89,85
2013.05.28,00:00,72.12,73.22,72.11,72.36,199
2013.05.29,00:00,71.82,73.01,71.71,72.28,215
2013.05.30,00:00,72.12,73.68,72.01,73.19,228
2013.05.31,00:00,72.96,74.10,72.47,73.78,245
2013.06.03,00:00,73.16,74.25,72.49,73.46,323
2013.06.04,00:00,74.16,74.35,72.87,73.15,196
2013.06.05,00:00,72.68,73.43,72.14,72.46,237
2013.06.06,00:00,72.14,72.39,71.22,71.28,149
2013.06.07,00:00,71.27,72.58,69.91,72.36,426
2013.06.10,00:00,72.05,72.85,71.52,72.66,206
2013.06.11,00:00,72.09,72.09,70.58,71.37,231
2013.06.12,00:00,70.85,71.34,69.93,70.07,205
2013.06.13,00:00,69.01,69.57,68.57,69.19,183
2013.06.14,00:00,69.79,70.50,69.42,69.99,197
2013.06.17,00:00,69.93,71.01,69.92,70.60,152
2013.06.18,00:00,70.00,70.12,69.43,69.70,109
2013.06.19,00:00,70.04,70.15,69.29,69.53,122
2013.06.20,00:00,68.42,68.63,66.24,66.43,280
2013.06.21,00:00,66.73,66.86,64.59,64.90,272
2013.06.24,00:00,64.42,65.28,63.80,64.27,282
2013.06.25,00:00,64.60,66.30,64.60,65.90,211
2013.06.26,00:00,66.10,66.85,65.88,66.71,134
2013.06.27,00:00,66.93,67.69,66.62,67.44,164
2013.06.28,00:00,67.41,68.11,66.56,67.22,292
2013.07.01,00:00,67.50,67.87,66.36,67.32,285
2013.07.02,00:00,67.51,67.60,65.57,66.53,309
2013.07.03,00:00,64.96,66.13,64.42,66.13,226
2013.07.04,00:00,66.26,67.99,66.26,67.68,205
2013.07.05,00:00,67.79,68.63,66.11,66.25,351
2013.07.08,00:00,67.10,68.66,66.78,67.88,299
2013.07.09,00:00,68.34,69.52,68.13,69.15,198
2013.07.10,00:00,68.84,69.32,68.34,68.81,194
2013.07.11,00:00,69.65,70.31,69.42,70.20,124
2013.07.12,00:00,70.25,71.18,70.19,70.51,173
2013.07.15,00:00,70.04,71.12,70.04,70.80,141
2013.07.16,00:00,70.52,71.33,70.25,71.08,161
2013.07.17,00:00,70.32,71.38,70.30,71.13,136
2013.07.18,00:00,71.14,72.06,70.91,71.95,150
2013.07.19,00:00,71.53,72.64,71.53,72.14,162
2013.07.22,00:00,72.34,72.91,71.91,72.05,172
2013.07.23,00:00,72.38,72.95,72.21,72.24,135
2013.07.24,00:00,72.01,74.00,72.01,73.75,225
2013.07.25,00:00,73.37,74.07,73.12,73.87,141
2013.07.26,00:00,73.99,74.59,73.63,74.07,185
2013.07.29,00:00,74.21,74.91,73.60,73.91,233
2013.07.30,00:00,74.19,74.93,74.19,74.51,117
2013.07.31,00:00,74.06,74.55,72.96,73.24,237
2013.08.01,00:00,72.69,73.50,71.31,72.90,418
2013.08.02,00:00,73.11,73.49,72.06,72.59,235
2013.08.05,00:00,72.62,72.85,71.94,72.21,142
2013.08.06,00:00,72.02,72.48,71.03,71.35,224
2013.08.07,00:00,71.03,71.04,70.05,70.51,147
2013.08.08,00:00,70.55,71.97,70.22,71.61,245
2013.08.09,00:00,71.70,72.82,71.70,72.17,178
2013.08.12,00:00,72.34,73.38,71.14,73.24,359
2013.08.13,00:00,73.31,74.16,73.24,74.00,116
2013.08.14,00:00,74.06,74.68,73.97,74.37,112
2013.08.15,00:00,74.09,74.56,73.65,74.42,150
2013.08.16,00:00,74.02,75.69,73.92,75.29,228
2013.08.19,00:00,75.35,75.71,74.88,75.06,138
2013.08.20,00:00,74.30,74.48,73.30,74.00,207
2013.08.21,00:00,73.78,74.25,73.70,73.73,106
2013.08.22,00:00,73.53,75.45,73.52,75.23,217
2013.08.23,00:00,75.03,75.69,74.55,75.38,194
2013.08.26,00:00,75.53,75.70,74.96,75.30,126
2013.08.27,00:00,74.73,75.36,72.96,73.20,328
2013.08.28,00:00,72.24,72.67,70.55,71.68,369
2013.08.29,00:00,71.97,72.75,71.71,72.39,167
2013.08.30,00:00,72.24,72.41,71.08,71.35,178
2013.09.02,00:00,72.17,72.89,72.17,72.59,103
2013.09.03,00:00,72.74,73.00,71.64,72.12,211
2013.09.04,00:00,72.08,72.53,70.88,72.53,286
2013.09.05,00:00,74.22,77.10,74.08,76.95,332
2013.09.06,00:00,76.90,77.85,76.15,77.63,268
2013.09.09,00:00,77.60,78.67,77.58,78.35,144
2013.09.10,00:00,78.80,79.95,78.80,79.36,175
2013.09.11,00:00,79.13,80.05,79.13,79.85,113
2013.09.12,00:00,79.73,79.98,79.04,79.60,176
2013.09.13,00:00,79.28,79.82,79.24,79.81,64
2013.09.16,00:00,80.63,81.04,80.07,80.67,191
2013.09.17,00:00,80.50,80.56,79.22,80.17,236
2013.09.18,00:00,80.25,80.50,79.64,80.01,149
2013.09.19,00:00,81.00,82.42,80.68,81.28,321
2013.09.20,00:00,81.27,81.74,79.87,80.32,280
2013.09.23,00:00,80.57,81.39,80.14,80.36,230
2013.09.24,00:00,80.23,81.51,80.23,80.71,209
2013.09.25,00:00,80.75,81.03,79.62,80.47,255
2013.09.26,00:00,80.36,80.65,79.47,79.75,176
2013.09.27,00:00,79.83,80.30,79.35,80.10,164
2013.09.30,00:00,79.20,80.01,78.78,79.41,226
2013.10.01,00:00,79.55,81.32,79.55,80.72,238
2013.10.02,00:00,80.52,80.63,78.66,79.43,286
2013.10.03,00:00,79.25,79.90,79.25,79.58,98
2013.10.04,00:00,79.36,79.84,78.73,79.67,192
2013.10.07,00:00,79.33,79.42,78.22,79.16,224
2013.10.08,00:00,78.98,79.35,78.50,78.74,147
2013.10.09,00:00,78.22,79.32,78.22,78.60,183
2013.10.10,00:00,78.60,80.90,78.60,80.46,275
2013.10.11,00:00,80.53,80.93,79.63,80.65,249
2013.10.14,00:00,80.00,80.64,80.00,80.60,69
2013.10.15,00:00,81.06,83.29,81.06,82.86,267
2013.10.16,00:00,82.54,82.77,81.66,82.29,198
2013.10.17,00:00,81.97,82.62,80.99,81.86,316
2013.10.18,00:00,82.03,82.35,81.50,81.95,163
2013.10.21,00:00,82.17,82.35,81.10,82.06,240
2013.10.22,00:00,81.16,82.35,80.71,81.85,260
2013.10.23,00:00,81.50,82.38,81.33,81.85,176
2013.10.24,00:00,82.37,83.71,82.26,83.64,164
2013.10.25,00:00,83.29,83.93,82.89,83.68,170
2013.10.28,00:00,83.81,83.89,81.72,82.31,285
2013.10.29,00:00,81.87,83.07,81.37,82.14,314
2013.10.30,00:00,82.41,83.50,82.30,82.51,231
2013.10.31,00:00,82.09,83.73,81.91,83.56,218
2013.11.01,00:00,83.10,83.52,82.43,82.67,176
2013.11.04,00:00,82.64,83.60,82.62,83.47,114
2013.11.05,00:00,81.37,81.65,79.54,81.28,414
2013.11.06,00:00,80.89,82.59,80.89,82.14,216
2013.11.07,00:00,81.89,83.64,81.56,81.95,411
2013.11.08,00:00,81.23,82.12,80.42,81.70,294
2013.11.11,00:00,81.82,82.19,81.73,82.08,67
2013.11.12,00:00,82.00,82.38,81.28,81.54,175
2013.11.13,00:00,81.14,81.37,79.92,80.82,259
2013.11.14,00:00,81.83,82.28,81.39,81.61,157
2013.11.15,00:00,81.58,81.86,80.68,81.45,224
2013.11.18,00:00,81.37,83.26,81.34,83.13,209
2013.11.19,00:00,82.26,83.42,82.26,83.12,147
2013.11.20,00:00,82.65,83.52,82.60,83.18,132
2013.11.21,00:00,82.36,83.42,82.01,83.24,195
2013.11.22,00:00,83.11,83.88,83.08,83.71,101
2013.11.25,00:00,83.55,84.86,83.55,84.64,154
2013.11.26,00:00,84.17,84.81,84.12,84.47,109
2013.11.27,00:00,84.54,84.98,84.15,84.75,146
2013.11.28,00:00,84.72,85.01,84.63,84.80,69
2013.11.29,00:00,84.42,84.98,84.41,84.65,92
2013.12.02,00:00,84.61,85.43,84.51,85.18,128
2013.12.03,00:00,85.02,85.45,83.35,83.45,264
2013.12.04,00:00,83.56,83.58,81.98,82.51,216
2013.12.05,00:00,82.29,82.49,81.31,81.54,162
2013.12.06,00:00,82.07,82.61,81.35,82.19,241
2013.12.09,00:00,82.54,82.85,81.78,82.19,180
2013.12.10,00:00,81.93,82.30,80.74,81.17,237
2013.12.11,00:00,80.86,81.36,80.51,80.62,147
2013.12.12,00:00,80.21,80.65,79.31,79.66,214
2013.12.13,00:00,79.98,80.30,79.64,79.83,118
2013.12.16,00:00,79.47,81.22,79.33,80.90,236
2013.12.17,00:00,80.60,80.98,80.40,80.43,100
2013.12.18,00:00,80.92,82.10,80.77,81.91,168
2013.12.19,00:00,82.68,83.57,82.62,83.19,140
2013.12.20,00:00,83.64,84.34,83.42,83.92,157
2013.12.23,00:00,84.52,84.87,84.34,84.49,104
2013.12.27,00:00,85.00,85.66,85.00,85.25,108
2013.12.30,00:00,85.50,85.70,85.19,85.45,98
2014.01.02,00:00,85.72,86.06,83.37,83.61,328
2014.01.03,00:00,82.79,84.48,82.79,83.86,232
2014.01.06,00:00,83.80,84.49,82.85,83.01,250
2014.01.07,00:00,82.99,83.98,82.37,83.65,257
2014.01.08,00:00,83.55,84.64,83.55,84.19,155
2014.01.09,00:00,84.13,85.10,83.53,83.80,282
2014.01.10,00:00,83.56,84.16,83.01,83.10,185
2014.01.13,00:00,83.38,84.22,83.24,84.07,128
2014.01.14,00:00,83.32,84.14,83.04,84.03,150
2014.01.15,00:00,84.42,85.74,84.42,84.95,212
2014.01.16,00:00,84.75,85.56,84.45,85.44,154
2014.01.17,00:00,85.74,86.83,85.60,86.21,200
2014.01.20,00:00,86.02,86.55,85.56,86.11,190
2014.01.21,00:00,85.92,86.53,85.62,85.91,182
2014.01.22,00:00,85.96,86.50,85.24,85.76,233
2014.01.23,00:00,85.48,85.75,84.10,84.68,251
2014.01.24,00:00,84.21,84.85,81.58,81.82,416
2014.01.27,00:00,82.07,82.26,80.49,80.62,210
2014.01.28,00:00,80.86,81.87,80.57,81.34,213
2014.01.29,00:00,82.48,83.06,78.84,80.69,666
2014.01.30,00:00,80.49,81.28,79.47,80.64,348
2014.01.31,00:00,80.80,81.02,78.63,80.79,478
2014.02.03,00:00,80.88,81.41,79.88,79.93,212
2014.02.04,00:00,79.68,80.77,79.03,80.37,280
2014.02.05,00:00,80.34,80.51,79.51,79.96,163
2014.02.06,00:00,81.11,81.83,80.53,81.47,225
2014.02.07,00:00,81.77,82.13,80.89,81.72,244
2014.02.10,00:00,82.07,82.33,81.59,82.08,148
2014.02.11,00:00,83.21,84.32,82.94,84.29,169
2014.02.12,00:00,84.77,85.65,84.51,84.90,216
2014.02.13,00:00,84.80,85.52,83.84,85.41,276
2014.02.14,00:00,85.26,86.36,85.26,85.79,168
2014.02.17,00:00,85.75,85.85,84.67,84.85,147
2014.02.18,00:00,85.01,85.08,83.49,84.66,284
2014.02.19,00:00,84.45,85.34,83.60,84.88,306
2014.02.20,00:00,83.85,84.65,83.22,84.38,234
2014.02.21,00:00,84.78,85.38,83.70,85.34,281
2014.02.24,00:00,84.39,85.70,83.83,84.44,370
2014.02.25,00:00,84.66,84.77,83.58,84.05,178
2014.02.26,00:00,84.09,84.50,83.71,84.45,123
2014.02.27,00:00,84.19,84.85,82.65,83.85,407
2014.02.28,00:00,83.82,84.20,83.18,84.00,187
2014.03.03,00:00,82.04,83.05,81.51,81.72,277
2014.03.04,00:00,82.42,83.22,81.73,82.81,260
2014.03.05,00:00,82.19,83.21,82.19,82.45,179
2014.03.06,00:00,82.79,83.72,82.65,83.05,189
2014.03.07,00:00,83.02,83.60,81.70,81.81,260
2014.03.10,00:00,81.41,82.24,79.83,80.35,377
2014.03.11,00:00,80.61,81.76,80.52,81.10,200
2014.03.12,00:00,80.58,80.75,79.16,80.30,291
2014.03.13,00:00,80.45,82.84,79.63,80.00,598
2014.03.14,00:00,79.05,79.60,77.66,79.16,378
2014.03.17,00:00,79.12,80.32,78.30,80.06,311
2014.03.18,00:00,80.22,81.60,79.50,80.68,375
2014.03.19,00:00,80.74,87.11,80.24,86.61,788
2014.03.20,00:00,85.86,88.15,85.78,87.28,333
2014.03.21,00:00,87.25,88.92,86.75,88.72,288
2014.03.24,00:00,89.50,90.03,88.02,88.07,260
2014.03.25,00:00,88.94,89.94,87.35,89.32,481
2014.03.26,00:00,89.25,91.22,89.25,90.62,258
2014.03.27,00:00,90.62,91.17,90.02,91.10,183
2014.03.28,00:00,91.15,92.66,91.15,92.22,196
2014.03.31,00:00,92.37,92.79,90.88,91.65,311
2014.04.01,00:00,91.74,92.56,91.68,91.99,152
2014.04.02,00:00,92.71,93.54,92.27,92.65,249
2014.04.03,00:00,92.80,93.85,92.36,93.02,277
2014.04.04,00:00,93.00,94.22,92.49,93.61,286
2014.04.07,00:00,92.31,92.75,91.76,91.89,157
2014.04.08,00:00,92.08,92.49,90.40,91.33,344
2014.04.09,00:00,91.03,91.90,90.77,91.42,188
2014.04.10,00:00,91.68,92.10,90.19,90.40,255
2014.04.11,00:00,89.31,90.62,89.02,90.03,249
2014.04.14,00:00,89.14,90.51,89.14,90.01,188
2014.04.15,00:00,90.15,90.56,88.00,88.23,321
2014.04.16,00:00,89.01,90.33,88.88,90.27,165
2014.04.17,00:00,90.88,92.12,90.18,92.12,265
2014.04.22,00:00,92.77,93.94,92.44,93.90,188
2014.04.23,00:00,94.16,94.39,92.42,92.66,245
2014.04.24,00:00,93.20,93.23,89.80,91.56,523
2014.04.25,00:00,90.82,91.01,89.10,89.60,261
2014.04.28,00:00,90.01,90.26,89.20,89.69,181
2014.04.29,00:00,90.21,91.15,89.40,90.33,339
2014.04.30,00:00,90.10,90.46,89.29,90.07,232
2014.05.02,00:00,90.55,90.59,88.69,88.72,198
2014.05.05,00:00,89.00,89.15,87.01,88.58,387
2014.05.06,00:00,89.51,90.04,87.77,88.17,321
2014.05.07,00:00,88.04,88.99,87.50,87.99,294
2014.05.08,00:00,88.26,88.89,87.00,88.29,376
2014.05.09,00:00,88.08,88.36,87.65,88.11,140
2014.05.12,00:00,88.02,88.78,87.76,88.66,141
2014.05.13,00:00,89.55,89.68,88.98,89.33,119
2014.05.14,00:00,89.52,89.80,88.87,89.28,163
2014.05.15,00:00,89.50,90.27,87.85,88.00,335
2014.05.16,00:00,86.28,86.92,85.65,86.23,250
2014.05.19,00:00,86.47,88.53,86.12,88.18,312
2014.05.20,00:00,88.03,88.93,87.73,88.01,239
2014.05.21,00:00,87.82,88.74,87.43,88.54,191
2014.05.22,00:00,88.71,89.63,88.61,89.37,139
2014.05.23,00:00,89.51,89.99,89.18,89.76,138
2014.05.26,00:00,90.20,91.48,90.20,91.39,138
2014.05.27,00:00,91.19,91.78,90.81,91.68,146
2014.05.28,00:00,91.90,91.90,90.77,91.14,151
2014.05.29,00:00,91.31,92.01,91.22,91.99,91
2014.05.30,00:00,91.81,92.25,91.66,91.98,102
2014.06.02,00:00,91.59,92.40,90.76,91.41,311
2014.06.03,00:00,91.25,92.02,91.04,91.93,129
2014.06.04,00:00,91.92,91.95,90.26,91.40,287
2014.06.05,00:00,91.17,92.82,90.94,92.59,235
2014.06.06,00:00,92.82,93.23,92.56,92.86,131
2014.06.09,00:00,92.77,93.10,92.09,92.52,178
2014.06.10,00:00,92.32,92.51,91.52,92.02,169
2014.06.11,00:00,92.12,92.37,91.28,91.61,168
2014.06.12,00:00,91.37,91.96,90.99,91.36,194
2014.06.13,00:00,91.20,91.52,90.01,90.71,254
2014.06.16,00:00,90.30,91.13,90.18,90.92,129
2014.06.17,00:00,91.27,91.95,90.43,90.75,253
2014.06.18,00:00,91.03,92.12,90.38,91.43,309
2014.06.19,00:00,92.13,92.86,92.13,92.64,96
2014.06.20,00:00,92.48,93.48,92.30,92.77,208
2014.06.23,00:00,92.44,92.53,91.14,91.50,185
2014.06.24,00:00,92.90,94.18,92.89,94.11,138
2014.06.25,00:00,93.25,93.77,92.38,93.32,272
2014.06.26,00:00,93.24,93.50,91.31,92.32,347
2014.06.27,00:00,92.56,92.84,91.91,92.28,159
2014.06.30,00:00,92.29,93.27,92.23,92.74,164
2014.07.01,00:00,92.75,93.32,92.10,93.24,196
2014.07.02,00:00,93.12,94.72,93.11,93.89,246
2014.07.03,00:00,94.10,95.27,93.46,95.18,255
2014.07.04,00:00,95.39,95.89,94.90,95.21,181
2014.07.07,00:00,94.80,95.28,93.94,93.98,187
2014.07.08,00:00,94.01,94.37,92.76,92.77,199
2014.07.09,00:00,92.71,93.21,92.10,92.63,215
2014.07.10,00:00,92.62,92.62,90.49,91.34,299
2014.07.11,00:00,91.67,92.75,91.39,91.86,254
2014.07.14,00:00,92.53,93.09,91.57,92.88,270
2014.07.15,00:00,92.60,93.89,92.03,92.82,351
2014.07.16,00:00,93.01,95.28,93.01,95.26,230
2014.07.17,00:00,94.76,96.08,94.30,94.30,311
2014.07.18,00:00,93.73,94.31,93.11,93.64,232
2014.07.21,00:00,93.64,93.81,92.10,92.50,229
2014.07.22,00:00,93.52,94.45,93.02,93.99,240
2014.07.23,00:00,93.89,95.04,93.61,94.49,227
2014.07.24,00:00,94.25,95.64,93.61,95.55,277
2014.07.25,00:00,95.03,95.77,93.97,94.25,283
2014.07.28,00:00,94.27,94.27,91.67,92.14,308
2014.07.29,00:00,92.20,92.79,90.88,91.55,318
2014.07.30,00:00,91.53,92.44,90.73,90.96,286
2014.07.31,00:00,91.34,91.34,89.02,89.22,253
2014.08.01,00:00,89.20,89.42,86.90,87.46,331
2014.08.04,00:00,87.96,89.32,87.96,88.61,208
2014.08.05,00:00,91.17,91.69,87.64,88.59,553
2014.08.06,00:00,87.84,88.60,86.31,87.82,457
2014.08.07,00:00,87.94,88.86,85.83,86.08,421
2014.08.08,00:00,84.46,87.16,84.15,86.25,424
2014.08.11,00:00,87.79,89.15,87.53,88.83,221
2014.08.12,00:00,88.52,88.87,86.98,87.25,252
2014.08.13,00:00,88.01,88.19,87.09,87.92,212
2014.08.14,00:00,87.65,88.86,87.20,88.24,274
2014.08.15,00:00,88.05,89.23,85.13,86.03,619
2014.08.18,00:00,87.89,88.28,87.23,88.16,184
2014.08.19,00:00,88.39,89.24,88.30,89.14,114
2014.08.20,00:00,89.14,89.24,87.64,88.59,266
2014.08.21,00:00,88.88,89.79,88.26,89.72,223
2014.08.22,00:00,89.70,90.16,88.53,89.14,271
2014.08.25,00:00,90.27,91.24,90.27,91.14,108
2014.08.26,00:00,91.17,91.49,90.12,91.17,275
2014.08.27,00:00,91.07,91.21,89.79,90.17,195
2014.08.28,00:00,89.80,89.90,88.54,89.08,201
2014.08.29,00:00,89.43,89.85,87.69,88.21,311
2014.09.01,00:00,88.50,88.77,87.50,87.86,191
2014.09.02,00:00,88.48,89.14,87.81,87.93,212
2014.09.03,00:00,87.99,90.52,87.99,90.00,306
2014.09.04,00:00,89.61,91.78,89.01,91.67,349
2014.09.05,00:00,91.67,92.58,91.08,92.00,268
2014.09.08,00:00,92.12,92.72,91.35,91.74,237
2014.09.09,00:00,91.54,92.30,90.61,91.09,294
2014.09.10,00:00,90.35,90.79,89.87,90.43,177
2014.09.11,00:00,90.88,90.89,89.01,89.93,282
2014.09.12,00:00,90.08,90.21,88.82,89.26,197
2014.09.15,00:00,89.06,90.28,88.92,89.55,224
2014.09.16,00:00,89.26,89.61,88.50,89.36,213
2014.09.17,00:00,89.80,90.46,89.57,89.81,178
2014.09.18,00:00,89.92,90.54,89.56,90.24,165
2014.09.19,00:00,91.10,91.53,89.06,89.11,296
2014.09.22,00:00,88.29,88.29,86.29,86.67,239
2014.09.23,00:00,86.23,86.39,84.05,84.80,326
2014.09.24,00:00,85.25,86.80,84.59,86.80,288
2014.09.25,00:00,86.73,87.42,84.94,85.12,336
2014.09.26,00:00,85.25,86.17,84.85,85.64,226
2014.09.29,00:00,85.60,85.93,84.37,85.13,266
2014.09.30,00:00,84.54,85.31,83.92,85.06,227
2014.10.01,00:00,85.96,86.55,84.54,84.93,300
2014.10.02,00:00,84.76,86.34,83.59,83.68,443
2014.10.06,00:00,85.11,85.52,81.66,81.92,454
2014.10.07,00:00,81.50,83.18,81.05,82.34,343
2014.10.08,00:00,81.72,82.30,80.73,81.31,274
2014.10.09,00:00,83.00,83.74,82.03,82.68,311
2014.10.10,00:00,81.47,81.98,79.07,79.67,403
2014.10.13,00:00,78.30,80.31,77.57,79.27,452
2014.10.14,00:00,78.89,80.82,78.07,79.58,482
2014.10.15,00:00,79.59,79.81,76.50,77.31,435
2014.10.16,00:00,77.80,78.47,74.21,78.03,830
2014.10.17,00:00,78.55,80.73,78.23,80.44,312
2014.10.20,00:00,80.32,80.56,78.81,79.56,275
2014.10.21,00:00,78.35,81.74,77.32,81.48,572
2014.10.22,00:00,82.02,82.92,81.65,82.47,210
2014.10.23,00:00,81.94,84.14,81.17,83.22,467
2014.10.24,00:00,82.81,83.51,81.81,82.28,288
2014.10.27,00:00,82.82,83.13,80.28,81.35,424
2014.10.28,00:00,81.76,82.63,81.56,82.55,136
2014.10.29,00:00,82.99,83.45,82.52,82.64,152
2014.10.30,00:00,83.63,84.44,81.16,83.02,596
2014.10.31,00:00,84.48,85.68,83.79,85.20,307
2014.11.03,00:00,85.19,85.95,84.97,85.33,183
2014.11.04,00:00,84.70,84.92,82.10,82.84,379
2014.11.05,00:00,83.10,84.76,83.08,83.82,265
2014.11.06,00:00,83.66,85.52,83.40,84.47,344
2014.11.07,00:00,85.06,85.15,82.66,83.20,313
2014.11.10,00:00,82.96,84.25,82.46,83.95,260
2014.11.11,00:00,83.75,84.57,83.33,84.39,185
2014.11.12,00:00,83.82,84.05,82.21,82.50,237
2014.11.13,00:00,83.06,83.75,82.27,82.83,274
2014.11.14,00:00,82.95,83.51,82.03,83.10,282
2014.11.17,00:00,82.14,83.69,81.71,83.36,275
2014.11.18,00:00,83.31,84.60,82.87,84.42,236
2014.11.19,00:00,84.19,85.32,83.86,84.75,237
2014.11.20,00:00,84.88,85.05,84.05,84.95,194
2014.11.21,00:00,85.48,88.39,85.21,88.34,351
2014.11.24,00:00,88.17,90.09,87.78,89.36,344
2014.11.25,00:00,89.75,90.58,89.47,90.25,173
2014.11.26,00:00,90.51,90.96,89.68,90.47,253
2014.11.27,00:00,90.58,91.58,90.10,91.51,204
2014.11.28,00:00,91.49,91.92,91.09,91.90,126
2014.12.01,00:00,90.86,92.16,90.75,92.01,168
2014.12.02,00:00,92.37,92.98,91.30,91.84,284
2014.12.03,00:00,91.55,91.91,90.11,91.28,334
2014.12.04,00:00,91.05,92.56,89.59,89.60,450
2014.12.05,00:00,90.73,92.48,90.10,92.43,307
2014.12.08,00:00,92.10,92.37,91.51,91.55,118
2014.12.09,00:00,90.04,91.15,88.91,88.99,344
2014.12.10,00:00,89.50,90.55,89.26,89.93,216
2014.12.11,00:00,89.62,90.82,89.38,90.36,215
2014.12.12,00:00,89.60,89.91,87.83,87.84,241
2014.12.15,00:00,87.50,88.81,85.00,85.03,516
2014.12.16,00:00,85.32,88.03,83.19,87.82,719
2014.12.17,00:00,86.82,88.04,86.42,87.75,232
2014.12.18,00:00,89.00,90.29,88.48,90.10,253
2014.12.19,00:00,90.79,91.33,88.62,89.77,441
2014.12.22,00:00,90.43,90.92,89.58,90.02,228
2014.12.23,00:00,89.99,90.68,89.68,90.61,139
2014.12.29,00:00,90.58,91.05,89.02,90.99,366
2014.12.30,00:00,90.63,90.75,89.55,89.83,161
2015.01.02,00:00,88.69,89.19,87.35,87.90,290
2015.01.05,00:00,87.00,87.21,84.52,84.91,330
2015.01.06,00:00,85.48,87.09,84.51,85.98,467
2015.01.07,00:00,86.31,87.04,85.26,86.09,335
2015.01.08,00:00,87.31,89.85,86.87,89.57,371
2015.01.09,00:00,88.80,90.03,87.46,87.81,416
2015.01.12,00:00,87.84,89.16,87.13,88.82,309
2015.01.13,00:00,88.55,91.34,88.55,90.69,345
2015.01.14,00:00,89.00,90.44,88.54,88.89,370
2015.01.15,00:00,89.47,91.28,86.75,91.05,749
2015.01.16,00:00,90.52,93.99,90.15,93.86,435
2015.01.19,00:00,94.05,95.09,93.31,94.20,342
2015.01.20,00:00,94.37,95.38,94.22,94.65,205
2015.01.21,00:00,94.39,95.22,93.66,94.80,272
2015.01.22,00:00,95.26,98.51,95.06,98.25,392
2015.01.23,00:00,99.19,103.30,99.19,102.80,462
2015.01.26,00:00,102.30,105.50,102.30,105.35,336
2015.01.27,00:00,103.40,104.65,101.20,102.00,551
2015.01.28,00:00,102.95,103.60,101.30,102.85,451
2015.01.29,00:00,102.25,103.15,101.20,102.85,331
2015.01.30,00:00,103.55,103.90,102.40,103.00,246
2015.02.02,00:00,103.75,104.60,102.65,103.80,386
2015.02.03,00:00,105.10,108.10,104.40,106.30,621
2015.02.04,00:00,105.60,106.50,104.65,106.35,296
2015.02.05,00:00,105.80,108.30,105.55,106.80,451
2015.02.06,00:00,106.45,107.15,105.80,106.70,246
2015.02.09,00:00,105.35,105.60,101.40,102.55,561
2015.02.10,00:00,102.65,105.55,102.45,104.40,446
2015.02.11,00:00,104.05,104.95,103.35,104.30,296
2015.02.12,00:00,104.75,107.45,104.70,106.50,376
2015.02.13,00:00,107.50,107.90,106.90,107.70,181
2015.02.16,00:00,107.05,107.40,106.05,106.65,231
2015.02.17,00:00,106.00,106.90,104.35,106.45,466
2015.02.18,00:00,107.20,108.70,107.20,108.65,156
2015.02.19,00:00,108.30,109.60,107.85,109.40,241
2015.02.20,00:00,109.40,110.85,108.90,110.85,246
2015.02.23,00:00,112.40,112.85,110.90,111.50,301
2015.02.24,00:00,111.35,111.65,109.55,110.65,351
2015.02.25,00:00,110.75,110.95,109.05,109.70,276
2015.02.26,00:00,109.80,111.95,109.60,111.90,261
2015.02.27,00:00,111.85,112.85,110.40,112.65,411
2015.03.02,00:00,113.50,114.80,112.70,113.90,381
2015.03.03,00:00,114.10,114.75,110.95,111.10,461
2015.03.04,00:00,112.05,113.10,110.60,112.85,421
2015.03.05,00:00,113.65,114.65,113.05,114.25,261
2015.03.06,00:00,114.75,116.30,114.35,115.30,336
2015.03.09,00:00,114.70,115.05,113.95,114.35,186
2015.03.10,00:00,114.15,114.90,112.25,113.60,476
2015.03.11,00:00,113.75,119.60,113.75,118.95,651
2015.03.12,00:00,119.05,119.25,116.30,118.35,521
2015.03.13,00:00,119.65,120.00,117.20,119.75,551
2015.03.16,00:00,120.40,123.35,120.40,122.75,356
2015.03.17,00:00,123.10,123.70,120.10,120.75,486
2015.03.18,00:00,121.30,121.70,113.70,115.90,1061
2015.03.19,00:00,115.05,116.95,114.15,116.80,386
2015.03.20,00:00,116.65,118.35,116.05,116.85,441
2015.03.23,00:00,116.60,116.60,113.40,113.40,321
2015.03.24,00:00,112.05,115.55,111.80,115.45,411
2015.03.25,00:00,115.35,116.90,113.85,114.30,506
2015.03.26,00:00,112.00,116.40,111.20,116.30,611
2015.03.27,00:00,117.15,118.80,114.90,115.95,661
2015.03.30,00:00,116.60,118.50,116.60,118.05,236
2015.03.31,00:00,116.90,117.50,114.85,116.30,471
2015.04.01,00:00,115.25,117.60,114.85,115.70,506
2015.04.02,00:00,115.70,116.50,114.25,114.75,356
2015.04.07,00:00,115.85,115.85,113.85,114.65,281
2015.04.08,00:00,114.00,114.05,111.75,113.20,381
2015.04.09,00:00,115.15,116.15,113.95,116.05,351
2015.04.10,00:00,116.55,117.85,115.95,117.30,306
2015.04.13,00:00,117.20,117.85,116.15,116.20,241
2015.04.14,00:00,115.85,117.05,114.55,115.05,421
2015.04.15,00:00,115.15,116.90,114.85,115.40,386
2015.04.16,00:00,115.60,115.80,112.70,112.75,336
2015.04.17,00:00,112.70,113.85,110.10,110.20,501
2015.04.20,00:00,110.90,113.05,110.80,111.55,386
2015.04.21,00:00,112.65,113.40,111.85,112.15,261
2015.04.22,00:00,112.50,113.40,108.80,109.90,661
2015.04.23,00:00,110.30,111.45,108.55,110.15,566
2015.04.24,00:00,110.55,111.40,109.40,110.10,356
2015.04.27,00:00,111.35,113.35,109.90,113.10,516
2015.04.28,00:00,113.70,114.15,108.65,109.75,706
2015.04.29,00:00,110.53,110.71,107.28,107.98,6115
2015.04.30,00:00,106.31,108.11,104.83,106.93,6181
2015.05.04,00:00,106.73,108.03,105.23,107.46,4594
2015.05.05,00:00,106.48,109.28,106.01,106.68,7293
2015.05.06,00:00,106.46,108.46,101.48,103.98,9581
2015.05.07,00:00,103.40,105.15,102.00,104.55,8364
2015.05.08,00:00,103.35,109.50,103.35,109.00,6765
2015.05.11,00:00,109.60,109.90,108.15,109.10,5503
2015.05.12,00:00,108.40,108.50,104.85,106.05,7577
2015.05.13,00:00,105.75,106.55,104.00,104.55,6802
2015.05.14,00:00,101.45,104.95,100.05,104.85,6137
2015.05.15,00:00,105.35,105.65,101.45,101.95,6444
2015.05.18,00:00,101.70,103.40,101.00,103.25,4492
2015.05.19,00:00,104.00,107.65,104.00,107.35,5871
2015.05.20,00:00,107.20,107.65,105.70,106.45,3847
2015.05.21,00:00,105.80,106.15,103.85,105.35,4157
2015.05.22,00:00,105.05,105.55,103.95,104.75,2591
2015.05.26,00:00,105.00,106.10,102.50,103.45,6204
2015.05.27,00:00,103.30,105.40,102.70,104.90,6667
2015.05.28,00:00,105.00,105.00,102.15,102.85,5506
2015.05.29,00:00,102.90,103.05,100.20,100.35,5370
2015.06.01,00:00,100.70,101.55,99.30,100.70,5639
2015.06.02,00:00,100.60,100.75,99.00,100.10,4490
2015.06.03,00:00,100.25,102.95,99.50,101.20,4343
2015.06.04,00:00,100.60,101.60,98.95,100.55,4795
2015.06.05,00:00,98.95,100.35,98.25,99.60,5829
2015.06.08,00:00,98.95,100.05,96.70,97.45,5423
2015.06.09,00:00,96.75,98.35,95.35,97.95,5570
2015.06.10,00:00,97.40,101.90,97.05,100.65,5004
2015.06.11,00:00,100.75,102.30,100.75,101.50,1786
2015.06.12,00:00,100.55,101.70,98.65,99.85,4232
2015.06.15,00:00,97.15,99.20,97.05,98.40,4477
2015.06.16,00:00,96.55,98.80,96.50,98.30,4026
2015.06.17,00:00,98.40,98.65,96.65,96.80,3332
2015.06.18,00:00,96.40,98.10,95.10,98.00,4220
2015.06.19,00:00,98.20,99.75,97.35,97.55,3894
2015.06.22,00:00,100.20,102.85,100.15,102.45,3979
2015.06.23,00:00,103.30,105.40,102.65,104.30,2337
2015.06.24,00:00,104.15,104.20,101.50,103.00,3324
2015.06.25,00:00,101.80,104.30,101.80,103.65,3025
2015.06.26,00:00,102.70,104.15,102.00,103.45,2423
2015.06.29,00:00,97.75,100.70,97.50,99.25,3827
2015.06.30,00:00,98.75,99.80,97.15,98.50,5511
2015.07.01,00:00,99.25,101.80,98.70,100.25,4087
2015.07.02,00:00,102.20,102.35,98.80,98.85,2187
2015.07.03,00:00,99.05,99.80,98.40,98.60,2805
2015.07.06,00:00,97.05,98.40,96.95,96.95,4229
2015.07.07,00:00,97.10,97.20,93.45,93.55,4012
2015.07.08,00:00,91.75,92.65,90.35,92.05,4362
2015.07.09,00:00,92.60,95.15,92.55,94.20,3367
2015.07.10,00:00,94.85,96.55,94.35,95.60,3182
2015.07.13,00:00,96.30,97.45,93.85,94.90,3202
2015.07.14,00:00,94.70,94.70,93.20,94.35,1927
2015.07.15,00:00,94.10,94.40,93.30,93.50,1175
2015.07.16,00:00,94.70,96.60,93.80,95.90,2283
2015.07.17,00:00,96.60,96.75,95.20,95.55,1846
2015.07.20,00:00,95.35,96.40,95.00,95.75,1535
2015.07.21,00:00,96.00,96.65,94.80,94.95,1531
2015.07.22,00:00,94.20,94.60,92.95,93.80,1472
2015.07.23,00:00,94.70,96.00,93.25,93.65,2623
2015.07.24,00:00,93.55,93.95,91.15,91.30,2018
2015.07.27,00:00,90.30,91.40,88.70,88.95,3036
2015.07.28,00:00,89.55,90.55,89.10,89.95,2319
2015.07.29,00:00,90.50,90.85,88.50,89.40,2738
2015.07.30,00:00,89.50,90.05,88.45,89.70,2477
2015.07.31,00:00,89.95,91.40,89.80,91.35,2167
2015.08.03,00:00,91.05,92.20,90.10,92.00,2438
2015.08.04,00:00,90.65,90.90,89.20,90.85,2503
2015.08.05,00:00,91.00,93.85,90.95,93.15,1719
2015.08.06,00:00,92.80,93.90,91.80,92.15,1308
2015.08.07,00:00,91.60,93.55,91.45,92.85,1894
2015.08.10,00:00,93.15,93.40,91.70,93.15,1531
2015.08.11,00:00,91.60,91.75,88.90,89.15,2429
2015.08.12,00:00,87.40,87.60,85.30,85.95,2896
2015.08.13,00:00,87.65,88.25,85.85,85.95,2133
2015.08.14,00:00,86.10,86.90,85.45,86.05,2108
2015.08.17,00:00,87.45,87.80,85.55,86.70,2659
2015.08.18,00:00,86.25,86.55,85.55,85.75,1965
2015.08.19,00:00,85.05,85.50,83.65,83.85,2331
2015.08.20,00:00,82.55,83.60,81.50,81.85,2583
2015.08.21,00:00,80.40,82.50,78.95,80.25,3637
2015.08.24,00:00,78.35,78.65,73.65,76.65,6833
2015.08.25,00:00,78.50,82.95,77.75,82.15,6119
2015.08.26,00:00,80.15,81.60,78.75,80.75,5284
2015.08.27,00:00,80.60,84.95,80.60,83.15,3768
2015.08.28,00:00,83.25,83.30,81.70,82.60,2993
2015.08.31,00:00,82.10,82.60,81.30,82.10,2008
2015.09.01,00:00,80.60,80.80,79.20,79.75,3782
2015.09.02,00:00,80.65,81.05,79.40,79.70,3059
2015.09.03,00:00,80.55,82.85,80.35,82.25,3180
2015.09.04,00:00,81.25,81.80,79.40,80.35,3912
2015.09.07,00:00,81.25,81.60,80.35,81.10,2134
2015.09.08,00:00,82.35,84.90,82.20,84.20,2731
2015.09.09,00:00,88.00,88.55,85.45,85.60,2791
2015.09.10,00:00,84.60,87.00,84.45,86.10,3178
2015.09.11,00:00,85.90,86.25,84.95,85.70,2450
2015.09.14,00:00,85.25,86.30,84.90,85.60,2370
2015.09.15,00:00,85.70,87.80,85.50,87.50,2643
2015.09.16,00:00,88.00,88.65,86.80,87.40,2350
2015.09.17,00:00,88.05,88.45,87.60,88.30,1974
2015.09.18,00:00,87.60,87.60,84.45,85.45,3601
2015.09.21,00:00,82.65,85.30,81.60,84.50,3563
2015.09.22,00:00,84.20,84.30,78.00,79.10,5174
2015.09.23,00:00,79.25,81.40,76.35,79.80,4911
2015.09.24,00:00,80.05,82.15,71.95,75.25,12666
2015.09.25,00:00,78.60,79.75,77.85,79.00,4510
2015.09.28,00:00,78.20,78.40,75.70,76.55,4302
2015.09.29,00:00,75.00,77.95,74.60,76.30,4258
2015.09.30,00:00,78.80,80.60,78.25,79.10,3000
2015.10.01,00:00,80.30,80.90,77.75,78.40,3383
2015.10.02,00:00,79.25,79.60,76.05,77.85,4142
2015.10.05,00:00,79.55,81.55,78.40,80.95,3094
2015.10.06,00:00,81.30,82.90,80.40,82.45,3130
2015.10.07,00:00,82.70,87.25,82.70,85.55,3979
2015.10.08,00:00,85.45,87.25,85.15,86.15,3085
2015.10.09,00:00,87.35,88.25,86.60,87.95,2657
2015.10.12,00:00,88.20,89.90,88.05,89.45,3271
2015.10.13,00:00,88.80,88.80,86.10,87.95,3443
2015.10.14,00:00,87.05,88.95,86.30,86.80,3346
2015.10.15,00:00,87.35,88.10,86.70,87.05,2352
