2015.12.29,17:00,95.72,95.79,95.29,95.42,582
2015.12.29,18:00,95.47,95.69,95.09,95.23,378
2015.12.29,19:00,95.23,95.34,95.02,95.10,276
2015.12.29,20:00,95.09,95.46,95.00,95.43,309
2015.12.29,21:00,95.44,95.56,95.35,95.48,271
2015.12.29,22:00,95.49,95.61,95.25,95.33,327
2015.12.29,23:00,95.33,95.33,95.33,95.33,1
2015.12.30,16:00,95.19,95.90,95.00,95.83,403
2015.12.30,17:00,95.81,96.02,95.54,95.81,446
2015.12.30,18:00,95.83,95.87,95.37,95.50,350
2015.12.30,19:00,95.52,95.74,95.46,95.71,242
2015.12.30,20:00,95.71,95.89,95.62,95.81,248
2015.12.30,21:00,95.81,95.90,95.57,95.70,263
2015.12.30,22:00,95.71,95.82,95.20,95.28,434
2015.12.30,23:00,95.28,95.28,95.28,95.28,1
2015.12.31,16:00,95.07,95.07,94.46,94.70,504
2015.12.31,17:00,94.69,94.74,94.00,94.34,394
2015.12.31,18:00,94.35,94.93,94.34,94.93,325
2015.12.31,19:00,94.94,95.21,94.90,94.90,264
2015.12.31,20:00,94.92,94.97,94.57,94.95,316
2015.12.31,21:00,94.94,94.96,94.33,94.58,338
2015.12.31,22:00,94.54,94.56,93.88,93.94,427
2015.12.31,23:00,93.94,93.94,93.94,93.94,1
2016.01.04,16:00,91.77,92.00,91.20,91.38,826
2016.01.04,17:00,91.38,91.43,90.91,91.04,862
2016.01.04,18:00,91.02,91.57,90.54,91.28,683
2016.01.04,19:00,91.28,91.44,90.96,91.36,558
2016.01.04,20:00,91.38,91.73,91.22,91.55,556
2016.01.04,21:00,91.55,91.55,90.80,91.16,661
2016.01.04,22:00,91.16,91.97,90.55,91.96,780
2016.01.04,23:00,91.97,91.97,91.97,91.97,2
2016.01.05,16:00,92.01,92.64,91.89,92.20,648
2016.01.05,17:00,92.21,92.28,91.78,92.03,625
2016.01.05,18:00,92.07,92.11,91.50,91.83,446
2016.01.05,19:00,91.84,91.84,91.41,91.70,431
2016.01.05,20:00,91.73,92.51,91.61,92.48,364
2016.01.05,21:00,92.48,92.85,92.28,92.47,486
2016.01.05,22:00,92.48,92.62,92.19,92.34,635
2016.01.05,23:00,92.34,92.34,92.34,92.34,1
2016.01.06,16:00,91.10,91.39,90.65,91.17,603
2016.01.06,17:00,91.21,91.50,90.83,91.16,787
2016.01.06,18:00,91.14,91.42,90.85,90.95,609
2016.01.06,19:00,90.97,91.38,90.92,91.19,395
2016.01.06,20:00,91.18,91.20,90.84,90.97,385
2016.01.06,21:00,90.93,91.25,90.28,90.35,752
2016.01.06,22:00,90.33,91.06,90.24,91.02,622
2016.01.06,23:00,91.02,91.02,91.02,91.02,2
2016.01.07,16:00,89.40,90.11,88.71,89.87,814
2016.01.07,17:00,89.84,91.38,89.55,91.25,1010
2016.01.07,18:00,91.24,91.40,90.59,90.59,708
2016.01.07,19:00,90.55,90.66,90.00,90.05,443
2016.01.07,20:00,90.03,90.06,89.04,89.30,792
2016.01.07,21:00,89.27,89.68,88.95,89.35,802
2016.01.07,22:00,89.31,89.75,88.99,89.11,1035
2016.01.07,23:00,89.11,89.11,89.11,89.11,2
2016.01.08,16:00,89.68,89.99,89.17,89.88,1032
2016.01.08,17:00,89.88,89.88,88.88,88.98,914
2016.01.08,18:00,88.98,89.16,88.27,89.00,869
2016.01.08,19:00,89.04,89.58,89.03,89.28,748
2016.01.08,20:00,89.29,89.42,88.78,88.80,612
2016.01.08,21:00,88.82,89.01,88.32,88.43,680
2016.01.08,22:00,88.45,88.66,87.63,87.85,874
2016.01.11,18:00,87.98,88.85,87.77,88.45,799
2016.01.11,19:00,88.44,88.60,88.10,88.21,1198
2016.01.11,20:00,88.21,89.14,88.07,88.94,1182
2016.01.11,21:00,88.94,89.12,88.58,88.75,1209
2016.01.11,22:00,88.75,88.89,87.90,88.07,1303
2016.01.11,23:00,88.06,89.16,87.96,88.77,1437
2016.01.12,00:00,88.77,89.73,88.36,89.58,1977
2016.01.12,14:00,89.58,89.58,89.58,89.58,1
2016.01.12,18:00,89.70,90.96,89.49,90.29,767
2016.01.12,19:00,90.33,90.46,89.69,89.80,1152
2016.01.12,20:00,89.80,89.84,89.11,89.60,1078
2016.01.12,21:00,89.57,89.69,88.86,88.93,1382
2016.01.12,22:00,88.93,89.40,88.81,88.99,1377
2016.01.12,23:00,89.00,89.75,88.35,89.69,2018
2016.01.13,00:00,89.69,90.04,89.34,89.83,2520
2016.01.13,16:00,90.23,91.38,90.08,91.01,830
2016.01.13,17:00,91.01,91.01,90.46,90.65,1492
2016.01.13,18:00,90.66,90.83,89.99,90.14,1723
2016.01.13,19:00,90.14,90.51,89.60,89.79,1131
2016.01.13,20:00,89.79,90.10,88.99,89.02,2010
2016.01.13,21:00,89.12,89.31,87.85,88.67,4352
2016.01.13,22:00,88.76,89.03,88.04,88.24,4500
2016.01.14,16:00,89.07,89.12,87.81,88.04,1362
2016.01.14,17:00,87.94,89.17,87.23,88.75,4073
2016.01.14,18:00,88.78,89.37,88.59,89.20,4390
2016.01.14,19:00,89.22,89.25,88.56,88.76,3338
2016.01.14,20:00,88.74,89.33,88.60,89.22,3393
2016.01.14,21:00,89.23,89.92,89.00,89.89,3189
2016.01.14,22:00,89.93,90.22,89.38,89.70,3626
2016.01.15,16:00,86.95,88.81,86.77,88.40,868
2016.01.15,17:00,88.49,89.29,87.93,88.30,3404
2016.01.15,18:00,88.32,88.71,88.04,88.66,3559
2016.01.15,19:00,88.64,88.67,87.12,87.70,2821
2016.01.15,20:00,87.70,88.53,87.50,88.41,3272
2016.01.15,21:00,88.38,88.95,87.49,88.82,3292
2016.01.15,22:00,88.80,89.05,88.16,88.98,4741
2016.01.19,16:00,90.34,91.34,89.68,89.69,1320
2016.01.19,17:00,89.79,90.94,89.65,90.31,2410
2016.01.19,18:00,90.31,90.57,89.73,90.38,2440
2016.01.19,19:00,90.39,90.48,89.83,89.93,2156
2016.01.19,20:00,89.94,90.16,89.44,89.71,2126
2016.01.19,21:00,89.71,89.76,88.39,88.50,2492
2016.01.19,22:00,88.50,89.63,88.35,89.45,2819
2016.01.20,16:00,87.93,88.15,86.59,86.71,1143
2016.01.20,17:00,86.69,86.88,85.50,85.50,2626
2016.01.20,18:00,85.52,86.23,85.33,85.54,2165
2016.01.20,19:00,85.54,85.74,84.64,85.64,1828
2016.01.20,20:00,85.61,86.49,85.06,86.29,2065
2016.01.20,21:00,86.29,87.43,86.06,86.88,2479
2016.01.20,22:00,86.88,88.68,86.84,88.15,3111
2016.01.21,16:00,88.45,88.79,87.46,87.99,1613
2016.01.21,17:00,88.00,89.49,88.00,88.89,2751
2016.01.21,18:00,88.93,89.67,88.72,89.66,2736
2016.01.21,19:00,89.68,89.90,88.71,88.79,1951
2016.01.21,20:00,88.80,88.97,87.94,88.20,2395
2016.01.21,21:00,88.21,88.35,87.14,88.19,2599
2016.01.21,22:00,88.20,88.57,87.65,88.26,3161
2016.01.22,16:00,89.40,89.40,88.61,88.91,1032
2016.01.22,17:00,88.91,89.48,88.79,88.94,1606
2016.01.22,18:00,88.96,89.11,88.66,88.86,1424
2016.01.22,19:00,88.86,89.09,88.77,89.05,1096
2016.01.22,20:00,89.05,89.69,88.98,89.01,1297
2016.01.22,21:00,89.01,89.92,88.82,89.59,1587
2016.01.22,22:00,89.58,89.81,89.26,89.67,1675
2016.01.25,16:00,88.38,89.21,88.38,88.72,1678
2016.01.25,17:00,88.71,89.09,88.09,88.15,2473
2016.01.25,18:00,88.14,88.15,87.40,87.53,1559
2016.01.25,19:00,87.52,87.65,87.05,87.55,1219
2016.01.25,20:00,87.54,88.10,87.54,87.64,1203
2016.01.25,21:00,87.64,87.91,87.55,87.84,1189
2016.01.25,22:00,87.84,87.98,86.70,86.86,1854
2016.01.26,16:00,87.27,87.31,85.44,86.53,1561
2016.01.26,17:00,86.51,87.37,86.16,87.17,1992
2016.01.26,18:00,87.11,87.55,86.57,86.72,1812
2016.01.26,19:00,86.72,87.28,86.66,87.06,1264
2016.01.26,20:00,87.06,87.40,86.87,86.89,1026
2016.01.26,21:00,86.89,86.90,86.47,86.59,1168
2016.01.26,22:00,86.59,86.89,86.24,86.79,1659
2016.01.27,16:00,87.15,87.66,86.34,87.00,938
2016.01.27,17:00,87.00,87.00,85.83,86.10,1601
2016.01.27,18:00,86.10,87.30,86.00,87.27,1151
2016.01.27,19:00,87.27,87.42,86.74,86.99,1201
2016.01.27,20:00,86.99,87.26,86.47,86.84,1054
2016.01.27,21:00,86.84,87.07,85.32,85.44,3081
2016.01.27,22:00,85.46,85.46,84.47,84.65,2836
2016.01.28,16:00,85.44,85.49,84.51,84.58,1335
2016.01.28,17:00,84.52,84.54,82.70,83.55,2765
2016.01.28,18:00,83.60,84.08,83.01,83.02,2190
2016.01.28,19:00,83.00,83.92,82.99,83.72,2434
2016.01.28,20:00,83.72,84.10,83.36,83.73,2259
2016.01.28,21:00,83.71,84.71,83.67,84.18,1816
2016.01.28,22:00,84.18,84.82,84.04,84.54,1815
2016.01.29,16:00,85.29,86.61,85.10,86.52,958
2016.01.29,17:00,86.47,87.16,86.30,87.09,1631
2016.01.29,18:00,87.09,88.03,87.09,87.80,1773
2016.01.29,19:00,87.80,88.44,87.70,88.17,1313
2016.01.29,20:00,88.18,88.57,88.08,88.53,900
2016.01.29,21:00,88.53,88.80,88.16,88.64,1275
2016.01.29,22:00,88.64,89.02,88.53,88.96,1130
2016.02.01,16:00,88.18,88.75,87.88,88.42,1096
2016.02.01,17:00,88.42,88.94,88.08,88.85,2041
2016.02.01,18:00,88.84,88.93,88.43,88.91,1430
2016.02.01,19:00,88.91,88.92,88.49,88.65,1023
2016.02.01,20:00,88.66,89.03,88.58,89.02,1218
2016.02.01,21:00,89.04,89.70,88.94,89.69,1829
2016.02.01,22:00,89.69,90.20,89.42,89.67,1863
2016.02.02,16:00,88.62,88.84,87.54,88.14,1049
2016.02.02,17:00,88.10,88.76,87.90,88.68,1892
2016.02.02,18:00,88.67,88.99,88.23,88.23,1433
2016.02.02,19:00,88.22,88.63,87.90,88.33,1201
2016.02.02,20:00,88.35,88.41,88.07,88.12,1112
2016.02.02,21:00,88.12,88.34,87.75,87.92,1384
2016.02.02,22:00,87.91,88.00,87.60,87.97,1696
2016.02.03,16:00,88.85,89.20,87.36,87.49,1094
2016.02.03,17:00,87.48,87.69,86.62,87.51,2348
2016.02.03,18:00,87.53,87.89,86.81,87.89,1929
2016.02.03,19:00,87.87,88.11,86.96,87.76,1718
2016.02.03,20:00,87.76,87.90,86.81,86.92,1546
2016.02.03,21:00,86.93,88.15,86.90,88.01,1986
2016.02.03,22:00,88.00,88.33,87.58,87.87,1965
2016.02.04,16:00,87.78,87.79,86.42,86.81,1499
2016.02.04,17:00,86.80,87.62,86.59,87.46,2106
2016.02.04,18:00,87.47,87.54,86.46,86.61,1882
2016.02.04,19:00,86.61,86.83,86.27,86.44,2008
2016.02.04,20:00,86.44,87.02,86.42,86.67,1732
2016.02.04,21:00,86.68,86.77,86.00,86.37,1804
2016.02.04,22:00,86.38,86.39,85.75,86.27,2326
2016.02.05,16:00,85.20,85.20,80.83,81.27,2073
2016.02.05,17:00,81.26,81.39,79.74,80.29,3589
2016.02.05,18:00,80.29,80.75,79.92,80.58,2717
2016.02.05,19:00,80.59,81.51,79.93,80.16,2512
2016.02.05,20:00,80.16,80.22,78.74,78.77,3044
2016.02.05,21:00,78.75,79.10,78.00,78.38,3081
2016.02.05,22:00,78.39,79.09,77.78,78.56,3066
2016.02.08,16:00,77.32,77.32,73.88,74.93,2867
2016.02.08,17:00,74.93,75.86,74.47,74.91,4458
2016.02.08,18:00,74.92,75.16,74.23,74.49,3030
2016.02.08,19:00,74.49,74.96,74.16,74.35,2750
2016.02.08,20:00,74.34,74.48,73.02,73.05,2166
2016.02.08,21:00,73.03,73.16,71.30,71.59,4339
2016.02.08,22:00,71.60,74.86,71.24,74.72,3367
2016.02.09,16:00,74.71,76.77,73.55,75.93,1718
2016.02.09,17:00,75.93,77.14,75.33,75.48,2795
2016.02.09,18:00,75.49,76.13,74.75,74.86,2511
2016.02.09,19:00,74.87,75.05,73.96,74.02,2010
2016.02.09,20:00,74.03,74.10,73.02,73.71,1919
2016.02.09,21:00,73.71,74.38,73.36,73.96,2343
2016.02.09,22:00,73.97,75.29,73.87,74.03,3254
2016.02.10,16:00,75.16,75.48,73.85,75.22,1418
2016.02.10,17:00,75.22,76.42,74.88,75.24,2427
2016.02.10,18:00,75.24,76.15,75.24,75.81,2182
2016.02.10,19:00,75.81,76.54,75.55,76.46,1829
2016.02.10,20:00,76.46,77.39,76.43,77.04,2193
2016.02.10,21:00,77.04,77.58,76.50,76.85,2180
2016.02.10,22:00,76.86,77.25,75.28,75.47,2709
2016.02.11,16:00,73.98,75.18,73.98,75.03,1508
2016.02.11,17:00,75.04,75.28,74.23,74.70,2329
2016.02.11,18:00,74.71,74.80,73.73,74.19,2053
2016.02.11,19:00,74.17,74.50,73.55,74.30,2058
2016.02.11,20:00,74.30,74.48,73.76,74.02,1814
2016.02.11,21:00,74.02,75.02,73.59,74.75,2500
2016.02.11,22:00,74.75,75.50,74.50,75.10,3115
2016.02.12,16:00,75.64,76.83,75.19,76.53,1158
2016.02.12,17:00,76.52,77.31,76.43,77.00,1989
2016.02.12,18:00,77.00,77.27,76.15,76.18,1674
2016.02.12,19:00,76.19,76.68,76.12,76.17,1165
2016.02.12,20:00,76.16,76.29,75.78,75.85,1249
2016.02.12,21:00,75.85,76.79,75.83,76.57,1299
2016.02.12,22:00,76.56,76.70,76.40,76.62,1103
2016.02.16,16:00,77.84,79.15,77.71,78.78,1158
2016.02.16,17:00,78.78,78.83,77.90,77.92,1822
2016.02.16,18:00,77.91,78.27,77.42,78.24,1594
2016.02.16,19:00,78.26,78.51,77.97,78.45,1068
2016.02.16,20:00,78.45,78.83,78.39,78.65,1019
2016.02.16,21:00,78.67,78.89,78.45,78.55,1423
2016.02.16,22:00,78.54,78.90,78.54,78.83,1129
2016.02.17,16:00,79.09,79.66,78.49,78.76,913
2016.02.17,17:00,78.76,80.55,78.51,80.48,1836
2016.02.17,18:00,80.45,80.95,80.23,80.89,1602
2016.02.17,19:00,80.89,81.76,80.87,81.47,1371
2016.02.17,20:00,81.47,81.83,81.25,81.47,1170
2016.02.17,21:00,81.48,82.05,81.41,81.72,1296
2016.02.17,22:00,81.72,82.03,81.71,81.83,1231
2016.02.18,16:00,82.60,82.66,81.38,81.56,1100
2016.02.18,17:00,81.56,81.89,80.64,80.81,1603
2016.02.18,18:00,80.81,81.37,80.62,81.17,1597
2016.02.18,19:00,81.18,81.36,80.96,81.15,969
2016.02.18,20:00,81.13,81.18,80.31,80.48,1148
2016.02.18,21:00,80.47,80.70,80.20,80.49,1400
2016.02.18,22:00,80.50,80.64,80.10,80.35,1730
2016.02.19,16:00,80.54,80.64,79.45,80.36,1507
2016.02.19,17:00,80.36,80.49,79.87,79.88,2028
2016.02.19,18:00,79.89,80.29,79.60,79.96,1770
2016.02.19,19:00,79.97,80.45,79.90,80.36,930
2016.02.19,20:00,80.34,80.60,80.20,80.59,763
2016.02.19,21:00,80.60,80.75,80.09,80.28,941
2016.02.19,22:00,80.29,80.91,80.26,80.79,721
2016.02.22,16:00,82.24,82.92,81.97,82.85,1030
2016.02.22,17:00,82.85,83.03,82.30,82.43,1361
2016.02.22,18:00,82.43,83.22,82.33,83.11,914
2016.02.22,19:00,83.09,83.49,82.93,83.47,913
2016.02.22,20:00,83.48,83.91,83.35,83.75,930
2016.02.22,21:00,83.76,84.12,83.68,83.77,1036
2016.02.22,22:00,83.77,83.78,83.25,83.65,1546
2016.02.23,16:00,83.19,84.04,82.98,83.93,1307
2016.02.23,17:00,83.89,83.97,83.11,83.24,1592
2016.02.23,18:00,83.25,84.42,82.81,84.33,1682
2016.02.23,19:00,84.33,84.33,83.56,83.83,966
2016.02.23,20:00,83.83,83.84,83.09,83.27,890
2016.02.23,21:00,83.29,83.41,83.01,83.17,1144
2016.02.23,22:00,83.18,83.56,83.01,83.09,931
2016.02.24,16:00,82.25,82.29,81.28,81.42,967
2016.02.24,17:00,81.42,81.61,80.90,81.32,1915
2016.02.24,18:00,81.32,82.13,81.24,82.05,1408
2016.02.24,19:00,82.08,82.40,81.76,81.97,1145
2016.02.24,20:00,81.96,82.30,81.79,82.08,914
2016.02.24,21:00,82.10,82.89,82.09,82.52,1251
2016.02.24,22:00,82.53,83.42,82.53,83.37,1509
2016.02.25,16:00,84.55,85.73,84.24,84.25,1190
2016.02.25,17:00,84.30,84.97,84.11,84.68,1895
2016.02.25,18:00,84.70,85.52,84.64,85.09,1479
2016.02.25,19:00,85.07,85.23,84.45,84.98,1070
2016.02.25,20:00,84.98,85.52,84.89,85.51,1015
2016.02.25,21:00,85.51,85.86,85.26,85.78,1134
2016.02.25,22:00,85.77,86.44,85.74,86.38,1558
2016.02.26,16:00,87.24,87.35,85.92,86.34,1133
2016.02.26,17:00,86.32,86.45,85.25,85.97,1701
2016.02.26,18:00,85.98,85.98,84.08,84.55,1742
2016.02.26,19:00,84.54,85.70,84.38,85.62,1301
2016.02.26,20:00,85.61,85.82,85.54,85.70,1180
2016.02.26,21:00,85.69,86.40,85.65,86.21,1249
2016.02.26,22:00,86.20,86.71,86.10,86.71,1140
2016.02.29,16:00,85.76,85.89,85.38,85.65,934
2016.02.29,17:00,85.64,85.98,85.39,85.76,1529
2016.02.29,18:00,85.77,86.07,85.54,85.89,955
2016.02.29,19:00,85.90,86.16,85.70,85.91,723
2016.02.29,20:00,85.92,85.92,85.49,85.81,911
2016.02.29,21:00,85.81,85.84,85.17,85.50,1185
2016.02.29,22:00,85.47,85.68,85.25,85.49,1525
2016.03.01,16:00,85.93,85.96,84.52,84.82,1740
2016.03.01,17:00,84.81,86.00,84.77,85.74,2289
2016.03.01,18:00,85.74,86.35,85.48,86.25,1347
2016.03.01,19:00,86.22,86.62,86.07,86.61,1178
2016.03.01,20:00,86.61,87.35,86.44,87.24,1180
2016.03.01,21:00,87.27,87.82,87.12,87.80,1365
2016.03.01,22:00,87.81,87.97,87.78,87.97,602
2016.03.02,16:00,88.01,88.51,87.86,88.05,1002
2016.03.02,17:00,88.03,88.20,87.42,87.79,1811
2016.03.02,18:00,87.79,88.19,87.23,87.91,1529
2016.03.02,19:00,87.91,88.01,87.58,87.99,1034
2016.03.02,20:00,87.97,88.23,87.84,87.93,959
2016.03.02,21:00,87.93,88.50,87.77,88.38,1169
2016.03.02,22:00,88.36,88.36,87.99,88.20,1286
2016.03.03,16:00,88.33,88.39,87.08,87.34,814
2016.03.03,17:00,87.34,87.34,85.82,85.94,1910
2016.03.03,18:00,85.95,86.51,85.93,86.45,1300
2016.03.03,19:00,86.45,86.74,86.42,86.58,900
2016.03.03,20:00,86.59,87.08,86.44,86.88,941
2016.03.03,21:00,86.88,87.19,86.72,87.02,1160
2016.03.03,22:00,87.01,87.23,86.81,87.20,926
2016.03.04,16:00,87.69,87.69,85.52,85.92,1269
2016.03.04,17:00,85.97,86.35,85.72,86.12,1709
2016.03.04,18:00,86.12,86.63,86.10,86.57,1525
2016.03.04,19:00,86.56,86.69,85.98,86.19,1074
2016.03.04,20:00,86.21,86.74,86.03,86.73,1077
2016.03.04,21:00,86.75,86.75,85.97,86.03,1122
2016.03.04,22:00,86.03,86.41,85.85,86.20,1170
2016.03.07,16:00,85.20,85.67,84.89,85.12,1014
2016.03.07,17:00,85.12,85.39,84.79,84.92,1522
2016.03.07,18:00,84.91,85.92,84.80,85.58,1057
2016.03.07,19:00,85.58,85.73,85.07,85.08,792
2016.03.07,20:00,85.08,85.56,84.62,84.81,1020
2016.03.07,21:00,84.82,84.90,84.02,84.30,1376
2016.03.07,22:00,84.28,85.00,84.06,84.93,1133
2016.03.08,16:00,83.83,84.77,83.10,84.60,1329
2016.03.08,17:00,84.61,84.90,84.12,84.65,1817
2016.03.08,18:00,84.67,85.50,84.49,85.41,1390
2016.03.08,19:00,85.40,85.59,85.12,85.24,1133
2016.03.08,20:00,85.25,85.92,85.06,85.49,1054
2016.03.08,21:00,85.47,85.47,84.66,84.67,1299
2016.03.08,22:00,84.67,84.77,84.26,84.37,1283
2016.03.09,16:00,84.55,84.72,83.65,83.89,957
2016.03.09,17:00,83.89,83.99,83.23,83.42,2327
2016.03.09,18:00,83.40,84.32,83.38,84.27,1180
2016.03.09,19:00,84.27,84.44,84.00,84.04,810
2016.03.09,20:00,84.03,84.51,83.96,84.45,883
2016.03.09,21:00,84.44,84.93,84.44,84.90,887
2016.03.09,22:00,84.90,85.10,84.67,85.10,1082
2016.03.10,16:00,85.19,86.13,85.19,86.06,1158
2016.03.10,17:00,86.06,86.45,85.12,85.21,2701
2016.03.10,18:00,85.22,85.41,84.71,85.06,1942
2016.03.10,19:00,85.06,85.34,83.67,83.80,2154
2016.03.10,20:00,83.80,84.22,83.54,83.73,2364
2016.03.10,21:00,83.73,84.73,83.72,84.35,2121
2016.03.10,22:00,84.35,84.98,84.11,84.71,2286
2016.03.11,16:00,85.11,85.26,84.68,84.79,1337
2016.03.11,17:00,84.79,86.15,84.73,86.02,1667
2016.03.11,18:00,86.01,86.04,85.64,85.87,856
2016.03.11,19:00,85.88,86.05,85.76,85.78,677
2016.03.11,20:00,85.79,85.85,85.30,85.56,624
2016.03.11,21:00,85.56,85.76,85.36,85.55,729
2016.03.11,22:00,85.56,86.20,85.52,86.02,1081
2016.03.14,16:00,86.08,86.62,85.74,86.23,995
2016.03.14,17:00,86.23,87.55,86.20,87.01,1469
2016.03.14,18:00,86.99,87.37,86.91,86.94,1224
2016.03.14,19:00,86.95,87.70,86.72,87.37,1146
2016.03.14,20:00,87.37,87.46,87.07,87.15,947
2016.03.14,21:00,87.16,87.63,87.02,87.59,1034
2016.03.14,22:00,87.60,87.62,87.25,87.34,681
2016.03.15,16:00,86.56,87.13,86.22,86.45,970
2016.03.15,17:00,86.45,86.92,86.18,86.68,1340
2016.03.15,18:00,86.69,87.16,86.50,86.52,1061
2016.03.15,19:00,86.53,86.63,86.32,86.38,1204
2016.03.15,20:00,86.39,86.72,86.30,86.50,711
2016.03.15,21:00,86.50,86.76,86.31,86.70,1289
2016.03.15,22:00,86.70,86.86,86.53,86.74,1150
2016.03.16,16:00,86.32,87.38,86.32,87.24,1266
2016.03.16,17:00,87.24,87.47,87.10,87.42,1214
2016.03.16,18:00,87.41,87.79,87.39,87.67,762
2016.03.16,19:00,87.68,87.84,87.29,87.36,1031
2016.03.16,20:00,87.37,87.62,87.06,87.58,1159
2016.03.16,21:00,87.59,88.18,87.48,87.73,2147
2016.03.16,22:00,87.72,88.44,87.72,88.03,1470
2016.03.17,16:00,88.55,88.88,87.22,87.67,1128
2016.03.17,17:00,87.68,88.10,87.39,87.93,1529
2016.03.17,18:00,87.95,88.20,87.62,88.14,1230
2016.03.17,19:00,88.14,89.22,87.98,89.17,1006
2016.03.17,20:00,89.15,89.17,88.51,88.83,1208
2016.03.17,21:00,88.81,89.61,88.80,89.47,1440
2016.03.17,22:00,89.48,90.17,89.46,90.07,1304
2016.03.18,16:00,97.58,97.75,93.42,93.66,3689
2016.03.18,17:00,93.66,94.96,93.09,94.95,3779
2016.03.18,18:00,94.92,95.04,93.97,94.31,2525
2016.03.18,19:00,94.31,94.71,93.54,93.90,1707
2016.03.18,20:00,93.90,93.95,93.16,93.80,1484
2016.03.18,21:00,93.81,93.96,93.23,93.27,1599
2016.03.18,22:00,93.28,93.87,93.14,93.48,2212
2016.03.21,16:00,92.70,93.20,92.66,93.08,1012
2016.03.21,17:00,93.09,93.09,91.37,91.57,1951
2016.03.21,18:00,91.58,92.52,91.58,92.29,1606
2016.03.21,19:00,92.29,92.47,91.94,92.45,952
2016.03.21,20:00,92.44,92.85,92.37,92.80,1054
2016.03.21,21:00,92.81,92.96,92.69,92.76,1053
2016.03.21,22:00,92.77,92.77,92.28,92.42,1398
2016.03.22,16:00,92.35,93.10,92.06,92.91,1263
2016.03.22,17:00,92.91,93.39,92.85,93.06,1412
2016.03.22,18:00,93.06,93.12,92.78,92.79,955
2016.03.22,19:00,92.80,93.17,92.80,93.10,737
2016.03.22,20:00,93.10,93.23,92.93,93.01,743
2016.03.22,21:00,93.01,93.08,92.79,92.83,873
2016.03.22,22:00,92.81,92.86,92.43,92.45,1211
2016.03.23,16:00,92.58,92.87,92.22,92.44,1247
2016.03.23,17:00,92.43,92.84,92.31,92.51,1758
2016.03.23,18:00,92.49,92.69,92.18,92.30,1318
2016.03.23,19:00,92.31,92.62,92.25,92.49,978
2016.03.23,20:00,92.50,92.53,92.29,92.34,638
2016.03.23,21:00,92.35,92.49,91.98,92.14,839
2016.03.23,22:00,92.15,92.22,91.89,92.12,1107
2016.03.24,16:00,91.75,92.66,91.44,92.57,914
2016.03.24,17:00,92.56,92.56,92.16,92.31,993
2016.03.24,18:00,92.32,92.48,92.19,92.35,930
2016.03.24,19:00,92.36,92.50,92.14,92.45,796
2016.03.24,20:00,92.46,92.57,92.33,92.45,582
2016.03.24,21:00,92.46,92.68,92.30,92.56,767
2016.03.24,22:00,92.57,92.62,92.41,92.52,803
2016.03.28,16:00,92.60,92.67,91.79,92.32,1143
2016.03.28,17:00,92.33,92.66,92.27,92.44,1403
2016.03.28,18:00,92.47,92.52,92.25,92.40,998
2016.03.28,19:00,92.42,92.53,92.19,92.43,1269
2016.03.28,20:00,92.42,92.45,92.17,92.36,794
2016.03.28,21:00,92.35,92.47,91.96,92.05,970
2016.03.28,22:00,92.05,92.33,92.03,92.28,980
2016.03.29,16:00,91.76,92.57,91.76,92.19,936
2016.03.29,17:00,92.19,92.75,92.19,92.44,1206
2016.03.29,18:00,92.45,92.68,92.41,92.54,936
2016.03.29,19:00,92.53,93.13,92.47,92.83,1286
2016.03.29,20:00,92.83,93.31,92.67,93.12,1345
2016.03.29,21:00,93.12,93.40,92.99,93.34,1177
2016.03.29,22:00,93.35,93.40,92.95,93.10,960
2016.03.30,16:00,93.28,94.38,93.28,93.94,1109
2016.03.30,17:00,93.95,94.07,93.48,93.63,1317
2016.03.30,18:00,93.64,93.73,92.93,93.47,1477
2016.03.30,19:00,93.46,93.68,93.23,93.65,1058
2016.03.30,20:00,93.65,94.09,93.51,94.01,880
2016.03.30,21:00,94.02,94.11,93.56,93.87,1020
2016.03.30,22:00,93.83,93.98,93.82,93.87,603
2016.03.31,16:00,93.50,93.88,93.20,93.67,969
2016.03.31,17:00,93.69,94.12,93.63,94.00,1224
2016.03.31,18:00,94.00,94.14,93.85,93.94,1025
2016.03.31,19:00,93.94,94.54,93.94,94.42,869
2016.03.31,20:00,94.40,94.49,94.06,94.13,669
2016.03.31,21:00,94.12,94.15,93.38,93.63,862
2016.03.31,22:00,93.64,94.02,93.53,93.93,553
2016.04.01,16:00,93.28,94.38,92.74,94.38,1141
2016.04.01,17:00,94.38,95.40,94.24,94.95,1879
2016.04.01,18:00,94.98,95.27,94.77,94.92,1629
2016.04.01,19:00,94.92,95.18,94.70,94.92,988
2016.04.01,20:00,94.88,95.21,94.59,95.04,874
2016.04.01,21:00,95.05,95.27,94.79,95.14,876
2016.04.01,22:00,95.15,95.43,95.10,95.11,1178
2016.04.04,16:00,95.28,96.22,95.08,95.56,997
2016.04.04,17:00,95.54,95.77,94.18,94.24,1185
2016.04.04,18:00,94.25,94.98,94.24,94.87,912
2016.04.04,19:00,94.87,95.14,94.68,94.80,763
2016.04.04,20:00,94.81,94.90,94.61,94.67,550
2016.04.04,21:00,94.65,94.72,94.34,94.43,782
2016.04.04,22:00,94.41,94.70,94.33,94.50,745
2016.04.05,16:00,93.32,93.86,93.23,93.46,966
2016.04.05,17:00,93.46,94.06,93.46,93.82,1270
2016.04.05,18:00,93.82,94.33,93.80,93.83,977
2016.04.05,19:00,93.86,94.23,93.74,93.79,915
2016.04.05,20:00,93.78,94.44,93.78,94.32,824
2016.04.05,21:00,94.31,94.73,94.24,94.67,781
2016.04.05,22:00,94.66,94.70,94.05,94.08,847
2016.04.06,16:00,93.96,94.33,93.88,94.18,950
2016.04.06,17:00,94.18,94.62,93.97,94.44,1026
2016.04.06,18:00,94.43,94.61,94.28,94.48,835
2016.04.06,19:00,94.46,94.83,94.38,94.73,691
2016.04.06,20:00,94.73,95.23,94.73,95.05,626
2016.04.06,21:00,95.06,95.13,94.70,95.07,1357
2016.04.06,22:00,95.08,95.46,95.06,95.34,992
2016.04.07,16:00,94.37,94.77,94.11,94.17,840
2016.04.07,17:00,94.18,94.20,93.44,93.54,1904
2016.04.07,18:00,93.54,93.78,93.27,93.74,1687
2016.04.07,19:00,93.73,93.84,93.41,93.71,1188
2016.04.07,20:00,93.71,94.03,93.54,93.63,887
2016.04.07,21:00,93.63,93.72,93.14,93.25,1301
2016.04.07,22:00,93.24,93.82,93.18,93.71,1729
2016.04.08,16:00,94.19,94.36,93.65,94.12,754
2016.04.08,17:00,94.13,94.40,93.79,93.98,1009
2016.04.08,18:00,93.98,94.23,93.44,93.64,851
2016.04.08,19:00,93.63,93.71,93.37,93.67,831
2016.04.08,20:00,93.69,94.19,93.56,94.18,763
2016.04.08,21:00,94.18,94.36,93.93,94.06,855
2016.04.08,22:00,94.05,94.08,93.75,93.96,1114
2016.04.11,16:00,94.44,94.70,93.83,93.88,1040
2016.04.11,17:00,93.91,94.28,93.18,93.22,1465
2016.04.11,18:00,93.21,93.49,92.97,93.47,1379
2016.04.11,19:00,93.48,94.14,93.26,94.07,1267
2016.04.11,20:00,94.08,94.21,93.59,93.84,998
2016.04.11,21:00,93.85,93.91,93.45,93.73,1810
2016.04.11,22:00,93.75,93.77,92.81,92.92,1640
2016.04.12,16:00,92.93,93.18,92.75,92.97,606
2016.04.12,17:00,92.99,93.21,92.20,92.80,1796
2016.04.12,18:00,92.80,93.42,92.65,93.11,1217
2016.04.12,19:00,93.11,93.60,93.05,93.46,962
2016.04.12,20:00,93.48,93.50,93.09,93.41,838
2016.04.12,21:00,93.41,93.47,93.07,93.31,1104
2016.04.12,22:00,93.32,93.65,93.23,93.29,1535
2016.04.13,16:00,93.62,94.28,93.61,94.15,761
2016.04.13,17:00,94.17,94.58,93.75,93.77,1463
2016.04.13,18:00,93.76,94.11,93.74,93.91,1317
2016.04.13,19:00,93.91,93.98,93.76,93.86,869
2016.04.13,20:00,93.84,94.06,93.78,94.00,899
2016.04.13,21:00,94.01,94.19,93.93,94.05,951
2016.04.13,22:00,94.06,94.49,94.01,94.42,848
2016.04.14,16:00,94.29,94.49,93.98,94.30,667
2016.04.14,17:00,94.31,94.41,94.04,94.23,884
2016.04.14,18:00,94.23,94.33,93.98,94.32,738
2016.04.14,19:00,94.33,94.43,94.21,94.38,503
2016.04.14,20:00,94.38,94.57,94.13,94.16,445
2016.04.14,21:00,94.14,94.38,94.11,94.30,488
2016.04.14,22:00,94.30,94.39,94.22,94.36,456
2016.04.15,16:00,94.58,94.58,94.13,94.55,509
2016.04.15,17:00,94.55,94.70,94.17,94.68,813
2016.04.15,18:00,94.68,94.79,94.27,94.27,646
2016.04.15,19:00,94.28,94.50,94.25,94.42,508
2016.04.15,20:00,94.43,94.68,94.28,94.67,721
2016.04.15,21:00,94.67,95.07,94.60,95.00,796
2016.04.15,22:00,95.01,95.11,94.92,95.01,516
2016.04.18,16:00,94.57,95.50,94.45,95.35,839
2016.04.18,17:00,95.35,96.09,95.32,95.99,1096
2016.04.18,18:00,95.99,96.03,95.54,95.63,962
2016.04.18,19:00,95.64,96.14,95.60,95.91,835
2016.04.18,20:00,95.93,96.38,95.86,96.38,922
2016.04.18,21:00,96.37,96.55,96.23,96.48,888
2016.04.18,22:00,96.48,96.51,96.24,96.47,559
2016.04.19,16:00,96.83,97.56,96.21,96.22,1037
2016.04.19,17:00,96.22,96.78,96.22,96.52,1441
2016.04.19,18:00,96.52,96.63,95.73,95.73,1025
2016.04.19,19:00,95.74,95.82,95.10,95.54,887
2016.04.19,20:00,95.55,96.40,95.55,96.31,918
2016.04.19,21:00,96.32,96.48,96.08,96.20,900
2016.04.19,22:00,96.18,96.42,96.00,96.38,1012
2016.04.20,16:00,96.54,96.61,95.93,96.09,725
2016.04.20,17:00,96.09,96.14,95.73,95.99,1236
2016.04.20,18:00,96.00,96.42,95.97,96.23,1061
2016.04.20,19:00,96.22,96.35,95.92,95.93,888
2016.04.20,20:00,95.91,96.28,95.88,96.17,731
2016.04.20,21:00,96.19,96.50,96.18,96.37,968
2016.04.20,22:00,96.37,96.47,96.19,96.32,935
2016.04.21,16:00,96.17,96.56,95.70,96.44,1057
2016.04.21,17:00,96.44,97.10,96.41,96.86,1301
2016.04.21,18:00,96.85,96.92,96.20,96.28,1048
2016.04.21,19:00,96.28,96.57,96.17,96.45,751
2016.04.21,20:00,96.45,96.68,96.37,96.38,912
2016.04.21,21:00,96.39,96.58,96.26,96.37,1224
2016.04.21,22:00,96.36,96.49,96.24,96.35,874
2016.04.22,16:00,96.03,96.04,95.40,95.65,1047
2016.04.22,17:00,95.68,95.78,94.19,94.21,1827
2016.04.22,18:00,94.22,94.29,93.72,93.94,1574
2016.04.22,19:00,93.97,94.47,93.95,94.36,1002
2016.04.22,20:00,94.39,94.85,94.33,94.51,977
2016.04.22,21:00,94.51,95.02,94.44,94.81,936
2016.04.22,22:00,94.82,94.91,94.46,94.66,903
2016.04.25,16:00,94.20,95.12,94.17,94.80,802
2016.04.25,17:00,94.77,95.47,94.76,95.14,1313
2016.04.25,18:00,95.14,95.64,95.09,95.30,1014
2016.04.25,19:00,95.27,95.97,95.25,95.78,1054
2016.04.25,20:00,95.79,95.86,95.32,95.73,954
2016.04.25,21:00,95.71,95.71,95.31,95.53,1062
2016.04.25,22:00,95.53,95.64,95.38,95.63,748
2016.04.26,16:00,95.65,96.25,95.58,96.09,566
2016.04.26,17:00,96.03,96.18,95.22,95.24,1160
2016.04.26,18:00,95.22,95.89,95.17,95.84,869
2016.04.26,19:00,95.85,96.02,95.78,95.91,684
2016.04.26,20:00,95.91,95.96,95.60,95.76,686
2016.04.26,21:00,95.77,95.98,95.67,95.72,834
2016.04.26,22:00,95.73,96.05,95.61,96.03,994
2016.04.27,16:00,95.63,95.86,95.37,95.48,564
2016.04.27,17:00,95.52,95.75,94.62,94.91,1247
2016.04.27,18:00,94.91,95.17,94.64,95.07,914
2016.04.27,19:00,95.06,95.21,94.95,95.00,741
2016.04.27,20:00,95.02,95.08,94.52,94.70,835
2016.04.27,21:00,94.65,95.14,94.41,95.03,1408
2016.04.27,22:00,95.04,95.81,95.00,95.51,1357
2016.04.28,16:00,95.05,95.51,94.72,94.92,1139
2016.04.28,17:00,94.92,95.00,94.36,94.94,1634
2016.04.28,18:00,94.96,95.22,94.82,94.83,1117
2016.04.28,19:00,94.85,94.95,94.43,94.60,956
2016.04.28,20:00,94.62,94.62,94.20,94.36,1097
2016.04.28,21:00,94.36,94.48,93.86,93.95,1471
2016.04.28,22:00,93.94,94.03,93.12,93.39,2134
2016.04.29,16:00,92.65,93.15,92.28,92.60,1182
2016.04.29,17:00,92.67,93.00,92.41,92.61,1884
2016.04.29,18:00,92.58,93.18,92.40,93.15,1558
2016.04.29,19:00,93.15,93.85,93.12,93.72,1078
2016.04.29,20:00,93.71,94.22,93.66,93.87,942
2016.04.29,21:00,93.89,94.11,93.59,93.70,1137
2016.04.29,22:00,93.71,94.53,93.64,94.25,1572
2016.05.02,16:00,94.00,94.91,93.61,94.26,942
2016.05.02,17:00,94.24,94.63,93.98,94.09,1547
2016.05.02,18:00,94.09,94.38,93.99,94.25,1184
2016.05.02,19:00,94.21,94.66,94.09,94.56,913
2016.05.02,20:00,94.58,94.82,94.46,94.61,966
2016.05.02,21:00,94.61,94.97,94.56,94.90,792
2016.05.02,22:00,94.88,94.96,94.74,94.88,606
2016.05.03,16:00,93.82,94.29,93.77,93.85,778
2016.05.03,17:00,93.85,93.85,93.24,93.41,1443
2016.05.03,18:00,93.42,93.67,93.04,93.31,1035
2016.05.03,19:00,93.31,93.76,93.11,93.72,901
2016.05.03,20:00,93.70,94.18,93.63,93.90,855
2016.05.03,21:00,93.92,93.98,93.53,93.65,998
2016.05.03,22:00,93.67,93.77,93.33,93.62,1277
2016.05.04,16:00,92.97,93.27,92.50,92.68,937
2016.05.04,17:00,92.72,93.00,92.53,92.81,1352
2016.05.04,18:00,92.83,92.96,92.64,92.75,1124
2016.05.04,19:00,92.75,93.17,92.72,93.06,757
2016.05.04,20:00,93.05,93.20,92.79,92.81,843
2016.05.04,21:00,92.81,93.01,92.63,92.81,921
2016.05.04,22:00,92.82,93.08,92.66,93.01,890
2016.05.05,16:00,93.12,93.76,92.87,92.92,820
2016.05.05,17:00,92.89,93.77,92.85,93.61,1213
2016.05.05,18:00,93.61,94.18,93.37,94.01,824
2016.05.05,19:00,93.98,94.08,93.76,93.91,749
2016.05.05,20:00,93.92,93.94,93.28,93.29,792
2016.05.05,21:00,93.30,93.54,93.17,93.24,923
2016.05.05,22:00,93.23,93.46,93.11,93.34,996
2016.05.06,16:00,93.08,93.69,93.03,93.08,812
2016.05.06,17:00,93.08,93.23,92.52,92.59,1278
2016.05.06,18:00,92.59,93.08,92.59,92.84,1025
2016.05.06,19:00,92.84,93.23,92.75,93.19,747
2016.05.06,20:00,93.19,94.03,93.09,94.03,785
2016.05.06,21:00,94.04,94.35,93.99,94.18,1033
2016.05.06,22:00,94.17,94.27,93.96,94.17,1128
2016.05.09,16:00,93.79,95.12,93.68,94.96,904
2016.05.09,17:00,94.96,95.01,94.32,94.56,1386
2016.05.09,18:00,94.56,94.69,94.09,94.44,1106
2016.05.09,19:00,94.42,94.63,94.28,94.59,768
2016.05.09,20:00,94.58,94.82,94.44,94.57,785
2016.05.09,21:00,94.58,94.84,94.44,94.82,789
2016.05.09,22:00,94.83,94.84,94.52,94.53,1011
2016.05.10,16:00,94.69,95.21,94.65,94.90,785
2016.05.10,17:00,94.88,95.37,94.85,95.32,1088
2016.05.10,18:00,95.30,95.53,95.27,95.42,843
2016.05.10,19:00,95.43,96.03,95.41,96.00,792
2016.05.10,20:00,95.99,96.11,95.79,96.04,762
2016.05.10,21:00,96.05,96.21,95.99,96.13,878
2016.05.10,22:00,96.11,96.41,96.09,96.38,693
2016.05.11,16:00,96.19,96.83,96.19,96.70,588
2016.05.11,17:00,96.69,97.18,96.61,96.72,1221
2016.05.11,18:00,96.69,96.69,96.16,96.16,859
2016.05.11,19:00,96.17,96.57,96.08,96.49,707
2016.05.11,20:00,96.48,96.72,96.33,96.34,658
2016.05.11,21:00,96.32,96.39,96.10,96.16,703
2016.05.11,22:00,96.17,96.30,96.00,96.03,835
2016.05.12,16:00,96.35,96.77,96.00,96.33,637
2016.05.12,17:00,96.33,96.69,95.62,95.92,1338
2016.05.12,18:00,95.90,95.92,95.31,95.34,1109
2016.05.12,19:00,95.35,95.44,94.89,95.44,902
2016.05.12,20:00,95.45,95.68,95.17,95.68,1030
2016.05.12,21:00,95.68,96.37,95.68,96.25,978
2016.05.12,22:00,96.25,96.39,95.86,95.91,1080
2016.05.13,16:00,95.62,96.40,95.32,96.33,828
2016.05.13,17:00,96.37,97.01,96.14,96.82,1849
2016.05.13,18:00,96.82,97.13,96.53,96.63,1304
2016.05.13,19:00,96.62,96.93,96.36,96.80,1011
2016.05.13,20:00,96.82,97.10,96.32,96.36,1124
2016.05.13,21:00,96.36,96.51,95.76,96.01,1455
2016.05.13,22:00,96.00,96.15,95.89,95.94,1247
2016.05.16,16:00,96.16,96.55,95.80,96.21,725
2016.05.16,17:00,96.19,96.60,95.99,96.52,997
2016.05.16,18:00,96.52,97.21,96.46,97.02,985
2016.05.16,19:00,97.03,97.31,96.82,97.19,868
2016.05.16,20:00,97.21,97.41,97.05,97.32,836
2016.05.16,21:00,97.33,97.73,97.26,97.59,807
2016.05.16,22:00,97.59,97.65,97.19,97.23,667
2016.05.17,16:00,96.78,97.22,96.58,96.67,1555
2016.05.17,17:00,96.67,97.07,96.46,96.98,1606
2016.05.17,18:00,96.99,97.26,96.79,97.23,955
2016.05.17,19:00,97.25,97.25,96.95,97.12,679
2016.05.17,20:00,97.13,97.26,96.90,96.93,915
2016.05.17,21:00,96.92,96.95,95.95,96.18,1543
2016.05.17,22:00,96.19,96.25,95.71,95.91,1353
2016.05.18,16:00,95.72,95.89,95.44,95.87,906
2016.05.18,17:00,95.88,96.70,95.77,96.49,1200
2016.05.18,18:00,96.49,96.88,96.47,96.55,1255
2016.05.18,19:00,96.54,96.88,96.49,96.88,793
2016.05.18,20:00,96.92,97.39,96.91,97.22,889
2016.05.18,21:00,97.22,97.22,95.88,96.41,2393
2016.05.18,22:00,96.41,96.71,96.00,96.45,1953
2016.05.19,16:00,96.36,96.63,95.79,95.79,814
2016.05.19,17:00,95.79,95.97,95.39,95.51,1748
2016.05.19,18:00,95.51,95.70,95.19,95.47,1181
2016.05.19,19:00,95.48,95.64,95.35,95.43,822
2016.05.19,20:00,95.44,95.75,95.44,95.52,1018
2016.05.19,21:00,95.53,95.73,95.39,95.43,1136
2016.05.19,22:00,95.44,96.10,95.43,95.83,1143
2016.05.20,16:00,96.01,96.56,95.84,96.42,964
2016.05.20,17:00,96.43,96.44,95.82,96.25,1586
2016.05.20,18:00,96.24,96.52,96.20,96.46,744
2016.05.20,19:00,96.46,96.74,96.35,96.73,812
2016.05.20,20:00,96.72,97.03,96.70,96.90,736
2016.05.20,21:00,96.89,97.09,96.79,96.81,707
2016.05.20,22:00,96.81,96.87,96.53,96.86,847
2016.05.23,16:00,96.70,97.33,96.55,96.90,1000
2016.05.23,17:00,96.91,97.04,96.48,96.49,943
2016.05.23,18:00,96.49,96.77,96.44,96.62,757
2016.05.23,19:00,96.63,96.79,96.55,96.73,599
2016.05.23,20:00,96.73,96.92,96.62,96.74,562
2016.05.23,21:00,96.72,97.03,96.69,96.88,678
2016.05.23,22:00,96.88,96.93,96.62,96.62,704
2016.05.24,16:00,97.04,98.10,96.93,98.05,1072
2016.05.24,17:00,98.06,99.32,98.04,99.32,2252
2016.05.24,18:00,99.31,99.41,98.86,99.35,1206
2016.05.24,19:00,99.35,99.40,99.10,99.21,885
2016.05.24,20:00,99.22,99.47,99.18,99.35,892
2016.05.24,21:00,99.32,99.58,99.21,99.42,819
2016.05.24,22:00,99.43,99.66,99.37,99.66,880
2016.05.25,16:00,99.89,99.93,98.75,99.45,1097
2016.05.25,17:00,99.42,99.61,98.79,99.41,1607
2016.05.25,18:00,99.41,99.58,99.03,99.09,1335
2016.05.25,19:00,99.09,99.44,99.09,99.33,972
2016.05.25,20:00,99.34,99.95,99.34,99.82,1174
2016.05.25,21:00,99.83,99.90,99.47,99.51,1074
2016.05.25,22:00,99.50,99.89,99.45,99.56,928
2016.05.26,16:00,99.73,99.74,99.07,99.64,798
2016.05.26,17:00,99.64,100.27,99.52,99.71,1461
2016.05.26,18:00,99.71,99.91,99.36,99.44,1236
2016.05.26,19:00,99.43,99.62,99.10,99.12,648
2016.05.26,20:00,99.13,99.37,99.04,99.22,774
2016.05.26,21:00,99.21,99.48,99.19,99.45,618
2016.05.26,22:00,99.46,99.53,99.20,99.26,477
2016.05.27,16:00,99.26,99.74,99.23,99.34,726
2016.05.27,17:00,99.34,99.45,98.87,99.29,1236
2016.05.27,18:00,99.29,99.78,99.24,99.68,976
2016.05.27,19:00,99.68,99.80,99.52,99.68,702
2016.05.27,20:00,99.69,99.79,99.41,99.49,766
2016.05.27,21:00,99.49,99.90,99.32,99.81,897
2016.05.27,22:00,99.81,100.04,99.74,100.01,676
2016.05.31,16:00,100.13,100.33,99.76,100.08,507
2016.05.31,17:00,100.06,100.54,100.03,100.27,956
2016.05.31,18:00,100.25,100.27,99.96,100.08,698
2016.05.31,19:00,100.07,100.08,99.76,99.78,838
2016.05.31,20:00,99.78,100.11,99.75,100.05,687
2016.05.31,21:00,100.05,100.06,99.31,99.36,1079
2016.05.31,22:00,99.36,99.78,99.33,99.51,1135
2016.06.01,16:00,99.20,99.86,98.90,99.39,872
2016.06.01,17:00,99.40,100.24,99.28,100.14,1621
2016.06.01,18:00,100.15,100.36,99.74,100.08,1043
2016.06.01,19:00,100.09,100.16,99.77,99.95,737
2016.06.01,20:00,99.94,99.98,99.50,99.76,818
2016.06.01,21:00,99.76,100.15,99.53,100.10,1108
2016.06.01,22:00,100.10,100.22,99.92,99.96,1023
2016.06.02,16:00,99.73,99.89,99.11,99.27,805
2016.06.02,17:00,99.25,99.76,99.16,99.35,1121
2016.06.02,18:00,99.35,99.60,99.30,99.33,691
2016.06.02,19:00,99.34,99.52,99.19,99.35,772
2016.06.02,20:00,99.35,99.85,99.29,99.80,968
2016.06.02,21:00,99.80,100.07,99.70,100.06,754
2016.06.02,22:00,100.04,100.09,99.90,100.00,618
2016.06.03,16:00,98.97,99.00,98.39,98.46,1039
2016.06.03,17:00,98.43,99.05,97.87,98.94,2337
2016.06.03,18:00,98.93,98.96,98.41,98.80,1584
2016.06.03,19:00,98.80,98.92,98.51,98.68,1245
2016.06.03,20:00,98.68,98.84,98.53,98.76,1070
2016.06.03,21:00,98.75,98.94,98.58,98.87,986
2016.06.03,22:00,98.86,98.98,98.57,98.75,890
2016.06.06,16:00,98.87,99.04,98.33,98.85,703
2016.06.06,17:00,98.85,99.46,98.82,99.42,1111
2016.06.06,18:00,99.41,99.44,99.13,99.16,1017
2016.06.06,19:00,99.15,99.38,98.90,99.14,899
2016.06.06,20:00,99.14,99.37,99.08,99.33,732
2016.06.06,21:00,99.32,99.45,99.24,99.28,631
2016.06.06,22:00,99.29,99.38,99.10,99.12,660
2016.06.07,16:00,99.34,99.61,99.12,99.47,548
2016.06.07,17:00,99.49,99.54,99.09,99.16,864
2016.06.07,18:00,99.17,99.34,99.04,99.09,553
2016.06.07,19:00,99.09,99.26,99.08,99.21,631
2016.06.07,20:00,99.22,99.26,99.02,99.05,546
2016.06.07,21:00,99.06,99.07,98.82,98.88,528
2016.06.07,22:00,98.88,98.94,98.44,98.50,749
2016.06.08,16:00,98.24,98.87,98.19,98.62,636
2016.06.08,17:00,98.62,98.65,97.97,98.18,1192
2016.06.08,18:00,98.19,98.69,98.07,98.56,1167
2016.06.08,19:00,98.57,98.69,98.51,98.66,648
2016.06.08,20:00,98.65,98.77,98.47,98.52,700
2016.06.08,21:00,98.54,98.81,98.50,98.73,981
2016.06.08,22:00,98.74,98.89,98.63,98.69,508
2016.06.09,16:00,98.42,98.66,98.04,98.46,682
2016.06.09,17:00,98.44,98.60,98.18,98.32,1249
2016.06.09,18:00,98.32,98.33,98.02,98.08,1037
2016.06.09,19:00,98.07,98.21,97.82,98.19,933
2016.06.09,20:00,98.19,98.43,98.04,98.12,1166
2016.06.09,21:00,98.11,98.41,98.06,98.25,1199
2016.06.09,22:00,98.25,98.37,98.06,98.12,837
2016.06.10,16:00,96.98,97.50,96.94,97.30,733
2016.06.10,17:00,97.30,97.82,97.20,97.54,1504
2016.06.10,18:00,97.55,97.65,97.31,97.45,1351
2016.06.10,19:00,97.44,97.47,97.14,97.37,1105
2016.06.10,20:00,97.38,97.44,97.04,97.07,1090
2016.06.10,21:00,97.08,97.08,96.77,96.85,1336
2016.06.10,22:00,96.86,97.16,96.77,97.04,794
2016.06.13,16:00,96.68,98.05,96.56,97.86,890
2016.06.13,17:00,97.87,98.00,97.51,97.60,1483
2016.06.13,18:00,97.59,97.65,97.10,97.13,1306
2016.06.13,19:00,97.14,97.71,97.05,97.62,1189
2016.06.13,20:00,97.63,97.68,97.25,97.32,1167
2016.06.13,21:00,97.32,97.53,97.20,97.28,990
2016.06.13,22:00,97.29,97.30,96.87,96.93,982
2016.06.14,16:00,96.46,97.09,96.38,97.01,576
2016.06.14,17:00,97.02,97.20,96.32,96.51,1453
2016.06.14,18:00,96.50,96.78,96.33,96.59,1204
2016.06.14,19:00,96.58,97.04,96.48,96.85,856
2016.06.14,20:00,96.85,96.96,96.54,96.60,728
2016.06.14,21:00,96.59,97.00,96.55,96.67,824
2016.06.14,22:00,96.67,97.13,96.56,96.92,1190
2016.06.15,16:00,97.45,97.70,97.29,97.59,599
2016.06.15,17:00,97.59,97.78,97.31,97.38,1434
2016.06.15,18:00,97.36,97.43,97.01,97.41,869
2016.06.15,19:00,97.41,97.51,97.22,97.24,720
2016.06.15,20:00,97.23,97.49,97.21,97.40,875
2016.06.15,21:00,97.47,97.53,96.97,97.22,1181
2016.06.15,22:00,97.21,97.42,96.86,96.92,1259
2016.06.16,16:00,96.70,96.70,95.81,96.03,748
2016.06.16,17:00,96.05,96.11,95.48,95.68,1260
2016.06.16,18:00,95.66,96.06,95.58,95.94,1059
2016.06.16,19:00,95.91,96.83,95.81,96.64,1143
2016.06.16,20:00,96.65,96.89,96.58,96.63,1259
2016.06.16,21:00,96.64,97.00,96.60,96.86,1214
2016.06.16,22:00,96.87,97.26,96.76,97.11,1038
2016.06.17,16:00,96.95,97.04,95.73,95.92,1136
2016.06.17,17:00,95.92,96.16,95.53,95.54,1430
2016.06.17,18:00,95.54,95.75,95.29,95.57,1211
2016.06.17,19:00,95.57,95.85,95.54,95.61,811
2016.06.17,20:00,95.60,96.01,95.48,95.89,831
2016.06.17,21:00,95.88,96.11,95.74,95.89,1245
2016.06.17,22:00,95.89,95.94,95.60,95.67,1013
2016.06.20,16:00,97.25,97.59,96.72,97.55,762
2016.06.20,17:00,97.52,98.24,97.47,98.01,1482
2016.06.20,18:00,98.01,98.72,98.00,98.40,1260
2016.06.20,19:00,98.40,98.43,98.15,98.41,684
2016.06.20,20:00,98.40,98.44,98.10,98.36,848
2016.06.20,21:00,98.37,98.50,98.15,98.48,750
2016.06.20,22:00,98.47,98.48,97.81,97.83,796
2016.06.21,16:00,98.61,99.06,98.48,98.59,1418
2016.06.21,17:00,98.59,98.74,98.09,98.16,2202
2016.06.21,18:00,98.18,98.64,98.13,98.46,1492
2016.06.21,19:00,98.46,98.85,98.46,98.55,864
2016.06.21,20:00,98.55,98.78,98.37,98.78,1196
2016.06.21,21:00,98.79,99.33,98.66,99.29,1244
2016.06.21,22:00,99.30,99.88,99.08,99.81,1643
2016.06.22,16:00,95.71,96.38,94.23,94.37,2569
2016.06.22,17:00,94.41,95.37,94.14,95.02,2763
2016.06.22,18:00,95.00,95.05,94.43,94.83,1640
2016.06.22,19:00,94.82,95.19,94.53,95.17,1389
2016.06.22,20:00,95.16,95.16,94.59,94.90,1327
2016.06.22,21:00,94.90,95.12,94.08,94.29,1469
2016.06.22,22:00,94.30,94.36,93.83,93.97,1256
2016.06.23,16:00,94.79,95.06,94.28,94.92,1346
2016.06.23,17:00,94.92,95.75,94.90,95.73,2568
2016.06.23,18:00,95.73,96.19,95.72,96.14,1658
2016.06.23,19:00,96.15,96.17,95.73,95.84,1172
2016.06.23,20:00,95.84,96.00,95.54,95.70,1084
2016.06.23,21:00,95.69,95.88,95.56,95.84,1376
2016.06.23,22:00,95.85,96.22,95.67,96.17,915
2016.06.24,16:00,92.01,93.93,91.90,93.80,1500
2016.06.24,17:00,93.80,94.24,93.39,93.54,3502
2016.06.24,18:00,93.54,93.95,93.31,93.74,2233
2016.06.24,19:00,93.74,93.78,92.82,92.90,1516
2016.06.24,20:00,92.90,93.25,92.71,92.82,1529
2016.06.24,21:00,92.81,93.12,92.36,92.67,1864
2016.06.24,22:00,92.66,92.80,92.01,92.61,2389
2016.06.27,16:00,91.06,91.36,90.45,91.27,1429
2016.06.27,17:00,91.27,91.43,90.72,90.78,2620
2016.06.27,18:00,90.78,91.70,90.62,91.43,2386
2016.06.27,19:00,91.44,91.95,91.22,91.29,1693
2016.06.27,20:00,91.30,91.41,90.64,90.76,2359
2016.06.27,21:00,90.75,90.92,90.35,90.50,2471
2016.06.27,22:00,90.53,90.97,90.32,90.86,2330
2016.06.28,16:00,91.55,92.46,91.37,92.33,951
2016.06.28,17:00,92.34,92.36,91.79,91.97,1469
2016.06.28,18:00,91.97,92.03,91.31,91.69,1442
2016.06.28,19:00,91.70,92.01,91.62,91.99,1107
2016.06.28,20:00,91.99,92.02,91.46,91.77,1196
2016.06.28,21:00,91.74,92.58,91.64,92.47,1348
2016.06.28,22:00,92.47,92.63,92.10,92.37,1753
2016.06.29,16:00,92.79,93.30,92.64,93.28,898
2016.06.29,17:00,93.29,93.61,93.03,93.39,1020
2016.06.29,18:00,93.40,94.05,93.40,94.03,980
2016.06.29,19:00,94.03,94.41,94.00,94.22,626
2016.06.29,20:00,94.21,94.27,93.98,94.21,684
2016.06.29,21:00,94.20,94.49,94.09,94.26,1059
2016.06.29,22:00,94.26,94.59,94.26,94.35,881
2016.06.30,16:00,94.42,94.91,94.35,94.58,936
2016.06.30,17:00,94.57,94.91,94.09,94.90,1721
2016.06.30,18:00,94.90,95.37,94.82,95.13,1547
2016.06.30,19:00,95.14,95.76,95.13,95.64,1762
2016.06.30,20:00,95.66,95.67,95.38,95.56,1568
2016.06.30,21:00,95.57,95.84,95.48,95.77,1392
2016.06.30,22:00,95.76,95.85,95.36,95.54,1239
2016.07.01,16:00,95.12,96.68,95.12,96.41,964
2016.07.01,17:00,96.41,97.11,96.23,96.30,1705
2016.07.01,18:00,96.31,96.31,95.71,95.81,1316
2016.07.01,19:00,95.80,95.95,95.49,95.65,1375
2016.07.01,20:00,95.63,95.83,95.24,95.24,1218
2016.07.01,21:00,95.25,95.40,94.98,95.10,1155
2016.07.01,22:00,95.12,95.47,95.10,95.40,1010
2016.07.05,16:00,94.62,94.94,94.12,94.85,753
2016.07.05,17:00,94.89,95.56,94.77,95.30,1735
2016.07.05,18:00,95.30,95.49,94.91,95.01,1519
2016.07.05,19:00,95.00,95.10,94.69,94.76,1171
2016.07.05,20:00,94.77,94.79,94.33,94.55,1150
2016.07.05,21:00,94.54,94.71,94.28,94.50,1648
2016.07.05,22:00,94.50,94.96,94.44,94.74,1267
2016.07.06,16:00,94.32,94.73,93.98,94.64,807
2016.07.06,17:00,94.64,95.09,94.36,95.05,1493
2016.07.06,18:00,95.05,95.29,94.93,95.11,1078
2016.07.06,19:00,95.10,95.43,95.09,95.26,855
2016.07.06,20:00,95.26,95.34,94.82,94.87,811
2016.07.06,21:00,94.88,95.16,94.74,95.12,1204
2016.07.06,22:00,95.11,95.17,94.86,95.10,925
2016.07.07,16:00,94.93,95.27,94.87,95.22,648
2016.07.07,17:00,95.23,95.47,95.00,95.01,1063
2016.07.07,18:00,95.01,95.27,94.96,95.09,1219
2016.07.07,19:00,95.08,95.19,94.57,94.63,1065
2016.07.07,20:00,94.64,94.89,94.59,94.69,937
2016.07.07,21:00,94.70,94.83,94.48,94.61,1317
2016.07.07,22:00,94.62,95.06,94.55,95.03,870
2016.07.08,16:00,95.57,96.25,95.28,96.09,676
2016.07.08,17:00,96.11,96.70,96.11,96.69,1175
2016.07.08,18:00,96.68,96.75,96.51,96.67,776
2016.07.08,19:00,96.68,96.72,96.41,96.54,747
2016.07.08,20:00,96.53,96.71,96.39,96.69,607
2016.07.08,21:00,96.69,96.82,96.61,96.65,668
2016.07.08,22:00,96.64,96.73,96.59,96.70,578
2016.07.11,16:00,96.88,97.49,96.70,97.45,742
2016.07.11,17:00,97.42,97.42,97.03,97.21,986
2016.07.11,18:00,97.21,97.43,97.21,97.40,648
2016.07.11,19:00,97.41,97.49,97.26,97.47,559
2016.07.11,20:00,97.47,97.50,97.08,97.08,548
2016.07.11,21:00,97.09,97.25,97.02,97.11,504
2016.07.11,22:00,97.12,97.32,97.11,97.19,321
2016.07.12,16:00,97.23,97.47,96.89,97.02,686
2016.07.12,17:00,97.02,97.11,96.65,96.78,1202
2016.07.12,18:00,96.77,97.34,96.68,97.27,890
2016.07.12,19:00,97.26,97.54,97.25,97.51,690
2016.07.12,20:00,97.51,97.61,97.36,97.42,756
2016.07.12,21:00,97.44,97.76,97.43,97.53,856
2016.07.12,22:00,97.54,97.67,97.46,97.52,505
2016.07.13,16:00,97.61,98.05,97.34,98.04,725
2016.07.13,17:00,98.04,98.33,97.82,98.03,1333
2016.07.13,18:00,98.03,98.18,97.60,97.77,1079
2016.07.13,19:00,97.78,97.80,97.57,97.62,571
2016.07.13,20:00,97.61,97.71,97.39,97.46,600
2016.07.13,21:00,97.46,97.74,97.46,97.65,962
2016.07.13,22:00,97.66,97.71,97.33,97.36,660
2016.07.14,16:00,97.84,98.07,97.72,97.88,625
2016.07.14,17:00,97.91,98.10,97.76,97.90,1203
2016.07.14,18:00,97.90,98.06,97.64,97.72,1139
2016.07.14,19:00,97.73,97.82,97.68,97.69,808
2016.07.14,20:00,97.70,97.70,97.40,97.51,875
2016.07.14,21:00,97.52,97.81,97.45,97.78,655
2016.07.14,22:00,97.77,98.08,97.64,97.76,535
2016.07.15,16:00,97.87,98.30,97.44,97.60,781
2016.07.15,17:00,97.60,97.87,97.57,97.87,765
2016.07.15,18:00,97.88,97.90,97.56,97.66,733
2016.07.15,19:00,97.68,97.74,97.54,97.63,601
2016.07.15,20:00,97.65,97.90,97.65,97.73,529
2016.07.15,21:00,97.74,97.85,97.65,97.78,642
2016.07.15,22:00,97.79,98.01,97.74,97.75,545
2016.07.18,16:00,97.59,98.11,97.52,98.05,414
2016.07.18,17:00,98.04,98.36,98.04,98.15,777
2016.07.18,18:00,98.15,98.51,98.15,98.27,646
2016.07.18,19:00,98.26,98.26,97.90,97.96,536
2016.07.18,20:00,97.95,98.14,97.81,98.04,501
2016.07.18,21:00,98.05,98.07,97.88,97.95,501
2016.07.18,22:00,97.96,97.98,97.76,97.78,301
2016.07.19,16:00,97.38,97.86,97.33,97.45,727
2016.07.19,17:00,97.45,97.64,97.22,97.53,910
2016.07.19,18:00,97.54,98.14,97.54,98.10,886
2016.07.19,19:00,98.12,98.12,97.84,98.07,668
2016.07.19,20:00,98.06,98.06,97.60,97.82,960
2016.07.19,21:00,97.82,97.95,97.73,97.88,749
2016.07.19,22:00,97.89,97.89,97.65,97.68,658
2016.07.20,16:00,97.87,98.49,97.75,98.34,760
2016.07.20,17:00,98.34,98.86,98.14,98.82,953
2016.07.20,18:00,98.83,98.84,98.59,98.79,690
2016.07.20,19:00,98.80,98.80,98.36,98.37,556
2016.07.20,20:00,98.39,98.62,98.34,98.57,606
2016.07.20,21:00,98.58,98.63,98.52,98.55,643
2016.07.20,22:00,98.54,98.58,98.39,98.53,608
2016.07.21,16:00,98.15,98.32,97.67,97.68,659
2016.07.21,17:00,97.68,97.80,97.15,97.21,1002
2016.07.21,18:00,97.19,97.24,96.84,96.92,601
2016.07.21,19:00,96.93,96.94,96.46,96.69,586
2016.07.21,20:00,96.70,96.80,96.45,96.52,634
2016.07.21,21:00,96.51,96.52,96.13,96.31,675
2016.07.21,22:00,96.30,96.37,96.05,96.31,341
2016.07.22,16:00,96.40,96.63,95.94,96.37,558
2016.07.22,17:00,96.37,97.21,96.32,97.11,1322
2016.07.22,18:00,97.11,97.65,96.95,97.61,879
2016.07.22,19:00,97.61,97.99,97.51,97.84,697
2016.07.22,20:00,97.84,97.86,97.65,97.78,618
2016.07.22,21:00,97.80,98.04,97.67,97.98,468
2016.07.22,22:00,97.99,98.22,97.90,97.97,489
2016.07.25,16:00,97.60,97.70,96.88,97.13,679
2016.07.25,17:00,97.13,97.51,96.88,97.19,1280
2016.07.25,18:00,97.19,97.33,97.01,97.04,1038
2016.07.25,19:00,97.06,97.14,96.89,96.93,807
2016.07.25,20:00,96.93,97.11,96.86,96.93,679
2016.07.25,21:00,96.92,97.05,96.85,96.94,623
2016.07.25,22:00,96.95,97.28,96.85,97.20,271
2016.07.26,16:00,97.52,98.36,97.43,98.32,613
2016.07.26,17:00,98.30,98.34,97.13,97.13,1383
2016.07.26,18:00,97.13,97.38,96.99,97.36,1181
2016.07.26,19:00,97.36,97.91,97.36,97.84,735
2016.07.26,20:00,97.83,97.90,97.48,97.70,863
2016.07.26,21:00,97.71,97.94,97.59,97.85,794
2016.07.26,22:00,97.83,98.06,97.82,97.90,633
2016.07.27,16:00,97.58,97.92,97.40,97.79,731
2016.07.27,17:00,97.79,97.83,97.35,97.56,1297
2016.07.27,18:00,97.52,97.95,97.48,97.73,970
2016.07.27,19:00,97.74,97.88,97.58,97.69,690
2016.07.27,20:00,97.69,98.06,97.66,97.99,822
2016.07.27,21:00,97.99,98.35,97.77,98.23,1635
2016.07.27,22:00,98.22,98.39,97.87,97.93,1138
2016.07.28,16:00,97.88,98.26,97.46,98.18,668
2016.07.28,17:00,98.20,98.32,97.66,97.84,1323
2016.07.28,18:00,97.84,97.95,97.73,97.83,928
2016.07.28,19:00,97.81,97.88,97.70,97.85,723
2016.07.28,20:00,97.85,98.18,97.82,98.17,646
2016.07.28,21:00,98.16,98.36,98.13,98.35,630
2016.07.28,22:00,98.36,98.58,98.33,98.44,523
2016.07.29,16:00,98.39,98.48,97.68,97.70,550
2016.07.29,17:00,97.70,97.74,97.21,97.59,1119
2016.07.29,18:00,97.58,98.01,97.58,97.67,987
2016.07.29,19:00,97.68,98.15,97.68,97.98,680
2016.07.29,20:00,97.99,98.25,97.97,98.17,615
2016.07.29,21:00,98.18,98.26,97.85,97.94,849
2016.07.29,22:00,97.96,98.07,97.71,97.94,912
2016.08.01,16:00,97.64,97.73,97.11,97.49,847
2016.08.01,17:00,97.43,97.88,97.39,97.88,1219
2016.08.01,18:00,97.87,98.13,97.80,97.86,864
2016.08.01,19:00,97.85,97.88,97.41,97.53,877
2016.08.01,20:00,97.54,97.66,97.31,97.62,903
2016.08.01,21:00,97.62,97.75,97.49,97.71,1013
2016.08.01,22:00,97.71,97.78,97.43,97.67,1131
2016.08.02,16:00,97.23,97.53,96.50,96.79,859
2016.08.02,17:00,96.80,96.82,95.83,95.89,1723
2016.08.02,18:00,95.87,96.07,95.65,95.66,1235
2016.08.02,19:00,95.66,95.93,95.50,95.54,915
2016.08.02,20:00,95.55,95.89,95.40,95.89,1073
2016.08.02,21:00,95.90,96.32,95.82,96.17,1118
2016.08.02,22:00,96.17,96.25,96.02,96.11,814
2016.08.03,16:00,95.77,96.35,95.75,95.87,712
2016.08.03,17:00,95.88,96.01,95.61,95.87,1977
2016.08.03,18:00,95.88,96.11,95.83,95.94,1073
2016.08.03,19:00,95.93,96.02,95.82,95.99,729
2016.08.03,20:00,96.00,96.20,95.95,96.18,496
2016.08.03,21:00,96.15,96.41,96.14,96.40,461
2016.08.03,22:00,96.39,96.60,96.38,96.57,353
2016.08.04,16:00,96.41,96.68,96.24,96.25,527
2016.08.04,17:00,96.25,96.91,96.25,96.91,607
2016.08.04,18:00,96.88,96.97,96.73,96.97,716
2016.08.04,19:00,96.96,97.23,96.88,96.90,567
2016.08.04,20:00,96.90,97.05,96.70,97.04,668
2016.08.04,21:00,97.03,97.12,96.93,97.08,401
2016.08.04,22:00,97.07,97.24,97.00,97.07,339
2016.08.05,16:00,97.17,98.23,97.07,98.23,767
2016.08.05,17:00,98.23,98.61,98.05,98.58,902
2016.08.05,18:00,98.57,98.74,98.36,98.48,724
2016.08.05,19:00,98.49,98.90,98.45,98.85,440
2016.08.05,20:00,98.84,99.02,98.71,99.02,517
2016.08.05,21:00,99.03,99.05,98.53,98.70,457
2016.08.05,22:00,98.71,98.98,98.71,98.94,286
2016.08.08,16:00,98.75,98.89,98.38,98.55,893
2016.08.08,17:00,98.56,98.82,98.44,98.60,1200
2016.08.08,18:00,98.61,98.86,98.57,98.65,796
2016.08.08,19:00,98.64,98.73,98.57,98.60,458
2016.08.08,20:00,98.58,98.69,98.47,98.53,475
2016.08.08,21:00,98.52,98.55,98.27,98.47,455
2016.08.08,22:00,98.48,98.57,98.39,98.45,295
2016.08.09,16:00,98.58,98.71,98.42,98.56,504
2016.08.09,17:00,98.58,98.97,98.53,98.95,758
2016.08.09,18:00,98.96,99.19,98.96,99.12,511
2016.08.09,19:00,99.12,99.20,98.71,98.73,515
2016.08.09,20:00,98.72,98.88,98.65,98.79,793
2016.08.09,21:00,98.78,98.82,98.49,98.73,965
2016.08.09,22:00,98.74,98.88,98.67,98.88,416
2016.08.10,16:00,98.89,99.80,98.88,99.36,625
2016.08.10,17:00,99.35,99.95,99.20,99.95,1119
2016.08.10,18:00,99.96,100.19,99.56,100.16,1388
2016.08.10,19:00,100.17,100.95,100.14,100.75,791
2016.08.10,20:00,100.74,100.88,100.59,100.68,612
2016.08.10,21:00,100.67,100.75,100.45,100.65,773
2016.08.10,22:00,100.64,100.81,100.44,100.58,398
2016.08.11,16:00,100.84,101.36,100.64,101.05,884
2016.08.11,17:00,101.05,101.22,100.55,101.05,966
2016.08.11,18:00,101.06,101.20,100.85,101.10,767
2016.08.11,19:00,101.10,101.22,100.88,101.12,547
2016.08.11,20:00,101.13,101.45,101.09,101.39,485
2016.08.11,21:00,101.40,101.56,101.31,101.32,479
2016.08.11,22:00,101.31,101.90,101.31,101.66,430
2016.08.12,16:00,100.73,101.12,100.20,100.21,863
2016.08.12,17:00,100.20,100.91,100.01,100.81,1174
2016.08.12,18:00,100.83,100.98,100.50,100.76,711
2016.08.12,19:00,100.77,100.86,100.55,100.70,826
2016.08.12,20:00,100.71,100.84,100.51,100.73,706
2016.08.12,21:00,100.74,101.03,100.69,100.91,527
2016.08.12,22:00,100.92,101.14,100.88,101.01,320
2016.08.15,16:00,101.04,101.30,100.89,101.17,678
2016.08.15,17:00,101.12,101.58,101.12,101.30,757
2016.08.15,18:00,101.29,101.60,101.24,101.32,709
2016.08.15,19:00,101.32,101.37,101.17,101.25,427
2016.08.15,20:00,101.26,101.31,100.96,101.04,561
2016.08.15,21:00,101.04,101.14,100.91,101.09,545
2016.08.15,22:00,101.09,101.15,100.90,100.90,224
2016.08.16,16:00,100.43,100.48,99.87,100.39,805
2016.08.16,17:00,100.40,100.56,100.18,100.30,1046
2016.08.16,18:00,100.28,100.63,100.16,100.50,1048
2016.08.16,19:00,100.50,100.91,100.42,100.91,906
2016.08.16,20:00,100.90,100.94,100.68,100.72,594
2016.08.16,21:00,100.72,100.93,100.63,100.85,621
2016.08.16,22:00,100.86,100.94,100.64,100.70,487
2016.08.17,16:00,100.31,100.71,100.01,100.45,564
2016.08.17,17:00,100.42,100.42,99.86,100.03,1348
2016.08.17,18:00,100.05,100.07,99.51,99.62,1169
2016.08.17,19:00,99.61,99.88,99.57,99.76,811
2016.08.17,20:00,99.75,99.85,99.57,99.61,1105
2016.08.17,21:00,99.61,99.82,99.38,99.73,1679
2016.08.17,22:00,99.72,99.75,99.54,99.65,635
2016.08.18,16:00,99.69,100.36,99.50,100.20,595
2016.08.18,17:00,100.17,100.61,100.00,100.51,761
2016.08.18,18:00,100.52,100.79,100.36,100.63,829
2016.08.18,19:00,100.62,100.72,100.37,100.52,757
2016.08.18,20:00,100.52,100.86,100.52,100.71,783
2016.08.18,21:00,100.73,100.89,100.59,100.72,754
2016.08.18,22:00,100.71,100.79,100.59,100.64,389
2016.08.19,16:00,100.42,100.42,99.69,100.18,665
2016.08.19,17:00,100.19,100.56,99.93,100.21,1046
2016.08.19,18:00,100.21,100.40,100.16,100.24,717
2016.08.19,19:00,100.25,100.32,99.86,99.95,708
2016.08.19,20:00,99.96,100.15,99.88,100.09,603
2016.08.19,21:00,100.09,100.27,100.09,100.21,310
2016.08.19,22:00,100.22,100.36,100.20,100.29,339
2016.08.22,16:00,100.11,100.19,99.82,100.03,687
2016.08.22,17:00,100.04,100.64,99.88,100.38,1028
2016.08.22,18:00,100.39,100.48,99.94,100.24,695
2016.08.22,19:00,100.25,100.60,100.15,100.26,651
2016.08.22,20:00,100.27,100.37,99.98,100.24,882
2016.08.22,21:00,100.26,100.38,100.07,100.20,676
2016.08.22,22:00,100.20,100.32,100.17,100.23,519
2016.08.23,16:00,100.22,100.99,100.17,100.89,571
2016.08.23,17:00,100.90,101.16,100.73,101.12,797
2016.08.23,18:00,101.12,101.22,100.88,101.04,674
2016.08.23,19:00,101.02,101.10,100.82,100.86,649
2016.08.23,20:00,100.86,101.15,100.85,101.12,481
2016.08.23,21:00,101.13,101.24,100.94,100.98,764
2016.08.23,22:00,101.00,101.22,101.00,101.11,474
2016.08.24,16:00,100.97,101.17,100.68,100.89,493
2016.08.24,17:00,100.89,100.99,100.65,100.91,783
2016.08.24,18:00,100.91,101.34,100.91,101.30,709
2016.08.24,19:00,101.28,101.48,101.18,101.34,454
2016.08.24,20:00,101.31,101.42,101.20,101.34,314
2016.08.24,21:00,101.34,101.36,101.15,101.35,474
2016.08.24,22:00,101.34,101.34,100.82,101.00,681
2016.08.25,16:00,100.91,101.53,100.78,101.30,501
2016.08.25,17:00,101.29,101.44,101.04,101.16,981
2016.08.25,18:00,101.19,101.58,101.19,101.49,700
2016.08.25,19:00,101.49,101.62,101.30,101.62,469
2016.08.25,20:00,101.63,101.69,101.36,101.46,575
2016.08.25,21:00,101.47,101.76,101.36,101.54,583
2016.08.25,22:00,101.51,101.74,101.48,101.65,454
2016.08.26,16:00,101.50,102.45,101.46,101.91,524
2016.08.26,17:00,101.88,102.70,101.42,102.09,1345
2016.08.26,18:00,102.08,102.19,101.45,101.57,1103
2016.08.26,19:00,101.59,101.63,101.03,101.57,1136
2016.08.26,20:00,101.58,101.69,101.41,101.53,793
2016.08.26,21:00,101.54,101.74,101.34,101.53,926
2016.08.26,22:00,101.53,102.08,101.45,101.95,847
2016.08.29,16:00,101.57,102.13,101.57,101.99,494
2016.08.29,17:00,101.99,102.22,101.90,102.12,994
2016.08.29,18:00,102.11,102.58,102.11,102.50,1003
2016.08.29,19:00,102.50,102.54,102.31,102.54,495
2016.08.29,20:00,102.51,102.62,102.42,102.62,509
2016.08.29,21:00,102.63,102.65,102.26,102.32,425
2016.08.29,22:00,102.31,102.39,102.18,102.24,415
2016.08.30,16:00,101.99,102.35,101.77,102.05,602
2016.08.30,17:00,102.06,102.16,101.50,101.60,1340
2016.08.30,18:00,101.59,101.79,101.56,101.67,951
2016.08.30,19:00,101.68,101.75,101.58,101.64,525
2016.08.30,20:00,101.63,101.76,101.59,101.72,532
2016.08.30,21:00,101.71,101.72,101.55,101.64,745
2016.08.30,22:00,101.63,101.90,101.58,101.88,420
2016.08.31,16:00,101.81,102.18,101.54,102.14,709
2016.08.31,17:00,102.12,102.26,101.98,102.03,1073
2016.08.31,18:00,102.03,102.30,102.01,102.15,662
2016.08.31,19:00,102.15,102.15,101.67,101.99,809
2016.08.31,20:00,102.00,102.27,101.87,102.21,623
2016.08.31,21:00,102.21,102.47,102.19,102.27,531
2016.08.31,22:00,102.27,102.57,102.27,102.33,564
2016.09.01,16:00,102.03,102.79,101.93,102.48,750
2016.09.01,17:00,102.47,102.57,101.87,102.01,1606
2016.09.01,18:00,101.99,102.50,101.76,102.39,1030
2016.09.01,19:00,102.41,102.60,102.25,102.40,1134
2016.09.01,20:00,102.40,102.86,102.39,102.83,990
2016.09.01,21:00,102.82,102.89,102.61,102.85,1070
2016.09.01,22:00,102.84,102.89,102.53,102.88,928
2016.09.02,16:00,103.40,104.02,103.33,103.81,775
2016.09.02,17:00,103.83,104.12,103.73,103.83,1326
2016.09.02,18:00,103.83,103.99,103.56,103.58,1075
2016.09.02,19:00,103.57,103.68,103.28,103.45,998
2016.09.02,20:00,103.44,103.49,102.91,103.02,1001
2016.09.02,21:00,103.03,103.41,102.96,103.35,1225
2016.09.02,22:00,103.36,103.67,103.35,103.53,780
2016.09.06,16:00,103.38,103.59,103.13,103.57,645
2016.09.06,17:00,103.57,103.71,103.23,103.39,1375
2016.09.06,18:00,103.41,103.71,103.26,103.59,1144
2016.09.06,19:00,103.60,103.64,103.17,103.17,917
2016.09.06,20:00,103.20,103.24,103.06,103.11,676
2016.09.06,21:00,103.10,103.16,103.06,103.16,627
2016.09.06,22:00,103.17,103.42,103.13,103.42,206
2016.09.07,16:00,103.32,103.40,103.08,103.29,507
2016.09.07,17:00,103.29,103.43,102.94,103.04,1015
2016.09.07,18:00,103.04,103.05,102.56,102.84,834
2016.09.07,19:00,102.84,102.91,102.55,102.86,802
2016.09.07,20:00,102.86,103.01,102.74,102.77,868
2016.09.07,21:00,102.77,102.98,102.73,102.85,890
2016.09.07,22:00,102.84,102.96,102.83,102.95,581
2016.09.08,16:00,102.68,102.83,102.06,102.09,1143
2016.09.08,17:00,102.09,102.47,102.03,102.29,1681
2016.09.08,18:00,102.28,102.38,102.06,102.26,1124
2016.09.08,19:00,102.25,102.36,101.81,101.83,827
2016.09.08,20:00,101.83,101.97,101.58,101.79,994
2016.09.08,21:00,101.77,101.93,101.65,101.84,1188
2016.09.08,22:00,101.85,101.92,101.67,101.78,656
2016.09.09,16:00,100.99,101.13,100.48,100.98,1059
2016.09.09,17:00,100.98,101.19,100.62,100.96,2019
2016.09.09,18:00,100.92,101.24,100.83,100.92,1511
2016.09.09,19:00,100.94,101.03,100.28,100.38,1645
2016.09.09,20:00,100.39,100.42,99.75,99.84,1507
2016.09.09,21:00,99.85,100.19,99.59,100.10,1938
2016.09.09,22:00,100.10,100.10,99.53,99.58,1678
2016.09.12,16:00,98.91,99.58,98.85,99.30,1055
2016.09.12,17:00,99.31,99.84,99.25,99.68,2207
2016.09.12,18:00,99.70,100.09,99.65,99.89,1960
2016.09.12,19:00,99.91,100.11,99.70,100.02,1318
2016.09.12,20:00,100.00,100.29,99.67,100.15,2684
2016.09.12,21:00,100.13,100.45,100.08,100.24,1753
2016.09.12,22:00,100.26,100.47,100.18,100.25,1579
2016.09.13,16:00,99.39,99.53,98.41,98.55,1331
2016.09.13,17:00,98.54,98.70,98.14,98.24,2531
2016.09.13,18:00,98.19,98.27,97.84,98.00,2066
2016.09.13,19:00,98.00,99.18,97.96,98.49,1879
2016.09.13,20:00,98.48,99.00,98.24,98.70,2120
2016.09.13,21:00,98.69,98.83,98.48,98.55,2086
2016.09.13,22:00,98.56,99.01,98.35,99.01,1926
2016.09.14,16:00,98.74,99.14,98.54,98.98,888
2016.09.14,17:00,98.98,99.52,98.94,99.11,1730
2016.09.14,18:00,99.11,99.38,98.83,99.16,1598
2016.09.14,19:00,99.17,99.32,98.89,98.97,1387
2016.09.14,20:00,98.97,99.21,98.84,99.02,1556
2016.09.14,21:00,99.03,99.07,98.68,98.87,1940
2016.09.14,22:00,98.86,98.94,98.44,98.79,1763
2016.09.15,16:00,98.90,98.95,98.46,98.70,1151
2016.09.15,17:00,98.68,99.26,98.46,99.09,1856
2016.09.15,18:00,99.11,99.52,99.05,99.38,1025
2016.09.15,19:00,99.39,99.58,99.14,99.21,1123
2016.09.15,20:00,99.22,99.71,99.19,99.66,1092
2016.09.15,21:00,99.66,99.92,99.61,99.77,807
2016.09.15,22:00,99.78,100.00,99.64,99.67,826
2016.09.16,16:00,98.72,99.19,98.36,98.40,1233
2016.09.16,17:00,98.43,99.15,98.27,98.90,1775
2016.09.16,18:00,98.90,98.98,98.60,98.74,1506
2016.09.16,19:00,98.73,99.00,98.70,98.79,1242
2016.09.16,20:00,98.78,98.86,98.38,98.51,1285
2016.09.16,21:00,98.51,98.78,98.44,98.61,1393
2016.09.16,22:00,98.62,99.22,98.42,98.95,1244
2016.09.19,16:00,98.83,99.85,98.83,99.85,714
2016.09.19,17:00,99.85,100.13,99.33,99.47,1138
2016.09.19,18:00,99.48,99.77,99.40,99.75,1330
2016.09.19,19:00,99.73,99.76,99.19,99.39,1301
2016.09.19,20:00,99.38,99.60,98.98,99.36,1646
2016.09.19,21:00,99.36,99.91,99.29,99.88,1447
2016.09.19,22:00,99.90,99.91,99.54,99.60,1062
2016.09.20,16:00,100.11,100.78,99.70,100.75,1105
2016.09.20,17:00,100.74,100.75,99.64,99.97,1280
2016.09.20,18:00,99.98,100.32,99.90,100.07,972
2016.09.20,19:00,100.07,100.30,99.97,99.97,851
2016.09.20,20:00,99.97,100.31,99.94,100.22,905
2016.09.20,21:00,100.22,100.52,100.12,100.40,935
2016.09.20,22:00,100.38,100.49,100.31,100.38,852
2016.09.21,16:00,106.32,108.03,105.82,107.29,3194
2016.09.21,17:00,107.29,108.12,107.00,107.03,3335
2016.09.21,18:00,107.05,107.32,106.64,107.18,2065
2016.09.21,19:00,107.16,107.54,106.80,106.96,1455
2016.09.21,20:00,106.96,107.16,106.71,106.77,1442
2016.09.21,21:00,106.67,107.20,106.37,107.00,2195
2016.09.21,22:00,107.01,108.18,106.88,107.98,1671
2016.09.22,16:00,107.88,108.25,106.91,107.84,1149
2016.09.22,17:00,107.83,107.88,107.05,107.10,1402
2016.09.22,18:00,107.08,107.63,107.08,107.62,1168
2016.09.22,19:00,107.64,108.14,107.64,108.04,763
2016.09.22,20:00,108.03,108.14,107.81,107.92,814
2016.09.22,21:00,107.91,108.18,107.64,108.11,963
2016.09.22,22:00,108.11,108.18,107.95,107.99,696
2016.09.23,16:00,107.60,107.91,106.73,106.91,838
2016.09.23,17:00,106.92,107.38,106.86,107.13,1407
2016.09.23,18:00,107.13,107.26,106.94,107.09,1140
2016.09.23,19:00,107.08,107.49,106.99,107.49,562
2016.09.23,20:00,107.50,107.63,107.40,107.56,878
2016.09.23,21:00,107.55,107.80,107.47,107.79,946
2016.09.23,22:00,107.78,107.94,107.57,107.63,649
2016.09.26,16:00,106.91,107.08,106.49,106.88,768
2016.09.26,17:00,106.88,107.53,106.74,107.22,1440
2016.09.26,18:00,107.23,107.26,106.84,107.16,966
2016.09.26,19:00,107.12,107.49,107.08,107.32,961
2016.09.26,20:00,107.32,107.37,106.90,107.18,1149
2016.09.26,21:00,107.14,107.37,107.11,107.27,906
2016.09.26,22:00,107.27,107.52,107.19,107.21,1073
2016.09.27,16:00,107.00,107.80,106.69,107.76,722
2016.09.27,17:00,107.76,108.38,107.70,108.30,1343
2016.09.27,18:00,108.31,109.11,108.27,109.00,1204
2016.09.27,19:00,109.00,109.30,108.69,109.16,998
2016.09.27,20:00,109.17,109.63,109.08,109.58,1018
2016.09.27,21:00,109.59,109.69,109.36,109.52,944
2016.09.27,22:00,109.51,109.74,109.38,109.65,515
2016.09.28,16:00,109.29,109.54,108.78,109.22,826
2016.09.28,17:00,109.22,109.47,108.91,109.11,1489
2016.09.28,18:00,109.10,109.45,108.83,109.31,1050
2016.09.28,19:00,109.31,109.34,108.95,109.12,784
2016.09.28,20:00,109.11,109.52,109.03,109.30,974
2016.09.28,21:00,109.29,109.34,108.98,109.13,1393
2016.09.28,22:00,109.12,109.50,109.02,109.49,795
2016.09.29,16:00,109.47,109.62,108.78,108.87,777
2016.09.29,17:00,108.88,109.09,108.60,108.69,1371
2016.09.29,18:00,108.70,108.74,108.38,108.50,785
2016.09.29,19:00,108.51,108.80,107.70,107.84,1233
2016.09.29,20:00,107.82,108.04,107.53,107.84,1906
2016.09.29,21:00,107.82,108.42,107.68,108.20,1425
2016.09.29,22:00,108.19,108.24,107.77,107.92,1521
2016.09.30,16:00,108.01,108.29,107.55,107.55,940
2016.09.30,17:00,107.54,107.97,107.41,107.95,1467
2016.09.30,18:00,107.95,108.25,107.90,107.91,1285
2016.09.30,19:00,107.90,108.33,107.89,108.22,1252
2016.09.30,20:00,108.21,108.42,108.13,108.25,943
2016.09.30,21:00,108.26,108.63,108.25,108.60,1509
2016.09.30,22:00,108.59,108.82,108.55,108.76,896
2016.10.03,16:00,108.02,108.52,107.97,108.23,642
2016.10.03,17:00,108.23,108.93,108.22,108.87,1464
2016.10.03,18:00,108.86,108.88,108.10,108.19,1123
2016.10.03,19:00,108.20,108.52,108.17,108.38,728
2016.10.03,20:00,108.39,108.58,108.26,108.52,766
2016.10.03,21:00,108.53,108.66,108.32,108.46,937
2016.10.03,22:00,108.45,108.60,108.36,108.45,704
2016.10.04,16:00,108.42,108.87,108.34,108.62,565
2016.10.04,17:00,108.66,108.70,108.00,108.44,1421
2016.10.04,18:00,108.44,108.58,107.93,108.17,1617
2016.10.04,19:00,108.17,108.45,108.08,108.14,1029
2016.10.04,20:00,108.14,108.23,107.78,108.08,1335
2016.10.04,21:00,108.08,108.34,107.99,107.99,1463
2016.10.04,22:00,108.00,108.45,107.98,108.34,1335
2016.10.05,16:00,108.31,108.99,108.21,108.78,515
2016.10.05,17:00,108.78,109.29,108.70,109.10,1382
2016.10.05,18:00,109.08,109.23,108.92,108.96,1013
2016.10.05,19:00,108.97,109.24,108.88,108.90,627
2016.10.05,20:00,108.90,108.97,108.69,108.85,679
2016.10.05,21:00,108.84,109.01,108.64,109.00,844
2016.10.05,22:00,108.99,109.02,108.65,108.77,891
2016.10.06,16:00,108.68,108.89,108.06,108.22,872
2016.10.06,17:00,108.21,108.82,108.16,108.49,1415
2016.10.06,18:00,108.52,108.60,108.11,108.42,1355
2016.10.06,19:00,108.42,108.72,108.42,108.60,885
2016.10.06,20:00,108.61,108.67,108.37,108.43,770
2016.10.06,21:00,108.44,108.57,108.30,108.39,1191
2016.10.06,22:00,108.40,108.55,108.39,108.51,654
2016.10.07,16:00,108.64,108.84,108.05,108.25,750
2016.10.07,17:00,108.22,108.70,108.22,108.35,1351
2016.10.07,18:00,108.36,108.53,107.54,107.63,1008
2016.10.07,19:00,107.62,107.93,107.58,107.90,1231
2016.10.07,20:00,107.89,108.51,107.77,108.35,1200
2016.10.07,21:00,108.36,108.70,108.21,108.61,918
2016.10.07,22:00,108.60,108.70,108.49,108.62,595
2016.10.10,16:00,109.27,110.03,109.17,109.98,550
2016.10.10,17:00,109.99,110.01,109.42,109.52,1080
2016.10.10,18:00,109.53,109.56,109.29,109.46,791
2016.10.10,19:00,109.47,109.49,109.15,109.31,945
2016.10.10,20:00,109.30,109.49,109.18,109.23,718
2016.10.10,21:00,109.23,109.46,109.21,109.38,700
2016.10.10,22:00,109.37,109.40,109.14,109.20,520
2016.10.11,16:00,108.93,108.93,107.90,107.97,676
2016.10.11,17:00,107.96,108.16,107.53,107.58,1129
2016.10.11,18:00,107.58,107.72,107.39,107.67,1076
2016.10.11,19:00,107.68,107.92,107.53,107.74,807
2016.10.11,20:00,107.72,107.76,107.22,107.33,1092
2016.10.11,21:00,107.31,107.42,107.00,107.13,1232
2016.10.11,22:00,107.14,107.34,106.99,107.27,1191
2016.10.12,16:00,107.48,107.70,106.82,107.54,824
2016.10.12,17:00,107.53,108.10,107.48,107.79,1129
2016.10.12,18:00,107.80,108.03,107.69,107.73,683
2016.10.12,19:00,107.75,108.16,107.74,107.98,802
2016.10.12,20:00,107.96,108.17,107.91,108.17,751
2016.10.12,21:00,108.17,108.23,107.93,108.09,1120
2016.10.12,22:00,108.09,108.21,107.89,108.06,934
2016.10.13,16:00,107.01,107.18,106.54,106.61,665
2016.10.13,17:00,106.61,107.22,106.49,107.03,1439
2016.10.13,18:00,107.05,107.47,106.86,107.41,1025
2016.10.13,19:00,107.39,107.69,107.30,107.58,730
2016.10.13,20:00,107.57,107.82,107.31,107.78,750
2016.10.13,21:00,107.77,108.09,107.63,107.99,849
2016.10.13,22:00,108.00,108.06,107.79,107.91,685
2016.10.14,16:00,108.16,109.01,108.00,108.76,644
2016.10.14,17:00,108.73,109.03,108.65,108.95,1117
2016.10.14,18:00,108.95,108.99,108.31,108.31,1053
2016.10.14,19:00,108.30,108.40,108.01,108.03,904
2016.10.14,20:00,108.02,108.64,107.87,108.45,1353
2016.10.14,21:00,108.45,108.45,107.81,107.86,1210
2016.10.14,22:00,107.87,108.15,107.87,107.88,992
2016.10.17,16:00,107.88,108.08,107.45,107.45,675
2016.10.17,17:00,107.49,108.04,107.47,107.76,1206
2016.10.17,18:00,107.77,107.98,107.65,107.86,968
2016.10.17,19:00,107.88,107.98,107.69,107.72,908
2016.10.17,20:00,107.72,107.84,107.39,107.44,807
2016.10.17,21:00,107.45,107.65,107.38,107.58,962
2016.10.17,22:00,107.58,107.62,107.34,107.46,837
2016.10.18,16:00,108.37,108.64,107.96,108.11,725
2016.10.18,17:00,108.11,108.35,107.96,108.12,652
2016.10.18,18:00,108.12,108.33,108.08,108.33,474
2016.10.18,19:00,108.36,108.49,108.35,108.44,355
2016.10.18,20:00,108.45,108.52,108.39,108.45,356
2016.10.18,21:00,108.45,108.65,108.43,108.52,410
2016.10.18,22:00,108.53,108.53,108.23,108.36,589
2016.10.19,16:00,108.53,108.65,108.28,108.43,514
2016.10.19,17:00,108.44,108.76,108.33,108.61,816
2016.10.19,18:00,108.61,108.61,108.13,108.13,739
2016.10.19,19:00,108.13,108.34,108.11,108.31,663
2016.10.19,20:00,108.33,108.65,108.30,108.51,549
2016.10.19,21:00,108.52,108.61,108.43,108.49,532
2016.10.19,22:00,108.49,108.59,108.41,108.42,347
2016.10.20,16:00,108.28,108.36,107.80,108.11,569
2016.10.20,17:00,108.13,108.41,107.47,107.75,916
2016.10.20,18:00,107.73,108.29,107.67,108.29,767
2016.10.20,19:00,108.29,108.79,108.26,108.74,757
2016.10.20,20:00,108.75,109.03,108.63,108.65,638
2016.10.20,21:00,108.66,109.15,108.65,109.00,768
2016.10.20,22:00,109.01,109.32,108.91,109.23,603
2016.10.21,16:00,108.48,108.51,107.57,108.45,855
2016.10.21,17:00,108.48,108.62,108.08,108.14,1128
2016.10.21,18:00,108.14,108.72,108.13,108.63,815
2016.10.21,19:00,108.64,108.86,108.63,108.81,700
2016.10.21,20:00,108.82,108.95,108.66,108.83,812
2016.10.21,21:00,108.84,109.06,108.76,109.05,783
2016.10.21,22:00,109.05,109.13,108.87,109.08,593
2016.10.24,16:00,109.47,110.86,109.37,110.66,728
2016.10.24,17:00,110.66,111.02,110.58,110.58,931
2016.10.24,18:00,110.62,110.80,110.45,110.47,554
2016.10.24,19:00,110.47,110.60,110.35,110.41,544
2016.10.24,20:00,110.40,110.56,110.33,110.53,526
2016.10.24,21:00,110.54,110.64,110.45,110.61,414
2016.10.24,22:00,110.61,110.83,110.49,110.75,530
2016.10.25,16:00,110.67,110.67,110.06,110.31,683
2016.10.25,17:00,110.31,110.31,109.04,109.17,991
2016.10.25,18:00,109.14,109.44,109.01,109.17,752
2016.10.25,19:00,109.16,109.24,108.95,109.12,565
2016.10.25,20:00,109.12,109.31,108.92,109.20,487
2016.10.25,21:00,109.18,109.20,108.95,108.97,604
2016.10.25,22:00,108.97,109.07,108.92,108.97,452
2016.10.26,16:00,108.30,108.65,108.03,108.23,815
2016.10.26,17:00,108.22,108.49,107.96,108.47,1402
2016.10.26,18:00,108.46,108.63,108.29,108.39,1119
2016.10.26,19:00,108.40,108.58,108.28,108.29,711
2016.10.26,20:00,108.30,108.38,107.58,107.69,1135
2016.10.26,21:00,107.69,108.01,107.52,107.97,1091
2016.10.26,22:00,107.95,108.07,107.78,107.94,758
2016.10.27,16:00,108.40,108.55,108.09,108.31,729
2016.10.27,17:00,108.31,108.31,107.33,107.41,1258
2016.10.27,18:00,107.41,107.59,107.09,107.45,974
2016.10.27,19:00,107.47,107.54,106.99,107.06,926
2016.10.27,20:00,107.06,107.40,107.05,107.27,1095
2016.10.27,21:00,107.26,107.43,106.84,107.04,1289
2016.10.27,22:00,107.04,107.10,106.64,107.03,1258
2016.10.28,16:00,106.89,108.24,106.89,107.99,890
2016.10.28,17:00,107.97,108.17,107.53,107.88,1688
2016.10.28,18:00,107.88,108.10,107.78,107.79,1326
2016.10.28,19:00,107.78,108.02,107.61,108.00,897
2016.10.28,20:00,108.01,108.08,107.27,107.50,2491
2016.10.28,21:00,107.50,107.87,107.33,107.83,2238
2016.10.28,22:00,107.81,107.87,107.40,107.53,1471
2016.10.31,16:00,107.98,108.13,107.04,107.13,882
2016.10.31,17:00,107.15,107.53,106.99,107.31,1507
2016.10.31,18:00,107.31,107.70,107.21,107.51,1068
2016.10.31,19:00,107.50,107.68,107.20,107.31,1011
2016.10.31,20:00,107.31,107.58,107.23,107.37,833
2016.10.31,21:00,107.40,107.56,107.32,107.45,832
2016.10.31,22:00,107.42,107.74,107.41,107.55,926
2016.11.01,16:00,107.79,107.85,106.78,106.90,644
2016.11.01,17:00,106.91,107.26,106.74,107.18,1182
2016.11.01,18:00,107.21,107.38,107.06,107.19,952
2016.11.01,19:00,107.19,107.22,106.72,106.86,884
2016.11.01,20:00,106.77,106.86,106.17,106.30,1029
2016.11.01,21:00,106.30,106.74,106.00,106.55,1401
2016.11.01,22:00,106.56,107.00,106.43,106.85,1364
2016.11.02,16:00,106.70,106.87,106.28,106.79,769
2016.11.02,17:00,106.79,106.79,106.12,106.37,1566
2016.11.02,18:00,106.39,106.89,106.38,106.50,1258
2016.11.02,19:00,106.49,106.68,106.15,106.27,1161
2016.11.02,20:00,106.27,106.31,105.67,105.90,1358
2016.11.02,21:00,105.90,106.28,105.53,106.06,2172
2016.11.02,22:00,106.07,106.33,105.83,105.84,1618
2016.11.03,16:00,106.92,108.08,106.56,106.93,1247
2016.11.03,17:00,106.93,107.33,106.68,107.12,1570
2016.11.03,18:00,107.12,107.80,107.03,107.68,1344
2016.11.03,19:00,107.68,107.68,106.94,107.51,1208
2016.11.03,20:00,107.50,107.59,107.20,107.27,1263
2016.11.03,21:00,107.26,107.74,107.24,107.73,1073
2016.11.03,22:00,107.72,107.81,107.17,107.23,978
2016.11.04,16:00,106.21,106.96,105.59,105.86,1014
2016.11.04,17:00,105.86,106.15,105.56,105.62,1771
2016.11.04,18:00,105.63,106.38,105.63,106.34,1231
2016.11.04,19:00,106.35,107.04,106.34,107.02,832
2016.11.04,20:00,106.94,107.03,106.59,106.69,703
2016.11.04,21:00,106.67,106.68,106.22,106.37,1087
2016.11.04,22:00,106.37,106.59,106.15,106.24,1225
2016.11.07,16:00,107.56,108.37,107.28,108.37,891
2016.11.07,17:00,108.36,108.78,108.23,108.60,981
2016.11.07,18:00,108.61,108.84,108.51,108.62,688
2016.11.07,19:00,108.61,108.78,108.51,108.75,589
2016.11.07,20:00,108.77,108.93,108.41,108.46,520
2016.11.07,21:00,108.45,108.56,108.18,108.25,646
2016.11.07,22:00,108.26,108.60,108.15,108.59,768
2016.11.08,16:00,108.64,108.65,108.06,108.45,550
2016.11.08,17:00,108.45,108.73,108.36,108.49,841
2016.11.08,18:00,108.49,108.61,108.32,108.56,754
2016.11.08,19:00,108.56,109.11,108.56,109.07,693
2016.11.08,20:00,109.08,109.11,108.37,108.44,704
2016.11.08,21:00,108.43,108.50,107.87,108.01,788
2016.11.08,22:00,108.02,108.56,107.94,108.39,926
2016.11.09,16:00,105.04,106.87,104.51,106.41,1590
2016.11.09,17:00,106.41,106.44,105.32,106.12,2529
2016.11.09,18:00,106.11,107.52,105.83,107.30,2247
2016.11.09,19:00,107.30,107.58,106.58,107.54,1851
2016.11.09,20:00,107.55,107.55,106.36,106.94,2423
2016.11.09,21:00,106.94,107.77,106.89,107.45,2484
2016.11.09,22:00,107.45,107.99,107.40,107.73,2047
2016.11.10,16:00,107.87,108.15,106.98,107.00,991
2016.11.10,17:00,106.98,107.17,101.80,102.18,3017
2016.11.10,18:00,102.16,103.03,101.59,102.48,2726
2016.11.10,19:00,102.48,103.87,102.40,103.87,2240
2016.11.10,20:00,103.88,105.60,103.69,105.28,2387
2016.11.10,21:00,105.28,105.62,104.66,105.36,1887
2016.11.10,22:00,105.36,105.57,103.86,103.96,1879
2016.11.11,16:00,103.66,104.36,102.95,103.14,1538
2016.11.11,17:00,103.13,104.40,103.13,103.92,2685
2016.11.11,18:00,103.91,103.91,102.58,103.35,2059
2016.11.11,19:00,103.35,103.82,102.59,102.73,1913
2016.11.11,20:00,102.73,103.51,102.63,103.24,1875
2016.11.11,21:00,103.25,103.50,102.94,103.25,2053
2016.11.11,22:00,103.25,103.83,103.15,103.77,1705
2016.11.14,16:00,104.16,104.23,103.07,103.22,1174
2016.11.14,17:00,103.19,103.65,102.12,102.20,2165
2016.11.14,18:00,102.18,102.56,101.69,102.16,2206
2016.11.14,19:00,102.17,102.98,101.98,102.82,1804
2016.11.14,20:00,102.84,103.09,102.44,102.59,1540
2016.11.14,21:00,102.57,102.90,102.24,102.89,1751
2016.11.14,22:00,102.89,102.97,102.34,102.42,1660
2016.11.15,16:00,102.77,104.06,102.62,104.06,1137
2016.11.15,17:00,104.03,104.71,103.75,103.92,2092
2016.11.15,18:00,103.93,104.09,103.69,103.74,1491
2016.11.15,19:00,103.72,103.88,103.16,103.30,1159
2016.11.15,20:00,103.28,103.54,103.23,103.44,1153
2016.11.15,21:00,103.44,103.89,103.36,103.83,1223
2016.11.15,22:00,103.83,103.88,103.58,103.70,1163
2016.11.16,16:00,103.51,103.84,102.88,102.92,850
2016.11.16,17:00,102.92,103.77,102.92,103.57,1469
2016.11.16,18:00,103.56,103.59,103.02,103.28,1336
2016.11.16,19:00,103.28,103.51,103.11,103.36,1031
2016.11.16,20:00,103.34,103.71,102.99,103.66,1034
2016.11.16,21:00,103.64,104.16,103.58,104.07,1057
2016.11.16,22:00,104.06,104.34,103.95,104.07,760
2016.11.17,16:00,103.63,104.44,103.53,104.14,1066
2016.11.17,17:00,104.14,104.72,104.10,104.57,1238
2016.11.17,18:00,104.57,105.71,104.42,105.60,1308
2016.11.17,19:00,105.61,105.69,105.46,105.62,1030
2016.11.17,20:00,105.61,105.90,105.47,105.47,843
2016.11.17,21:00,105.47,105.49,105.14,105.31,1075
2016.11.17,22:00,105.32,105.67,105.24,105.63,908
2016.11.18,16:00,106.24,106.70,105.82,105.82,882
2016.11.18,17:00,105.82,105.98,105.26,105.36,1498
2016.11.18,18:00,105.33,105.43,105.17,105.23,944
2016.11.18,19:00,105.24,105.24,104.89,105.07,689
2016.11.18,20:00,105.05,105.14,104.73,104.77,941
2016.11.18,21:00,104.78,105.02,104.66,104.93,797
2016.11.18,22:00,104.92,105.01,104.79,104.95,533
2016.11.21,16:00,105.54,105.99,105.33,105.94,661
2016.11.21,17:00,105.95,106.03,105.13,105.17,1097
2016.11.21,18:00,105.17,105.42,105.04,105.16,677
2016.11.21,19:00,105.13,105.63,105.11,105.47,735
2016.11.21,20:00,105.47,105.61,105.21,105.38,615
2016.11.21,21:00,105.39,105.50,105.33,105.42,550
2016.11.21,22:00,105.43,105.65,105.37,105.61,434
2016.11.22,16:00,105.61,105.84,104.99,105.18,552
2016.11.22,17:00,105.18,105.51,105.02,105.34,825
2016.11.22,18:00,105.32,105.42,104.97,105.10,656
2016.11.22,19:00,105.10,105.34,104.94,105.32,627
2016.11.22,20:00,105.32,105.60,105.29,105.45,712
2016.11.22,21:00,105.46,105.46,105.13,105.15,511
2016.11.22,22:00,105.15,105.30,105.05,105.23,410
2016.11.23,16:00,105.15,105.41,104.43,104.51,632
2016.11.23,17:00,104.51,104.63,104.03,104.27,950
2016.11.23,18:00,104.29,104.29,103.93,104.20,821
2016.11.23,19:00,104.20,104.26,104.03,104.09,631
2016.11.23,20:00,104.10,104.21,103.86,103.92,678
2016.11.23,21:00,103.92,104.18,103.89,104.02,785
2016.11.23,22:00,104.03,104.10,103.90,104.02,529
2016.11.25,16:00,104.20,104.56,103.77,104.49,656
2016.11.25,17:00,104.49,104.50,104.06,104.36,1026
2016.11.25,18:00,104.36,104.57,104.28,104.51,747
2016.11.25,19:00,104.53,104.95,104.51,104.92,734
2016.11.28,16:00,104.80,104.81,104.03,104.65,561
2016.11.28,17:00,104.65,104.74,104.07,104.37,678
2016.11.28,18:00,104.37,104.92,104.34,104.69,849
2016.11.28,19:00,104.69,104.87,104.62,104.83,655
2016.11.28,20:00,104.82,104.87,104.70,104.82,551
2016.11.28,21:00,104.86,104.98,104.78,104.88,419
2016.11.28,22:00,104.87,104.90,104.30,104.41,716
2016.11.29,16:00,104.50,104.77,104.23,104.45,657
2016.11.29,17:00,104.45,105.08,104.43,105.00,1350
2016.11.29,18:00,105.00,105.29,104.87,105.27,1010
2016.11.29,19:00,105.28,105.32,104.95,105.31,899
2016.11.29,20:00,105.31,105.74,105.27,105.73,550
2016.11.29,21:00,105.73,105.94,105.62,105.66,627
2016.11.29,22:00,105.65,105.67,104.84,104.94,849
2016.11.30,16:00,104.87,105.39,104.55,104.64,691
2016.11.30,17:00,104.64,104.79,103.95,104.33,946
2016.11.30,18:00,104.33,104.62,104.06,104.18,955
2016.11.30,19:00,104.19,104.22,103.48,103.51,940
2016.11.30,20:00,103.52,103.78,103.37,103.62,760
2016.11.30,21:00,103.62,103.66,102.78,102.81,951
2016.11.30,22:00,102.78,103.20,102.76,102.82,989
2016.12.01,16:00,102.62,102.79,101.70,101.94,855
2016.12.01,17:00,101.94,102.04,99.86,100.10,1925
2016.12.01,18:00,100.07,100.55,99.87,100.03,1669
2016.12.01,19:00,100.04,100.04,99.11,99.24,1181
2016.12.01,20:00,99.24,99.47,98.83,99.10,1297
2016.12.01,21:00,99.13,99.79,99.11,99.50,1146
2016.12.01,22:00,99.47,99.58,99.11,99.46,1013
2016.12.02,16:00,99.40,99.84,97.94,99.78,1403
2016.12.02,17:00,99.81,100.01,98.95,99.61,1891
2016.12.02,18:00,99.57,100.08,99.34,99.34,1459
2016.12.02,19:00,99.35,99.87,99.27,99.85,1005
2016.12.02,20:00,99.85,99.95,99.27,99.80,1149
2016.12.02,21:00,99.81,99.84,99.50,99.70,842
2016.12.02,22:00,99.72,99.93,99.62,99.70,773
2016.12.05,16:00,100.41,101.55,100.01,101.47,975
2016.12.05,17:00,101.52,102.18,101.28,102.02,1500
2016.12.05,18:00,102.02,102.47,101.97,102.24,1180
2016.12.05,19:00,102.21,102.35,101.74,102.08,955
2016.12.05,20:00,102.08,102.14,101.90,101.96,815
2016.12.05,21:00,101.97,102.03,101.65,101.80,1031
2016.12.05,22:00,101.81,102.04,101.74,102.03,984
2016.12.06,16:00,101.80,101.80,100.65,101.21,684
2016.12.06,17:00,101.21,101.48,100.71,101.43,1311
2016.12.06,18:00,101.42,101.50,101.00,101.34,1081
2016.12.06,19:00,101.35,101.37,100.70,100.72,826
2016.12.06,20:00,100.70,101.33,100.70,101.23,735
2016.12.06,21:00,101.25,101.38,101.12,101.26,732
2016.12.06,22:00,101.27,101.72,101.17,101.57,965
2016.12.07,16:00,101.40,101.83,101.05,101.08,749
2016.12.07,17:00,101.08,101.81,100.98,101.72,1073
2016.12.07,18:00,101.71,101.82,101.47,101.67,862
2016.12.07,19:00,101.68,101.95,101.56,101.93,653
2016.12.07,20:00,101.93,102.35,101.89,102.07,1123
2016.12.07,21:00,102.07,102.81,102.00,102.78,1038
2016.12.07,22:00,102.77,103.28,102.65,103.07,1194
2016.12.08,16:00,103.33,103.33,102.44,103.03,717
2016.12.08,17:00,103.01,104.01,102.85,103.87,1214
2016.12.08,18:00,103.85,103.99,103.48,103.58,802
2016.12.08,19:00,103.59,103.84,103.46,103.70,823
2016.12.08,20:00,103.71,103.76,103.53,103.67,713
2016.12.08,21:00,103.68,103.68,103.17,103.41,841
2016.12.08,22:00,103.41,103.55,103.34,103.45,809
2016.12.09,16:00,103.90,104.34,103.65,103.98,671
2016.12.09,17:00,104.00,104.18,103.65,103.94,1128
2016.12.09,18:00,103.95,103.96,103.63,103.83,938
2016.12.09,19:00,103.85,103.92,103.51,103.51,787
2016.12.09,20:00,103.54,103.78,103.37,103.44,724
2016.12.09,21:00,103.45,103.97,103.41,103.92,771
2016.12.09,22:00,103.93,104.41,103.90,104.24,953
2016.12.12,16:00,104.21,104.45,103.44,104.39,905
2016.12.12,17:00,104.40,105.15,104.31,104.96,1341
2016.12.12,18:00,104.95,105.09,104.47,104.55,1011
2016.12.12,19:00,104.55,104.63,104.25,104.63,646
2016.12.12,20:00,104.62,104.84,104.48,104.54,600
2016.12.12,21:00,104.54,104.94,104.54,104.86,573
2016.12.12,22:00,104.86,105.09,104.78,105.03,489
2016.12.13,16:00,105.58,107.33,105.58,106.95,1416
2016.12.13,17:00,106.97,107.53,106.50,107.24,2018
2016.12.13,18:00,107.22,107.25,106.54,106.77,1198
2016.12.13,19:00,106.77,106.89,106.07,106.09,988
2016.12.13,20:00,106.06,106.62,106.04,106.29,1296
2016.12.13,21:00,106.31,106.38,105.77,106.14,791
2016.12.13,22:00,106.14,106.27,106.03,106.04,728
2016.12.14,16:00,106.25,106.48,105.51,105.76,651
2016.12.14,17:00,105.73,106.47,105.73,106.20,1242
2016.12.14,18:00,106.20,106.26,105.77,105.95,1161
2016.12.14,19:00,105.97,106.27,105.94,106.09,959
2016.12.14,20:00,106.08,106.70,106.00,106.59,849
2016.12.14,21:00,106.59,106.63,105.38,105.96,2501
2016.12.14,22:00,105.96,106.30,105.48,105.80,2574
2016.12.15,16:00,106.07,106.07,104.74,105.78,1078
2016.12.15,17:00,105.81,105.86,105.06,105.53,1571
2016.12.15,18:00,105.39,106.42,105.39,106.10,1159
2016.12.15,19:00,106.10,106.23,105.49,105.54,1088
2016.12.15,20:00,105.55,105.77,104.67,104.69,1174
2016.12.15,21:00,104.68,105.08,104.65,104.75,1343
2016.12.15,22:00,104.76,104.94,104.39,104.79,1422
2016.12.16,16:00,107.41,107.41,103.88,104.74,2214
2016.12.16,17:00,104.74,104.76,102.35,102.40,2182
2016.12.16,18:00,102.41,103.39,101.83,103.01,2288
2016.12.16,19:00,103.02,103.37,102.73,103.12,1301
2016.12.16,20:00,103.07,103.11,102.54,102.92,1081
2016.12.16,21:00,102.91,103.51,102.63,103.51,1469
2016.12.16,22:00,103.51,103.59,103.02,103.40,1411
2016.12.19,16:00,103.56,104.69,103.35,104.63,1168
2016.12.19,17:00,104.66,105.35,104.43,105.33,1945
2016.12.19,18:00,105.33,105.91,105.26,105.64,2120
2016.12.19,19:00,105.66,105.83,105.35,105.73,1231
2016.12.19,20:00,105.71,105.86,105.35,105.80,1088
2016.12.19,21:00,105.77,105.99,105.40,105.47,1054
2016.12.19,22:00,105.46,105.52,104.81,105.01,1007
2016.12.20,16:00,105.45,105.63,104.86,104.93,952
2016.12.20,17:00,105.01,105.35,104.71,105.13,1097
2016.12.20,18:00,105.13,105.26,104.95,105.16,782
2016.12.20,19:00,105.17,105.47,105.10,105.40,671
2016.12.20,20:00,105.41,105.68,105.39,105.61,641
2016.12.20,21:00,105.59,105.66,105.47,105.57,590
2016.12.20,22:00,105.57,105.81,105.51,105.65,656
2016.12.21,16:00,105.46,105.96,105.29,105.29,510
2016.12.21,17:00,105.29,105.31,104.44,104.50,820
2016.12.21,18:00,104.50,104.81,104.50,104.74,639
2016.12.21,19:00,104.74,104.86,104.43,104.65,668
2016.12.21,20:00,104.65,105.02,104.64,104.91,601
2016.12.21,21:00,104.92,105.22,104.89,105.10,432
2016.12.21,22:00,105.09,105.55,105.02,105.55,527
2016.12.22,16:00,105.07,105.10,104.03,104.70,685
2016.12.22,17:00,104.77,104.94,104.45,104.45,872
2016.12.22,18:00,104.46,104.55,103.87,104.06,640
2016.12.22,19:00,104.06,104.37,104.01,104.36,628
2016.12.22,20:00,104.36,104.92,104.24,104.83,589
2016.12.22,21:00,104.85,104.91,104.55,104.62,560
2016.12.22,22:00,104.64,104.66,104.41,104.61,565
2016.12.23,16:00,104.28,105.03,104.28,104.80,407
2016.12.23,17:00,104.81,105.34,104.62,105.12,694
2016.12.23,18:00,105.13,105.16,104.90,105.03,523
2016.12.23,19:00,105.03,105.08,104.81,104.85,384
2016.12.23,20:00,104.88,105.04,104.65,104.65,347
2016.12.23,21:00,104.67,104.84,104.65,104.77,379
2016.12.23,22:00,104.76,105.02,104.74,104.97,422
2016.12.27,16:00,104.97,105.80,104.88,105.14,970
2016.12.27,17:00,105.19,105.37,105.13,105.34,904
2016.12.27,18:00,105.34,105.35,104.97,105.00,562
2016.12.27,19:00,105.01,105.02,104.82,104.94,476
2016.12.27,20:00,104.94,105.05,104.83,104.83,430
2016.12.27,21:00,104.84,105.10,104.79,104.94,463
2016.12.27,22:00,104.94,105.15,104.94,104.99,489
2016.12.28,16:00,104.60,105.04,103.89,103.93,574
2016.12.28,17:00,103.94,104.19,103.45,103.97,946
2016.12.28,18:00,103.97,104.19,103.89,103.97,675
2016.12.28,19:00,103.96,104.06,103.57,103.62,715
2016.12.28,20:00,103.65,103.81,103.48,103.55,628
2016.12.28,21:00,103.57,103.68,103.51,103.54,568
2016.12.28,22:00,103.55,103.75,103.53,103.73,546
2016.12.29,16:00,103.57,104.30,103.40,103.96,699
2016.12.29,17:00,103.96,104.21,103.71,103.71,973
2016.12.29,18:00,103.81,103.82,103.52,103.58,708
2016.12.29,19:00,103.57,103.72,103.47,103.60,550
2016.12.29,20:00,103.60,103.68,103.35,103.52,572
2016.12.29,21:00,103.53,103.79,103.52,103.70,556
2016.12.29,22:00,103.69,103.78,103.64,103.66,504
2016.12.30,16:00,103.95,104.05,102.64,102.64,712
2016.12.30,17:00,102.62,103.19,102.39,103.18,1180
2016.12.30,18:00,103.17,103.54,103.07,103.46,716
2016.12.30,19:00,103.46,103.49,102.74,103.00,911
2016.12.30,20:00,102.99,103.18,102.83,102.97,655
2016.12.30,21:00,102.97,103.15,102.88,102.90,643
2016.12.30,22:00,102.91,103.09,102.61,102.64,894
2017.01.03,16:00,103.39,103.77,102.95,103.34,791
2017.01.03,17:00,103.35,103.94,102.94,102.98,1270
2017.01.03,18:00,102.97,103.15,102.74,103.08,1052
2017.01.03,19:00,103.09,103.12,102.82,103.03,767
2017.01.03,20:00,103.04,103.30,102.79,102.84,697
2017.01.03,21:00,102.85,103.18,102.83,102.98,616
2017.01.03,22:00,102.99,103.41,102.84,103.38,737
2017.01.04,16:00,103.42,103.98,103.34,103.64,641
2017.01.04,17:00,103.68,103.87,103.50,103.75,978
2017.01.04,18:00,103.78,104.06,103.65,103.99,693
2017.01.04,19:00,103.99,104.09,103.81,104.01,553
2017.01.04,20:00,104.00,104.10,103.86,103.99,420
2017.01.04,21:00,103.98,104.31,103.95,104.09,599
2017.01.04,22:00,104.10,104.28,104.07,104.14,490
2017.01.05,16:00,103.97,104.95,103.71,104.70,739
2017.01.05,17:00,104.68,105.07,104.53,105.06,933
2017.01.05,18:00,105.06,105.29,104.88,105.20,1030
2017.01.05,19:00,105.21,105.22,104.85,104.95,952
2017.01.05,20:00,104.95,104.98,104.69,104.71,706
2017.01.05,21:00,104.70,105.31,104.69,105.27,690
2017.01.05,22:00,105.26,105.97,105.22,105.89,732
2017.01.06,16:00,105.64,106.15,105.05,106.15,786
2017.01.06,17:00,106.15,106.62,106.02,106.60,1069
2017.01.06,18:00,106.62,107.41,106.58,107.33,1104
2017.01.06,19:00,107.37,108.02,107.34,107.99,857
2017.01.06,20:00,107.99,108.15,107.77,107.79,768
2017.01.06,21:00,107.80,108.11,107.78,107.95,930
2017.01.06,22:00,107.96,108.36,107.95,108.30,847
2017.01.09,16:00,108.16,108.16,107.50,107.95,963
2017.01.09,17:00,107.95,108.29,107.63,108.20,1267
2017.01.09,18:00,108.17,108.58,108.16,108.30,1025
2017.01.09,19:00,108.30,108.39,108.10,108.21,768
2017.01.09,20:00,108.23,108.51,108.18,108.49,737
2017.01.09,21:00,108.51,108.58,108.24,108.36,887
2017.01.09,22:00,108.41,108.72,108.34,108.51,631
2017.01.10,16:00,108.27,108.40,107.52,107.85,890
2017.01.10,17:00,107.86,108.38,107.75,108.17,1608
2017.01.10,18:00,108.17,108.73,108.02,108.46,1054
2017.01.10,19:00,108.46,108.50,108.23,108.28,696
2017.01.10,20:00,108.27,108.38,108.05,108.12,725
2017.01.10,21:00,108.10,108.30,107.89,108.16,943
2017.01.10,22:00,108.16,108.69,108.06,108.25,713
2017.01.11,16:00,108.14,108.43,107.97,108.19,776
2017.01.11,17:00,108.19,108.78,108.11,108.69,1024
2017.01.11,18:00,108.70,108.78,108.01,108.51,1113
2017.01.11,19:00,108.50,108.70,108.37,108.52,954
2017.01.11,20:00,108.49,108.57,108.03,108.34,941
2017.01.11,21:00,108.32,108.87,108.32,108.74,723
2017.01.11,22:00,108.75,109.01,108.70,108.92,722
2017.01.12,16:00,107.77,108.51,107.53,107.74,879
2017.01.12,17:00,107.74,107.89,107.11,107.69,1634
2017.01.12,18:00,107.69,107.88,107.50,107.78,970
2017.01.12,19:00,107.79,108.22,107.68,108.10,770
2017.01.12,20:00,108.12,108.30,107.98,108.17,787
2017.01.12,21:00,108.19,108.42,108.08,108.42,888
2017.01.12,22:00,108.41,108.70,108.30,108.59,668
2017.01.13,16:00,108.62,108.62,107.99,108.31,834
2017.01.13,17:00,108.26,108.55,107.92,108.34,1102
2017.01.13,18:00,108.36,108.43,108.10,108.21,887
2017.01.13,19:00,108.22,108.40,108.11,108.35,608
2017.01.13,20:00,108.36,108.41,108.29,108.32,456
2017.01.13,21:00,108.33,108.56,108.29,108.50,653
2017.01.13,22:00,108.51,108.60,108.44,108.46,498
2017.01.17,16:00,107.88,107.93,107.01,107.09,735
2017.01.17,17:00,107.07,107.65,106.99,107.58,897
2017.01.17,18:00,107.59,107.61,107.04,107.27,913
2017.01.17,19:00,107.27,107.36,107.08,107.25,677
2017.01.17,20:00,107.25,107.48,107.20,107.42,580
2017.01.17,21:00,107.41,107.68,107.41,107.64,809
2017.01.17,22:00,107.64,108.00,107.54,107.98,806
2017.01.18,16:00,108.10,109.08,107.46,108.94,927
2017.01.18,17:00,108.92,109.08,108.07,108.13,1162
2017.01.18,18:00,108.15,108.53,108.06,108.10,958
2017.01.18,19:00,108.10,108.69,108.06,108.46,923
2017.01.18,20:00,108.46,108.79,108.39,108.70,668
2017.01.18,21:00,108.69,108.78,108.56,108.75,620
2017.01.18,22:00,108.74,108.89,108.68,108.80,501
2017.01.19,16:00,108.52,109.00,108.29,108.80,651
2017.01.19,17:00,108.80,108.84,108.00,108.25,1102
2017.01.19,18:00,108.25,108.91,108.19,108.74,911
2017.01.19,19:00,108.74,109.44,108.72,109.41,873
2017.01.19,20:00,109.40,109.94,109.31,109.80,887
2017.01.19,21:00,109.81,109.81,109.42,109.56,983
2017.01.19,22:00,109.57,109.81,109.42,109.80,629
2017.01.20,16:00,109.82,110.64,109.61,110.51,830
2017.01.20,17:00,110.51,110.57,109.50,109.63,1153
2017.01.20,18:00,109.63,110.22,109.61,110.20,926
2017.01.20,19:00,110.21,110.33,109.96,110.22,1397
2017.01.20,20:00,110.26,110.30,110.07,110.16,752
2017.01.20,21:00,110.16,110.38,110.13,110.37,650
2017.01.20,22:00,110.36,110.62,110.33,110.60,669
2017.01.23,16:00,110.62,111.85,110.37,111.27,1183
2017.01.23,17:00,111.27,111.77,111.04,111.28,1279
2017.01.23,18:00,111.28,111.32,110.21,110.55,1069
2017.01.23,19:00,110.58,111.09,110.46,111.06,952
2017.01.23,20:00,111.00,111.35,110.93,111.10,899
2017.01.23,21:00,111.07,111.11,110.68,110.93,1114
2017.01.23,22:00,110.93,111.11,110.83,110.89,734
2017.01.24,16:00,111.43,112.80,111.39,111.63,1129
2017.01.24,17:00,111.63,112.62,111.56,112.23,1278
2017.01.24,18:00,112.22,112.71,112.20,112.62,810
2017.01.24,19:00,112.63,113.31,112.53,113.31,668
2017.01.24,20:00,113.30,113.61,113.14,113.49,890
2017.01.24,21:00,113.48,113.92,113.43,113.91,933
2017.01.24,22:00,113.88,114.13,113.71,113.71,622
2017.01.25,16:00,113.83,114.51,113.53,113.83,841
2017.01.25,17:00,113.83,113.93,113.26,113.74,1243
2017.01.25,18:00,113.73,114.02,113.67,113.82,1052
2017.01.25,19:00,113.84,114.04,113.70,113.92,807
2017.01.25,20:00,113.93,114.15,113.88,114.07,555
2017.01.25,21:00,114.09,114.14,113.90,114.00,498
2017.01.25,22:00,114.00,114.12,113.68,114.11,622
2017.01.26,16:00,113.67,114.28,113.37,113.62,742
2017.01.26,17:00,113.63,113.92,112.90,112.99,1207
2017.01.26,18:00,113.00,113.12,112.78,113.01,1073
2017.01.26,19:00,113.01,113.36,113.00,113.07,718
2017.01.26,20:00,113.06,113.07,112.71,112.81,796
2017.01.26,21:00,112.80,113.28,112.78,112.93,900
2017.01.26,22:00,112.94,113.06,112.69,112.93,853
2017.01.27,16:00,113.04,113.31,112.66,113.03,797
2017.01.27,17:00,113.03,113.28,112.77,113.22,939
2017.01.27,18:00,113.23,113.47,113.14,113.38,644
2017.01.27,19:00,113.36,113.52,113.23,113.39,454
2017.01.27,20:00,113.43,113.49,113.31,113.32,474
2017.01.27,21:00,113.32,113.62,113.32,113.45,439
2017.01.27,22:00,113.46,113.87,113.46,113.86,359
2017.01.30,16:00,113.16,113.32,112.82,113.08,844
2017.01.30,17:00,113.06,113.08,112.22,112.53,1302
2017.01.30,18:00,112.53,112.92,112.44,112.71,969
2017.01.30,19:00,112.71,113.05,112.64,112.98,791
2017.01.30,20:00,112.95,113.25,112.95,113.21,618
2017.01.30,21:00,113.23,113.63,113.19,113.63,699
2017.01.30,22:00,113.62,113.82,113.39,113.75,663
2017.01.31,16:00,113.21,113.63,112.98,113.13,758
2017.01.31,17:00,113.13,113.25,112.63,113.01,1119
2017.01.31,18:00,113.01,113.19,112.68,112.73,611
2017.01.31,19:00,112.73,113.15,112.73,112.95,554
2017.01.31,20:00,112.94,113.10,112.76,112.81,591
2017.01.31,21:00,112.82,113.26,112.79,113.21,745
2017.01.31,22:00,113.21,113.37,113.18,113.28,510
2017.02.01,16:00,113.24,113.51,112.81,112.94,813
2017.02.01,17:00,112.95,113.09,112.63,112.74,1266
2017.02.01,18:00,112.74,113.24,112.73,113.24,1053
2017.02.01,19:00,113.24,113.34,113.08,113.13,926
2017.02.01,20:00,113.11,113.16,112.86,113.04,760
2017.02.01,21:00,112.99,113.49,112.94,113.20,1303
2017.02.01,22:00,113.20,113.43,113.14,113.24,858
2017.02.02,16:00,112.69,113.30,112.19,113.25,792
2017.02.02,17:00,113.26,113.40,112.93,113.37,1022
2017.02.02,18:00,113.37,113.49,112.91,112.93,750
2017.02.02,19:00,112.92,113.38,112.90,113.29,727
2017.02.02,20:00,113.29,113.48,113.14,113.31,558
2017.02.02,21:00,113.30,113.34,112.83,112.98,692
2017.02.02,22:00,112.99,113.29,112.98,113.16,671
2017.02.03,16:00,113.27,114.40,113.27,114.39,618
2017.02.03,17:00,114.43,114.86,114.36,114.68,951
2017.02.03,18:00,114.69,114.96,114.51,114.56,604
2017.02.03,19:00,114.56,114.94,114.56,114.83,719
2017.02.03,20:00,114.86,115.21,114.72,115.12,859
2017.02.03,21:00,115.13,115.39,115.01,115.34,959
2017.02.03,22:00,115.34,115.35,115.07,115.10,755
2017.02.06,16:00,114.67,114.67,113.26,113.98,798
2017.02.06,17:00,113.98,114.24,113.79,113.99,921
2017.02.06,18:00,113.99,114.34,113.98,114.32,705
2017.02.06,19:00,114.29,114.35,114.16,114.20,446
2017.02.06,20:00,114.20,114.38,114.06,114.35,607
2017.02.06,21:00,114.35,114.35,114.10,114.18,677
2017.02.06,22:00,114.20,114.45,114.20,114.31,646
2017.02.07,16:00,114.58,115.01,114.41,114.73,632
2017.02.07,17:00,114.71,115.01,114.51,114.97,768
2017.02.07,18:00,114.95,115.12,114.74,114.87,821
2017.02.07,19:00,114.89,114.97,114.47,114.64,729
2017.02.07,20:00,114.64,115.07,114.55,115.05,605
2017.02.07,21:00,115.04,115.14,114.74,114.77,501
2017.02.07,22:00,114.78,114.89,114.69,114.82,509
2017.02.08,16:00,114.97,115.09,114.40,114.97,674
2017.02.08,17:00,114.99,115.76,114.94,115.61,827
2017.02.08,18:00,115.62,115.78,115.25,115.54,1028
2017.02.08,19:00,115.54,115.79,115.46,115.52,780
2017.02.08,20:00,115.53,115.93,115.51,115.84,1167
2017.02.08,21:00,115.84,116.00,115.73,115.88,857
2017.02.08,22:00,115.81,116.33,115.68,116.26,969
2017.02.09,16:00,115.91,116.84,115.91,116.60,765
2017.02.09,17:00,116.60,116.64,115.96,116.32,1141
2017.02.09,18:00,116.34,116.60,116.16,116.46,583
2017.02.09,19:00,116.44,116.55,116.15,116.17,535
2017.02.09,20:00,116.16,116.43,116.15,116.42,367
2017.02.09,21:00,116.43,116.57,116.37,116.54,401
2017.02.09,22:00,116.53,116.66,116.30,116.45,425
2017.02.10,16:00,116.23,116.59,115.15,115.23,1136
2017.02.10,17:00,115.24,115.73,114.97,115.72,1161
2017.02.10,18:00,115.71,116.12,115.64,116.06,756
2017.02.10,19:00,116.06,116.22,115.91,116.12,649
2017.02.10,20:00,116.13,116.30,116.09,116.19,496
2017.02.10,21:00,116.20,116.74,116.19,116.65,599
2017.02.10,22:00,116.66,116.88,116.65,116.82,534
2017.02.13,16:00,116.92,117.08,116.16,116.44,849
2017.02.13,17:00,116.44,117.05,116.25,116.95,1131
2017.02.13,18:00,116.96,117.03,116.70,117.03,780
2017.02.13,19:00,117.03,117.52,116.99,117.51,773
2017.02.13,20:00,117.50,117.79,117.49,117.73,708
2017.02.13,21:00,117.71,117.90,117.68,117.82,642
2017.02.13,22:00,117.80,117.80,117.52,117.52,472
2017.02.14,16:00,117.51,117.53,116.76,116.97,642
2017.02.14,17:00,116.97,117.36,116.59,116.80,1155
2017.02.14,18:00,116.81,117.14,116.63,117.08,1019
2017.02.14,19:00,117.09,117.42,117.04,117.38,688
2017.02.14,20:00,117.38,117.48,117.23,117.41,636
2017.02.14,21:00,117.41,117.51,117.14,117.24,621
2017.02.14,22:00,117.25,117.51,117.12,117.46,679
2017.02.15,16:00,117.09,117.92,117.00,117.72,776
2017.02.15,17:00,117.72,118.16,117.60,118.10,1022
2017.02.15,18:00,118.09,118.55,118.08,118.35,803
2017.02.15,19:00,118.36,118.61,118.30,118.60,558
2017.02.15,20:00,118.61,118.89,118.45,118.81,662
2017.02.15,21:00,118.80,118.91,118.65,118.78,714
2017.02.15,22:00,118.79,119.04,118.61,118.65,635
2017.02.16,16:00,118.97,119.26,118.64,118.79,893
2017.02.16,17:00,118.80,119.42,118.75,118.93,1455
2017.02.16,18:00,118.94,118.99,118.46,118.67,1047
2017.02.16,19:00,118.67,118.81,118.42,118.60,775
2017.02.16,20:00,118.59,118.71,118.43,118.60,838
2017.02.16,21:00,118.61,118.82,118.42,118.76,716
2017.02.16,22:00,118.76,118.95,118.65,118.90,773
2017.02.17,16:00,118.55,118.87,118.16,118.60,637
2017.02.17,17:00,118.60,118.90,118.53,118.59,911
2017.02.17,18:00,118.58,118.94,118.44,118.91,646
2017.02.17,19:00,118.91,119.22,118.87,119.22,517
2017.02.17,20:00,119.23,119.30,118.97,118.97,687
2017.02.17,21:00,118.97,119.14,118.91,118.99,597
2017.02.17,22:00,119.00,119.45,118.93,119.43,841
2017.02.21,16:00,119.66,120.05,119.25,119.98,781
2017.02.21,17:00,119.98,120.11,119.88,119.90,964
2017.02.21,18:00,119.90,120.12,119.73,119.81,879
2017.02.21,19:00,119.81,119.89,119.27,119.38,812
2017.02.21,20:00,119.38,119.53,119.31,119.36,526
2017.02.21,21:00,119.37,119.54,119.32,119.51,624
2017.02.21,22:00,119.52,119.66,119.46,119.58,631
2017.02.22,16:00,119.54,119.58,118.76,119.27,681
2017.02.22,17:00,119.27,119.83,119.20,119.34,1152
2017.02.22,18:00,119.34,119.48,119.21,119.23,623
2017.02.22,19:00,119.23,119.54,119.21,119.26,610
2017.02.22,20:00,119.26,119.44,119.25,119.29,526
2017.02.22,21:00,119.28,119.35,119.08,119.23,988
2017.02.22,22:00,119.23,119.46,119.17,119.46,620
2017.02.23,16:00,119.97,119.97,118.81,119.05,701
2017.02.23,17:00,119.04,119.11,118.41,118.50,1083
2017.02.23,18:00,118.51,118.66,117.98,118.19,1318
2017.02.23,19:00,118.20,118.69,118.19,118.44,800
2017.02.23,20:00,118.47,118.63,118.34,118.57,735
2017.02.23,21:00,118.57,118.95,118.56,118.90,770
2017.02.23,22:00,118.90,118.94,118.57,118.59,726
2017.02.24,16:00,118.13,118.55,117.78,118.43,827
2017.02.24,17:00,118.43,118.72,118.18,118.58,1192
2017.02.24,18:00,118.57,118.79,118.17,118.20,839
2017.02.24,19:00,118.21,118.57,118.20,118.56,609
2017.02.24,20:00,118.57,118.69,118.46,118.67,522
2017.02.24,21:00,118.68,118.94,118.64,118.91,431
2017.02.24,22:00,118.92,119.19,118.83,119.15,608
