2015.12.29,17:00,18.31,18.35,18.19,18.19,68
2015.12.29,18:00,18.18,18.23,18.10,18.17,52
2015.12.29,19:00,18.16,18.19,18.11,18.18,59
2015.12.29,20:00,18.19,18.21,18.15,18.19,66
2015.12.29,21:00,18.18,18.20,18.15,18.18,53
2015.12.29,22:00,18.17,18.21,18.16,18.17,64
2015.12.29,23:00,18.17,18.17,18.17,18.17,2
2015.12.30,16:00,18.12,18.15,17.91,17.95,57
2015.12.30,17:00,17.94,17.97,17.87,17.88,71
2015.12.30,18:00,17.88,17.90,17.79,17.80,42
2015.12.30,19:00,17.79,17.79,17.75,17.77,35
2015.12.30,20:00,17.77,17.81,17.74,17.81,36
2015.12.30,21:00,17.82,17.85,17.81,17.82,37
2015.12.30,22:00,17.81,17.82,17.72,17.75,82
2015.12.30,23:00,17.74,17.74,17.74,17.74,2
2015.12.31,16:00,17.64,17.64,17.49,17.62,34
2015.12.31,17:00,17.62,17.67,17.54,17.65,54
2015.12.31,18:00,17.66,17.75,17.65,17.75,37
2015.12.31,19:00,17.74,17.77,17.71,17.71,20
2015.12.31,20:00,17.70,17.71,17.66,17.68,61
2015.12.31,21:00,17.70,17.72,17.65,17.66,31
2015.12.31,22:00,17.66,17.70,17.62,17.62,70
2015.12.31,23:00,17.64,17.64,17.64,17.64,2
2016.01.04,16:00,17.25,17.71,17.25,17.43,72
2016.01.04,17:00,17.38,17.45,17.32,17.33,57
2016.01.04,18:00,17.31,17.40,17.26,17.36,88
2016.01.04,19:00,17.34,17.38,17.30,17.31,80
2016.01.04,20:00,17.31,17.35,17.28,17.35,39
2016.01.04,21:00,17.35,17.38,17.30,17.31,47
2016.01.04,22:00,17.31,17.44,17.31,17.33,96
2016.01.04,23:00,17.34,17.34,17.34,17.34,2
2016.01.05,16:00,17.40,17.53,17.40,17.52,106
2016.01.05,17:00,17.52,17.56,17.39,17.50,109
2016.01.05,18:00,17.50,17.55,17.47,17.55,80
2016.01.05,19:00,17.55,17.56,17.49,17.50,56
2016.01.05,20:00,17.50,17.57,17.50,17.57,43
2016.01.05,21:00,17.55,17.57,17.51,17.53,65
2016.01.05,22:00,17.52,17.64,17.52,17.63,101
2016.01.05,23:00,17.62,17.62,17.62,17.62,2
2016.01.06,16:00,17.34,17.45,17.27,17.45,57
2016.01.06,17:00,17.45,17.46,17.39,17.41,22
2016.01.06,18:00,17.41,17.55,17.41,17.50,51
2016.01.06,19:00,17.49,17.57,17.49,17.56,25
2016.01.06,20:00,17.56,17.58,17.54,17.56,27
2016.01.06,21:00,17.54,17.59,17.40,17.44,75
2016.01.06,22:00,17.43,17.44,17.36,17.39,60
2016.01.06,23:00,17.37,17.37,17.37,17.37,2
2016.01.07,16:00,17.07,17.16,16.91,17.11,82
2016.01.07,17:00,17.11,17.21,17.05,17.18,69
2016.01.07,18:00,17.20,17.25,17.14,17.17,42
2016.01.07,19:00,17.16,17.17,17.11,17.14,41
2016.01.07,20:00,17.14,17.16,17.10,17.13,47
2016.01.07,21:00,17.14,17.23,17.12,17.16,83
2016.01.07,22:00,17.15,17.18,17.03,17.03,148
2016.01.07,23:00,17.03,17.03,17.03,17.03,2
2016.01.08,16:00,17.19,17.19,17.03,17.03,51
2016.01.08,17:00,17.03,17.03,16.86,16.95,132
2016.01.08,18:00,16.95,16.95,16.85,16.91,34
2016.01.08,19:00,16.93,16.98,16.90,16.93,38
2016.01.08,20:00,16.93,16.93,16.85,16.88,43
2016.01.08,21:00,16.88,16.94,16.86,16.90,98
2016.01.08,22:00,16.91,16.94,16.73,16.76,145
2016.01.08,23:00,16.74,16.74,16.74,16.74,2
2016.01.11,16:00,16.76,16.90,16.73,16.86,197
2016.01.11,17:00,16.86,16.88,16.66,16.67,197
2016.01.11,18:00,16.66,16.79,16.64,16.71,218
2016.01.11,19:00,16.71,16.71,16.65,16.65,113
2016.01.11,20:00,16.65,16.70,16.64,16.66,94
2016.01.11,21:00,16.66,16.69,16.63,16.64,123
2016.01.11,22:00,16.64,16.75,16.59,16.71,168
2016.01.12,16:00,16.75,16.99,16.68,16.88,149
2016.01.12,17:00,16.89,16.89,16.63,16.71,147
2016.01.12,18:00,16.71,16.71,16.58,16.64,164
2016.01.12,19:00,16.64,16.68,16.60,16.63,102
2016.01.12,20:00,16.63,16.65,16.58,16.58,83
2016.01.12,21:00,16.58,16.62,16.54,16.61,112
2016.01.12,22:00,16.61,16.78,16.58,16.77,122
2016.01.12,23:00,16.72,16.72,16.72,16.72,1
2016.01.13,16:00,16.79,16.93,16.75,16.82,125
2016.01.13,17:00,16.82,16.86,16.71,16.76,160
2016.01.13,18:00,16.76,16.78,16.71,16.73,129
2016.01.13,19:00,16.73,16.75,16.70,16.74,91
2016.01.13,20:00,16.74,16.76,16.70,16.72,110
2016.01.13,21:00,16.72,16.74,16.58,16.66,131
2016.01.13,22:00,16.66,16.75,16.66,16.72,109
2016.01.14,16:00,16.67,16.83,16.59,16.63,145
2016.01.14,17:00,16.63,16.79,16.53,16.53,252
2016.01.14,18:00,16.53,16.61,16.48,16.56,161
2016.01.14,19:00,16.56,16.60,16.48,16.48,138
2016.01.14,20:00,16.48,16.60,16.45,16.48,158
2016.01.14,21:00,16.47,16.62,16.47,16.59,163
2016.01.14,22:00,16.59,16.81,16.59,16.80,171
2016.01.15,16:00,16.20,16.30,16.00,16.24,130
2016.01.15,17:00,16.21,16.28,16.18,16.20,171
2016.01.15,18:00,16.20,16.22,16.13,16.17,187
2016.01.15,19:00,16.17,16.20,16.10,16.15,146
2016.01.15,20:00,16.15,16.16,16.08,16.12,134
2016.01.15,21:00,16.12,16.15,16.03,16.09,127
2016.01.15,22:00,16.08,16.08,15.94,15.96,157
2016.01.19,16:00,16.09,16.13,15.91,15.98,184
2016.01.19,17:00,15.98,16.11,15.94,16.04,174
2016.01.19,18:00,16.04,16.10,15.99,16.03,179
2016.01.19,19:00,16.03,16.08,16.02,16.05,123
2016.01.19,20:00,16.05,16.14,16.04,16.10,120
2016.01.19,21:00,16.10,16.11,16.01,16.03,108
2016.01.19,22:00,16.03,16.15,16.02,16.09,163
2016.01.20,16:00,15.77,15.83,15.69,15.76,121
2016.01.20,17:00,15.76,15.81,15.74,15.80,124
2016.01.20,18:00,15.80,15.90,15.80,15.85,124
2016.01.20,19:00,15.85,15.85,15.78,15.83,115
2016.01.20,20:00,15.84,15.93,15.80,15.93,127
2016.01.20,21:00,15.93,16.13,15.90,16.08,171
2016.01.20,22:00,16.08,16.29,16.04,16.11,232
2016.01.21,16:00,15.99,16.20,15.90,16.00,186
2016.01.21,17:00,16.00,16.27,16.00,16.22,194
2016.01.21,18:00,16.22,16.51,16.22,16.50,181
2016.01.21,19:00,16.50,16.54,16.41,16.43,123
2016.01.21,20:00,16.43,16.50,16.39,16.47,134
2016.01.21,21:00,16.47,16.55,16.41,16.51,175
2016.01.21,22:00,16.51,16.57,16.47,16.48,145
2016.01.22,16:00,16.81,17.02,16.81,16.99,129
2016.01.22,17:00,16.99,17.07,16.95,16.95,191
2016.01.22,18:00,16.95,16.98,16.85,16.87,167
2016.01.22,19:00,16.87,16.89,16.77,16.79,114
2016.01.22,20:00,16.79,16.88,16.77,16.86,76
2016.01.22,21:00,16.86,16.89,16.82,16.89,109
2016.01.22,22:00,16.89,17.00,16.86,16.97,118
2016.01.25,16:00,16.79,16.84,16.62,16.75,168
2016.01.25,17:00,16.75,16.86,16.62,16.68,163
2016.01.25,18:00,16.68,16.70,16.61,16.67,152
2016.01.25,19:00,16.67,16.70,16.63,16.69,125
2016.01.25,20:00,16.69,16.72,16.62,16.63,110
2016.01.25,21:00,16.62,16.67,16.56,16.57,112
2016.01.25,22:00,16.57,16.58,16.48,16.52,120
2016.01.26,16:00,16.54,16.56,16.54,16.56,3
2016.01.26,18:00,16.72,16.72,16.63,16.66,76
2016.01.26,19:00,16.66,16.77,16.66,16.69,101
2016.01.26,20:00,16.68,16.72,16.66,16.67,99
2016.01.26,21:00,16.66,16.75,16.65,16.71,171
2016.01.26,22:00,16.72,16.74,16.68,16.69,155
2016.01.27,16:00,16.73,16.89,16.70,16.84,140
2016.01.27,17:00,16.84,16.84,16.68,16.68,249
2016.01.27,18:00,16.69,16.80,16.65,16.73,185
2016.01.27,19:00,16.74,16.82,16.72,16.74,91
2016.01.27,20:00,16.73,16.77,16.71,16.75,87
2016.01.27,21:00,16.76,16.80,16.59,16.60,243
2016.01.27,22:00,16.59,16.64,16.48,16.59,258
2016.01.28,16:00,16.75,16.93,16.65,16.91,271
2016.01.28,17:00,16.90,16.95,16.72,16.83,307
2016.01.28,18:00,16.82,16.90,16.76,16.76,308
2016.01.28,19:00,16.75,16.86,16.75,16.83,222
2016.01.28,20:00,16.84,16.88,16.78,16.79,214
2016.01.28,21:00,16.80,16.97,16.80,16.90,159
2016.01.28,22:00,16.91,16.91,16.86,16.87,113
2016.01.29,16:00,16.82,17.21,16.82,17.14,139
2016.01.29,17:00,17.14,17.18,17.07,17.11,167
2016.01.29,18:00,17.10,17.16,17.07,17.16,193
2016.01.29,19:00,17.17,17.24,17.15,17.24,147
2016.01.29,20:00,17.25,17.31,17.25,17.27,92
2016.01.29,21:00,17.27,17.32,17.18,17.25,176
2016.01.29,22:00,17.25,17.32,17.22,17.27,129
2016.02.01,16:00,17.18,17.22,17.06,17.17,180
2016.02.01,17:00,17.18,17.27,17.06,17.13,319
2016.02.01,18:00,17.11,17.14,17.07,17.09,210
2016.02.01,19:00,17.09,17.23,17.08,17.23,155
2016.02.01,20:00,17.24,17.27,17.15,17.25,177
2016.02.01,21:00,17.26,17.28,17.22,17.28,197
2016.02.01,22:00,17.29,17.40,17.25,17.38,156
2016.02.02,16:00,16.93,17.02,16.69,16.78,262
2016.02.02,17:00,16.79,16.79,16.59,16.62,272
2016.02.02,18:00,16.60,16.68,16.56,16.59,130
2016.02.02,19:00,16.61,16.66,16.58,16.61,92
2016.02.02,20:00,16.61,16.61,16.52,16.54,127
2016.02.02,21:00,16.53,16.71,16.48,16.68,104
2016.02.02,22:00,16.67,16.67,16.55,16.57,124
2016.02.03,16:00,16.63,16.65,16.54,16.60,154
2016.02.03,17:00,16.60,16.62,16.30,16.56,328
2016.02.03,18:00,16.55,16.72,16.46,16.67,394
2016.02.03,19:00,16.67,16.69,16.59,16.66,314
2016.02.03,20:00,16.65,16.67,16.59,16.64,185
2016.02.03,21:00,16.64,16.81,16.64,16.73,269
2016.02.03,22:00,16.72,16.82,16.70,16.76,265
2016.02.04,16:00,16.97,17.16,16.88,17.15,241
2016.02.04,17:00,17.15,17.24,17.04,17.18,289
2016.02.04,18:00,17.17,17.17,16.89,16.92,441
2016.02.04,19:00,16.92,17.01,16.85,16.88,320
2016.02.04,20:00,16.91,16.96,16.86,16.91,205
2016.02.04,21:00,16.92,17.04,16.85,17.02,228
2016.02.04,22:00,17.01,17.03,16.93,17.03,203
2016.02.05,16:00,17.00,17.10,16.86,16.98,198
2016.02.05,17:00,16.98,17.04,16.86,16.99,259
2016.02.05,18:00,16.98,17.05,16.93,16.99,387
2016.02.05,19:00,16.99,17.02,16.91,16.98,209
2016.02.05,20:00,16.98,17.02,16.91,16.97,160
2016.02.05,21:00,16.97,16.99,16.90,16.96,187
2016.02.05,22:00,16.97,17.08,16.94,17.03,170
2016.02.08,16:00,16.81,16.86,16.66,16.69,114
2016.02.08,17:00,16.70,16.75,16.66,16.73,317
2016.02.08,18:00,16.73,16.87,16.68,16.87,241
2016.02.08,19:00,16.89,16.89,16.78,16.80,167
2016.02.08,20:00,16.80,16.85,16.74,16.79,141
2016.02.08,21:00,16.81,16.84,16.75,16.84,136
2016.02.08,22:00,16.83,16.98,16.83,16.88,179
2016.02.09,16:00,16.78,16.79,16.45,16.51,146
2016.02.09,17:00,16.51,16.63,16.43,16.48,308
2016.02.09,18:00,16.46,16.52,16.44,16.45,228
2016.02.09,19:00,16.47,16.54,16.45,16.51,236
2016.02.09,20:00,16.52,16.59,16.45,16.58,236
2016.02.09,21:00,16.59,16.76,16.57,16.68,264
2016.02.09,22:00,16.69,16.74,16.62,16.64,219
2016.02.10,16:00,16.71,16.74,16.58,16.74,142
2016.02.10,17:00,16.75,16.90,16.73,16.81,261
2016.02.10,18:00,16.82,16.89,16.75,16.85,272
2016.02.10,19:00,16.85,16.90,16.82,16.85,221
2016.02.10,20:00,16.84,16.88,16.81,16.88,155
2016.02.10,21:00,16.87,16.94,16.85,16.88,145
2016.02.10,22:00,16.89,16.92,16.75,16.79,251
2016.02.11,16:00,16.61,16.71,16.39,16.70,191
2016.02.11,17:00,16.71,16.73,16.54,16.64,298
2016.02.11,18:00,16.66,16.67,16.51,16.51,202
2016.02.11,19:00,16.51,16.55,16.43,16.51,207
2016.02.11,20:00,16.50,16.53,16.42,16.51,163
2016.02.11,21:00,16.50,16.59,16.41,16.53,339
2016.02.11,22:00,16.53,16.57,16.46,16.48,264
2016.02.12,16:00,16.28,16.82,16.28,16.77,172
2016.02.12,17:00,16.75,16.84,16.70,16.79,221
2016.02.12,18:00,16.79,17.01,16.79,16.99,226
2016.02.12,19:00,16.98,17.11,16.98,17.05,197
2016.02.12,20:00,17.06,17.07,16.92,17.05,180
2016.02.12,21:00,17.07,17.14,17.05,17.14,147
2016.02.12,22:00,17.13,17.17,17.09,17.16,164
2016.02.16,16:00,17.23,17.38,17.19,17.26,169
2016.02.16,17:00,17.28,17.28,17.12,17.25,296
2016.02.16,18:00,17.25,17.26,17.11,17.20,233
2016.02.16,19:00,17.21,17.22,17.16,17.21,84
2016.02.16,20:00,17.20,17.21,17.14,17.18,94
2016.02.16,21:00,17.17,17.19,17.13,17.19,97
2016.02.16,22:00,17.20,17.21,17.15,17.18,104
2016.02.17,16:00,17.29,17.41,17.29,17.39,135
2016.02.17,17:00,17.39,17.56,17.38,17.54,209
2016.02.17,18:00,17.55,17.61,17.52,17.59,161
2016.02.17,19:00,17.59,17.64,17.54,17.61,166
2016.02.17,20:00,17.61,17.64,17.49,17.55,193
2016.02.17,21:00,17.54,17.66,17.51,17.59,210
2016.02.17,22:00,17.58,17.77,17.58,17.76,215
2016.02.18,16:00,17.57,17.82,17.57,17.80,151
2016.02.18,17:00,17.81,17.81,17.65,17.71,178
2016.02.18,18:00,17.72,17.72,17.53,17.61,223
2016.02.18,19:00,17.60,17.61,17.54,17.57,127
2016.02.18,20:00,17.57,17.61,17.54,17.55,96
2016.02.18,21:00,17.56,17.73,17.51,17.70,187
2016.02.18,22:00,17.72,17.76,17.65,17.68,126
2016.02.19,16:00,17.39,17.55,17.35,17.52,125
2016.02.19,17:00,17.52,17.52,17.32,17.33,192
2016.02.19,18:00,17.33,17.53,17.33,17.47,187
2016.02.19,19:00,17.49,17.51,17.43,17.45,86
2016.02.19,20:00,17.45,17.49,17.44,17.48,109
2016.02.19,21:00,17.47,17.52,17.45,17.49,119
2016.02.19,22:00,17.48,17.52,17.45,17.48,111
2016.02.22,16:00,17.54,17.78,17.53,17.74,110
2016.02.22,17:00,17.72,17.83,17.71,17.82,233
2016.02.22,18:00,17.81,17.83,17.78,17.81,191
2016.02.22,19:00,17.81,17.81,17.74,17.76,151
2016.02.22,20:00,17.77,17.77,17.69,17.71,94
2016.02.22,21:00,17.72,17.75,17.66,17.69,92
2016.02.22,22:00,17.70,17.70,17.64,17.69,117
2016.02.23,16:00,17.44,17.55,17.44,17.53,138
2016.02.23,17:00,17.54,17.59,17.44,17.46,198
2016.02.23,18:00,17.47,17.48,17.38,17.42,155
2016.02.23,19:00,17.41,17.41,17.31,17.32,129
2016.02.23,20:00,17.32,17.34,17.25,17.34,73
2016.02.23,21:00,17.33,17.37,17.32,17.34,88
2016.02.23,22:00,17.33,17.33,17.26,17.30,128
2016.02.24,16:00,17.06,17.10,16.82,16.91,154
2016.02.24,17:00,16.89,17.09,16.87,17.03,184
2016.02.24,18:00,17.04,17.06,16.91,17.03,216
2016.02.24,19:00,17.03,17.04,16.98,17.00,109
2016.02.24,20:00,16.99,17.06,16.95,17.04,96
2016.02.24,21:00,17.03,17.14,17.03,17.06,152
2016.02.24,22:00,17.08,17.20,17.07,17.12,170
2016.02.25,16:00,17.17,17.25,17.11,17.14,96
2016.02.25,17:00,17.07,17.16,16.98,17.00,369
2016.02.25,18:00,17.01,17.04,16.97,17.03,257
2016.02.25,19:00,17.02,17.04,16.99,17.02,179
2016.02.25,20:00,17.03,17.13,17.00,17.12,175
2016.02.25,21:00,17.11,17.14,17.01,17.13,259
2016.02.25,22:00,17.14,17.14,17.05,17.10,197
2016.02.26,16:00,17.32,17.40,17.26,17.37,103
2016.02.26,17:00,17.39,17.41,17.30,17.36,161
2016.02.26,18:00,17.37,17.40,17.31,17.36,126
2016.02.26,19:00,17.35,17.35,17.25,17.25,112
2016.02.26,20:00,17.26,17.28,17.24,17.26,126
2016.02.26,21:00,17.26,17.30,17.23,17.23,156
2016.02.26,22:00,17.22,17.30,17.22,17.29,114
2016.02.29,16:00,17.17,17.32,17.14,17.28,159
2016.02.29,17:00,17.25,17.29,17.14,17.26,200
2016.02.29,18:00,17.26,17.32,17.25,17.27,150
2016.02.29,19:00,17.28,17.33,17.27,17.30,132
2016.02.29,20:00,17.30,17.31,17.28,17.30,57
2016.02.29,21:00,17.31,17.31,17.18,17.26,216
2016.02.29,22:00,17.27,17.27,17.18,17.22,128
2016.03.01,16:00,17.30,17.40,17.22,17.37,91
2016.03.01,17:00,17.37,17.48,17.32,17.46,130
2016.03.01,18:00,17.46,17.71,17.46,17.71,135
2016.03.01,19:00,17.70,17.77,17.67,17.75,152
2016.03.01,20:00,17.74,17.82,17.70,17.72,128
2016.03.01,21:00,17.70,17.82,17.66,17.82,86
2016.03.01,22:00,17.81,17.82,17.75,17.77,61
2016.03.02,16:00,17.76,17.94,17.73,17.90,103
2016.03.02,17:00,17.90,18.12,17.88,18.08,235
2016.03.02,18:00,18.07,18.25,18.07,18.23,263
2016.03.02,19:00,18.24,18.27,18.19,18.27,98
2016.03.02,20:00,18.28,18.34,18.18,18.20,241
2016.03.02,21:00,18.20,18.23,18.12,18.21,218
2016.03.02,22:00,18.20,18.22,18.16,18.21,90
2016.03.03,16:00,18.17,18.32,18.13,18.29,118
2016.03.03,17:00,18.29,18.42,18.25,18.41,221
2016.03.03,18:00,18.42,18.44,18.31,18.35,167
2016.03.03,19:00,18.36,18.44,18.32,18.44,96
2016.03.03,20:00,18.45,18.50,18.44,18.49,46
2016.03.03,21:00,18.48,18.56,18.47,18.51,114
2016.03.03,22:00,18.52,18.59,18.50,18.59,83
2016.03.04,16:00,18.38,18.63,18.37,18.56,147
2016.03.04,17:00,18.56,18.60,18.49,18.54,152
2016.03.04,18:00,18.55,18.57,18.39,18.43,138
2016.03.04,19:00,18.42,18.53,18.42,18.53,93
2016.03.04,20:00,18.52,18.58,18.45,18.46,120
2016.03.04,21:00,18.46,18.56,18.46,18.53,167
2016.03.04,22:00,18.51,18.51,18.46,18.49,94
2016.03.07,16:00,18.45,18.45,18.23,18.31,199
2016.03.07,17:00,18.31,18.49,18.31,18.48,288
2016.03.07,18:00,18.49,18.62,18.49,18.58,220
2016.03.07,19:00,18.57,18.63,18.54,18.60,107
2016.03.07,20:00,18.60,18.63,18.54,18.56,115
2016.03.07,21:00,18.56,18.59,18.51,18.57,132
2016.03.07,22:00,18.57,18.64,18.55,18.63,320
2016.03.08,16:00,18.31,18.50,18.29,18.29,146
2016.03.08,17:00,18.30,18.32,18.17,18.17,202
2016.03.08,18:00,18.19,18.37,18.19,18.35,176
2016.03.08,19:00,18.35,18.37,18.31,18.37,115
2016.03.08,20:00,18.38,18.43,18.35,18.43,160
2016.03.08,21:00,18.42,18.51,18.40,18.51,130
2016.03.08,22:00,18.52,18.52,18.36,18.37,143
2016.03.09,16:00,18.23,18.51,18.23,18.46,111
2016.03.09,17:00,18.45,18.53,18.41,18.45,231
2016.03.09,18:00,18.45,18.67,18.45,18.65,200
2016.03.09,19:00,18.62,18.68,18.57,18.64,150
2016.03.09,20:00,18.64,18.65,18.57,18.62,147
2016.03.09,21:00,18.62,18.63,18.53,18.60,108
2016.03.09,22:00,18.59,18.60,18.51,18.57,154
2016.03.10,16:00,18.54,18.65,18.54,18.64,121
2016.03.10,17:00,18.63,18.71,18.59,18.61,258
2016.03.10,18:00,18.60,18.62,18.44,18.45,277
2016.03.10,19:00,18.45,18.47,18.35,18.44,269
2016.03.10,20:00,18.42,18.51,18.42,18.48,164
2016.03.10,21:00,18.49,18.55,18.44,18.54,208
2016.03.10,22:00,18.54,18.58,18.49,18.50,384
2016.03.11,16:00,18.68,18.71,18.56,18.69,183
2016.03.11,17:00,18.69,18.78,18.67,18.68,172
2016.03.11,18:00,18.69,18.74,18.68,18.74,172
2016.03.11,19:00,18.74,18.81,18.72,18.77,109
2016.03.11,20:00,18.76,18.78,18.74,18.78,126
2016.03.11,21:00,18.78,18.79,18.76,18.77,100
2016.03.11,22:00,18.77,18.85,18.76,18.85,95
2016.03.14,16:00,18.57,18.69,18.57,18.63,66
2016.03.14,17:00,18.64,18.71,18.63,18.68,143
2016.03.14,18:00,18.67,18.77,18.67,18.71,197
2016.03.14,19:00,18.71,18.77,18.71,18.75,215
2016.03.14,20:00,18.75,18.79,18.72,18.76,308
2016.03.14,21:00,18.77,18.83,18.73,18.80,246
2016.03.14,22:00,18.80,18.83,18.71,18.77,262
2016.03.15,16:00,18.65,18.65,18.46,18.48,164
2016.03.15,17:00,18.48,18.71,18.48,18.59,167
2016.03.15,18:00,18.61,18.63,18.47,18.50,138
2016.03.15,19:00,18.49,18.52,18.47,18.50,121
2016.03.15,20:00,18.51,18.57,18.48,18.55,42
2016.03.15,21:00,18.57,18.67,18.53,18.55,125
2016.03.15,22:00,18.55,18.59,18.50,18.57,92
2016.03.16,16:00,18.39,18.53,18.39,18.48,108
2016.03.16,17:00,18.48,18.57,18.47,18.53,133
2016.03.16,18:00,18.54,18.56,18.49,18.49,78
2016.03.16,19:00,18.51,18.55,18.47,18.52,109
2016.03.16,20:00,18.51,18.54,18.48,18.48,155
2016.03.16,21:00,18.50,18.87,18.50,18.77,308
2016.03.16,22:00,18.79,18.86,18.77,18.81,200
2016.03.17,16:00,19.08,19.10,18.90,19.06,134
2016.03.17,17:00,19.05,19.20,19.03,19.18,265
2016.03.17,18:00,19.17,19.32,19.13,19.28,177
2016.03.17,19:00,19.28,19.36,19.24,19.32,126
2016.03.17,20:00,19.32,19.35,19.26,19.35,106
2016.03.17,21:00,19.36,19.43,19.32,19.41,131
2016.03.17,22:00,19.42,19.48,19.41,19.44,103
2016.03.18,16:00,19.49,19.65,19.45,19.52,116
2016.03.18,17:00,19.52,19.63,19.42,19.48,235
2016.03.18,18:00,19.50,19.57,19.45,19.50,234
2016.03.18,19:00,19.51,19.54,19.42,19.45,191
2016.03.18,20:00,19.44,19.54,19.37,19.52,192
2016.03.18,21:00,19.52,19.77,19.51,19.77,307
2016.03.18,22:00,19.77,19.79,19.66,19.71,182
2016.03.21,16:00,19.52,19.72,19.26,19.44,235
2016.03.21,17:00,19.46,19.55,19.34,19.52,303
2016.03.21,18:00,19.51,19.58,19.43,19.43,272
2016.03.21,19:00,19.43,19.50,19.43,19.49,106
2016.03.21,20:00,19.49,19.60,19.47,19.58,214
2016.03.21,21:00,19.58,19.65,19.50,19.63,191
2016.03.21,22:00,19.63,19.66,19.58,19.60,217
2016.03.22,16:00,19.44,19.47,19.37,19.45,172
2016.03.22,17:00,19.44,19.51,19.40,19.44,163
2016.03.22,18:00,19.44,19.53,19.43,19.52,155
2016.03.22,19:00,19.52,19.62,19.50,19.62,141
2016.03.22,20:00,19.62,19.66,19.60,19.64,90
2016.03.22,21:00,19.64,19.67,19.57,19.65,125
2016.03.22,22:00,19.66,19.66,19.58,19.59,94
2016.03.23,16:00,19.33,19.46,19.21,19.21,233
2016.03.23,17:00,19.21,19.29,19.19,19.26,215
2016.03.23,18:00,19.24,19.25,19.12,19.17,206
2016.03.23,19:00,19.16,19.21,19.08,19.10,302
2016.03.23,20:00,19.10,19.18,19.09,19.17,187
2016.03.23,21:00,19.16,19.16,19.04,19.11,176
2016.03.23,22:00,19.12,19.14,18.99,19.04,148
2016.03.24,16:00,18.83,18.89,18.63,18.66,137
2016.03.24,17:00,18.66,18.81,18.63,18.76,226
2016.03.24,18:00,18.78,18.79,18.69,18.79,156
2016.03.24,19:00,18.78,18.91,18.77,18.85,186
2016.03.24,20:00,18.83,18.89,18.80,18.82,115
2016.03.24,21:00,18.83,18.85,18.78,18.80,156
2016.03.24,22:00,18.81,18.85,18.79,18.85,101
2016.03.28,16:00,18.95,19.01,18.87,18.93,99
2016.03.28,17:00,18.91,18.93,18.71,18.76,161
2016.03.28,18:00,18.76,18.88,18.72,18.88,152
2016.03.28,19:00,18.89,19.00,18.89,18.95,133
2016.03.28,20:00,18.96,18.96,18.92,18.95,7
2016.03.28,21:00,18.96,19.01,18.95,19.00,60
2016.03.28,22:00,19.00,19.06,19.00,19.05,80
2016.03.29,16:00,18.76,19.11,18.76,19.03,206
2016.03.29,17:00,19.04,19.04,18.98,19.03,165
2016.03.29,18:00,19.02,19.11,18.99,19.00,95
2016.03.29,19:00,18.99,19.11,18.94,19.09,134
2016.03.29,20:00,19.10,19.16,19.05,19.11,49
2016.03.29,21:00,19.12,19.37,19.11,19.36,164
2016.03.29,22:00,19.35,19.44,19.26,19.31,117
2016.03.30,16:00,19.37,19.55,19.18,19.49,132
2016.03.30,17:00,19.51,19.51,19.43,19.46,78
2016.03.30,18:00,19.47,19.47,19.42,19.45,78
2016.03.30,19:00,19.43,19.47,19.39,19.44,86
2016.03.30,20:00,19.43,19.47,19.39,19.44,63
2016.03.30,21:00,19.43,19.49,19.41,19.41,178
2016.03.30,22:00,19.42,19.49,19.41,19.44,114
2016.03.31,16:00,19.39,19.58,19.33,19.49,127
2016.03.31,17:00,19.49,19.55,19.27,19.35,152
2016.03.31,18:00,19.35,19.46,19.35,19.36,82
2016.03.31,19:00,19.35,19.36,19.32,19.32,56
2016.03.31,20:00,19.33,19.34,19.29,19.32,36
2016.03.31,21:00,19.31,19.42,19.30,19.33,181
2016.03.31,22:00,19.31,19.41,19.28,19.36,67
2016.04.01,16:00,19.08,19.16,19.04,19.15,153
2016.04.01,17:00,19.16,19.28,19.14,19.27,178
2016.04.01,18:00,19.28,19.45,19.28,19.44,155
2016.04.01,19:00,19.45,19.51,19.38,19.38,245
2016.04.01,20:00,19.38,19.51,19.38,19.45,203
2016.04.01,21:00,19.48,19.67,19.43,19.65,175
2016.04.01,22:00,19.65,19.67,19.60,19.64,94
2016.04.04,16:00,19.57,19.69,19.49,19.68,119
2016.04.04,17:00,19.68,19.70,19.59,19.61,103
2016.04.04,18:00,19.61,19.65,19.46,19.48,110
2016.04.04,19:00,19.49,19.49,19.43,19.48,37
2016.04.04,20:00,19.47,19.48,19.35,19.35,81
2016.04.04,21:00,19.37,19.41,19.34,19.38,78
2016.04.04,22:00,19.40,19.42,19.35,19.42,39
2016.04.05,16:00,19.21,19.29,19.11,19.17,146
2016.04.05,17:00,19.18,19.24,19.09,19.09,228
2016.04.05,18:00,19.09,19.18,19.09,19.17,195
2016.04.05,19:00,19.16,19.18,19.11,19.14,134
2016.04.05,20:00,19.14,19.18,19.13,19.17,87
2016.04.05,21:00,19.16,19.18,19.15,19.18,90
2016.04.05,22:00,19.17,19.20,19.15,19.19,80
2016.04.06,16:00,19.25,19.28,19.09,19.14,128
2016.04.06,17:00,19.14,19.19,19.05,19.16,189
2016.04.06,18:00,19.15,19.31,19.15,19.31,97
2016.04.06,19:00,19.32,19.32,19.19,19.20,73
2016.04.06,20:00,19.21,19.26,19.20,19.21,46
2016.04.06,21:00,19.20,19.20,19.13,19.19,112
2016.04.06,22:00,19.17,19.31,19.17,19.30,62
2016.04.07,16:00,19.01,19.08,18.98,19.02,104
2016.04.07,17:00,19.03,19.03,18.88,18.95,177
2016.04.07,18:00,18.97,19.01,18.93,18.98,126
2016.04.07,19:00,18.99,19.11,18.99,19.11,108
2016.04.07,20:00,19.12,19.20,19.06,19.09,81
2016.04.07,21:00,19.08,19.11,18.94,19.04,153
2016.04.07,22:00,19.05,19.13,19.03,19.09,107
2016.04.08,16:00,19.04,19.31,19.04,19.25,175
2016.04.08,17:00,19.26,19.43,19.23,19.40,228
2016.04.08,18:00,19.39,19.42,19.26,19.41,193
2016.04.08,19:00,19.40,19.46,19.35,19.37,264
2016.04.08,20:00,19.38,19.44,19.36,19.41,179
2016.04.08,21:00,19.42,19.43,19.32,19.37,144
2016.04.08,22:00,19.37,19.42,19.31,19.41,201
2016.04.11,16:00,19.34,19.70,19.31,19.69,152
2016.04.11,17:00,19.66,19.70,19.54,19.58,327
2016.04.11,18:00,19.58,19.64,19.54,19.60,237
2016.04.11,19:00,19.60,19.68,19.58,19.68,219
2016.04.11,20:00,19.69,19.72,19.66,19.71,96
2016.04.11,21:00,19.72,19.76,19.69,19.74,134
2016.04.11,22:00,19.75,19.75,19.63,19.64,80
2016.04.12,16:00,19.65,19.77,19.65,19.76,44
2016.04.12,17:00,19.76,19.88,19.74,19.86,194
2016.04.12,18:00,19.86,19.97,19.84,19.94,137
2016.04.12,19:00,19.93,19.95,19.90,19.91,117
2016.04.12,20:00,19.92,19.97,19.90,19.92,116
2016.04.12,21:00,19.91,19.96,19.89,19.93,63
2016.04.12,22:00,19.92,19.97,19.91,19.94,96
2016.04.13,16:00,19.85,20.14,19.85,20.07,143
2016.04.13,17:00,20.06,20.14,20.02,20.10,124
2016.04.13,18:00,20.09,20.16,20.05,20.12,122
2016.04.13,19:00,20.11,20.13,20.04,20.12,76
2016.04.13,20:00,20.11,20.11,20.08,20.10,23
2016.04.13,21:00,20.09,20.09,19.96,19.96,60
2016.04.13,22:00,19.97,20.10,19.97,20.10,49
2016.04.14,16:00,19.87,19.99,19.84,19.86,130
2016.04.14,17:00,19.87,20.03,19.82,19.98,192
2016.04.14,18:00,19.99,20.04,19.97,20.01,121
2016.04.14,19:00,20.00,20.01,19.98,19.98,28
2016.04.14,20:00,19.97,20.01,19.95,19.96,60
2016.04.14,21:00,19.95,19.97,19.88,19.93,55
2016.04.14,22:00,19.94,19.98,19.93,19.96,32
2016.04.15,16:00,19.80,20.13,19.80,20.13,171
2016.04.15,17:00,20.14,20.14,20.03,20.06,103
2016.04.15,18:00,20.06,20.17,20.06,20.14,106
2016.04.15,19:00,20.15,20.16,20.05,20.09,49
2016.04.15,20:00,20.08,20.14,20.02,20.08,82
2016.04.15,21:00,20.10,20.21,20.10,20.20,57
2016.04.15,22:00,20.21,20.23,20.19,20.20,42
2016.04.18,16:00,20.14,20.22,20.08,20.19,78
2016.04.18,17:00,20.21,20.25,19.99,20.07,195
2016.04.18,18:00,20.07,20.13,20.05,20.09,81
2016.04.18,19:00,20.10,20.19,20.09,20.18,45
2016.04.18,20:00,20.17,20.18,20.11,20.13,69
2016.04.18,21:00,20.13,20.17,20.12,20.14,63
2016.04.18,22:00,20.13,20.17,20.09,20.17,45
2016.04.19,16:00,19.41,19.79,19.40,19.72,220
2016.04.19,17:00,19.74,19.76,19.38,19.44,252
2016.04.19,18:00,19.45,19.61,19.43,19.45,255
2016.04.19,19:00,19.44,19.45,19.39,19.45,107
2016.04.19,20:00,19.45,19.49,19.42,19.46,48
2016.04.19,21:00,19.46,19.54,19.46,19.51,77
2016.04.19,22:00,19.52,19.59,19.51,19.58,32
2016.04.20,16:00,19.56,19.64,19.37,19.56,172
2016.04.20,17:00,19.56,19.59,19.44,19.52,139
2016.04.20,18:00,19.51,19.59,19.50,19.54,63
2016.04.20,19:00,19.55,19.59,19.50,19.57,94
2016.04.20,20:00,19.58,19.58,19.55,19.57,19
2016.04.20,21:00,19.56,19.61,19.54,19.60,23
2016.04.20,22:00,19.59,19.59,19.54,19.55,14
2016.04.21,16:00,19.39,19.54,19.38,19.45,158
2016.04.21,17:00,19.45,19.52,19.40,19.45,136
2016.04.21,18:00,19.45,19.48,19.36,19.36,153
2016.04.21,19:00,19.37,19.38,19.30,19.35,120
2016.04.21,20:00,19.34,19.37,19.31,19.35,64
2016.04.21,21:00,19.34,19.35,19.22,19.24,88
2016.04.21,22:00,19.23,19.29,19.23,19.26,80
2016.04.22,16:00,19.06,19.24,19.00,19.20,146
2016.04.22,17:00,19.21,19.29,19.15,19.15,114
2016.04.22,18:00,19.15,19.19,19.12,19.14,139
2016.04.22,19:00,19.13,19.13,19.01,19.05,83
2016.04.22,20:00,19.06,19.14,19.06,19.10,110
2016.04.22,21:00,19.10,19.18,19.07,19.18,67
2016.04.22,22:00,19.15,19.15,19.10,19.11,55
2016.04.25,16:00,19.10,19.14,18.99,19.05,166
2016.04.25,17:00,19.05,19.08,18.92,18.96,221
2016.04.25,18:00,18.95,19.14,18.95,19.13,96
2016.04.25,19:00,19.14,19.19,19.11,19.18,62
2016.04.25,20:00,19.17,19.17,19.12,19.12,36
2016.04.25,21:00,19.13,19.15,19.11,19.15,38
2016.04.25,22:00,19.16,19.16,19.12,19.13,29
2016.04.26,16:00,19.23,19.29,19.10,19.25,92
2016.04.26,17:00,19.26,19.28,19.11,19.15,149
2016.04.26,18:00,19.13,19.33,19.13,19.33,158
2016.04.26,19:00,19.32,19.33,19.22,19.23,91
2016.04.26,20:00,19.22,19.30,19.21,19.28,88
2016.04.26,21:00,19.27,19.33,19.22,19.33,55
2016.04.26,22:00,19.32,19.33,19.25,19.29,76
2016.04.27,16:00,19.03,19.57,19.03,19.57,171
2016.04.27,17:00,19.58,19.62,19.37,19.37,207
2016.04.27,18:00,19.37,19.49,19.30,19.35,134
2016.04.27,19:00,19.34,19.37,19.30,19.32,134
2016.04.27,20:00,19.30,19.36,19.29,19.34,105
2016.04.27,21:00,19.36,19.37,19.24,19.35,212
2016.04.27,22:00,19.36,19.41,19.32,19.38,92
2016.04.28,16:00,19.26,19.42,19.12,19.12,196
2016.04.28,17:00,19.12,19.50,19.11,19.49,229
2016.04.28,18:00,19.47,19.52,19.40,19.46,90
2016.04.28,19:00,19.47,19.50,19.43,19.48,104
2016.04.28,20:00,19.47,19.51,19.46,19.50,76
2016.04.28,21:00,19.51,19.61,19.49,19.59,67
2016.04.28,22:00,19.58,19.58,19.31,19.31,178
2016.04.29,16:00,19.51,19.51,19.28,19.35,131
2016.04.29,17:00,19.36,19.47,19.30,19.33,114
2016.04.29,18:00,19.32,19.35,19.28,19.29,92
2016.04.29,19:00,19.28,19.33,19.27,19.29,87
2016.04.29,20:00,19.30,19.31,19.27,19.29,38
2016.04.29,21:00,19.30,19.43,19.26,19.30,132
2016.04.29,22:00,19.30,19.44,19.30,19.42,134
2016.05.02,16:00,19.36,19.38,18.98,19.17,186
2016.05.02,17:00,19.17,19.21,19.05,19.10,274
2016.05.02,18:00,19.10,19.21,19.04,19.04,213
2016.05.02,19:00,19.05,19.11,19.04,19.06,147
2016.05.02,20:00,19.06,19.09,19.01,19.02,96
2016.05.02,21:00,19.03,19.11,19.02,19.04,87
2016.05.02,22:00,19.03,19.05,18.99,19.01,68
2016.05.03,16:00,18.72,18.72,18.51,18.55,110
2016.05.03,17:00,18.54,18.57,18.32,18.43,129
2016.05.03,18:00,18.41,18.70,18.39,18.67,171
2016.05.03,19:00,18.68,18.70,18.57,18.66,63
2016.05.03,20:00,18.67,18.73,18.62,18.71,85
2016.05.03,21:00,18.72,18.73,18.65,18.68,81
2016.05.03,22:00,18.67,18.73,18.67,18.72,119
2016.05.04,16:00,18.62,18.78,18.58,18.77,154
2016.05.04,17:00,18.77,18.81,18.61,18.63,303
2016.05.04,18:00,18.64,18.64,18.50,18.53,131
2016.05.04,19:00,18.52,18.65,18.51,18.64,155
2016.05.04,20:00,18.65,18.68,18.63,18.64,72
2016.05.04,21:00,18.65,18.71,18.60,18.68,173
2016.05.04,22:00,18.69,18.72,18.65,18.70,135
2016.05.05,16:00,18.65,18.83,18.62,18.80,86
2016.05.05,17:00,18.79,18.87,18.65,18.67,200
2016.05.05,18:00,18.64,18.76,18.63,18.72,153
2016.05.05,19:00,18.71,18.74,18.64,18.74,97
2016.05.05,20:00,18.73,18.75,18.69,18.71,70
2016.05.05,21:00,18.70,18.79,18.65,18.65,128
2016.05.05,22:00,18.69,18.71,18.66,18.71,34
2016.05.06,16:00,18.70,18.90,18.60,18.85,196
2016.05.06,17:00,18.84,18.92,18.70,18.73,268
2016.05.06,18:00,18.74,18.91,18.74,18.88,225
2016.05.06,19:00,18.90,18.94,18.86,18.93,136
2016.05.06,20:00,18.93,19.00,18.89,18.97,192
2016.05.06,21:00,18.98,19.01,18.96,18.98,81
2016.05.06,22:00,18.97,19.00,18.95,18.95,44
2016.05.09,16:00,18.75,18.84,18.62,18.70,178
2016.05.09,17:00,18.72,18.74,18.60,18.67,277
2016.05.09,18:00,18.67,18.69,18.53,18.67,230
2016.05.09,19:00,18.67,18.73,18.66,18.68,151
2016.05.09,20:00,18.67,18.71,18.64,18.66,113
2016.05.09,21:00,18.64,18.72,18.62,18.68,157
2016.05.09,22:00,18.69,18.71,18.67,18.70,57
2016.05.10,16:00,18.61,18.96,18.55,18.84,131
2016.05.10,17:00,18.85,18.85,18.73,18.79,254
2016.05.10,18:00,18.78,18.79,18.57,18.79,254
2016.05.10,19:00,18.80,18.90,18.77,18.79,137
2016.05.10,20:00,18.78,18.82,18.72,18.78,158
2016.05.10,21:00,18.75,18.81,18.75,18.80,95
2016.05.10,22:00,18.81,18.84,18.78,18.81,67
2016.05.11,16:00,18.64,18.81,18.64,18.81,124
2016.05.11,17:00,18.81,18.81,18.65,18.77,190
2016.05.11,18:00,18.78,18.78,18.67,18.74,101
2016.05.11,19:00,18.73,18.75,18.70,18.73,47
2016.05.11,20:00,18.73,18.77,18.71,18.75,76
2016.05.11,21:00,18.73,18.74,18.70,18.72,53
2016.05.11,22:00,18.73,18.76,18.70,18.74,86
2016.05.12,16:00,18.76,18.85,18.59,18.60,175
2016.05.12,17:00,18.62,18.64,18.45,18.52,160
2016.05.12,18:00,18.51,18.51,18.39,18.43,92
2016.05.12,19:00,18.42,18.60,18.42,18.60,106
2016.05.12,20:00,18.61,18.62,18.56,18.61,84
2016.05.12,21:00,18.62,18.67,18.57,18.57,146
2016.05.12,22:00,18.58,18.61,18.52,18.56,120
2016.05.13,16:00,18.35,18.61,18.35,18.55,217
2016.05.13,17:00,18.56,18.56,18.37,18.40,229
2016.05.13,18:00,18.40,18.43,18.35,18.38,138
2016.05.13,19:00,18.37,18.39,18.26,18.27,156
2016.05.13,20:00,18.28,18.31,18.25,18.28,101
2016.05.13,21:00,18.29,18.37,18.29,18.37,131
2016.05.13,22:00,18.36,18.39,18.32,18.38,71
2016.05.16,16:00,18.36,18.62,18.34,18.55,132
2016.05.16,17:00,18.55,18.78,18.55,18.61,222
2016.05.16,18:00,18.62,18.65,18.49,18.52,127
2016.05.16,19:00,18.51,18.51,18.41,18.51,135
2016.05.16,20:00,18.52,18.57,18.44,18.48,87
2016.05.16,21:00,18.47,18.53,18.47,18.51,73
2016.05.16,22:00,18.50,18.53,18.43,18.43,87
2016.05.17,16:00,18.32,18.48,18.24,18.43,237
2016.05.17,17:00,18.44,18.67,18.35,18.66,264
2016.05.17,18:00,18.65,18.68,18.58,18.63,140
2016.05.17,19:00,18.62,18.66,18.51,18.56,128
2016.05.17,20:00,18.55,18.63,18.51,18.53,71
2016.05.17,21:00,18.52,18.54,18.38,18.43,141
2016.05.17,22:00,18.42,18.52,18.41,18.50,79
2016.05.18,16:00,18.31,18.58,18.30,18.51,211
2016.05.18,17:00,18.51,18.59,18.45,18.52,237
2016.05.18,18:00,18.51,18.55,18.43,18.52,115
2016.05.18,19:00,18.51,18.55,18.48,18.54,135
2016.05.18,20:00,18.53,18.60,18.50,18.55,212
2016.05.18,21:00,18.53,18.54,18.20,18.43,544
2016.05.18,22:00,18.44,18.50,18.31,18.48,530
2016.05.19,16:00,18.26,18.43,18.26,18.33,165
2016.05.19,17:00,18.33,18.46,18.18,18.33,427
2016.05.19,18:00,18.32,18.43,18.24,18.43,210
2016.05.19,19:00,18.42,18.45,18.37,18.38,107
2016.05.19,20:00,18.37,18.52,18.34,18.50,131
2016.05.19,21:00,18.51,18.58,18.46,18.49,157
2016.05.19,22:00,18.50,18.54,18.47,18.50,97
2016.05.20,16:00,18.38,18.71,18.38,18.58,191
2016.05.20,17:00,18.58,18.61,18.42,18.47,225
2016.05.20,18:00,18.47,18.56,18.46,18.51,177
2016.05.20,19:00,18.50,18.51,18.44,18.47,75
2016.05.20,20:00,18.48,18.48,18.40,18.46,114
2016.05.20,21:00,18.45,18.49,18.43,18.47,74
2016.05.20,22:00,18.48,18.48,18.40,18.44,49
2016.05.23,16:00,18.09,18.21,18.08,18.09,106
2016.05.23,17:00,18.09,18.48,18.08,18.31,267
2016.05.23,18:00,18.32,18.34,18.21,18.22,62
2016.05.23,19:00,18.21,18.29,18.21,18.23,50
2016.05.23,20:00,18.24,18.30,18.24,18.30,50
2016.05.23,21:00,18.29,18.29,18.26,18.29,19
2016.05.23,22:00,18.28,18.28,18.23,18.24,33
2016.05.24,16:00,18.06,18.36,18.05,18.28,113
2016.05.24,17:00,18.26,18.32,18.16,18.18,165
2016.05.24,18:00,18.19,18.27,18.17,18.25,113
2016.05.24,19:00,18.25,18.34,18.24,18.34,66
2016.05.24,20:00,18.35,18.36,18.26,18.26,76
2016.05.24,21:00,18.25,18.28,18.18,18.25,94
2016.05.24,22:00,18.24,18.28,18.23,18.27,29
2016.05.25,16:00,18.22,18.51,18.22,18.49,107
2016.05.25,17:00,18.50,18.51,18.42,18.46,52
2016.05.25,18:00,18.45,18.56,18.45,18.50,58
2016.05.25,19:00,18.50,18.50,18.44,18.44,25
2016.05.25,20:00,18.45,18.46,18.41,18.43,40
2016.05.25,21:00,18.42,18.42,18.37,18.38,32
2016.05.25,22:00,18.39,18.41,18.35,18.38,52
2016.05.26,16:00,18.30,18.55,18.30,18.40,177
2016.05.26,17:00,18.41,18.52,18.40,18.42,139
2016.05.26,18:00,18.40,18.49,18.38,18.45,84
2016.05.26,19:00,18.46,18.47,18.36,18.37,53
2016.05.26,20:00,18.38,18.45,18.36,18.36,57
2016.05.26,21:00,18.35,18.35,18.33,18.34,36
2016.05.26,22:00,18.35,18.35,18.29,18.29,62
2016.05.27,16:00,18.11,18.30,18.06,18.17,197
2016.05.27,17:00,18.17,18.30,18.17,18.23,151
2016.05.27,18:00,18.24,18.26,18.21,18.24,80
2016.05.27,19:00,18.25,18.25,18.21,18.21,25
2016.05.27,20:00,18.22,18.24,18.16,18.17,29
2016.05.27,21:00,18.16,18.21,18.15,18.18,81
2016.05.27,22:00,18.17,18.18,18.14,18.15,23
2016.05.31,16:00,18.15,18.18,18.10,18.15,77
2016.05.31,17:00,18.16,18.24,18.14,18.24,113
2016.05.31,18:00,18.23,18.25,18.18,18.20,36
2016.05.31,19:00,18.21,18.22,18.17,18.18,63
2016.05.31,20:00,18.17,18.20,18.16,18.17,27
2016.05.31,21:00,18.15,18.16,18.09,18.11,68
2016.05.31,22:00,18.10,18.16,18.08,18.10,53
2016.06.01,16:00,17.77,18.04,17.77,18.03,182
2016.06.01,17:00,18.05,18.10,17.99,18.01,139
2016.06.01,18:00,18.02,18.08,18.02,18.05,68
2016.06.01,19:00,18.05,18.09,18.03,18.05,83
2016.06.01,20:00,18.07,18.07,17.98,17.99,118
2016.06.01,21:00,17.98,18.03,17.98,18.03,67
2016.06.01,22:00,18.04,18.07,18.03,18.06,61
2016.06.02,16:00,17.89,18.18,17.83,18.16,203
2016.06.02,17:00,18.17,18.28,18.16,18.27,116
2016.06.02,18:00,18.29,18.40,18.24,18.34,96
2016.06.02,19:00,18.32,18.32,18.28,18.29,36
2016.06.02,20:00,18.30,18.34,18.29,18.32,25
2016.06.02,21:00,18.32,18.36,18.29,18.32,65
2016.06.02,22:00,18.31,18.38,18.29,18.36,88
2016.06.03,16:00,18.17,18.37,18.12,18.35,158
2016.06.03,17:00,18.34,18.45,18.32,18.44,111
2016.06.03,18:00,18.45,18.52,18.40,18.51,140
2016.06.03,19:00,18.50,18.57,18.49,18.50,79
2016.06.03,20:00,18.53,18.53,18.48,18.50,32
2016.06.03,21:00,18.48,18.56,18.46,18.56,62
2016.06.03,22:00,18.57,18.59,18.51,18.52,78
2016.06.06,16:00,18.46,18.63,18.43,18.57,113
2016.06.06,17:00,18.57,18.67,18.51,18.63,204
2016.06.06,18:00,18.62,18.67,18.61,18.64,123
2016.06.06,19:00,18.65,18.65,18.49,18.54,154
2016.06.06,20:00,18.55,18.65,18.54,18.63,55
2016.06.06,21:00,18.62,18.67,18.58,18.64,44
2016.06.06,22:00,18.63,18.64,18.58,18.60,30
2016.06.07,16:00,18.58,18.79,18.46,18.79,107
2016.06.07,17:00,18.79,18.84,18.77,18.80,49
2016.06.07,18:00,18.79,18.87,18.73,18.85,63
2016.06.07,19:00,18.83,18.83,18.73,18.81,51
2016.06.07,20:00,18.82,18.83,18.79,18.80,34
2016.06.07,21:00,18.79,18.81,18.79,18.80,18
2016.06.07,22:00,18.81,18.82,18.80,18.81,15
2016.06.08,16:00,18.76,19.09,18.72,19.03,188
2016.06.08,17:00,19.04,19.07,18.95,19.01,109
2016.06.08,18:00,19.00,19.00,18.94,18.95,18
2016.06.08,19:00,18.96,18.98,18.93,18.94,17
2016.06.08,20:00,18.93,18.94,18.90,18.90,11
2016.06.08,21:00,18.89,18.91,18.89,18.90,39
2016.06.08,22:00,18.91,18.91,18.85,18.85,40
2016.06.09,16:00,18.73,18.75,18.62,18.70,184
2016.06.09,17:00,18.70,18.78,18.61,18.76,133
2016.06.09,18:00,18.77,18.83,18.77,18.79,24
2016.06.09,19:00,18.80,18.88,18.80,18.81,27
2016.06.09,20:00,18.82,18.87,18.81,18.82,60
2016.06.09,21:00,18.83,18.88,18.82,18.83,26
2016.06.09,22:00,18.84,18.86,18.78,18.79,37
2016.06.10,16:00,18.41,18.61,18.39,18.61,103
2016.06.10,17:00,18.61,18.70,18.58,18.69,80
2016.06.10,18:00,18.70,18.73,18.50,18.55,63
2016.06.10,19:00,18.54,18.56,18.52,18.54,29
2016.06.10,20:00,18.53,18.53,18.41,18.46,46
2016.06.10,21:00,18.45,18.50,18.45,18.47,20
2016.06.10,22:00,18.46,18.56,18.46,18.51,47
2016.06.13,16:00,18.39,18.46,18.21,18.33,156
2016.06.13,17:00,18.33,18.48,18.31,18.38,145
2016.06.13,18:00,18.39,18.42,18.36,18.36,42
2016.06.13,19:00,18.37,18.44,18.37,18.43,31
2016.06.13,20:00,18.44,18.50,18.35,18.38,234
2016.06.13,21:00,18.39,18.41,18.37,18.40,32
2016.06.13,22:00,18.39,18.42,18.36,18.42,36
2016.06.14,16:00,18.29,18.42,18.29,18.34,111
2016.06.14,17:00,18.33,18.34,18.21,18.30,143
2016.06.14,18:00,18.29,18.31,18.24,18.28,85
2016.06.14,19:00,18.29,18.31,18.24,18.25,54
2016.06.14,20:00,18.26,18.27,18.24,18.24,55
2016.06.14,21:00,18.25,18.26,18.13,18.16,66
2016.06.14,22:00,18.15,18.24,18.15,18.24,66
2016.06.15,16:00,18.29,18.45,18.29,18.38,111
2016.06.15,17:00,18.39,18.56,18.38,18.54,80
2016.06.15,18:00,18.53,18.54,18.44,18.45,71
2016.06.15,19:00,18.44,18.45,18.38,18.45,47
2016.06.15,20:00,18.44,18.48,18.40,18.44,65
2016.06.15,21:00,18.43,18.52,18.40,18.51,130
2016.06.15,22:00,18.52,18.54,18.46,18.49,61
2016.06.16,16:00,18.28,18.37,18.23,18.28,131
2016.06.16,17:00,18.27,18.43,18.27,18.42,58
2016.06.16,18:00,18.43,18.52,18.43,18.45,44
2016.06.16,19:00,18.43,18.57,18.43,18.54,79
2016.06.16,20:00,18.55,18.63,18.55,18.57,54
2016.06.16,21:00,18.58,18.67,18.58,18.62,58
2016.06.16,22:00,18.61,18.62,18.58,18.60,35
2016.06.17,16:00,18.54,18.95,18.54,18.88,161
2016.06.17,17:00,18.89,18.94,18.83,18.92,131
2016.06.17,18:00,18.91,18.92,18.83,18.90,82
2016.06.17,19:00,18.89,18.91,18.86,18.88,52
2016.06.17,20:00,18.89,18.90,18.86,18.86,67
2016.06.17,21:00,18.87,18.92,18.86,18.89,31
2016.06.17,22:00,18.90,18.90,18.84,18.85,51
2016.06.20,16:00,19.10,19.11,18.96,19.03,149
2016.06.20,17:00,19.03,19.06,18.98,19.00,116
2016.06.20,18:00,18.99,19.00,18.95,18.99,43
2016.06.20,19:00,19.00,19.00,18.94,18.97,61
2016.06.20,20:00,18.96,18.99,18.94,18.99,38
2016.06.20,21:00,18.98,19.00,18.98,18.99,44
2016.06.20,22:00,19.00,19.00,18.93,18.93,30
2016.06.21,16:00,18.84,18.97,18.83,18.89,157
2016.06.21,17:00,18.91,18.91,18.71,18.77,176
2016.06.21,18:00,18.76,18.84,18.75,18.83,80
2016.06.21,19:00,18.84,18.91,18.83,18.90,27
2016.06.21,20:00,18.91,18.91,18.82,18.87,43
2016.06.21,21:00,18.88,18.96,18.87,18.91,55
2016.06.21,22:00,18.90,18.91,18.87,18.91,43
2016.06.22,16:00,18.91,19.09,18.90,19.07,134
2016.06.22,17:00,19.09,19.34,19.08,19.18,164
2016.06.22,18:00,19.17,19.17,19.05,19.09,83
2016.06.22,19:00,19.10,19.10,19.02,19.04,44
2016.06.22,20:00,19.03,19.06,19.00,19.03,47
2016.06.22,21:00,19.04,19.05,19.01,19.05,53
2016.06.22,22:00,19.04,19.05,18.98,18.99,31
2016.06.23,16:00,18.93,19.33,18.93,19.29,203
2016.06.23,17:00,19.28,19.34,19.21,19.22,125
2016.06.23,18:00,19.21,19.21,19.18,19.19,52
2016.06.23,19:00,19.20,19.21,19.17,19.17,29
2016.06.23,20:00,19.16,19.19,19.16,19.19,17
2016.06.23,21:00,19.18,19.21,19.16,19.19,17
2016.06.23,22:00,19.18,19.25,19.17,19.25,30
2016.06.24,16:00,17.93,18.53,17.93,18.51,242
2016.06.24,17:00,18.51,18.58,18.43,18.48,246
2016.06.24,18:00,18.49,18.49,18.38,18.40,103
2016.06.24,19:00,18.39,18.42,18.31,18.32,101
2016.06.24,20:00,18.31,18.36,18.29,18.35,106
2016.06.24,21:00,18.36,18.37,18.28,18.28,70
2016.06.24,22:00,18.29,18.44,18.27,18.41,88
2016.06.27,16:00,18.04,18.11,17.89,17.96,155
2016.06.27,17:00,17.95,18.00,17.83,17.84,232
2016.06.27,18:00,17.85,17.97,17.85,17.95,109
2016.06.27,19:00,17.94,18.02,17.94,18.02,84
2016.06.27,20:00,18.03,18.06,17.97,17.98,59
2016.06.27,21:00,17.97,18.03,17.96,17.97,69
2016.06.27,22:00,17.96,18.02,17.92,18.00,82
2016.06.28,16:00,18.28,18.54,18.17,18.51,117
2016.06.28,17:00,18.49,18.52,18.40,18.42,106
2016.06.28,18:00,18.43,18.54,18.40,18.53,78
2016.06.28,19:00,18.52,18.57,18.51,18.56,63
2016.06.28,20:00,18.55,18.57,18.52,18.53,45
2016.06.28,21:00,18.52,18.56,18.52,18.56,41
2016.06.28,22:00,18.57,18.58,18.51,18.57,55
2016.06.29,16:00,18.68,18.86,18.68,18.82,132
2016.06.29,17:00,18.81,18.98,18.81,18.94,123
2016.06.29,18:00,18.95,19.20,18.94,19.13,103
2016.06.29,19:00,19.12,19.13,19.02,19.02,55
2016.06.29,20:00,19.03,19.06,19.02,19.05,53
2016.06.29,21:00,19.06,19.16,19.06,19.08,53
2016.06.29,22:00,19.09,19.19,19.08,19.10,75
2016.06.30,16:00,18.94,19.17,18.94,19.02,222
2016.06.30,17:00,19.06,19.25,18.98,19.24,203
2016.06.30,18:00,19.25,19.28,19.19,19.24,126
2016.06.30,19:00,19.25,19.32,19.23,19.30,75
2016.06.30,20:00,19.31,19.32,19.21,19.26,47
2016.06.30,21:00,19.27,19.34,19.26,19.32,54
2016.06.30,22:00,19.33,19.34,19.26,19.34,57
2016.07.01,16:00,19.15,19.31,19.13,19.18,174
2016.07.01,17:00,19.18,19.37,19.14,19.36,193
2016.07.01,18:00,19.37,19.38,19.25,19.32,66
2016.07.01,19:00,19.31,19.31,19.25,19.29,55
2016.07.01,20:00,19.28,19.32,19.26,19.32,26
2016.07.01,21:00,19.33,19.33,19.28,19.30,40
2016.07.01,22:00,19.31,19.37,19.30,19.36,58
2016.07.05,16:00,19.10,19.20,19.05,19.20,117
2016.07.05,17:00,19.20,19.27,19.10,19.17,180
2016.07.05,18:00,19.16,19.20,19.13,19.18,92
2016.07.05,19:00,19.17,19.21,19.17,19.20,52
2016.07.05,20:00,19.19,19.20,19.08,19.11,57
2016.07.05,21:00,19.10,19.17,19.09,19.16,58
2016.07.05,22:00,19.15,19.19,19.15,19.19,33
2016.07.06,16:00,18.87,19.06,18.87,19.01,162
2016.07.06,17:00,19.01,19.16,18.98,19.16,189
2016.07.06,18:00,19.17,19.20,19.11,19.17,96
2016.07.06,19:00,19.18,19.21,19.12,19.17,99
2016.07.06,20:00,19.18,19.21,19.15,19.17,62
2016.07.06,21:00,19.13,19.21,19.12,19.20,85
2016.07.06,22:00,19.19,19.20,19.15,19.17,35
2016.07.07,16:00,19.00,19.31,19.00,19.26,132
2016.07.07,17:00,19.26,19.28,19.20,19.22,76
2016.07.07,18:00,19.20,19.20,19.12,19.16,56
2016.07.07,19:00,19.17,19.20,19.09,19.14,72
2016.07.07,20:00,19.15,19.17,19.13,19.15,22
2016.07.07,21:00,19.14,19.17,19.12,19.14,55
2016.07.07,22:00,19.15,19.19,19.11,19.15,47
2016.07.08,16:00,19.28,19.43,19.20,19.41,110
2016.07.08,17:00,19.42,19.48,19.39,19.45,124
2016.07.08,18:00,19.45,19.53,19.45,19.45,73
2016.07.08,19:00,19.45,19.46,19.42,19.45,23
2016.07.08,20:00,19.44,19.47,19.44,19.47,24
2016.07.08,21:00,19.46,19.51,19.44,19.46,53
2016.07.08,22:00,19.46,19.51,19.46,19.49,28
2016.07.11,16:00,19.56,19.66,19.49,19.64,111
2016.07.11,17:00,19.63,19.81,19.60,19.81,110
2016.07.11,18:00,19.80,19.80,19.71,19.71,43
2016.07.11,19:00,19.70,19.73,19.69,19.71,43
2016.07.11,20:00,19.72,19.72,19.62,19.64,38
2016.07.11,21:00,19.63,19.66,19.63,19.64,18
2016.07.11,22:00,19.65,19.67,19.62,19.64,28
2016.07.12,16:00,19.57,19.95,19.57,19.93,194
2016.07.12,17:00,19.93,20.03,19.92,20.02,171
2016.07.12,18:00,20.01,20.02,19.93,19.95,52
2016.07.12,19:00,19.94,19.94,19.83,19.83,41
2016.07.12,20:00,19.84,19.90,19.83,19.84,44
2016.07.12,21:00,19.85,19.89,19.84,19.86,73
2016.07.12,22:00,19.85,19.87,19.81,19.87,40
2016.07.13,16:00,19.80,19.91,19.75,19.91,118
2016.07.13,17:00,19.92,20.07,19.92,20.05,169
2016.07.13,18:00,20.04,20.04,19.92,19.96,85
2016.07.13,19:00,19.97,19.99,19.92,19.94,58
2016.07.13,20:00,19.95,19.98,19.94,19.94,65
2016.07.13,21:00,19.94,19.98,19.92,19.96,40
2016.07.13,22:00,19.97,19.97,19.93,19.93,16
2016.07.14,16:00,20.16,20.16,19.96,19.98,70
2016.07.14,17:00,19.99,20.21,19.98,20.13,171
2016.07.14,18:00,20.14,20.23,20.12,20.18,63
2016.07.14,19:00,20.17,20.19,20.16,20.18,44
2016.07.14,20:00,20.17,20.17,20.10,20.15,39
2016.07.14,21:00,20.16,20.18,20.14,20.17,21
2016.07.14,22:00,20.18,20.22,20.17,20.21,36
2016.07.15,16:00,20.18,20.32,20.09,20.32,132
2016.07.15,17:00,20.31,20.44,20.31,20.33,193
2016.07.15,18:00,20.32,20.32,20.24,20.25,52
2016.07.15,19:00,20.24,20.28,20.23,20.28,20
2016.07.15,20:00,20.27,20.32,20.26,20.31,35
2016.07.15,21:00,20.32,20.33,20.28,20.30,25
2016.07.15,22:00,20.29,20.32,20.26,20.27,33
2016.07.18,16:00,20.14,20.39,20.09,20.38,128
2016.07.18,17:00,20.38,20.49,20.38,20.45,78
2016.07.18,18:00,20.46,20.52,20.45,20.45,30
2016.07.18,19:00,20.44,20.55,20.40,20.53,187
2016.07.18,20:00,20.52,20.53,20.50,20.50,23
2016.07.18,21:00,20.48,20.49,20.43,20.47,34
2016.07.18,22:00,20.46,20.51,20.46,20.50,21
2016.07.19,16:00,20.39,20.48,20.34,20.48,149
2016.07.19,17:00,20.46,20.49,20.38,20.49,114
2016.07.19,18:00,20.50,20.51,20.40,20.41,46
2016.07.19,19:00,20.42,20.42,20.34,20.37,31
2016.07.19,20:00,20.36,20.43,20.36,20.43,36
2016.07.19,21:00,20.44,20.53,20.43,20.47,43
2016.07.19,22:00,20.46,20.52,20.45,20.52,30
2016.07.20,16:00,20.38,20.58,20.38,20.55,87
2016.07.20,17:00,20.56,20.79,20.54,20.79,85
2016.07.20,18:00,20.80,20.84,20.77,20.77,62
2016.07.20,19:00,20.78,20.86,20.77,20.84,83
2016.07.20,20:00,20.85,20.86,20.77,20.79,68
2016.07.20,21:00,20.80,20.80,20.72,20.73,48
2016.07.20,22:00,20.72,20.75,20.69,20.73,77
2016.07.21,16:00,20.59,20.76,20.52,20.55,145
2016.07.21,17:00,20.55,20.68,20.54,20.65,159
2016.07.21,18:00,20.66,20.73,20.64,20.64,62
2016.07.21,19:00,20.63,20.65,20.59,20.60,41
2016.07.21,20:00,20.61,20.61,20.55,20.56,49
2016.07.21,21:00,20.57,20.60,20.57,20.58,28
2016.07.21,22:00,20.57,20.59,20.55,20.59,29
2016.07.22,16:00,20.57,20.67,20.55,20.66,85
2016.07.22,17:00,20.65,20.73,20.61,20.71,96
2016.07.22,18:00,20.70,20.70,20.65,20.67,33
2016.07.22,19:00,20.68,20.74,20.68,20.71,53
2016.07.22,20:00,20.72,20.72,20.69,20.69,14
2016.07.22,21:00,20.69,20.71,20.68,20.68,15
2016.07.22,22:00,20.69,20.70,20.67,20.69,24
2016.07.25,16:00,20.38,20.61,20.38,20.56,86
2016.07.25,17:00,20.55,20.58,20.45,20.47,103
2016.07.25,18:00,20.46,20.55,20.46,20.55,35
2016.07.25,19:00,20.54,20.58,20.54,20.55,22
2016.07.25,20:00,20.54,20.59,20.52,20.57,35
2016.07.25,21:00,20.56,20.56,20.54,20.55,8
2016.07.25,22:00,20.54,20.54,20.51,20.54,19
2016.07.26,16:00,20.57,20.57,20.43,20.53,54
2016.07.26,17:00,20.52,20.54,20.47,20.49,94
2016.07.26,18:00,20.48,20.58,20.48,20.57,24
2016.07.26,19:00,20.58,20.59,20.56,20.56,57
2016.07.26,20:00,20.57,20.59,20.56,20.57,42
2016.07.26,21:00,20.58,20.60,20.57,20.59,15
2016.07.26,22:00,20.60,20.61,20.58,20.59,15
2016.07.27,16:00,20.40,20.70,20.39,20.66,171
2016.07.27,17:00,20.67,20.68,20.60,20.66,112
2016.07.27,18:00,20.65,20.67,20.54,20.54,66
2016.07.27,19:00,20.53,20.56,20.41,20.42,60
2016.07.27,20:00,20.41,20.41,20.31,20.34,65
2016.07.27,21:00,20.33,20.43,20.30,20.42,173
2016.07.27,22:00,20.43,20.46,20.40,20.42,31
2016.07.28,16:00,20.22,20.32,20.06,20.11,139
2016.07.28,17:00,20.10,20.14,20.02,20.08,159
2016.07.28,18:00,20.09,20.13,20.07,20.11,46
2016.07.28,19:00,20.10,20.12,20.09,20.10,66
2016.07.28,20:00,20.11,20.18,20.11,20.18,37
2016.07.28,21:00,20.17,20.19,20.11,20.15,50
2016.07.28,22:00,20.16,20.20,20.13,20.20,31
2016.07.29,16:00,20.17,20.27,20.17,20.23,135
2016.07.29,17:00,20.23,20.51,20.19,20.50,114
2016.07.29,18:00,20.51,20.57,20.48,20.52,54
2016.07.29,19:00,20.51,20.61,20.49,20.59,55
2016.07.29,20:00,20.58,20.59,20.53,20.54,27
2016.07.29,21:00,20.53,20.58,20.52,20.53,35
2016.07.29,22:00,20.50,20.61,20.49,20.58,45
2016.08.01,16:00,20.55,20.64,20.50,20.60,153
2016.08.01,17:00,20.59,20.71,20.59,20.68,91
2016.08.01,18:00,20.69,20.74,20.63,20.64,67
2016.08.01,19:00,20.65,20.66,20.59,20.65,76
2016.08.01,20:00,20.64,20.67,20.64,20.65,28
2016.08.01,21:00,20.64,20.65,20.59,20.60,30
2016.08.01,22:00,20.61,20.61,20.53,20.60,65
2016.08.02,16:00,20.49,20.61,20.46,20.47,128
2016.08.02,17:00,20.46,20.68,20.46,20.67,160
2016.08.02,18:00,20.68,20.83,20.68,20.71,98
2016.08.02,19:00,20.72,20.72,20.57,20.57,58
2016.08.02,20:00,20.58,20.59,20.55,20.57,38
2016.08.02,21:00,20.58,20.60,20.55,20.56,30
2016.08.02,22:00,20.57,20.60,20.53,20.59,69
2016.08.03,16:00,20.45,20.63,20.36,20.56,89
2016.08.03,17:00,20.55,20.75,20.53,20.70,159
2016.08.03,18:00,20.70,20.89,20.69,20.87,46
2016.08.03,19:00,20.86,20.94,20.86,20.91,24
2016.08.03,20:00,20.91,20.93,20.88,20.89,23
2016.08.03,21:00,20.90,20.91,20.87,20.90,15
2016.08.03,22:00,20.91,20.91,20.86,20.87,18
2016.08.04,16:00,20.76,21.00,20.74,20.92,130
2016.08.04,17:00,20.84,20.91,20.84,20.90,36
2016.08.04,18:00,20.89,20.92,20.85,20.88,30
2016.08.04,19:00,20.87,20.95,20.87,20.94,40
2016.08.04,20:00,20.93,20.94,20.91,20.93,14
2016.08.04,21:00,20.92,20.92,20.87,20.88,35
2016.08.04,22:00,20.89,20.90,20.86,20.88,39
2016.08.05,16:00,20.91,21.01,20.88,20.90,104
2016.08.05,17:00,20.91,20.91,20.71,20.81,142
2016.08.05,18:00,20.80,20.85,20.79,20.85,30
2016.08.05,19:00,20.84,21.07,20.80,21.06,123
2016.08.05,20:00,21.07,21.21,21.05,21.19,74
2016.08.05,21:00,21.20,21.28,21.17,21.25,63
2016.08.05,22:00,21.26,21.30,21.21,21.26,88
2016.08.08,16:00,21.27,21.40,21.26,21.36,91
2016.08.08,17:00,21.34,21.38,21.26,21.28,123
2016.08.08,18:00,21.27,21.35,21.26,21.35,55
2016.08.08,19:00,21.36,21.46,21.36,21.45,72
2016.08.08,20:00,21.44,21.47,21.43,21.45,44
2016.08.08,21:00,21.42,21.50,21.42,21.50,44
2016.08.08,22:00,21.49,21.52,21.46,21.50,73
2016.08.09,16:00,21.06,21.47,21.06,21.35,133
2016.08.09,17:00,21.34,21.61,21.34,21.49,188
2016.08.09,18:00,21.50,21.51,21.36,21.36,119
2016.08.09,19:00,21.37,21.38,21.32,21.35,71
2016.08.09,20:00,21.34,21.34,21.24,21.28,54
2016.08.09,21:00,21.27,21.35,21.27,21.35,54
2016.08.09,22:00,21.34,21.41,21.34,21.39,35
2016.08.10,16:00,21.31,21.55,21.31,21.35,82
2016.08.10,17:00,21.34,21.44,21.33,21.40,77
2016.08.10,18:00,21.41,21.44,21.38,21.38,50
2016.08.10,19:00,21.38,21.50,21.37,21.47,98
2016.08.10,20:00,21.46,21.63,21.46,21.62,58
2016.08.10,21:00,21.63,21.65,21.60,21.60,34
2016.08.10,22:00,21.59,21.59,21.53,21.54,47
2016.08.11,16:00,21.61,21.74,21.60,21.69,129
2016.08.11,17:00,21.69,21.83,21.68,21.81,149
2016.08.11,18:00,21.82,21.87,21.81,21.85,37
2016.08.11,19:00,21.84,21.88,21.84,21.87,28
2016.08.11,20:00,21.86,21.86,21.84,21.86,12
2016.08.11,21:00,21.85,21.91,21.85,21.86,22
2016.08.11,22:00,21.86,21.97,21.86,21.97,56
2016.08.12,16:00,21.79,21.95,21.79,21.86,128
2016.08.12,17:00,21.87,21.97,21.86,21.96,142
2016.08.12,18:00,21.97,22.12,21.97,22.08,83
2016.08.12,19:00,22.07,22.09,22.03,22.09,66
2016.08.12,20:00,22.08,22.08,22.04,22.06,48
2016.08.12,21:00,22.05,22.06,22.01,22.05,24
2016.08.12,22:00,22.04,22.08,22.03,22.08,39
2016.08.15,16:00,22.05,22.25,22.03,22.15,128
2016.08.15,17:00,22.17,22.30,22.13,22.29,127
2016.08.15,18:00,22.30,22.33,22.27,22.30,33
2016.08.15,19:00,22.31,22.39,22.30,22.36,42
2016.08.15,20:00,22.37,22.44,22.36,22.42,35
2016.08.15,21:00,22.43,22.44,22.33,22.41,54
2016.08.15,22:00,22.42,22.55,22.42,22.52,74
2016.08.16,16:00,22.35,22.43,22.27,22.42,89
2016.08.16,17:00,22.39,22.62,22.39,22.59,193
2016.08.16,18:00,22.57,22.59,22.48,22.48,57
2016.08.16,19:00,22.47,22.49,22.37,22.46,49
2016.08.16,20:00,22.45,22.46,22.36,22.36,30
2016.08.16,21:00,22.37,22.38,22.30,22.31,57
2016.08.16,22:00,22.30,22.31,22.19,22.26,87
2016.08.17,16:00,22.04,22.13,21.99,21.99,102
2016.08.17,17:00,21.97,21.99,21.81,21.88,112
2016.08.17,18:00,21.89,21.92,21.87,21.91,38
2016.08.17,19:00,21.92,21.96,21.92,21.94,56
2016.08.17,20:00,21.95,22.04,21.94,22.04,116
2016.08.17,21:00,22.05,22.19,22.03,22.18,118
2016.08.17,22:00,22.17,22.17,22.12,22.14,32
2016.08.18,16:00,22.03,22.18,22.03,22.14,68
2016.08.18,17:00,22.14,22.20,22.09,22.15,295
2016.08.18,18:00,22.16,22.19,22.12,22.13,51
2016.08.18,19:00,22.12,22.12,22.06,22.06,35
2016.08.18,20:00,22.05,22.07,22.04,22.04,94
2016.08.18,21:00,22.05,22.13,22.04,22.11,65
2016.08.18,22:00,22.12,22.15,22.10,22.11,24
2016.08.19,16:00,21.91,21.91,21.79,21.91,104
2016.08.19,17:00,21.92,22.06,21.92,22.04,137
2016.08.19,18:00,22.05,22.06,21.99,21.99,34
2016.08.19,19:00,21.99,22.01,21.98,21.98,17
2016.08.19,20:00,21.99,21.99,21.94,21.95,35
2016.08.19,21:00,21.96,21.97,21.95,21.95,27
2016.08.19,22:00,21.96,21.99,21.95,21.98,21
2016.08.22,16:00,21.70,21.80,21.65,21.69,140
2016.08.22,17:00,21.68,21.73,21.63,21.67,124
2016.08.22,18:00,21.68,21.72,21.62,21.63,32
2016.08.22,19:00,21.62,21.64,21.61,21.64,17
2016.08.22,20:00,21.63,21.64,21.63,21.64,18
2016.08.22,21:00,21.65,21.73,21.63,21.72,43
2016.08.22,22:00,21.71,21.71,21.67,21.68,22
2016.08.23,16:00,21.67,21.86,21.60,21.72,114
2016.08.23,17:00,21.71,21.72,21.61,21.65,130
2016.08.23,18:00,21.66,21.69,21.59,21.59,35
2016.08.23,19:00,21.58,21.58,21.54,21.54,21
2016.08.23,20:00,21.55,21.59,21.53,21.58,27
2016.08.23,21:00,21.57,21.58,21.56,21.57,13
2016.08.23,22:00,21.55,21.56,21.52,21.54,21
2016.08.24,16:00,21.56,21.59,21.51,21.55,90
2016.08.24,17:00,21.53,21.58,21.50,21.56,103
2016.08.24,18:00,21.55,21.55,21.48,21.50,68
2016.08.24,19:00,21.51,21.60,21.50,21.57,35
2016.08.24,20:00,21.58,21.59,21.56,21.56,10
2016.08.24,21:00,21.55,21.55,21.40,21.44,57
2016.08.24,22:00,21.45,21.56,21.45,21.56,45
2016.08.25,16:00,21.44,21.53,21.40,21.46,133
2016.08.25,17:00,21.46,21.50,21.40,21.46,111
2016.08.25,18:00,21.47,21.55,21.46,21.50,36
2016.08.25,19:00,21.49,21.52,21.46,21.52,34
2016.08.25,20:00,21.53,21.55,21.49,21.52,18
2016.08.25,21:00,21.53,21.54,21.51,21.53,42
2016.08.25,22:00,21.54,21.56,21.54,21.55,9
2016.08.26,16:00,21.53,21.67,21.41,21.64,64
2016.08.26,17:00,21.67,21.83,21.59,21.66,253
2016.08.26,18:00,21.65,21.75,21.54,21.56,84
2016.08.26,19:00,21.55,21.55,21.42,21.48,54
2016.08.26,20:00,21.47,21.57,21.42,21.44,84
2016.08.26,21:00,21.43,21.44,21.37,21.40,52
2016.08.26,22:00,21.39,21.45,21.39,21.43,64
2016.08.29,16:00,21.36,21.46,21.30,21.38,107
2016.08.29,17:00,21.37,21.40,21.36,21.39,63
2016.08.29,18:00,21.38,21.41,21.36,21.41,27
2016.08.29,19:00,21.40,21.42,21.38,21.38,10
2016.08.29,20:00,21.39,21.42,21.38,21.40,26
2016.08.29,21:00,21.39,21.39,21.37,21.39,17
2016.08.29,22:00,21.38,21.38,21.32,21.35,41
2016.08.30,16:00,21.33,21.41,21.29,21.36,144
2016.08.30,17:00,21.36,21.39,21.23,21.27,71
2016.08.30,18:00,21.26,21.27,21.22,21.24,46
2016.08.30,19:00,21.25,21.32,21.25,21.30,37
2016.08.30,20:00,21.29,21.31,21.28,21.30,39
2016.08.30,21:00,21.31,21.31,21.24,21.24,46
2016.08.30,22:00,21.25,21.33,21.24,21.33,29
2016.08.31,16:00,21.20,21.32,21.12,21.26,140
2016.08.31,17:00,21.26,21.26,20.98,21.04,113
2016.08.31,18:00,21.03,21.06,20.97,21.03,38
2016.08.31,19:00,21.02,21.07,21.01,21.06,38
2016.08.31,20:00,21.07,21.10,21.06,21.07,24
2016.08.31,21:00,21.08,21.09,21.01,21.05,35
2016.08.31,22:00,21.04,21.18,21.04,21.17,32
2016.09.01,16:00,20.99,21.17,20.99,21.11,127
2016.09.01,17:00,21.09,21.18,21.04,21.16,221
2016.09.01,18:00,21.15,21.22,21.13,21.20,58
2016.09.01,19:00,21.21,21.24,21.12,21.12,44
2016.09.01,20:00,21.11,21.12,21.10,21.12,7
2016.09.01,21:00,21.11,21.17,21.09,21.14,41
2016.09.01,22:00,21.13,21.17,21.11,21.14,30
2016.09.02,16:00,21.19,21.52,21.19,21.42,154
2016.09.02,17:00,21.43,21.47,21.33,21.38,111
2016.09.02,18:00,21.39,21.50,21.37,21.45,60
2016.09.02,19:00,21.44,21.45,21.39,21.44,39
2016.09.02,20:00,21.45,21.50,21.45,21.49,20
2016.09.02,21:00,21.50,21.57,21.50,21.57,12
2016.09.02,22:00,21.58,21.63,21.57,21.59,35
2016.09.06,16:00,21.48,21.59,21.40,21.42,230
2016.09.06,17:00,21.41,21.47,21.34,21.47,183
2016.09.06,18:00,21.46,21.62,21.44,21.62,85
2016.09.06,19:00,21.61,21.63,21.59,21.63,31
2016.09.06,20:00,21.64,21.71,21.64,21.70,17
2016.09.06,21:00,21.71,21.85,21.71,21.85,50
2016.09.06,22:00,21.84,21.84,21.77,21.77,22
2016.09.07,16:00,21.42,21.73,21.42,21.53,218
2016.09.07,17:00,21.51,21.55,21.42,21.44,109
2016.09.07,18:00,21.45,21.55,21.45,21.55,45
2016.09.07,19:00,21.54,21.55,21.48,21.49,41
2016.09.07,20:00,21.50,21.51,21.43,21.46,28
2016.09.07,21:00,21.45,21.50,21.44,21.50,50
2016.09.07,22:00,21.51,21.52,21.49,21.50,29
2016.09.08,16:00,21.40,21.57,21.38,21.44,207
2016.09.08,17:00,21.44,21.51,21.38,21.48,187
2016.09.08,18:00,21.49,21.51,21.42,21.44,62
2016.09.08,19:00,21.45,21.45,21.35,21.36,52
2016.09.08,20:00,21.37,21.37,21.31,21.33,44
2016.09.08,21:00,21.32,21.37,21.30,21.37,47
2016.09.08,22:00,21.36,21.36,21.30,21.31,29
2016.09.09,16:00,20.98,21.07,20.91,20.96,156
2016.09.09,17:00,20.95,20.96,20.85,20.92,120
2016.09.09,18:00,20.93,20.98,20.90,20.95,48
2016.09.09,19:00,20.96,21.02,20.93,20.94,22
2016.09.09,20:00,20.93,20.95,20.89,20.92,20
2016.09.09,21:00,20.91,20.94,20.88,20.91,51
2016.09.09,22:00,20.92,20.93,20.86,20.87,67
2016.09.12,16:00,20.60,20.71,20.52,20.68,138
2016.09.12,17:00,20.69,20.73,20.65,20.67,110
2016.09.12,18:00,20.66,20.68,20.59,20.64,80
2016.09.12,19:00,20.65,20.75,20.65,20.75,62
2016.09.12,20:00,20.74,20.78,20.62,20.74,138
2016.09.12,21:00,20.76,20.83,20.71,20.80,109
2016.09.12,22:00,20.81,20.85,20.79,20.80,41
2016.09.13,16:00,20.59,20.61,20.43,20.60,192
2016.09.13,17:00,20.58,20.72,20.54,20.60,246
2016.09.13,18:00,20.59,20.59,20.47,20.47,90
2016.09.13,19:00,20.48,20.49,20.37,20.39,91
2016.09.13,20:00,20.38,20.48,20.36,20.40,138
2016.09.13,21:00,20.39,20.47,20.32,20.44,135
2016.09.13,22:00,20.43,20.47,20.37,20.45,101
2016.09.14,16:00,20.45,20.68,20.41,20.58,175
2016.09.14,17:00,20.57,20.68,20.55,20.60,188
2016.09.14,18:00,20.61,20.62,20.53,20.57,142
2016.09.14,19:00,20.56,20.59,20.54,20.57,86
2016.09.14,20:00,20.56,20.59,20.51,20.53,66
2016.09.14,21:00,20.54,20.55,20.49,20.51,63
2016.09.14,22:00,20.50,20.50,20.44,20.46,61
2016.09.15,16:00,20.41,20.63,20.41,20.41,185
2016.09.15,17:00,20.41,20.58,20.39,20.57,156
2016.09.15,18:00,20.58,20.62,20.53,20.53,84
2016.09.15,19:00,20.52,20.60,20.51,20.60,50
2016.09.15,20:00,20.61,20.67,20.56,20.67,55
2016.09.15,21:00,20.66,20.70,20.62,20.62,36
2016.09.15,22:00,20.63,20.70,20.63,20.69,38
2016.09.16,16:00,20.49,20.52,20.41,20.45,72
2016.09.16,17:00,20.45,20.54,20.40,20.46,132
2016.09.16,18:00,20.46,20.52,20.44,20.52,64
2016.09.16,19:00,20.51,20.52,20.37,20.45,191
2016.09.16,20:00,20.45,20.48,20.42,20.43,54
2016.09.16,21:00,20.42,20.47,20.40,20.43,56
2016.09.16,22:00,20.44,20.48,20.44,20.45,21
2016.09.19,16:00,20.62,20.69,20.55,20.69,98
2016.09.19,17:00,20.65,20.74,20.61,20.65,120
2016.09.19,18:00,20.66,20.73,20.65,20.71,114
2016.09.19,19:00,20.70,20.72,20.63,20.64,139
2016.09.19,20:00,20.63,20.68,20.55,20.64,80
2016.09.19,21:00,20.64,20.68,20.62,20.67,63
2016.09.19,22:00,20.66,20.67,20.61,20.63,73
2016.09.20,16:00,20.64,20.66,20.56,20.63,105
2016.09.20,17:00,20.64,20.66,20.47,20.55,91
2016.09.20,18:00,20.56,20.71,20.52,20.63,78
2016.09.20,19:00,20.64,20.72,20.60,20.67,77
2016.09.20,20:00,20.68,20.77,20.67,20.76,54
2016.09.20,21:00,20.75,20.76,20.70,20.73,45
2016.09.20,22:00,20.74,20.75,20.70,20.71,32
2016.09.21,16:00,20.78,20.92,20.67,20.77,200
2016.09.21,17:00,20.78,20.87,20.70,20.85,79
2016.09.21,18:00,20.86,20.88,20.80,20.82,55
2016.09.21,19:00,20.83,20.84,20.71,20.74,42
2016.09.21,20:00,20.75,20.82,20.69,20.81,92
2016.09.21,21:00,20.81,20.88,20.72,20.87,264
2016.09.21,22:00,20.88,20.99,20.85,20.96,94
2016.09.22,16:00,21.14,21.29,21.06,21.28,140
2016.09.22,17:00,21.28,21.31,21.14,21.15,87
2016.09.22,18:00,21.14,21.14,20.98,20.99,60
2016.09.22,19:00,21.00,21.01,20.94,20.98,18
2016.09.22,20:00,20.97,20.98,20.95,20.96,11
2016.09.22,21:00,20.95,20.98,20.89,20.98,57
2016.09.22,22:00,20.97,21.05,20.96,21.03,36
2016.09.23,16:00,20.78,20.89,20.75,20.88,104
2016.09.23,17:00,20.89,20.92,20.87,20.91,69
2016.09.23,18:00,20.92,20.96,20.89,20.92,38
2016.09.23,19:00,20.93,20.94,20.83,20.84,56
2016.09.23,20:00,20.85,20.87,20.78,20.79,37
2016.09.23,21:00,20.78,20.84,20.77,20.84,69
2016.09.23,22:00,20.83,20.88,20.82,20.86,60
2016.09.26,16:00,20.62,20.80,20.60,20.63,108
2016.09.26,17:00,20.63,20.80,20.63,20.77,173
2016.09.26,18:00,20.78,20.79,20.66,20.67,58
2016.09.26,19:00,20.67,20.77,20.67,20.76,48
2016.09.26,20:00,20.75,20.75,20.71,20.72,24
2016.09.26,21:00,20.71,20.81,20.69,20.81,53
2016.09.26,22:00,20.80,20.80,20.73,20.73,30
2016.09.27,16:00,20.67,20.72,20.60,20.69,41
2016.09.27,17:00,20.69,20.80,20.41,20.42,176
2016.09.27,18:00,20.41,20.52,20.41,20.52,45
2016.09.27,19:00,20.53,20.64,20.52,20.63,39
2016.09.27,20:00,20.63,20.65,20.60,20.60,41
2016.09.27,21:00,20.61,20.64,20.57,20.61,53
2016.09.27,22:00,20.60,20.69,20.60,20.68,34
2016.09.28,16:00,20.62,20.73,20.62,20.66,96
2016.09.28,17:00,20.67,20.74,20.61,20.62,125
2016.09.28,18:00,20.61,20.61,20.47,20.60,91
2016.09.28,19:00,20.59,20.64,20.56,20.62,32
2016.09.28,20:00,20.61,20.72,20.60,20.72,26
2016.09.28,21:00,20.71,20.91,20.70,20.89,76
2016.09.28,22:00,20.88,20.89,20.82,20.84,38
2016.09.29,16:00,20.72,20.79,20.70,20.79,102
2016.09.29,17:00,20.78,20.94,20.78,20.91,91
2016.09.29,18:00,20.90,20.94,20.84,20.92,74
2016.09.29,19:00,20.91,20.97,20.77,20.80,71
2016.09.29,20:00,20.79,20.80,20.61,20.63,113
2016.09.29,21:00,20.63,20.72,20.57,20.65,203
2016.09.29,22:00,20.66,20.66,20.58,20.58,105
2016.09.30,16:00,20.66,20.70,20.60,20.69,117
2016.09.30,17:00,20.69,20.75,20.67,20.72,137
2016.09.30,18:00,20.71,20.88,20.70,20.77,128
2016.09.30,19:00,20.76,20.79,20.75,20.76,40
2016.09.30,20:00,20.75,20.79,20.73,20.76,37
2016.09.30,21:00,20.75,20.77,20.71,20.71,44
2016.09.30,22:00,20.70,20.77,20.70,20.72,22
2016.10.03,16:00,20.68,20.76,20.52,20.57,109
2016.10.03,17:00,20.58,20.70,20.53,20.68,88
2016.10.03,18:00,20.66,20.68,20.56,20.56,32
2016.10.03,19:00,20.56,20.62,20.55,20.62,44
2016.10.03,20:00,20.62,20.68,20.61,20.68,39
2016.10.03,21:00,20.69,20.70,20.68,20.70,24
2016.10.03,22:00,20.69,20.75,20.69,20.75,15
2016.10.04,16:00,20.68,20.82,20.67,20.74,152
2016.10.04,17:00,20.74,20.74,20.65,20.71,169
2016.10.04,18:00,20.72,20.72,20.58,20.59,152
2016.10.04,19:00,20.58,20.65,20.57,20.58,96
2016.10.04,20:00,20.57,20.58,20.51,20.58,43
2016.10.04,21:00,20.58,20.66,20.56,20.64,77
2016.10.04,22:00,20.63,20.67,20.62,20.63,37
2016.10.05,16:00,20.83,20.83,20.69,20.78,105
2016.10.05,17:00,20.77,20.79,20.50,20.57,316
2016.10.05,18:00,20.58,20.65,20.58,20.61,63
2016.10.05,19:00,20.62,20.66,20.61,20.63,47
2016.10.05,20:00,20.62,20.66,20.61,20.66,19
2016.10.05,21:00,20.63,20.70,20.57,20.69,50
2016.10.05,22:00,20.70,20.72,20.62,20.63,82
2016.10.06,16:00,20.52,20.66,20.51,20.66,117
2016.10.06,17:00,20.65,20.65,20.58,20.62,59
2016.10.06,18:00,20.61,20.62,20.50,20.55,54
2016.10.06,19:00,20.54,20.58,20.53,20.58,36
2016.10.06,20:00,20.57,20.68,20.56,20.67,36
2016.10.06,21:00,20.68,20.69,20.63,20.66,38
2016.10.06,22:00,20.65,20.67,20.58,20.61,37
2016.10.07,16:00,20.59,20.69,20.49,20.55,126
2016.10.07,17:00,20.54,20.64,20.49,20.51,179
2016.10.07,18:00,20.51,20.52,20.37,20.42,114
2016.10.07,19:00,20.42,20.46,20.38,20.42,68
2016.10.07,20:00,20.41,20.51,20.40,20.48,53
2016.10.07,21:00,20.49,20.53,20.48,20.48,43
2016.10.07,22:00,20.48,20.55,20.48,20.54,38
2016.10.10,16:00,20.62,20.72,20.60,20.69,162
2016.10.10,17:00,20.70,20.85,20.70,20.85,105
2016.10.10,18:00,20.83,20.88,20.79,20.79,23
2016.10.10,19:00,20.79,20.79,20.72,20.72,31
2016.10.10,20:00,20.73,20.78,20.70,20.70,32
2016.10.10,21:00,20.71,20.71,20.67,20.67,18
2016.10.10,22:00,20.68,20.69,20.64,20.68,23
2016.10.11,16:00,20.53,20.64,20.45,20.58,190
2016.10.11,17:00,20.59,20.67,20.54,20.64,157
2016.10.11,18:00,20.63,20.69,20.62,20.66,120
2016.10.11,19:00,20.67,20.70,20.64,20.67,39
2016.10.11,20:00,20.66,20.70,20.61,20.67,58
2016.10.11,21:00,20.66,20.73,20.65,20.72,44
2016.10.11,22:00,20.71,20.74,20.71,20.74,26
2016.10.12,16:00,20.66,20.76,20.63,20.71,105
2016.10.12,17:00,20.68,20.73,20.62,20.62,175
2016.10.12,18:00,20.61,20.63,20.59,20.62,43
2016.10.12,19:00,20.63,20.67,20.63,20.63,32
2016.10.12,20:00,20.62,20.63,20.56,20.58,22
2016.10.12,21:00,20.59,20.61,20.53,20.60,59
2016.10.12,22:00,20.59,20.60,20.58,20.60,33
2016.10.13,16:00,20.39,20.39,20.27,20.28,78
2016.10.13,17:00,20.24,20.36,20.21,20.36,121
2016.10.13,18:00,20.34,20.59,20.34,20.59,70
2016.10.13,19:00,20.58,20.74,20.58,20.68,104
2016.10.13,20:00,20.69,20.70,20.55,20.60,46
2016.10.13,21:00,20.61,20.64,20.57,20.59,55
2016.10.13,22:00,20.60,20.64,20.59,20.62,40
2016.10.14,16:00,20.68,20.69,20.54,20.54,131
2016.10.14,17:00,20.62,20.64,20.54,20.54,48
2016.10.14,18:00,20.54,20.54,20.38,20.43,66
2016.10.14,19:00,20.42,20.49,20.38,20.49,30
2016.10.14,20:00,20.48,20.58,20.48,20.54,49
2016.10.14,21:00,20.55,20.55,20.49,20.51,69
2016.10.14,22:00,20.50,20.54,20.50,20.53,25
2016.10.17,16:00,20.51,20.51,20.42,20.45,43
2016.10.17,17:00,20.46,20.57,20.43,20.48,74
2016.10.17,18:00,20.47,20.56,20.44,20.55,62
2016.10.17,19:00,20.54,20.54,20.48,20.51,50
2016.10.17,20:00,20.52,20.55,20.46,20.46,25
2016.10.17,21:00,20.47,20.47,20.39,20.45,53
2016.10.17,22:00,20.44,20.52,20.43,20.49,35
2016.10.18,16:00,20.67,20.78,20.64,20.77,76
2016.10.18,17:00,20.77,20.85,20.75,20.78,79
2016.10.18,18:00,20.79,20.82,20.78,20.81,39
2016.10.18,19:00,20.81,20.95,20.80,20.92,43
2016.10.18,20:00,20.93,20.95,20.90,20.90,21
2016.10.18,21:00,20.91,21.12,20.90,21.12,44
2016.10.18,22:00,21.11,21.11,20.98,21.01,59
2016.10.19,16:00,21.10,21.13,21.07,21.10,59
2016.10.19,17:00,21.10,21.21,21.08,21.21,68
2016.10.19,18:00,21.22,21.22,21.18,21.20,25
2016.10.19,19:00,21.21,21.22,21.14,21.14,41
2016.10.19,20:00,21.13,21.14,21.06,21.07,33
2016.10.19,21:00,21.07,21.11,21.06,21.10,30
2016.10.19,22:00,21.09,21.15,21.07,21.14,47
2016.10.20,16:00,21.00,21.17,20.99,21.11,124
2016.10.20,17:00,21.11,21.12,20.99,21.11,75
2016.10.20,18:00,21.10,21.22,21.07,21.21,92
2016.10.20,19:00,21.22,21.24,21.20,21.21,39
2016.10.20,20:00,21.20,21.22,21.11,21.14,47
2016.10.20,21:00,21.15,21.35,21.15,21.26,80
2016.10.20,22:00,21.25,21.28,21.21,21.22,56
2016.10.21,16:00,21.06,21.35,21.06,21.32,81
2016.10.21,17:00,21.32,21.54,21.32,21.53,150
2016.10.21,18:00,21.50,21.57,21.44,21.45,55
2016.10.21,19:00,21.46,21.60,21.45,21.60,36
2016.10.21,20:00,21.59,21.61,21.57,21.58,51
2016.10.21,21:00,21.57,21.66,21.57,21.64,52
2016.10.21,22:00,21.65,21.65,21.53,21.54,45
2016.10.24,16:00,21.58,21.80,21.57,21.80,144
2016.10.24,17:00,21.80,21.82,21.60,21.72,151
2016.10.24,18:00,21.71,21.72,21.61,21.62,86
2016.10.24,19:00,21.61,21.62,21.52,21.53,114
2016.10.24,20:00,21.54,21.61,21.54,21.60,63
2016.10.24,21:00,21.58,21.75,21.58,21.73,64
2016.10.24,22:00,21.71,21.73,21.63,21.65,63
2016.10.25,16:00,21.68,21.88,21.68,21.87,154
2016.10.25,17:00,21.87,21.87,21.71,21.73,100
2016.10.25,18:00,21.75,22.04,21.75,22.03,95
2016.10.25,19:00,22.04,22.04,21.91,21.93,51
2016.10.25,20:00,21.94,22.06,21.94,22.02,40
2016.10.25,21:00,22.03,22.14,21.99,22.12,183
2016.10.25,22:00,22.11,22.12,21.98,21.99,40
2016.10.26,16:00,21.85,21.91,21.71,21.71,133
2016.10.26,17:00,21.73,21.79,21.68,21.75,143
2016.10.26,18:00,21.74,21.86,21.74,21.81,114
2016.10.26,19:00,21.82,21.94,21.82,21.90,69
2016.10.26,20:00,21.91,21.99,21.90,21.96,87
2016.10.26,21:00,21.93,21.96,21.86,21.88,65
2016.10.26,22:00,21.89,21.89,21.85,21.85,51
2016.10.27,16:00,21.87,22.08,21.87,21.94,132
2016.10.27,17:00,21.95,22.01,21.91,22.00,135
2016.10.27,18:00,21.99,22.08,21.99,22.06,35
2016.10.27,19:00,22.05,22.07,21.98,22.01,38
2016.10.27,20:00,22.02,22.04,22.01,22.03,18
2016.10.27,21:00,22.04,22.13,22.03,22.11,44
2016.10.27,22:00,22.10,22.10,22.04,22.04,39
2016.10.28,16:00,21.78,22.09,21.78,22.09,156
2016.10.28,17:00,22.10,22.28,22.01,22.24,96
2016.10.28,18:00,22.26,22.36,22.25,22.33,89
2016.10.28,19:00,22.33,22.40,22.29,22.29,128
2016.10.28,20:00,22.30,22.30,22.06,22.10,152
2016.10.28,21:00,22.06,22.38,22.03,22.34,167
2016.10.28,22:00,22.35,22.35,22.16,22.26,134
2016.10.31,16:00,22.33,22.55,22.30,22.55,107
2016.10.31,17:00,22.55,22.60,22.45,22.48,113
2016.10.31,18:00,22.49,22.86,22.45,22.74,199
2016.10.31,19:00,22.75,22.82,22.70,22.77,116
2016.10.31,20:00,22.78,22.88,22.78,22.86,116
2016.10.31,21:00,22.84,22.86,22.79,22.85,62
2016.10.31,22:00,22.86,22.88,22.84,22.85,39
2016.11.01,16:00,22.80,22.84,22.58,22.80,185
2016.11.01,17:00,22.78,22.83,22.44,22.62,356
2016.11.01,18:00,22.62,22.67,22.42,22.43,93
2016.11.01,19:00,22.43,22.43,22.18,22.19,106
2016.11.01,20:00,22.21,22.29,22.15,22.27,136
2016.11.01,21:00,22.28,22.35,22.24,22.26,73
2016.11.01,22:00,22.26,22.43,22.26,22.37,113
2016.11.02,16:00,22.35,22.38,22.19,22.25,184
2016.11.02,17:00,22.25,22.27,22.17,22.20,171
2016.11.02,18:00,22.21,22.29,22.14,22.24,145
2016.11.02,19:00,22.24,22.45,22.24,22.43,125
2016.11.02,20:00,22.44,22.52,22.39,22.50,106
2016.11.02,21:00,22.50,22.52,22.33,22.50,209
2016.11.02,22:00,22.49,22.53,22.43,22.45,48
2016.11.03,16:00,22.31,22.68,22.31,22.48,450
2016.11.03,17:00,22.47,22.68,22.41,22.53,203
2016.11.03,18:00,22.53,22.70,22.51,22.70,79
2016.11.03,19:00,22.70,22.70,22.61,22.65,128
2016.11.03,20:00,22.64,22.67,22.61,22.64,60
2016.11.03,21:00,22.63,22.67,22.54,22.58,89
2016.11.03,22:00,22.59,22.63,22.54,22.60,89
2016.11.04,16:00,22.46,22.56,22.39,22.50,113
2016.11.04,17:00,22.51,22.63,22.48,22.60,220
2016.11.04,18:00,22.59,22.62,22.53,22.57,87
2016.11.04,19:00,22.58,22.58,22.52,22.54,47
2016.11.04,20:00,22.53,22.56,22.51,22.56,52
2016.11.04,21:00,22.57,22.57,22.35,22.35,153
2016.11.04,22:00,22.36,22.54,22.35,22.51,148
2016.11.07,16:00,22.80,22.90,22.67,22.79,162
2016.11.07,17:00,22.79,22.83,22.69,22.80,79
2016.11.07,18:00,22.78,22.83,22.76,22.82,54
2016.11.07,19:00,22.84,22.84,22.81,22.82,24
2016.11.07,20:00,22.83,22.86,22.82,22.83,49
2016.11.07,21:00,22.82,22.86,22.73,22.76,88
2016.11.07,22:00,22.76,22.87,22.76,22.85,53
2016.11.08,16:00,22.71,22.74,22.61,22.72,72
2016.11.08,17:00,22.72,22.90,22.69,22.89,130
2016.11.08,18:00,22.88,23.04,22.88,22.98,129
2016.11.08,19:00,22.99,23.03,22.96,22.98,155
2016.11.08,20:00,22.96,23.07,22.95,23.01,97
2016.11.08,21:00,23.00,23.00,22.90,22.95,94
2016.11.08,22:00,22.97,23.04,22.93,22.98,108
2016.11.09,16:00,22.91,22.94,22.77,22.81,178
2016.11.09,17:00,22.80,22.80,22.36,22.53,313
2016.11.09,18:00,22.52,22.74,22.52,22.69,126
2016.11.09,19:00,22.68,22.68,22.57,22.65,136
2016.11.09,20:00,22.66,22.67,22.49,22.60,201
2016.11.09,21:00,22.61,22.71,22.57,22.65,106
2016.11.09,22:00,22.66,22.69,22.56,22.59,96
2016.11.10,16:00,22.73,23.07,22.65,22.66,241
2016.11.10,17:00,22.67,22.76,22.47,22.54,301
2016.11.10,18:00,22.53,22.81,22.49,22.64,319
2016.11.10,19:00,22.65,22.67,22.56,22.61,120
2016.11.10,20:00,22.61,22.62,22.50,22.54,128
2016.11.10,21:00,22.55,22.63,22.40,22.44,240
2016.11.10,22:00,22.44,22.63,22.44,22.63,129
2016.11.11,16:00,22.09,22.36,22.08,22.24,294
2016.11.11,17:00,22.24,22.30,22.04,22.13,380
2016.11.11,18:00,22.13,22.20,21.97,22.14,263
2016.11.11,19:00,22.15,22.27,22.14,22.20,117
2016.11.11,20:00,22.20,22.26,22.19,22.25,95
2016.11.11,21:00,22.24,22.26,22.08,22.08,129
2016.11.11,22:00,22.10,22.26,22.08,22.26,62
2016.11.14,16:00,22.12,22.35,22.09,22.20,133
2016.11.14,17:00,22.17,22.39,22.15,22.35,227
2016.11.14,18:00,22.36,22.40,22.22,22.24,133
2016.11.14,19:00,22.22,22.23,22.16,22.22,121
2016.11.14,20:00,22.20,22.28,22.19,22.20,83
2016.11.14,21:00,22.21,22.33,22.18,22.31,123
2016.11.14,22:00,22.32,22.44,22.31,22.37,82
2016.11.15,16:00,22.43,22.43,22.17,22.33,197
2016.11.15,17:00,22.35,22.39,22.21,22.28,175
2016.11.15,18:00,22.27,22.36,22.27,22.36,98
2016.11.15,19:00,22.35,22.40,22.30,22.37,109
2016.11.15,20:00,22.38,22.47,22.38,22.46,81
2016.11.15,21:00,22.45,22.45,22.40,22.42,85
2016.11.15,22:00,22.41,22.50,22.40,22.50,31
2016.11.16,16:00,22.32,22.43,22.25,22.41,253
2016.11.16,17:00,22.41,22.44,22.35,22.38,128
2016.11.16,18:00,22.37,22.39,22.22,22.23,119
2016.11.16,19:00,22.22,22.23,22.14,22.23,64
2016.11.16,20:00,22.24,22.35,22.21,22.32,61
2016.11.16,21:00,22.34,22.39,22.33,22.35,45
2016.11.16,22:00,22.36,22.40,22.36,22.39,71
2016.11.17,16:00,22.26,22.38,22.23,22.32,177
2016.11.17,17:00,22.33,22.60,22.28,22.58,204
2016.11.17,18:00,22.57,22.66,22.54,22.60,155
2016.11.17,19:00,22.59,22.60,22.55,22.57,38
2016.11.17,20:00,22.56,22.58,22.50,22.54,38
2016.11.17,21:00,22.53,22.54,22.47,22.52,88
2016.11.17,22:00,22.51,22.51,22.48,22.50,68
2016.11.18,16:00,22.32,22.47,22.22,22.22,212
2016.11.18,17:00,22.22,22.22,21.96,21.96,185
2016.11.18,18:00,21.97,22.02,21.81,22.02,98
2016.11.18,19:00,22.01,22.14,21.99,22.13,67
2016.11.18,20:00,22.12,22.15,22.10,22.11,53
2016.11.18,21:00,22.10,22.20,22.10,22.17,62
2016.11.18,22:00,22.16,22.23,22.13,22.20,72
2016.11.21,16:00,22.26,22.44,22.17,22.24,153
2016.11.21,17:00,22.25,22.32,22.21,22.32,81
2016.11.21,18:00,22.33,22.38,22.25,22.29,60
2016.11.21,19:00,22.30,22.30,22.23,22.29,52
2016.11.21,20:00,22.30,22.36,22.30,22.36,48
2016.11.21,21:00,22.35,22.38,22.34,22.35,40
2016.11.21,22:00,22.36,22.42,22.34,22.40,49
2016.11.22,16:00,22.51,22.57,22.33,22.35,103
2016.11.22,17:00,22.36,22.44,22.26,22.41,178
2016.11.22,18:00,22.41,22.50,22.38,22.42,106
2016.11.22,19:00,22.43,22.48,22.41,22.46,63
2016.11.22,20:00,22.45,22.48,22.43,22.48,39
2016.11.22,21:00,22.47,22.54,22.45,22.53,71
2016.11.22,22:00,22.53,22.53,22.41,22.47,75
2016.11.23,16:00,22.25,22.29,22.15,22.22,113
2016.11.23,17:00,22.23,22.29,22.13,22.24,120
2016.11.23,18:00,22.23,22.37,22.22,22.36,88
2016.11.23,19:00,22.37,22.37,22.24,22.28,53
2016.11.23,20:00,22.28,22.30,22.23,22.23,29
2016.11.23,21:00,22.27,22.28,22.21,22.28,85
2016.11.23,22:00,22.28,22.32,22.26,22.30,55
2016.11.25,16:00,22.11,22.28,22.03,22.26,119
2016.11.25,17:00,22.26,22.27,22.17,22.22,139
2016.11.25,18:00,22.22,22.25,22.15,22.20,75
2016.11.25,19:00,22.20,22.20,22.15,22.17,58
2016.11.28,16:00,22.09,22.21,22.03,22.12,175
2016.11.28,17:00,22.10,22.18,22.05,22.05,97
2016.11.28,18:00,22.05,22.15,21.98,22.02,154
2016.11.28,19:00,22.04,22.09,21.99,22.01,298
2016.11.28,20:00,22.02,22.04,21.94,21.95,80
2016.11.28,21:00,21.99,22.05,21.95,22.03,104
2016.11.28,22:00,22.01,22.02,21.85,21.87,80
2016.11.29,16:00,21.80,22.00,21.80,21.89,125
2016.11.29,17:00,21.90,21.97,21.88,21.94,158
2016.11.29,18:00,21.92,21.95,21.84,21.88,75
2016.11.29,19:00,21.89,21.91,21.86,21.87,34
2016.11.29,20:00,21.87,21.90,21.82,21.88,77
2016.11.29,21:00,21.87,21.88,21.80,21.81,38
2016.11.29,22:00,21.80,21.82,21.73,21.74,59
2016.11.30,16:00,21.76,21.99,21.71,21.90,222
2016.11.30,17:00,21.92,21.92,21.64,21.77,159
2016.11.30,18:00,21.78,21.79,21.69,21.74,137
2016.11.30,19:00,21.75,21.77,21.70,21.73,112
2016.11.30,20:00,21.74,21.76,21.72,21.76,70
2016.11.30,21:00,21.77,21.77,21.62,21.71,134
2016.11.30,22:00,21.72,21.76,21.66,21.68,115
2016.12.01,16:00,21.58,21.65,21.34,21.34,145
2016.12.01,17:00,21.35,21.51,21.34,21.43,291
2016.12.01,18:00,21.42,21.49,21.41,21.45,115
2016.12.01,19:00,21.45,21.50,21.38,21.40,164
2016.12.01,20:00,21.41,21.43,21.28,21.33,159
2016.12.01,21:00,21.34,21.39,21.30,21.37,194
2016.12.01,22:00,21.35,21.37,21.25,21.26,98
2016.12.02,16:00,21.14,21.32,21.14,21.31,122
2016.12.02,17:00,21.31,21.41,21.20,21.22,332
2016.12.02,18:00,21.22,21.25,21.20,21.22,124
2016.12.02,19:00,21.21,21.23,21.14,21.19,265
2016.12.02,20:00,21.20,21.20,21.12,21.14,130
2016.12.02,21:00,21.15,21.19,21.13,21.17,120
2016.12.02,22:00,21.17,21.20,21.07,21.12,173
2016.12.05,16:00,21.26,21.36,21.25,21.31,157
2016.12.05,17:00,21.32,21.44,21.31,21.42,142
2016.12.05,18:00,21.43,21.49,21.34,21.34,152
2016.12.05,19:00,21.36,21.42,21.29,21.35,140
2016.12.05,20:00,21.36,21.56,21.35,21.56,153
2016.12.05,21:00,21.55,21.61,21.48,21.58,169
2016.12.05,22:00,21.59,21.62,21.54,21.59,80
2016.12.06,16:00,21.73,21.84,21.68,21.82,86
2016.12.06,17:00,21.81,21.96,21.78,21.87,148
2016.12.06,18:00,21.87,21.89,21.80,21.83,162
2016.12.06,19:00,21.83,21.87,21.79,21.82,182
2016.12.06,20:00,21.83,21.86,21.77,21.81,78
2016.12.06,21:00,21.80,21.99,21.79,21.97,92
2016.12.06,22:00,21.96,21.98,21.83,21.91,103
2016.12.07,16:00,22.14,22.25,22.00,22.15,156
2016.12.07,17:00,22.15,22.31,22.12,22.23,197
2016.12.07,18:00,22.19,22.33,22.16,22.27,136
2016.12.07,19:00,22.26,22.36,22.20,22.36,101
2016.12.07,20:00,22.37,22.41,22.32,22.41,74
2016.12.07,21:00,22.42,22.52,22.38,22.51,67
2016.12.07,22:00,22.49,22.49,22.41,22.47,60
2016.12.08,16:00,22.42,22.51,22.30,22.40,132
2016.12.08,17:00,22.40,22.41,22.31,22.38,162
2016.12.08,18:00,22.38,22.57,22.36,22.54,150
2016.12.08,19:00,22.54,22.67,22.54,22.60,146
2016.12.08,20:00,22.60,22.67,22.59,22.67,140
2016.12.08,21:00,22.68,22.68,22.51,22.57,209
2016.12.08,22:00,22.60,22.68,22.55,22.66,127
2016.12.09,16:00,22.52,22.96,22.52,22.89,176
2016.12.09,17:00,22.89,23.13,22.83,23.11,201
2016.12.09,18:00,23.08,23.26,23.08,23.22,195
2016.12.09,19:00,23.23,23.35,23.22,23.30,113
2016.12.09,20:00,23.29,23.37,23.27,23.36,69
2016.12.09,21:00,23.36,23.38,23.24,23.38,115
2016.12.09,22:00,23.38,23.46,23.36,23.46,76
2016.12.12,16:00,23.28,23.38,23.26,23.35,170
2016.12.12,17:00,23.35,23.37,23.16,23.20,197
2016.12.12,18:00,23.17,23.25,23.15,23.17,98
2016.12.12,19:00,23.17,23.23,23.10,23.20,112
2016.12.12,20:00,23.20,23.22,23.15,23.15,54
2016.12.12,21:00,23.14,23.21,22.99,23.20,172
2016.12.12,22:00,23.20,23.20,23.01,23.10,146
2016.12.13,16:00,23.07,23.24,23.06,23.23,184
2016.12.13,17:00,23.23,23.23,23.09,23.14,146
2016.12.13,18:00,23.13,23.19,23.12,23.14,106
2016.12.13,19:00,23.16,23.23,23.13,23.18,100
2016.12.13,20:00,23.19,23.21,23.12,23.18,113
2016.12.13,21:00,23.19,23.49,23.14,23.34,356
2016.12.13,22:00,23.35,23.35,23.24,23.25,63
2016.12.14,16:00,23.07,23.26,23.03,23.13,178
2016.12.14,17:00,23.12,23.19,23.05,23.07,156
2016.12.14,18:00,23.09,23.09,22.94,23.01,86
2016.12.14,19:00,23.03,23.21,23.03,23.20,149
2016.12.14,20:00,23.20,23.32,23.20,23.26,129
2016.12.14,21:00,23.25,23.28,22.87,22.87,421
2016.12.14,22:00,22.86,22.90,22.71,22.77,340
2016.12.15,16:00,22.63,22.82,22.47,22.69,177
2016.12.15,17:00,22.70,22.73,22.61,22.64,212
2016.12.15,18:00,22.62,22.63,22.52,22.52,144
2016.12.15,19:00,22.53,22.66,22.50,22.61,140
2016.12.15,20:00,22.60,22.68,22.58,22.63,162
2016.12.15,21:00,22.63,22.64,22.58,22.63,118
2016.12.15,22:00,22.65,22.65,22.57,22.63,114
2016.12.16,16:00,22.46,22.53,22.45,22.47,133
2016.12.16,17:00,22.46,22.50,22.36,22.37,168
2016.12.16,18:00,22.37,22.37,22.22,22.30,165
2016.12.16,19:00,22.29,22.31,22.18,22.22,99
2016.12.16,20:00,22.21,22.26,22.17,22.23,151
2016.12.16,21:00,22.23,22.25,22.02,22.07,335
2016.12.16,22:00,22.07,22.18,22.05,22.17,109
2016.12.19,16:00,22.08,22.20,21.95,21.95,154
2016.12.19,17:00,21.96,22.01,21.91,21.97,106
2016.12.19,18:00,21.97,22.02,21.91,21.91,113
2016.12.19,19:00,21.92,21.95,21.85,21.87,80
2016.12.19,20:00,21.86,21.93,21.85,21.88,59
2016.12.19,21:00,21.88,21.90,21.79,21.83,137
2016.12.19,22:00,21.84,21.87,21.79,21.80,66
2016.12.20,16:00,21.65,21.89,21.65,21.85,92
2016.12.20,17:00,21.81,21.94,21.80,21.87,160
2016.12.20,18:00,21.87,21.90,21.84,21.86,92
2016.12.20,19:00,21.87,21.89,21.86,21.89,75
2016.12.20,20:00,21.90,21.91,21.83,21.89,115
2016.12.20,21:00,21.88,21.93,21.84,21.89,107
2016.12.20,22:00,21.88,21.90,21.88,21.89,33
2016.12.21,16:00,21.75,21.89,21.75,21.81,119
2016.12.21,17:00,21.82,21.82,21.62,21.63,172
2016.12.21,18:00,21.63,21.67,21.60,21.63,181
2016.12.21,19:00,21.62,21.67,21.51,21.53,144
2016.12.21,20:00,21.53,21.66,21.53,21.64,146
2016.12.21,21:00,21.65,21.71,21.62,21.67,133
2016.12.21,22:00,21.67,21.69,21.55,21.57,221
2016.12.22,16:00,21.34,21.64,21.34,21.43,154
2016.12.22,17:00,21.46,21.74,21.46,21.67,157
2016.12.22,18:00,21.69,21.69,21.58,21.62,71
2016.12.22,19:00,21.62,21.66,21.53,21.60,91
2016.12.22,20:00,21.62,21.73,21.61,21.69,85
2016.12.22,21:00,21.68,21.68,21.53,21.56,171
2016.12.22,22:00,21.56,21.65,21.53,21.58,141
2016.12.23,16:00,21.44,21.58,21.44,21.50,133
2016.12.23,17:00,21.50,21.61,21.38,21.44,208
2016.12.23,18:00,21.45,21.46,21.40,21.46,96
2016.12.23,19:00,21.45,21.51,21.44,21.50,72
2016.12.23,20:00,21.50,21.53,21.48,21.50,44
2016.12.23,21:00,21.51,21.54,21.48,21.53,35
2016.12.23,22:00,21.53,21.54,21.49,21.52,50
2016.12.27,16:00,21.44,21.57,21.44,21.52,108
2016.12.27,17:00,21.48,21.66,21.45,21.60,157
2016.12.27,18:00,21.59,21.66,21.51,21.54,142
2016.12.27,19:00,21.53,21.65,21.50,21.60,115
2016.12.27,20:00,21.60,21.66,21.57,21.58,51
2016.12.27,21:00,21.55,21.68,21.54,21.64,78
2016.12.27,22:00,21.63,21.63,21.55,21.58,40
2016.12.28,16:00,21.71,21.97,21.70,21.97,272
2016.12.28,17:00,21.96,21.97,21.82,21.85,102
2016.12.28,18:00,21.87,21.93,21.86,21.92,59
2016.12.28,19:00,21.91,21.94,21.89,21.93,63
2016.12.28,20:00,21.93,21.94,21.90,21.93,34
2016.12.28,21:00,21.94,21.94,21.84,21.88,92
2016.12.28,22:00,21.88,21.90,21.80,21.85,102
2016.12.29,16:00,21.91,22.18,21.74,21.90,178
2016.12.29,17:00,21.91,21.98,21.80,21.82,128
2016.12.29,18:00,21.84,21.92,21.81,21.81,96
2016.12.29,19:00,21.83,21.86,21.75,21.82,98
2016.12.29,20:00,21.82,21.89,21.80,21.88,42
2016.12.29,21:00,21.90,21.97,21.86,21.91,113
2016.12.29,22:00,21.90,21.96,21.85,21.91,83
2016.12.30,16:00,21.89,21.99,21.79,21.91,115
2016.12.30,17:00,21.91,22.01,21.91,21.94,82
2016.12.30,18:00,21.94,21.94,21.89,21.94,32
2016.12.30,19:00,21.93,21.94,21.90,21.92,80
2016.12.30,20:00,21.92,21.94,21.90,21.94,56
2016.12.30,21:00,21.93,21.96,21.80,21.81,97
2016.12.30,22:00,21.80,21.88,21.74,21.83,209
2017.01.03,16:00,22.03,22.13,21.98,22.00,74
2017.01.03,17:00,22.00,22.07,21.93,22.02,187
2017.01.03,18:00,22.01,22.01,21.91,21.99,83
2017.01.03,19:00,21.97,21.99,21.85,21.88,96
2017.01.03,20:00,21.87,21.93,21.84,21.92,85
2017.01.03,21:00,21.94,21.98,21.85,21.94,210
2017.01.03,22:00,21.95,21.99,21.90,21.98,89
2017.01.04,16:00,21.98,22.11,21.90,21.90,122
2017.01.04,17:00,21.92,22.00,21.90,21.95,55
2017.01.04,18:00,21.97,22.00,21.95,21.98,30
2017.01.04,19:00,21.98,22.03,21.95,22.00,51
2017.01.04,20:00,22.01,22.02,21.95,21.99,42
2017.01.04,21:00,21.99,22.02,21.95,22.01,58
2017.01.04,22:00,22.01,22.01,21.96,21.99,97
2017.01.05,16:00,21.93,22.16,21.93,22.04,116
2017.01.05,17:00,22.04,22.09,21.94,21.97,255
2017.01.05,18:00,21.97,22.00,21.88,21.94,237
2017.01.05,19:00,21.94,22.00,21.92,21.96,136
2017.01.05,20:00,21.93,21.95,21.89,21.92,131
2017.01.05,21:00,21.91,22.02,21.87,21.97,143
2017.01.05,22:00,21.97,22.06,21.94,22.05,165
2017.01.06,16:00,21.91,22.06,21.91,22.06,91
2017.01.06,17:00,22.06,22.10,21.96,22.03,119
2017.01.06,18:00,22.02,22.05,21.98,22.00,116
2017.01.06,19:00,21.99,22.05,21.93,21.99,93
2017.01.06,20:00,21.99,21.99,21.94,21.95,39
2017.01.06,21:00,21.96,21.99,21.90,21.99,74
2017.01.06,22:00,21.98,21.99,21.92,21.96,14
2017.01.09,16:00,21.82,21.92,21.64,21.84,72
2017.01.09,17:00,21.85,21.91,21.79,21.84,175
2017.01.09,18:00,21.84,21.95,21.81,21.93,89
2017.01.09,19:00,21.93,22.00,21.86,21.89,379
2017.01.09,20:00,21.87,21.92,21.84,21.89,125
2017.01.09,21:00,21.91,21.92,21.84,21.90,108
2017.01.09,22:00,21.91,21.92,21.83,21.91,84
2017.01.10,16:00,21.87,22.00,21.78,21.89,172
2017.01.10,17:00,21.85,21.93,21.79,21.89,107
2017.01.10,18:00,21.90,21.90,21.80,21.84,84
2017.01.10,19:00,21.85,21.88,21.79,21.85,53
2017.01.10,20:00,21.82,21.85,21.70,21.71,52
2017.01.10,21:00,21.71,21.87,21.69,21.85,218
2017.01.10,22:00,21.84,21.86,21.74,21.78,95
2017.01.11,16:00,21.54,21.73,21.39,21.69,238
2017.01.11,17:00,21.72,21.73,21.43,21.49,270
2017.01.11,18:00,21.50,21.52,21.44,21.50,83
2017.01.11,19:00,21.49,21.51,21.42,21.49,175
2017.01.11,20:00,21.47,21.58,21.45,21.52,227
2017.01.11,21:00,21.52,21.56,21.48,21.54,242
2017.01.11,22:00,21.53,21.60,21.53,21.58,107
2017.01.12,16:00,21.67,21.79,21.61,21.72,252
2017.01.12,17:00,21.72,21.77,21.64,21.68,298
2017.01.12,18:00,21.69,21.71,21.62,21.67,217
2017.01.12,19:00,21.68,21.72,21.64,21.69,119
2017.01.12,20:00,21.70,21.71,21.62,21.69,135
2017.01.12,21:00,21.70,21.70,21.64,21.68,200
2017.01.12,22:00,21.69,21.69,21.60,21.65,82
2017.01.13,16:00,21.62,21.76,21.60,21.69,137
2017.01.13,17:00,21.69,21.79,21.66,21.79,225
2017.01.13,18:00,21.79,21.83,21.74,21.82,240
2017.01.13,19:00,21.82,21.89,21.80,21.84,178
2017.01.13,20:00,21.85,21.87,21.83,21.84,84
2017.01.13,21:00,21.83,21.85,21.79,21.85,103
2017.01.13,22:00,21.84,21.87,21.80,21.86,82
2017.01.17,16:00,21.76,21.97,21.76,21.83,312
2017.01.17,17:00,21.83,21.88,21.80,21.85,389
2017.01.17,18:00,21.83,21.92,21.83,21.90,175
2017.01.17,19:00,21.89,21.90,21.83,21.84,85
2017.01.17,20:00,21.84,21.89,21.84,21.88,67
2017.01.17,21:00,21.84,21.89,21.78,21.80,136
2017.01.17,22:00,21.81,21.89,21.79,21.89,88
2017.01.18,16:00,21.85,22.05,21.75,22.02,166
2017.01.18,17:00,22.02,22.02,21.88,21.91,261
2017.01.18,18:00,21.92,21.95,21.88,21.92,173
2017.01.18,19:00,21.93,21.95,21.88,21.92,74
2017.01.18,20:00,21.92,22.01,21.90,21.96,120
2017.01.18,21:00,21.95,21.96,21.91,21.92,49
2017.01.18,22:00,21.93,21.94,21.87,21.92,27
2017.01.19,16:00,21.83,21.96,21.77,21.86,125
2017.01.19,17:00,21.86,21.91,21.77,21.80,156
2017.01.19,18:00,21.79,21.87,21.77,21.80,116
2017.01.19,19:00,21.82,21.92,21.80,21.88,90
2017.01.19,20:00,21.89,21.93,21.84,21.88,156
2017.01.19,21:00,21.89,21.90,21.82,21.88,130
2017.01.19,22:00,21.88,21.93,21.85,21.92,96
2017.01.20,16:00,21.87,22.02,21.80,21.81,137
2017.01.20,17:00,21.81,21.90,21.81,21.88,99
2017.01.20,18:00,21.89,21.89,21.80,21.83,70
2017.01.20,19:00,21.82,21.84,21.77,21.83,106
2017.01.20,20:00,21.84,21.98,21.82,21.97,109
2017.01.20,21:00,21.98,21.98,21.90,21.90,157
2017.01.20,22:00,21.87,21.95,21.85,21.90,174
2017.01.23,16:00,21.89,21.90,21.75,21.82,125
2017.01.23,17:00,21.83,21.95,21.77,21.82,129
2017.01.23,18:00,21.80,21.89,21.78,21.82,146
2017.01.23,19:00,21.82,21.89,21.82,21.84,41
2017.01.23,20:00,21.84,21.88,21.81,21.85,73
2017.01.23,21:00,21.86,21.86,21.82,21.84,58
2017.01.23,22:00,21.83,21.85,21.82,21.84,31
2017.01.24,16:00,21.84,21.95,21.80,21.87,209
2017.01.24,17:00,21.86,21.92,21.78,21.88,274
2017.01.24,18:00,21.88,21.89,21.84,21.87,78
2017.01.24,19:00,21.88,21.90,21.85,21.86,97
2017.01.24,20:00,21.88,21.91,21.86,21.89,111
2017.01.24,21:00,21.90,21.91,21.83,21.86,107
2017.01.24,22:00,21.86,21.87,21.73,21.83,135
2017.01.25,16:00,21.72,21.89,21.72,21.87,126
2017.01.25,17:00,21.88,21.99,21.80,21.97,282
2017.01.25,18:00,21.98,21.99,21.93,21.97,289
2017.01.25,19:00,21.98,22.01,21.94,21.97,207
2017.01.25,20:00,21.98,22.00,21.93,21.98,73
2017.01.25,21:00,21.98,22.03,21.94,22.00,93
2017.01.25,22:00,21.99,22.14,21.97,22.07,154
2017.01.26,16:00,21.93,22.09,21.93,22.06,76
2017.01.26,17:00,22.06,22.25,22.05,22.22,81
2017.01.26,18:00,22.23,22.25,22.19,22.19,52
2017.01.26,19:00,22.20,22.24,22.20,22.21,19
2017.01.26,20:00,22.20,22.24,22.20,22.23,28
2017.01.26,21:00,22.24,22.24,22.21,22.23,25
2017.01.26,22:00,22.22,22.23,22.18,22.19,23
2017.01.27,16:00,22.08,22.22,22.04,22.18,137
2017.01.27,17:00,22.15,22.29,22.11,22.24,168
2017.01.27,18:00,22.27,22.31,22.22,22.28,103
2017.01.27,19:00,22.29,22.29,22.21,22.26,36
2017.01.27,20:00,22.25,22.26,22.18,22.19,29
2017.01.27,21:00,22.18,22.19,22.12,22.15,82
2017.01.27,22:00,22.15,22.17,22.08,22.14,63
2017.01.30,16:00,21.94,21.95,21.80,21.85,96
2017.01.30,17:00,21.83,21.92,21.78,21.86,197
2017.01.30,18:00,21.85,21.89,21.78,21.81,88
2017.01.30,19:00,21.80,21.81,21.64,21.68,78
2017.01.30,20:00,21.67,21.69,21.59,21.68,96
2017.01.30,21:00,21.66,21.74,21.63,21.68,99
2017.01.30,22:00,21.69,21.70,21.58,21.61,69
2017.01.31,16:00,20.97,21.68,20.89,21.61,158
2017.01.31,17:00,21.64,21.71,21.60,21.69,128
2017.01.31,18:00,21.69,21.71,21.63,21.70,92
2017.01.31,19:00,21.68,21.72,21.65,21.69,76
2017.01.31,20:00,21.70,21.70,21.57,21.58,54
2017.01.31,21:00,21.56,21.57,21.51,21.57,69
2017.01.31,22:00,21.58,21.62,21.54,21.58,55
2017.02.01,16:00,21.64,21.77,21.56,21.65,163
2017.02.01,17:00,21.65,21.73,21.61,21.62,136
2017.02.01,18:00,21.62,21.62,21.36,21.40,118
2017.02.01,19:00,21.39,21.39,21.27,21.35,68
2017.02.01,20:00,21.35,21.46,21.30,21.41,72
2017.02.01,21:00,21.41,21.50,21.29,21.31,135
2017.02.01,22:00,21.34,21.39,21.30,21.31,68
2017.02.02,16:00,21.28,21.53,21.26,21.53,135
2017.02.02,17:00,21.53,21.53,21.37,21.50,130
2017.02.02,18:00,21.50,21.54,21.46,21.53,142
2017.02.02,19:00,21.54,21.67,21.51,21.67,108
2017.02.02,20:00,21.66,21.71,21.64,21.71,101
2017.02.02,21:00,21.70,21.70,21.59,21.66,110
2017.02.02,22:00,21.66,21.67,21.60,21.60,117
2017.02.03,16:00,21.61,21.84,21.51,21.83,210
2017.02.03,17:00,21.82,21.97,21.78,21.92,222
2017.02.03,18:00,21.93,21.93,21.82,21.85,160
2017.02.03,19:00,21.86,21.92,21.80,21.84,170
2017.02.03,20:00,21.85,21.90,21.82,21.83,93
2017.02.03,21:00,21.83,21.85,21.78,21.85,58
2017.02.03,22:00,21.84,21.87,21.82,21.83,42
2017.02.06,16:00,21.67,21.89,21.56,21.86,127
2017.02.06,17:00,21.84,21.90,21.69,21.73,142
2017.02.06,18:00,21.74,21.79,21.70,21.74,86
2017.02.06,19:00,21.75,21.75,21.65,21.69,88
2017.02.06,20:00,21.70,21.81,21.68,21.77,125
2017.02.06,21:00,21.79,21.80,21.73,21.78,97
2017.02.06,22:00,21.78,21.79,21.75,21.77,63
2017.02.07,16:00,21.62,21.77,21.59,21.76,96
2017.02.07,17:00,21.77,21.89,21.75,21.84,147
2017.02.07,18:00,21.85,21.88,21.82,21.87,67
2017.02.07,19:00,21.86,21.90,21.82,21.84,75
2017.02.07,20:00,21.84,21.89,21.83,21.86,91
2017.02.07,21:00,21.87,21.89,21.83,21.89,74
2017.02.07,22:00,21.90,21.90,21.81,21.86,74
2017.02.08,16:00,21.71,21.90,21.64,21.72,175
2017.02.08,17:00,21.73,21.76,21.69,21.73,102
2017.02.08,18:00,21.76,21.76,21.64,21.67,86
2017.02.08,19:00,21.68,21.74,21.64,21.71,76
2017.02.08,20:00,21.70,21.73,21.66,21.72,47
2017.02.08,21:00,21.71,21.80,21.70,21.80,73
2017.02.08,22:00,21.81,21.82,21.75,21.75,125
2017.02.09,16:00,21.85,21.91,21.80,21.85,154
2017.02.09,17:00,21.86,21.89,21.83,21.87,111
2017.02.09,18:00,21.87,21.89,21.82,21.84,144
2017.02.09,19:00,21.83,21.84,21.75,21.83,128
2017.02.09,20:00,21.84,21.87,21.78,21.83,81
2017.02.09,21:00,21.83,21.88,21.77,21.86,106
2017.02.09,22:00,21.84,21.88,21.79,21.80,124
2017.02.10,16:00,21.82,21.88,21.74,21.76,84
2017.02.10,17:00,21.77,21.92,21.73,21.87,244
2017.02.10,18:00,21.87,22.10,21.87,22.06,97
2017.02.10,19:00,22.05,22.05,21.97,22.02,51
2017.02.10,20:00,22.02,22.07,22.01,22.03,89
2017.02.10,21:00,22.04,22.08,21.98,22.02,167
2017.02.10,22:00,22.03,22.07,22.00,22.06,51
2017.02.13,16:00,21.97,22.10,21.97,22.08,122
2017.02.13,17:00,22.09,22.15,22.01,22.10,151
2017.02.13,18:00,22.11,22.14,22.01,22.07,255
2017.02.13,19:00,22.07,22.15,22.03,22.13,196
2017.02.13,20:00,22.11,22.15,22.09,22.10,142
2017.02.13,21:00,22.11,22.11,21.98,22.06,125
2017.02.13,22:00,22.05,22.07,21.99,22.01,103
2017.02.14,16:00,21.87,21.96,21.81,21.89,108
2017.02.14,17:00,21.89,22.00,21.86,21.88,163
2017.02.14,18:00,21.88,21.91,21.80,21.89,116
2017.02.14,19:00,21.89,21.96,21.88,21.94,44
2017.02.14,20:00,21.94,21.95,21.86,21.87,51
2017.02.14,21:00,21.88,21.88,21.81,21.84,88
2017.02.14,22:00,21.84,21.87,21.83,21.85,31
2017.02.15,16:00,21.69,21.95,21.65,21.88,336
2017.02.15,17:00,21.88,22.08,21.87,22.03,178
2017.02.15,18:00,22.02,22.07,21.99,22.04,147
2017.02.15,19:00,22.05,22.07,21.98,22.00,138
2017.02.15,20:00,22.00,22.03,21.94,21.99,89
2017.02.15,21:00,21.97,22.00,21.91,21.95,80
2017.02.15,22:00,21.94,22.02,21.94,21.99,51
2017.02.16,16:00,21.86,21.99,21.85,21.92,197
2017.02.16,17:00,21.89,21.99,21.85,21.93,286
2017.02.16,18:00,21.93,21.95,21.89,21.94,84
2017.02.16,19:00,21.94,21.95,21.90,21.94,29
2017.02.16,20:00,21.93,21.95,21.89,21.93,79
2017.02.16,21:00,21.94,21.94,21.85,21.90,57
2017.02.16,22:00,21.91,21.91,21.85,21.85,33
2017.02.17,16:00,21.69,21.71,21.51,21.70,142
2017.02.17,17:00,21.71,21.72,21.58,21.64,187
2017.02.17,18:00,21.66,21.72,21.65,21.72,111
2017.02.17,19:00,21.71,21.79,21.68,21.73,157
2017.02.17,20:00,21.73,21.78,21.72,21.77,73
2017.02.17,21:00,21.77,21.77,21.73,21.77,49
2017.02.17,22:00,21.77,21.83,21.77,21.80,61
2017.02.21,16:00,21.72,21.86,21.66,21.83,179
2017.02.21,17:00,21.84,22.01,21.79,21.95,263
2017.02.21,18:00,21.99,22.08,21.94,22.02,192
2017.02.21,19:00,22.01,22.04,21.96,21.99,111
2017.02.21,20:00,22.00,22.02,21.95,21.99,86
2017.02.21,21:00,22.00,22.09,21.97,22.09,122
2017.02.21,22:00,22.08,22.15,22.02,22.13,93
2017.02.22,16:00,22.03,22.14,22.00,22.03,187
2017.02.22,17:00,22.03,22.10,22.01,22.05,264
2017.02.22,18:00,22.06,22.06,22.00,22.02,54
2017.02.22,19:00,22.01,22.03,21.96,22.00,66
2017.02.22,20:00,21.99,22.10,21.99,22.02,183
2017.02.22,21:00,22.02,22.14,22.00,22.11,437
2017.02.22,22:00,22.06,22.13,22.05,22.09,115
2017.02.23,16:00,22.03,22.14,22.02,22.11,180
2017.02.23,17:00,22.10,22.11,22.01,22.10,148
2017.02.23,18:00,22.10,22.17,22.05,22.17,115
2017.02.23,19:00,22.16,22.26,22.16,22.21,66
2017.02.23,20:00,22.20,22.20,22.09,22.11,45
2017.02.23,21:00,22.09,22.14,22.09,22.10,54
2017.02.23,22:00,22.09,22.11,22.05,22.10,71
2017.02.24,16:00,21.66,21.87,21.66,21.84,119
2017.02.24,17:00,21.84,21.88,21.80,21.82,95
2017.02.24,18:00,21.81,21.91,21.79,21.88,58
2017.02.24,19:00,21.87,21.90,21.84,21.88,27
2017.02.24,20:00,21.89,21.93,21.89,21.90,46
2017.02.24,21:00,21.90,21.94,21.89,21.93,23
2017.02.24,22:00,21.94,21.96,21.91,21.95,45
