2015.12.28,16:00,66.00,66.14,65.84,65.98,347
2015.12.28,17:00,65.97,66.11,65.47,65.64,765
2015.12.28,18:00,65.64,65.94,65.41,65.58,405
2015.12.28,19:00,65.59,65.69,65.59,65.69,30
2015.12.28,20:00,65.70,65.82,65.57,65.63,97
2015.12.28,21:00,65.63,65.66,65.62,65.66,32
2015.12.28,22:00,65.68,65.76,65.60,65.60,11
2015.12.29,16:00,66.39,66.54,66.39,66.39,301
2015.12.29,17:00,66.39,66.72,66.30,66.34,704
2015.12.29,18:00,66.34,66.55,66.29,66.32,600
2015.12.29,19:00,66.26,66.48,66.18,66.35,142
2015.12.29,20:00,66.37,66.50,66.35,66.50,68
2015.12.29,21:00,66.51,66.51,66.29,66.51,88
2015.12.29,22:00,66.51,66.57,66.42,66.45,121
2015.12.30,16:00,66.26,66.36,66.02,66.02,344
2015.12.30,17:00,66.10,66.35,65.94,66.06,882
2015.12.30,18:00,66.05,66.47,65.69,65.71,725
2015.12.30,19:00,65.70,65.71,65.37,65.39,67
2015.12.30,20:00,65.42,65.50,65.39,65.47,30
2015.12.30,21:00,65.44,65.50,65.39,65.49,20
2015.12.30,22:00,65.44,65.50,65.41,65.45,31
2015.12.31,16:00,64.58,64.93,63.85,64.91,66
2015.12.31,17:00,64.91,64.91,64.69,64.70,260
2015.12.31,18:00,64.67,64.88,64.67,64.88,125
2015.12.31,19:00,64.90,64.98,64.84,64.94,877
2015.12.31,20:00,64.94,64.98,64.84,64.96,164
2015.12.31,21:00,64.97,65.00,64.76,64.79,478
2015.12.31,22:00,64.79,64.87,64.63,64.87,184
2016.01.04,16:00,63.83,63.88,63.51,63.70,398
2016.01.04,17:00,63.51,63.67,63.10,63.14,1073
2016.01.04,18:00,63.13,63.23,62.64,62.98,943
2016.01.04,19:00,62.87,63.03,62.64,63.03,197
2016.01.04,20:00,63.03,63.16,62.81,62.99,146
2016.01.04,21:00,62.99,63.08,62.84,62.91,143
2016.01.04,22:00,62.87,63.27,62.76,63.21,299
2016.01.05,16:00,61.75,62.05,61.74,61.83,440
2016.01.05,17:00,61.83,61.88,61.58,61.78,750
2016.01.05,18:00,61.79,62.07,61.75,62.07,597
2016.01.05,19:00,62.07,62.10,61.77,62.07,173
2016.01.05,20:00,62.07,62.24,61.91,62.21,119
2016.01.05,21:00,62.21,62.48,62.05,62.43,205
2016.01.05,22:00,62.43,62.43,62.03,62.32,78
2016.01.06,16:00,61.66,61.75,61.37,61.39,510
2016.01.06,17:00,61.40,61.74,61.11,61.54,1081
2016.01.06,18:00,61.54,61.74,61.47,61.70,565
2016.01.06,19:00,61.70,61.74,61.55,61.69,275
2016.01.06,20:00,61.69,61.69,60.82,61.22,287
2016.01.06,21:00,61.12,61.54,60.93,61.42,271
2016.01.06,22:00,61.33,61.82,61.18,61.68,191
2016.01.07,16:00,60.72,61.23,60.70,61.19,696
2016.01.07,17:00,61.20,61.45,61.03,61.32,1168
2016.01.07,18:00,61.31,61.83,61.24,61.46,946
2016.01.07,19:00,61.47,61.68,61.38,61.38,380
2016.01.07,20:00,61.35,61.35,60.94,61.06,303
2016.01.07,21:00,61.05,61.43,60.88,61.11,280
2016.01.07,22:00,61.05,61.33,60.89,61.11,503
2016.01.08,16:00,62.56,62.61,62.21,62.24,997
2016.01.08,17:00,62.25,62.33,61.84,62.04,1582
2016.01.08,18:00,62.05,62.18,61.23,61.95,1127
2016.01.08,19:00,61.95,62.12,61.67,62.04,672
2016.01.08,20:00,62.04,62.09,61.78,62.01,468
2016.01.08,21:00,62.01,62.10,61.49,61.62,418
2016.01.08,22:00,61.64,61.73,61.27,61.27,278
2016.01.11,16:00,61.57,61.57,61.32,61.39,573
2016.01.11,17:00,61.38,61.47,61.02,61.22,1544
2016.01.11,18:00,61.23,61.53,61.08,61.39,743
2016.01.11,19:00,61.39,61.43,60.94,61.10,328
2016.01.11,20:00,61.10,61.10,60.72,60.77,260
2016.01.11,21:00,60.78,61.19,60.77,60.91,193
2016.01.11,22:00,60.93,61.23,60.79,61.11,355
2016.01.12,16:00,63.76,64.23,63.73,64.08,556
2016.01.12,17:00,64.08,64.08,63.51,63.73,1119
2016.01.12,18:00,63.72,63.76,63.06,63.22,671
2016.01.12,19:00,63.22,63.39,63.04,63.24,313
2016.01.12,20:00,63.20,63.59,63.02,63.38,518
2016.01.12,21:00,63.37,63.69,63.23,63.62,519
2016.01.12,22:00,63.63,63.98,63.43,63.82,356
2016.01.13,16:00,63.25,63.57,63.25,63.44,577
2016.01.13,17:00,63.44,63.78,63.41,63.53,1762
2016.01.13,18:00,63.53,63.70,62.94,63.27,808
2016.01.13,19:00,63.27,63.35,63.01,63.15,500
2016.01.13,20:00,63.16,63.21,62.79,62.94,1435
2016.01.13,21:00,62.89,62.94,62.56,62.67,446
2016.01.13,22:00,62.69,62.75,62.21,62.40,228
2016.01.14,16:00,62.31,62.68,62.31,62.35,655
2016.01.14,17:00,62.35,62.84,62.26,62.63,2047
2016.01.14,18:00,62.63,62.82,62.12,62.20,993
2016.01.14,19:00,62.20,62.70,62.20,62.70,175
2016.01.14,20:00,62.70,63.11,62.65,63.00,580
2016.01.14,21:00,63.00,63.06,62.76,62.89,241
2016.01.14,22:00,62.89,63.06,62.87,62.87,134
2016.01.15,16:00,61.89,62.21,61.67,61.67,815
2016.01.15,17:00,61.67,62.47,61.63,61.78,1935
2016.01.15,18:00,61.77,61.85,61.16,61.49,1167
2016.01.15,19:00,61.49,61.71,60.69,61.01,521
2016.01.15,20:00,61.00,61.09,60.73,60.89,500
2016.01.15,21:00,60.88,61.11,60.69,61.04,458
2016.01.15,22:00,61.05,61.22,60.92,61.14,309
2016.01.19,16:00,63.44,63.59,63.29,63.30,716
2016.01.19,17:00,63.30,63.42,63.02,63.08,1000
2016.01.19,18:00,63.08,63.33,62.79,63.18,840
2016.01.19,19:00,63.19,63.24,62.75,62.75,328
2016.01.19,20:00,62.77,62.89,62.67,62.67,302
2016.01.19,21:00,62.67,62.73,62.10,62.23,361
2016.01.19,22:00,62.26,62.71,62.24,62.67,361
2016.01.20,16:00,61.17,61.25,60.77,60.77,828
2016.01.20,17:00,60.77,60.92,59.73,59.75,1483
2016.01.20,18:00,59.74,60.67,59.72,59.81,966
2016.01.20,19:00,59.82,59.85,58.86,59.75,341
2016.01.20,20:00,59.75,60.16,59.53,59.97,500
2016.01.20,21:00,59.94,60.21,59.75,60.15,330
2016.01.20,22:00,60.15,60.82,60.15,60.52,205
2016.01.21,16:00,59.74,59.91,59.48,59.63,1225
2016.01.21,17:00,59.66,60.25,59.66,60.05,2017
2016.01.21,18:00,60.05,60.22,59.81,60.12,1075
2016.01.21,19:00,60.13,60.41,60.04,60.24,522
2016.01.21,20:00,60.22,60.40,59.99,60.13,522
2016.01.21,21:00,60.15,60.28,59.65,60.23,580
2016.01.21,22:00,60.14,60.25,59.91,60.23,546
2016.01.22,16:00,61.12,61.39,60.96,61.35,748
2016.01.22,17:00,61.35,61.68,61.24,61.35,1372
2016.01.22,18:00,61.35,61.60,60.88,61.08,777
2016.01.22,19:00,61.08,61.37,61.08,61.37,572
2016.01.22,20:00,61.36,61.44,61.00,61.43,521
2016.01.22,21:00,61.45,61.60,61.13,61.35,312
2016.01.22,22:00,61.36,61.59,61.36,61.45,185
2016.01.25,16:00,61.07,61.16,60.90,61.05,670
2016.01.25,17:00,61.05,61.35,60.91,61.24,1296
2016.01.25,18:00,61.25,61.26,60.86,61.06,797
2016.01.25,19:00,61.08,61.26,60.85,61.25,509
2016.01.25,20:00,61.25,61.41,61.05,61.29,544
2016.01.25,21:00,61.25,61.37,60.92,61.00,1005
2016.01.25,22:00,60.99,61.25,60.59,60.64,585
2016.01.26,16:00,60.56,60.61,60.36,60.37,622
2016.01.26,17:00,60.40,61.72,60.40,61.66,1465
2016.01.26,18:00,61.66,61.79,61.38,61.39,581
2016.01.26,19:00,61.39,61.65,61.38,61.60,270
2016.01.26,20:00,61.60,61.67,61.54,61.56,335
2016.01.26,21:00,61.55,61.55,61.22,61.38,365
2016.01.26,22:00,61.38,61.53,61.20,61.50,287
2016.01.27,16:00,61.45,61.51,61.22,61.25,513
2016.01.27,17:00,61.23,61.50,60.69,61.13,1088
2016.01.27,18:00,61.13,61.32,60.69,61.13,836
2016.01.27,19:00,61.13,61.26,61.09,61.13,393
2016.01.27,20:00,61.13,61.19,60.47,60.47,265
2016.01.27,21:00,60.31,61.15,60.31,60.62,481
2016.01.27,22:00,60.62,60.65,60.22,60.52,336
2016.01.28,16:00,60.31,60.39,59.91,60.36,744
2016.01.28,17:00,60.36,60.36,59.33,59.98,1408
2016.01.28,18:00,59.97,60.75,59.63,60.11,919
2016.01.28,19:00,60.11,60.38,60.06,60.36,249
2016.01.28,20:00,60.36,60.39,60.20,60.38,110
2016.01.28,21:00,60.38,60.53,60.38,60.40,184
2016.01.28,22:00,60.40,60.44,60.35,60.35,142
2016.01.29,16:00,61.35,61.80,61.27,61.58,666
2016.01.29,17:00,61.52,61.80,61.26,61.48,1474
2016.01.29,18:00,61.48,62.22,61.47,62.16,846
2016.01.29,19:00,62.16,62.48,62.05,62.48,302
2016.01.29,20:00,62.39,62.49,62.05,62.28,247
2016.01.29,21:00,62.28,62.37,61.77,61.91,146
2016.01.29,22:00,61.91,61.96,61.29,61.57,219
2016.02.01,16:00,59.05,59.17,58.55,58.67,558
2016.02.01,17:00,58.67,59.09,58.52,59.01,1107
2016.02.01,18:00,58.99,59.14,58.68,59.07,698
2016.02.01,19:00,59.09,59.09,59.00,59.01,390
2016.02.01,20:00,59.00,59.09,59.00,59.00,240
2016.02.01,21:00,59.00,59.16,59.00,59.13,378
2016.02.01,22:00,59.00,59.31,59.00,59.16,430
2016.02.02,16:00,58.74,58.75,58.06,58.34,631
2016.02.02,17:00,58.34,58.89,58.20,58.45,1160
2016.02.02,18:00,58.47,58.55,58.22,58.44,578
2016.02.02,19:00,58.44,58.53,58.25,58.33,479
2016.02.02,20:00,58.33,58.46,58.30,58.36,492
2016.02.02,21:00,58.35,58.40,57.96,58.20,210
2016.02.02,22:00,58.20,58.24,57.83,57.94,331
2016.02.03,16:00,59.31,59.48,59.12,59.46,659
2016.02.03,17:00,59.48,59.58,58.64,59.24,2060
2016.02.03,18:00,59.25,59.25,58.83,58.86,1167
2016.02.03,19:00,58.88,58.98,58.63,58.98,297
2016.02.03,20:00,59.00,59.26,58.89,59.16,345
2016.02.03,21:00,59.16,59.49,59.12,59.48,340
2016.02.03,22:00,59.50,59.79,59.27,59.60,1123
2016.02.04,16:00,58.52,58.72,58.25,58.35,923
2016.02.04,17:00,58.36,58.74,58.08,58.28,1626
2016.02.04,18:00,58.27,58.65,58.06,58.42,842
2016.02.04,19:00,58.47,58.84,58.26,58.65,735
2016.02.04,20:00,58.65,58.90,58.40,58.61,434
2016.02.04,21:00,58.59,58.75,58.40,58.75,538
2016.02.04,22:00,58.75,58.82,58.54,58.69,259
2016.02.05,16:00,58.12,58.33,57.79,57.80,1017
2016.02.05,17:00,57.83,57.91,57.26,57.35,1464
2016.02.05,18:00,57.35,57.43,56.94,57.13,976
2016.02.05,19:00,57.13,57.15,56.90,57.02,820
2016.02.05,20:00,57.01,57.10,56.90,57.04,735
2016.02.05,21:00,57.04,57.05,56.73,56.75,410
2016.02.05,22:00,56.75,56.82,56.45,56.68,417
2016.02.08,16:00,55.37,55.41,55.06,55.13,1009
2016.02.08,17:00,55.11,55.22,54.44,54.51,2102
2016.02.08,18:00,54.52,55.04,54.33,54.83,1626
2016.02.08,19:00,54.81,54.95,54.55,54.78,679
2016.02.08,20:00,54.78,54.82,54.44,54.59,871
2016.02.08,21:00,54.60,54.69,54.44,54.59,498
2016.02.08,22:00,54.58,55.28,54.54,55.12,752
2016.02.09,16:00,56.33,56.91,56.10,56.33,728
2016.02.09,17:00,56.38,56.60,55.50,55.77,1834
2016.02.09,18:00,55.76,56.44,55.48,55.59,1368
2016.02.09,19:00,55.57,55.85,55.54,55.61,778
2016.02.09,20:00,55.62,55.64,55.10,55.46,678
2016.02.09,21:00,55.50,55.85,55.46,55.78,684
2016.02.09,22:00,55.76,55.98,55.61,55.70,397
2016.02.10,16:00,57.24,57.44,57.10,57.36,709
2016.02.10,17:00,57.35,57.78,57.29,57.36,1871
2016.02.10,18:00,57.36,57.56,57.15,57.31,1197
2016.02.10,19:00,57.29,57.52,57.10,57.48,511
2016.02.10,20:00,57.51,57.63,57.26,57.55,450
2016.02.10,21:00,57.59,57.77,57.32,57.60,615
2016.02.10,22:00,57.57,57.68,57.13,57.19,362
2016.02.11,16:00,56.43,56.69,56.23,56.50,1043
2016.02.11,17:00,56.50,56.54,55.57,55.89,2217
2016.02.11,18:00,55.89,56.57,55.83,55.86,1108
2016.02.11,19:00,55.84,56.10,55.76,56.07,473
2016.02.11,20:00,56.04,56.08,55.69,55.78,220
2016.02.11,21:00,55.75,56.12,55.62,55.90,559
2016.02.11,22:00,55.83,56.14,55.68,56.07,206
2016.02.12,16:00,56.18,56.36,56.10,56.28,632
2016.02.12,17:00,56.28,56.43,56.09,56.14,808
2016.02.12,18:00,56.15,56.64,56.14,56.56,575
2016.02.12,19:00,56.49,56.55,56.26,56.38,216
2016.02.12,20:00,56.37,56.38,55.99,56.11,298
2016.02.12,21:00,56.10,56.35,55.97,56.32,329
2016.02.12,22:00,56.27,56.35,56.18,56.35,282
2016.02.16,16:00,57.19,57.39,56.93,56.98,647
2016.02.16,17:00,56.98,56.98,56.60,56.70,912
2016.02.16,18:00,56.70,56.77,56.35,56.61,618
2016.02.16,19:00,56.61,56.89,56.61,56.88,312
2016.02.16,20:00,56.89,57.18,56.83,57.18,594
2016.02.16,21:00,57.19,57.19,57.04,57.05,63
2016.02.16,22:00,57.06,57.11,56.97,57.11,123
2016.02.17,16:00,56.97,57.15,56.84,57.09,447
2016.02.17,17:00,57.09,57.73,57.03,57.57,1102
2016.02.17,18:00,57.58,57.65,57.37,57.48,712
2016.02.17,19:00,57.48,57.59,57.39,57.44,292
2016.02.17,20:00,57.39,57.65,57.21,57.21,340
2016.02.17,21:00,57.18,57.67,57.18,57.50,533
2016.02.17,22:00,57.51,57.65,57.43,57.44,219
2016.02.18,16:00,58.84,58.98,58.58,58.60,487
2016.02.18,17:00,58.55,59.11,58.54,59.08,855
2016.02.18,18:00,59.08,59.08,58.20,58.24,1038
2016.02.18,19:00,58.24,58.74,58.24,58.57,1172
2016.02.18,20:00,58.60,58.79,58.28,58.46,881
2016.02.18,21:00,58.46,58.57,58.32,58.48,437
2016.02.18,22:00,58.51,58.51,58.15,58.15,565
2016.02.19,16:00,58.71,58.76,58.52,58.58,514
2016.02.19,17:00,58.59,58.90,58.34,58.77,1139
2016.02.19,18:00,58.78,58.86,58.46,58.67,934
2016.02.19,19:00,58.67,58.77,58.46,58.70,536
2016.02.19,20:00,58.70,58.76,58.58,58.69,292
2016.02.19,21:00,58.69,58.79,58.51,58.61,409
2016.02.19,22:00,58.61,58.65,58.35,58.63,236
2016.02.22,16:00,59.23,59.49,59.23,59.33,331
2016.02.22,17:00,59.33,59.58,59.31,59.35,714
2016.02.22,18:00,59.35,59.36,58.73,58.86,664
2016.02.22,19:00,58.86,59.17,58.67,59.16,350
2016.02.22,20:00,59.16,59.20,58.92,59.11,163
2016.02.22,21:00,59.04,59.16,58.91,59.10,296
2016.02.22,22:00,59.09,59.26,58.88,59.19,231
2016.02.23,16:00,58.91,59.15,58.89,59.08,421
2016.02.23,17:00,59.05,59.14,58.29,58.35,1014
2016.02.23,18:00,58.34,58.41,57.76,57.95,632
2016.02.23,19:00,58.11,58.14,57.72,58.00,546
2016.02.23,20:00,57.82,58.16,57.73,57.73,468
2016.02.23,21:00,57.73,58.09,57.69,58.08,440
2016.02.23,22:00,58.09,58.09,57.51,57.79,513
2016.02.24,16:00,56.78,56.78,56.45,56.53,357
2016.02.24,17:00,56.53,56.53,56.20,56.43,1082
2016.02.24,18:00,56.42,57.00,56.20,57.00,812
2016.02.24,19:00,57.00,57.10,56.73,56.85,1177
2016.02.24,20:00,56.85,57.13,56.73,56.96,962
2016.02.24,21:00,56.96,57.26,56.88,57.04,359
2016.02.24,22:00,57.04,57.44,57.01,57.33,493
2016.02.25,16:00,57.78,57.97,57.72,57.95,652
2016.02.25,17:00,57.95,58.34,57.83,58.30,1329
2016.02.25,18:00,58.29,58.61,58.23,58.27,578
2016.02.25,19:00,58.27,58.39,58.10,58.38,335
2016.02.25,20:00,58.29,58.50,58.16,58.48,461
2016.02.25,21:00,58.48,58.52,58.27,58.49,572
2016.02.25,22:00,58.48,58.58,58.30,58.58,401
2016.02.26,16:00,58.11,58.19,57.95,57.96,588
2016.02.26,17:00,57.89,58.21,57.83,57.95,1161
2016.02.26,18:00,57.97,57.98,57.33,57.41,796
2016.02.26,19:00,57.60,57.61,57.19,57.61,222
2016.02.26,20:00,57.61,57.61,57.19,57.51,305
2016.02.26,21:00,57.51,57.52,57.22,57.34,480
2016.02.26,22:00,57.33,57.48,57.24,57.46,427
2016.02.29,16:00,57.35,57.35,56.91,57.02,473
2016.02.29,17:00,57.02,57.05,56.58,57.03,1013
2016.02.29,18:00,57.03,57.66,56.97,57.07,637
2016.02.29,19:00,56.97,57.28,56.92,57.12,290
2016.02.29,20:00,57.06,57.22,57.06,57.17,127
2016.02.29,21:00,57.15,57.22,56.96,57.02,496
2016.02.29,22:00,57.02,57.25,56.88,57.15,345
2016.03.01,16:00,57.00,57.23,56.90,57.16,507
2016.03.01,17:00,57.16,58.20,57.05,58.13,1421
2016.03.01,18:00,58.14,58.14,57.73,57.98,930
2016.03.01,19:00,57.95,58.10,57.20,57.49,634
2016.03.01,20:00,57.51,57.81,57.10,57.29,1339
2016.03.01,21:00,57.32,57.32,56.62,56.90,531
2016.03.01,22:00,56.87,57.20,56.75,57.19,240
2016.03.02,16:00,55.48,55.69,55.25,55.63,660
2016.03.02,17:00,55.63,55.63,55.18,55.18,789
2016.03.02,18:00,55.18,55.42,55.16,55.31,531
2016.03.02,19:00,55.31,55.47,55.27,55.45,409
2016.03.02,20:00,55.46,55.60,55.28,55.52,460
2016.03.02,21:00,55.50,55.69,55.24,55.39,464
2016.03.02,22:00,55.37,55.67,55.18,55.67,304
2016.03.03,16:00,53.52,53.58,53.46,53.51,528
2016.03.03,17:00,53.51,53.59,53.18,53.21,1548
2016.03.03,18:00,53.21,53.31,53.08,53.11,852
2016.03.03,19:00,53.10,53.33,53.03,53.27,266
2016.03.03,20:00,53.24,53.29,53.23,53.27,112
2016.03.03,21:00,53.27,53.29,53.00,53.17,87
2016.03.03,22:00,53.16,53.16,52.92,53.11,143
2016.03.04,16:00,53.83,53.84,53.34,53.64,1214
2016.03.04,17:00,53.64,53.74,53.42,53.60,1766
2016.03.04,18:00,53.61,53.75,53.53,53.67,723
2016.03.04,19:00,53.68,53.78,53.53,53.65,932
2016.03.04,20:00,53.67,53.79,53.58,53.74,365
2016.03.04,21:00,53.74,53.74,53.54,53.56,346
2016.03.04,22:00,53.57,53.77,53.41,53.67,465
2016.03.07,16:00,53.14,53.24,52.97,53.01,623
2016.03.07,17:00,53.01,53.20,52.93,53.05,1219
2016.03.07,18:00,53.05,53.70,53.05,53.70,794
2016.03.07,19:00,53.70,53.73,53.35,53.41,721
2016.03.07,20:00,53.44,53.52,53.31,53.51,403
2016.03.07,21:00,53.52,53.53,53.03,53.19,717
2016.03.07,22:00,53.21,53.31,53.03,53.23,669
2016.03.08,16:00,55.32,55.61,55.14,55.58,508
2016.03.08,17:00,55.57,55.65,55.26,55.65,900
2016.03.08,18:00,55.64,55.70,55.36,55.41,401
2016.03.08,19:00,55.41,55.49,55.30,55.32,195
2016.03.08,20:00,55.32,55.40,55.21,55.28,266
2016.03.08,21:00,55.32,55.34,55.03,55.11,358
2016.03.08,22:00,55.04,55.21,54.91,54.95,473
2016.03.09,16:00,56.04,56.25,55.98,56.08,313
2016.03.09,17:00,56.05,56.33,55.57,55.76,846
2016.03.09,18:00,55.76,56.08,55.50,55.69,834
2016.03.09,19:00,55.69,55.71,55.44,55.68,596
2016.03.09,20:00,55.68,55.74,55.44,55.74,160
2016.03.09,21:00,55.75,55.77,55.74,55.76,200
2016.03.09,22:00,55.75,55.76,55.28,55.37,400
2016.03.10,16:00,56.59,56.98,56.59,56.94,1349
2016.03.10,17:00,56.97,57.36,56.63,56.73,2513
2016.03.10,18:00,56.73,56.94,55.66,56.17,2510
2016.03.10,19:00,55.87,56.43,55.58,56.00,1213
2016.03.10,20:00,55.98,56.17,55.76,56.00,803
2016.03.10,21:00,56.00,56.26,55.74,56.26,470
2016.03.10,22:00,56.26,56.66,56.00,56.36,525
2016.03.11,16:00,56.25,56.41,56.15,56.41,416
2016.03.11,17:00,56.42,56.61,56.30,56.38,981
2016.03.11,18:00,56.37,56.58,56.26,56.29,679
2016.03.11,19:00,56.30,56.35,56.09,56.24,239
2016.03.11,20:00,56.11,56.25,56.05,56.20,195
2016.03.11,21:00,56.23,56.27,55.92,56.15,163
2016.03.11,22:00,56.13,56.27,56.01,56.25,157
2016.03.14,16:00,56.24,56.29,56.14,56.19,396
2016.03.14,17:00,56.20,56.27,56.00,56.03,757
2016.03.14,18:00,56.04,56.29,55.98,56.06,704
2016.03.14,19:00,56.07,56.31,55.94,56.02,636
2016.03.14,20:00,55.98,56.10,55.86,55.99,338
2016.03.14,21:00,55.93,56.00,55.67,55.86,442
2016.03.14,22:00,55.87,55.90,55.63,55.89,232
2016.03.15,16:00,55.48,55.49,55.38,55.41,343
2016.03.15,17:00,55.41,55.51,55.09,55.37,774
2016.03.15,18:00,55.35,55.48,55.22,55.26,940
2016.03.15,19:00,55.25,55.46,55.06,55.17,783
2016.03.15,20:00,55.10,55.51,55.04,55.34,365
2016.03.15,21:00,55.35,55.40,55.03,55.13,354
2016.03.15,22:00,55.04,55.21,55.04,55.14,135
2016.03.16,16:00,54.16,54.36,54.00,54.01,486
2016.03.16,17:00,54.02,54.21,53.98,54.03,739
2016.03.16,18:00,54.03,54.10,53.90,54.08,714
2016.03.16,19:00,54.07,54.24,54.06,54.20,472
2016.03.16,20:00,54.20,54.23,54.06,54.16,319
2016.03.16,21:00,54.16,54.69,54.14,54.48,962
2016.03.16,22:00,54.48,54.80,54.35,54.77,463
2016.03.17,16:00,54.88,54.97,54.66,54.75,655
2016.03.17,17:00,54.74,54.98,54.68,54.92,1345
2016.03.17,18:00,54.93,55.10,54.85,55.00,1202
2016.03.17,19:00,54.99,55.07,54.72,54.82,905
2016.03.17,20:00,54.82,55.01,54.74,54.75,181
2016.03.17,21:00,54.86,55.00,54.65,54.83,409
2016.03.17,22:00,54.84,54.95,54.74,54.89,221
2016.03.18,16:00,55.10,55.12,55.01,55.12,528
2016.03.18,17:00,55.12,55.30,54.99,55.14,1138
2016.03.18,18:00,55.11,55.19,55.01,55.13,1198
2016.03.18,19:00,55.13,55.15,54.62,54.78,614
2016.03.18,20:00,54.57,54.87,54.48,54.74,313
2016.03.18,21:00,54.76,54.77,54.54,54.60,151
2016.03.18,22:00,54.65,54.69,54.51,54.60,158
2016.03.21,16:00,54.77,54.90,54.74,54.79,381
2016.03.21,17:00,54.79,54.89,54.67,54.77,870
2016.03.21,18:00,54.78,55.15,54.76,55.01,789
2016.03.21,19:00,55.02,55.08,54.65,54.86,484
2016.03.21,20:00,54.86,54.86,54.60,54.85,367
2016.03.21,21:00,54.85,54.97,54.63,54.97,471
2016.03.21,22:00,54.96,54.96,54.76,54.86,401
2016.03.22,16:00,54.13,54.25,53.85,54.09,547
2016.03.22,17:00,54.08,54.28,53.81,54.20,1073
2016.03.22,18:00,54.19,54.57,54.14,54.47,765
2016.03.22,19:00,54.47,54.71,54.18,54.71,707
2016.03.22,20:00,54.71,54.80,54.51,54.64,421
2016.03.22,21:00,54.63,54.71,54.44,54.63,604
2016.03.22,22:00,54.63,54.75,54.42,54.56,564
2016.03.23,16:00,55.46,55.61,55.36,55.43,567
2016.03.23,17:00,55.42,55.66,55.36,55.51,1233
2016.03.23,18:00,55.51,55.52,54.97,55.10,1067
2016.03.23,19:00,55.10,55.25,54.91,54.94,643
2016.03.23,20:00,54.91,55.21,54.89,54.96,266
2016.03.23,21:00,54.96,55.03,54.72,54.88,350
2016.03.23,22:00,54.87,54.91,54.67,54.90,240
2016.03.24,16:00,54.47,54.52,54.32,54.42,334
2016.03.24,17:00,54.41,54.70,54.36,54.60,898
2016.03.24,18:00,54.61,54.73,54.48,54.67,758
2016.03.24,19:00,54.68,54.69,54.38,54.43,482
2016.03.24,20:00,54.43,54.45,53.92,54.30,94
2016.03.24,21:00,54.30,54.44,54.23,54.44,271
2016.03.24,22:00,54.43,54.45,54.26,54.43,196
2016.03.28,16:00,54.42,54.49,53.79,53.92,105
2016.03.28,17:00,53.91,54.65,53.88,54.64,100
2016.03.28,18:00,54.63,54.79,54.47,54.79,99
2016.03.28,19:00,54.79,55.19,54.52,54.69,381
2016.03.28,20:00,54.69,54.76,54.65,54.68,52
2016.03.28,21:00,54.69,54.73,54.60,54.62,77
2016.03.28,22:00,54.60,54.76,54.42,54.68,108
2016.03.29,16:00,54.57,54.60,54.23,54.25,535
2016.03.29,17:00,54.26,54.69,54.25,54.39,1258
2016.03.29,18:00,54.39,54.55,54.15,54.51,633
2016.03.29,19:00,54.51,54.97,54.18,54.90,313
2016.03.29,20:00,54.84,55.22,54.77,54.90,422
2016.03.29,21:00,54.94,55.14,54.83,55.09,451
2016.03.29,22:00,55.09,55.20,54.91,55.08,303
2016.03.30,16:00,56.00,56.26,56.00,56.25,478
2016.03.30,17:00,56.26,56.57,56.15,56.50,1207
2016.03.30,18:00,56.51,56.78,56.15,56.32,796
2016.03.30,19:00,56.32,56.50,56.11,56.38,262
2016.03.30,20:00,56.39,56.43,56.00,56.15,446
2016.03.30,21:00,56.14,56.33,56.08,56.29,401
2016.03.30,22:00,56.29,56.42,56.23,56.27,514
2016.03.31,16:00,55.68,55.74,55.48,55.66,650
2016.03.31,17:00,55.66,55.75,55.41,55.46,1300
2016.03.31,18:00,55.46,55.56,54.84,54.98,688
2016.03.31,19:00,54.94,55.26,54.90,55.13,218
2016.03.31,20:00,55.13,55.30,55.00,55.24,269
2016.03.31,21:00,55.24,55.24,55.17,55.17,191
2016.03.31,22:00,55.17,55.17,54.93,55.09,236
2016.04.01,16:00,54.27,54.34,54.19,54.33,499
2016.04.01,17:00,54.33,54.61,54.21,54.48,1378
2016.04.01,18:00,54.48,54.66,54.29,54.37,834
2016.04.01,19:00,54.37,54.49,54.20,54.41,216
2016.04.01,20:00,54.40,54.45,54.28,54.42,279
2016.04.01,21:00,54.43,54.69,54.29,54.65,324
2016.04.01,22:00,54.66,54.78,54.52,54.77,431
2016.04.04,16:00,54.76,54.79,54.54,54.64,518
2016.04.04,17:00,54.64,54.68,54.35,54.47,1238
2016.04.04,18:00,54.47,54.72,54.39,54.62,735
2016.04.04,19:00,54.62,54.72,54.40,54.52,384
2016.04.04,20:00,54.56,54.65,54.48,54.52,414
2016.04.04,21:00,54.51,54.55,54.38,54.48,239
2016.04.04,22:00,54.48,54.51,54.25,54.47,197
2016.04.05,16:00,54.43,54.46,54.13,54.29,622
2016.04.05,17:00,54.28,54.49,54.17,54.44,1321
2016.04.05,18:00,54.43,54.54,53.89,54.02,510
2016.04.05,19:00,53.91,54.08,53.89,54.03,358
2016.04.05,20:00,54.03,54.16,53.81,54.09,438
2016.04.05,21:00,54.06,54.12,53.85,54.05,366
2016.04.05,22:00,54.08,54.10,53.85,54.05,389
2016.04.06,16:00,55.15,55.46,55.11,55.46,507
2016.04.06,17:00,55.45,55.71,55.22,55.62,1151
2016.04.06,18:00,55.63,55.97,55.61,55.70,642
2016.04.06,19:00,55.68,55.80,55.50,55.61,416
2016.04.06,20:00,55.54,55.81,55.38,55.63,455
2016.04.06,21:00,55.65,55.74,55.41,55.69,860
2016.04.06,22:00,55.58,55.94,55.44,55.65,466
2016.04.07,16:00,54.94,55.01,54.80,54.94,569
2016.04.07,17:00,54.98,55.22,54.78,55.22,1369
2016.04.07,18:00,55.22,55.26,54.67,54.86,823
2016.04.07,19:00,54.81,54.97,54.66,54.90,997
2016.04.07,20:00,54.90,54.92,54.42,54.55,208
2016.04.07,21:00,54.54,54.54,54.35,54.47,350
2016.04.07,22:00,54.46,54.52,54.37,54.48,370
2016.04.08,16:00,55.27,55.39,55.18,55.39,481
2016.04.08,17:00,55.40,55.58,55.34,55.52,1261
2016.04.08,18:00,55.53,55.55,54.80,55.18,883
2016.04.08,19:00,55.17,55.25,54.86,55.12,569
2016.04.08,20:00,55.12,55.13,54.83,55.00,555
2016.04.08,21:00,54.97,55.14,54.85,54.98,474
2016.04.08,22:00,54.91,55.00,54.73,54.95,429
2016.04.11,16:00,55.17,55.44,55.15,55.44,623
2016.04.11,17:00,55.43,55.51,55.04,55.09,1131
2016.04.11,18:00,55.10,55.47,55.04,55.39,708
2016.04.11,19:00,55.39,55.42,55.33,55.33,106
2016.04.11,20:00,55.34,55.35,55.08,55.16,369
2016.04.11,21:00,55.18,55.26,54.97,55.24,408
2016.04.11,22:00,55.24,55.25,54.85,54.88,296
2016.04.12,16:00,54.46,54.50,54.19,54.25,633
2016.04.12,17:00,54.28,54.33,53.91,54.26,1730
2016.04.12,18:00,54.25,54.63,54.13,54.52,638
2016.04.12,19:00,54.52,54.71,54.32,54.71,144
2016.04.12,20:00,54.63,54.82,54.35,54.82,182
2016.04.12,21:00,54.82,54.86,54.63,54.76,204
2016.04.12,22:00,54.67,54.89,54.63,54.78,127
2016.04.13,16:00,55.10,55.19,54.86,54.90,625
2016.04.13,17:00,54.90,55.02,54.73,54.83,1171
2016.04.13,18:00,54.83,55.15,54.83,55.15,592
2016.04.13,19:00,55.15,55.18,55.04,55.10,129
2016.04.13,20:00,55.10,55.11,55.10,55.10,125
2016.04.13,21:00,55.10,55.16,55.10,55.15,468
2016.04.13,22:00,55.15,55.27,55.15,55.19,72
2016.04.14,16:00,54.09,54.27,54.00,54.04,328
2016.04.14,17:00,54.03,54.18,53.98,54.03,618
2016.04.14,18:00,54.03,54.22,54.00,54.22,316
2016.04.14,19:00,54.22,54.30,53.95,54.07,193
2016.04.14,20:00,54.05,54.15,53.92,53.95,192
2016.04.14,21:00,53.95,53.95,53.64,53.64,348
2016.04.14,22:00,53.64,53.78,53.60,53.75,307
2016.04.15,16:00,54.80,55.28,54.71,55.21,327
2016.04.15,17:00,55.20,55.32,54.72,54.73,713
2016.04.15,18:00,54.71,54.74,54.40,54.58,503
2016.04.15,19:00,54.58,54.62,54.41,54.56,458
2016.04.15,20:00,54.56,54.60,54.46,54.52,220
2016.04.15,21:00,54.52,54.56,54.37,54.53,92
2016.04.15,22:00,54.50,54.65,54.47,54.63,89
2016.04.18,16:00,54.53,54.79,54.46,54.76,370
2016.04.18,17:00,54.76,55.14,54.76,55.05,628
2016.04.18,18:00,55.04,55.06,54.57,54.81,404
2016.04.18,19:00,54.81,54.83,54.50,54.58,355
2016.04.18,20:00,54.53,54.66,54.42,54.57,244
2016.04.18,21:00,54.58,54.58,54.46,54.49,50
2016.04.18,22:00,54.51,54.73,54.48,54.73,214
2016.04.19,16:00,55.09,55.15,54.83,54.88,460
2016.04.19,17:00,54.88,54.99,54.53,54.54,690
2016.04.19,18:00,54.52,54.80,54.52,54.78,453
2016.04.19,19:00,54.78,54.87,54.78,54.82,228
2016.04.19,20:00,54.82,54.83,54.78,54.81,274
2016.04.19,21:00,54.81,54.84,54.79,54.79,86
2016.04.19,22:00,54.79,54.91,54.78,54.86,150
2016.04.20,16:00,54.40,54.51,54.33,54.45,314
2016.04.20,17:00,54.46,54.49,54.18,54.31,811
2016.04.20,18:00,54.31,54.50,54.26,54.28,550
2016.04.20,19:00,54.28,54.40,54.23,54.38,141
2016.04.20,20:00,54.35,54.44,54.28,54.38,169
2016.04.20,21:00,54.40,54.51,54.27,54.48,115
2016.04.20,22:00,54.48,54.58,54.37,54.53,138
2016.04.21,16:00,55.03,55.11,54.77,54.90,803
2016.04.21,17:00,54.89,55.21,54.83,55.21,1042
2016.04.21,18:00,55.20,55.40,55.10,55.19,563
2016.04.21,19:00,55.19,55.27,55.14,55.19,100
2016.04.21,20:00,55.16,55.17,55.06,55.09,158
2016.04.21,21:00,55.05,55.06,54.98,55.00,114
2016.04.21,22:00,55.01,55.08,55.01,55.08,100
2016.04.22,16:00,54.29,54.41,54.28,54.32,500
2016.04.22,17:00,54.32,54.34,53.97,54.05,1038
2016.04.22,18:00,54.06,54.17,54.00,54.17,572
2016.04.22,19:00,54.14,54.22,54.02,54.02,174
2016.04.22,20:00,54.02,54.06,54.02,54.02,169
2016.04.22,21:00,54.02,54.06,54.02,54.06,20
2016.04.22,22:00,54.06,54.06,53.99,54.00,82
2016.04.25,16:00,53.51,53.58,53.48,53.51,295
2016.04.25,17:00,53.52,53.59,53.38,53.42,796
2016.04.25,18:00,53.43,53.59,53.30,53.38,492
2016.04.25,19:00,53.43,53.44,53.29,53.39,147
2016.04.25,20:00,53.38,53.46,53.26,53.43,209
2016.04.25,21:00,53.43,53.48,53.28,53.43,38
2016.04.25,22:00,53.43,53.43,53.15,53.36,111
2016.04.26,16:00,53.78,53.99,53.71,53.97,434
2016.04.26,17:00,53.97,53.97,53.67,53.69,919
2016.04.26,18:00,53.69,53.82,53.55,53.64,389
2016.04.26,19:00,53.76,53.79,53.57,53.68,139
2016.04.26,20:00,53.69,53.69,53.52,53.60,140
2016.04.26,21:00,53.62,53.63,53.39,53.49,142
2016.04.26,22:00,53.49,53.57,53.32,53.50,219
2016.04.27,16:00,53.68,53.77,53.67,53.72,291
2016.04.27,17:00,53.73,53.76,53.59,53.61,647
2016.04.27,18:00,53.62,53.68,53.11,53.20,531
2016.04.27,19:00,53.20,53.49,53.20,53.42,469
2016.04.27,20:00,53.39,53.58,53.18,53.19,484
2016.04.27,21:00,53.12,53.46,53.10,53.32,997
2016.04.27,22:00,53.32,53.59,53.13,53.44,372
2016.04.28,16:00,52.94,53.07,52.91,53.01,299
2016.04.28,17:00,53.02,53.36,52.89,53.31,857
2016.04.28,18:00,53.32,53.38,53.01,53.11,560
2016.04.28,19:00,53.11,53.14,52.99,53.08,161
2016.04.28,20:00,53.10,53.16,52.99,53.06,327
2016.04.28,21:00,53.11,53.16,53.00,53.03,308
2016.04.28,22:00,53.03,53.05,52.67,52.73,462
2016.04.29,16:00,54.68,54.82,54.58,54.80,383
2016.04.29,17:00,54.80,54.90,54.62,54.69,984
2016.04.29,18:00,54.69,54.77,54.12,54.25,710
2016.04.29,19:00,54.24,54.33,54.10,54.23,318
2016.04.29,20:00,54.13,54.39,54.07,54.24,243
2016.04.29,21:00,54.31,54.36,54.18,54.35,210
2016.04.29,22:00,54.35,54.84,54.34,54.77,171
2016.05.02,16:00,56.13,56.65,56.13,56.24,594
2016.05.02,17:00,56.25,56.48,56.06,56.48,999
2016.05.02,18:00,56.48,56.76,56.34,56.53,701
2016.05.02,19:00,56.53,56.64,56.38,56.64,426
2016.05.02,20:00,56.64,56.72,56.44,56.48,444
2016.05.02,21:00,56.52,56.64,56.31,56.59,278
2016.05.02,22:00,56.60,56.65,56.38,56.63,274
2016.05.03,16:00,56.55,56.72,56.18,56.37,620
2016.05.03,17:00,56.38,56.58,56.16,56.23,1193
2016.05.03,18:00,56.22,56.25,55.93,55.97,713
2016.05.03,19:00,55.94,56.04,55.94,56.01,64
2016.05.03,20:00,55.99,56.27,55.91,55.95,285
2016.05.03,21:00,55.95,56.12,55.91,55.98,474
2016.05.03,22:00,55.98,56.09,55.77,56.04,377
2016.05.04,16:00,56.61,56.66,56.53,56.59,474
2016.05.04,17:00,56.57,56.84,56.52,56.79,1738
2016.05.04,18:00,56.77,56.82,56.48,56.48,667
2016.05.04,19:00,56.48,56.48,56.22,56.33,322
2016.05.04,20:00,56.33,56.33,56.20,56.29,313
2016.05.04,21:00,56.29,56.35,56.21,56.32,245
2016.05.04,22:00,56.29,56.36,56.20,56.36,204
2016.05.05,16:00,56.10,56.11,55.85,55.92,527
2016.05.05,17:00,55.93,56.19,55.82,55.98,1054
2016.05.05,18:00,55.98,56.14,55.98,56.05,482
2016.05.05,19:00,56.05,56.12,55.90,56.02,46
2016.05.05,20:00,56.02,56.02,55.72,55.85,364
2016.05.05,21:00,55.84,55.91,55.71,55.86,189
2016.05.05,22:00,55.87,55.91,55.62,55.83,380
2016.05.06,16:00,55.52,55.95,55.50,55.92,745
2016.05.06,17:00,55.92,55.97,55.46,55.52,1205
2016.05.06,18:00,55.52,55.74,55.42,55.64,614
2016.05.06,19:00,55.64,55.70,55.39,55.55,307
2016.05.06,20:00,55.40,55.64,55.40,55.62,101
2016.05.06,21:00,55.63,55.66,55.38,55.62,185
2016.05.06,22:00,55.61,55.70,55.48,55.59,213
2016.05.09,16:00,55.71,55.97,55.71,55.78,197
2016.05.09,17:00,55.78,56.05,55.68,55.96,625
2016.05.09,18:00,55.97,56.27,55.95,56.11,510
2016.05.09,19:00,56.11,56.19,55.91,56.03,483
2016.05.09,20:00,56.03,56.06,55.86,55.93,468
2016.05.09,21:00,55.93,55.99,55.68,55.97,238
2016.05.09,22:00,55.98,55.98,55.77,55.92,104
2016.05.10,16:00,56.70,56.99,56.62,56.85,191
2016.05.10,17:00,56.85,56.85,55.93,56.01,669
2016.05.10,18:00,56.03,56.16,55.81,55.94,444
2016.05.10,19:00,55.80,56.00,55.78,55.96,204
2016.05.10,20:00,55.86,56.03,55.75,55.84,204
2016.05.10,21:00,55.87,55.98,55.76,55.86,139
2016.05.10,22:00,55.86,55.90,55.76,55.90,114
2016.05.11,16:00,54.90,54.95,54.75,54.76,267
2016.05.11,17:00,54.75,54.98,54.38,54.45,708
2016.05.11,18:00,54.44,54.45,54.12,54.26,377
2016.05.11,19:00,54.39,54.49,54.16,54.49,29
2016.05.11,20:00,54.49,54.59,54.32,54.44,149
2016.05.11,21:00,54.34,54.48,54.32,54.33,144
2016.05.11,22:00,54.37,54.41,54.32,54.41,37
2016.05.12,16:00,53.86,54.11,53.81,53.99,365
2016.05.12,17:00,53.99,54.01,53.60,53.60,696
2016.05.12,18:00,53.59,53.90,53.56,53.56,356
2016.05.12,19:00,53.56,53.78,53.46,53.78,282
2016.05.12,20:00,53.79,53.79,53.61,53.72,217
2016.05.12,21:00,53.73,54.05,53.66,53.97,237
2016.05.12,22:00,53.97,54.06,53.80,53.87,120
2016.05.13,16:00,54.08,54.23,54.00,54.04,317
2016.05.13,17:00,54.05,54.18,53.72,53.72,837
2016.05.13,18:00,53.73,53.86,53.59,53.70,340
2016.05.13,19:00,53.71,53.80,53.56,53.68,144
2016.05.13,20:00,53.70,53.71,53.40,53.46,170
2016.05.13,21:00,53.49,53.49,53.29,53.37,58
2016.05.13,22:00,53.36,53.45,53.33,53.45,77
2016.05.16,16:00,54.18,54.18,53.96,54.00,233
2016.05.16,17:00,54.01,54.07,53.89,53.97,400
2016.05.16,18:00,53.96,54.29,53.86,54.28,174
2016.05.16,19:00,54.28,54.28,54.20,54.22,189
2016.05.16,20:00,54.22,54.29,54.22,54.25,111
2016.05.16,21:00,54.26,54.35,54.17,54.22,257
2016.05.16,22:00,54.22,54.38,54.13,54.26,209
2016.05.17,16:00,54.48,54.51,54.08,54.10,445
2016.05.17,17:00,54.12,54.13,53.87,53.95,698
2016.05.17,18:00,53.95,54.12,53.80,53.86,438
2016.05.17,19:00,53.86,53.96,53.65,53.72,160
2016.05.17,20:00,53.72,53.73,53.50,53.58,116
2016.05.17,21:00,53.69,53.69,53.39,53.57,282
2016.05.17,22:00,53.54,53.62,53.44,53.59,105
2016.05.18,16:00,54.32,54.55,54.28,54.52,237
2016.05.18,17:00,54.52,54.75,54.52,54.56,484
2016.05.18,18:00,54.56,54.87,54.56,54.83,269
2016.05.18,19:00,54.83,54.87,54.78,54.81,169
2016.05.18,20:00,54.81,54.93,54.27,54.27,224
2016.05.18,21:00,54.62,54.68,54.10,54.40,691
2016.05.18,22:00,54.41,54.48,54.38,54.39,206
2016.05.19,16:00,54.74,54.87,54.63,54.65,636
2016.05.19,17:00,54.66,54.98,54.62,54.78,970
2016.05.19,18:00,54.78,54.95,54.54,54.56,423
2016.05.19,19:00,54.56,54.59,54.35,54.43,344
2016.05.19,20:00,54.42,54.56,54.36,54.53,250
2016.05.19,21:00,54.53,54.59,54.36,54.41,389
2016.05.19,22:00,54.43,54.65,54.36,54.50,236
2016.05.20,16:00,54.47,54.72,54.19,54.68,271
2016.05.20,17:00,54.65,54.80,54.27,54.42,416
2016.05.20,18:00,54.42,54.76,54.38,54.62,168
2016.05.20,19:00,54.62,54.70,54.54,54.65,225
2016.05.20,20:00,54.65,54.65,54.41,54.49,218
2016.05.20,21:00,54.49,54.60,54.40,54.43,215
2016.05.20,22:00,54.45,54.54,54.38,54.44,107
2016.05.23,16:00,55.74,55.87,55.64,55.76,269
2016.05.23,17:00,55.78,55.85,55.29,55.29,657
2016.05.23,18:00,55.28,55.36,54.79,54.89,513
2016.05.23,19:00,54.79,54.94,54.76,54.94,227
2016.05.23,20:00,54.95,55.02,54.83,54.94,190
2016.05.23,21:00,55.04,55.05,54.93,54.93,117
2016.05.23,22:00,54.93,55.00,54.73,54.96,128
2016.05.24,16:00,54.73,55.25,54.69,55.15,267
2016.05.24,17:00,55.10,55.68,55.10,55.41,714
2016.05.24,18:00,55.40,55.60,55.14,55.14,336
2016.05.24,19:00,55.29,55.29,55.07,55.29,140
2016.05.24,20:00,55.25,55.29,54.97,55.15,109
2016.05.24,21:00,55.02,55.21,54.92,55.21,79
2016.05.24,22:00,55.15,55.23,54.98,55.13,96
2016.05.25,16:00,55.04,55.13,54.70,54.93,212
2016.05.25,17:00,54.93,54.94,54.59,54.71,490
2016.05.25,18:00,54.70,54.97,54.70,54.74,307
2016.05.25,19:00,54.77,54.77,54.56,54.58,209
2016.05.25,20:00,54.58,54.60,54.30,54.38,283
2016.05.25,21:00,54.38,54.59,54.27,54.32,443
2016.05.25,22:00,54.29,54.33,54.16,54.25,457
2016.05.26,16:00,55.08,55.19,55.02,55.04,315
2016.05.26,17:00,55.04,55.27,55.04,55.14,359
2016.05.26,18:00,55.14,55.21,55.00,55.03,313
2016.05.26,19:00,55.04,55.04,55.04,55.04,151
2016.05.26,20:00,55.04,55.09,54.92,55.09,152
2016.05.26,21:00,55.09,55.09,55.01,55.06,23
2016.05.26,22:00,55.07,55.09,54.86,55.07,86
2016.05.27,16:00,54.65,54.65,54.47,54.50,223
2016.05.27,17:00,54.49,54.60,54.41,54.41,369
2016.05.27,18:00,54.42,54.47,54.28,54.47,170
2016.05.27,19:00,54.47,54.47,54.32,54.37,44
2016.05.27,20:00,54.37,54.38,54.08,54.22,204
2016.05.27,21:00,54.22,54.22,53.95,54.17,130
2016.05.27,22:00,54.17,54.32,54.17,54.30,61
2016.05.31,16:00,54.72,54.75,54.59,54.65,146
2016.05.31,17:00,54.66,54.67,54.17,54.17,494
2016.05.31,18:00,54.16,54.19,54.00,54.00,264
2016.05.31,19:00,54.00,54.00,53.90,53.96,88
2016.05.31,20:00,53.96,53.96,53.87,53.92,83
2016.05.31,21:00,53.89,53.92,53.77,53.92,196
2016.05.31,22:00,53.91,54.16,53.78,54.15,279
2016.06.01,16:00,53.91,54.00,53.77,53.91,188
2016.06.01,17:00,53.89,53.96,53.65,53.72,505
2016.06.01,18:00,53.71,53.81,53.44,53.62,260
2016.06.01,19:00,53.62,53.79,53.48,53.70,231
2016.06.01,20:00,53.70,53.81,53.57,53.75,434
2016.06.01,21:00,53.69,53.77,53.63,53.63,84
2016.06.01,22:00,53.69,53.75,53.64,53.75,38
2016.06.02,16:00,53.69,53.71,53.40,53.41,404
2016.06.02,17:00,53.40,53.62,53.34,53.38,571
2016.06.02,18:00,53.39,53.49,53.25,53.25,314
2016.06.02,19:00,53.27,53.27,53.05,53.19,116
2016.06.02,20:00,53.20,53.40,53.20,53.27,164
2016.06.02,21:00,53.28,53.39,53.22,53.35,260
2016.06.02,22:00,53.34,53.35,53.23,53.23,71
2016.06.03,16:00,53.80,53.81,53.59,53.78,263
2016.06.03,17:00,53.78,53.79,53.58,53.78,625
2016.06.03,18:00,53.77,54.03,53.60,53.99,429
2016.06.03,19:00,53.97,54.00,53.84,53.87,163
2016.06.03,20:00,53.87,53.92,53.75,53.87,187
2016.06.03,21:00,53.87,54.11,53.74,54.05,409
2016.06.03,22:00,54.05,54.11,53.89,54.07,197
2016.06.06,16:00,54.22,54.57,54.22,54.41,223
2016.06.06,17:00,54.41,54.42,53.95,54.20,525
2016.06.06,18:00,54.21,54.21,53.93,54.11,266
2016.06.06,19:00,54.11,54.18,54.00,54.14,142
2016.06.06,20:00,54.18,54.26,54.07,54.25,337
2016.06.06,21:00,54.25,54.38,54.17,54.26,83
2016.06.06,22:00,54.34,54.39,54.13,54.23,84
2016.06.07,16:00,54.94,55.00,54.81,54.96,255
2016.06.07,17:00,54.96,55.02,54.71,54.85,565
2016.06.07,18:00,54.86,54.95,54.69,54.73,471
2016.06.07,19:00,54.70,54.84,54.70,54.82,32
2016.06.07,20:00,54.80,54.87,54.72,54.87,34
2016.06.07,21:00,54.87,54.88,54.68,54.68,28
2016.06.07,22:00,54.74,54.85,54.70,54.70,33
2016.06.08,16:00,54.66,54.70,54.47,54.49,225
2016.06.08,17:00,54.50,54.58,54.33,54.50,602
2016.06.08,18:00,54.50,54.62,54.47,54.56,318
2016.06.08,19:00,54.57,54.64,54.50,54.56,147
2016.06.08,20:00,54.56,54.57,54.48,54.48,89
2016.06.08,21:00,54.48,54.58,54.41,54.58,103
2016.06.08,22:00,54.58,54.61,54.48,54.61,83
2016.06.09,16:00,53.39,53.50,53.39,53.46,275
2016.06.09,17:00,53.47,53.52,53.35,53.52,477
2016.06.09,18:00,53.51,53.51,53.31,53.41,273
2016.06.09,19:00,53.41,53.48,53.41,53.48,145
2016.06.09,20:00,53.49,53.54,53.42,53.42,85
2016.06.09,21:00,53.44,53.57,53.44,53.57,103
2016.06.09,22:00,53.57,53.64,53.50,53.59,141
2016.06.10,16:00,51.88,52.05,51.86,51.93,226
2016.06.10,17:00,51.93,52.03,51.75,51.78,570
2016.06.10,18:00,51.77,51.87,51.39,51.48,341
2016.06.10,19:00,51.48,51.58,51.41,51.52,195
2016.06.10,20:00,51.52,51.58,51.19,51.43,341
2016.06.10,21:00,51.38,51.44,51.28,51.29,288
2016.06.10,22:00,51.29,51.43,51.20,51.24,118
2016.06.13,16:00,50.38,50.54,50.34,50.51,364
2016.06.13,17:00,50.51,50.68,50.32,50.56,541
2016.06.13,18:00,50.57,50.57,49.89,50.12,376
2016.06.13,19:00,50.12,50.27,50.06,50.20,191
2016.06.13,20:00,50.22,50.34,50.10,50.19,250
2016.06.13,21:00,50.20,50.21,49.95,50.14,239
2016.06.13,22:00,50.12,50.12,49.98,50.01,42
2016.06.14,16:00,49.37,49.42,49.18,49.24,207
2016.06.14,17:00,49.24,49.24,48.93,49.09,518
2016.06.14,18:00,49.10,49.20,48.89,48.93,350
2016.06.14,19:00,48.93,49.05,48.84,49.04,112
2016.06.14,20:00,49.01,49.13,48.97,49.13,24
2016.06.14,21:00,49.13,49.17,49.04,49.11,127
2016.06.14,22:00,49.12,49.20,49.06,49.20,49
2016.06.15,16:00,50.05,50.35,50.05,50.33,198
2016.06.15,17:00,50.33,50.39,50.21,50.33,457
2016.06.15,18:00,50.32,50.45,50.06,50.36,254
2016.06.15,19:00,50.36,50.40,50.24,50.40,139
2016.06.15,20:00,50.40,50.59,50.32,50.46,297
2016.06.15,21:00,50.46,50.71,50.44,50.60,544
2016.06.15,22:00,50.60,50.66,50.40,50.43,94
2016.06.16,16:00,49.47,49.51,49.18,49.30,293
2016.06.16,17:00,49.30,49.33,49.12,49.30,762
2016.06.16,18:00,49.30,49.73,49.00,49.24,575
2016.06.16,19:00,49.22,49.78,49.13,49.59,551
2016.06.16,20:00,49.61,49.80,49.57,49.60,681
2016.06.16,21:00,49.60,49.90,49.60,49.90,345
2016.06.16,22:00,49.90,49.99,49.74,49.82,288
2016.06.17,16:00,50.30,50.30,50.03,50.28,220
2016.06.17,17:00,50.28,50.57,50.20,50.29,456
2016.06.17,18:00,50.30,50.48,50.10,50.33,334
2016.06.17,19:00,50.33,50.44,50.30,50.40,127
2016.06.17,20:00,50.40,50.63,50.36,50.60,442
2016.06.17,21:00,50.60,50.79,50.48,50.74,218
2016.06.17,22:00,50.72,50.75,50.26,50.44,252
2016.06.20,16:00,52.38,52.49,52.32,52.49,227
2016.06.20,17:00,52.49,52.62,52.31,52.31,515
2016.06.20,18:00,52.31,52.39,52.13,52.13,275
2016.06.20,19:00,52.13,52.16,51.98,52.09,102
2016.06.20,20:00,52.10,52.10,51.92,52.05,228
2016.06.20,21:00,52.05,52.06,51.77,51.93,133
2016.06.20,22:00,51.90,51.92,51.70,51.73,248
2016.06.21,16:00,51.96,52.00,51.78,51.85,315
2016.06.21,17:00,51.85,52.13,51.78,52.02,637
2016.06.21,18:00,52.03,52.19,51.64,51.73,377
2016.06.21,19:00,51.73,51.82,51.47,51.71,234
2016.06.21,20:00,51.71,51.83,51.59,51.83,232
2016.06.21,21:00,51.83,51.98,51.65,51.98,109
2016.06.21,22:00,51.97,51.97,51.65,51.71,181
2016.06.22,16:00,52.25,52.56,52.24,52.50,235
2016.06.22,17:00,52.51,52.51,52.07,52.15,576
2016.06.22,18:00,52.16,52.40,51.61,51.92,444
2016.06.22,19:00,51.92,52.28,51.84,52.15,168
2016.06.22,20:00,52.15,52.15,51.82,51.94,154
2016.06.22,21:00,51.92,52.15,51.84,52.15,139
2016.06.22,22:00,52.15,52.18,51.67,51.90,162
2016.06.23,16:00,53.14,53.15,52.40,52.57,335
2016.06.23,17:00,52.58,52.91,52.40,52.68,812
2016.06.23,18:00,52.67,53.04,52.63,53.01,494
2016.06.23,19:00,53.05,53.05,52.83,52.96,370
2016.06.23,20:00,52.96,53.12,52.87,53.12,216
2016.06.23,21:00,53.11,53.32,52.98,53.21,120
2016.06.23,22:00,53.21,53.43,53.04,53.43,226
2016.06.24,16:00,50.54,51.31,50.53,50.95,1010
2016.06.24,17:00,50.95,50.97,50.32,50.68,1687
2016.06.24,18:00,50.67,50.95,50.16,50.33,1135
2016.06.24,19:00,50.27,50.32,50.00,50.11,343
2016.06.24,20:00,50.11,50.30,49.87,50.08,412
2016.06.24,21:00,50.03,50.12,49.32,49.61,305
2016.06.24,22:00,49.56,49.98,49.49,49.98,217
2016.06.27,16:00,49.32,49.32,48.78,48.91,569
2016.06.27,17:00,48.92,48.98,48.28,48.31,1133
2016.06.27,18:00,48.30,48.72,48.19,48.55,719
2016.06.27,19:00,48.56,48.79,48.56,48.66,573
2016.06.27,20:00,48.69,48.69,48.58,48.59,112
2016.06.27,21:00,48.61,48.61,48.46,48.55,67
2016.06.27,22:00,48.59,48.71,48.46,48.67,277
2016.06.28,16:00,51.21,51.30,51.06,51.19,423
2016.06.28,17:00,51.19,51.31,51.00,51.03,732
2016.06.28,18:00,51.04,51.15,50.77,50.80,430
2016.06.28,19:00,50.81,50.95,50.69,50.89,202
2016.06.28,20:00,50.88,50.88,50.73,50.85,156
2016.06.28,21:00,50.83,51.09,50.71,51.00,234
2016.06.28,22:00,51.00,51.31,50.91,51.24,189
2016.06.29,16:00,50.72,50.85,50.66,50.76,253
2016.06.29,17:00,50.75,50.85,50.40,50.54,586
2016.06.29,18:00,50.54,50.66,50.19,50.36,395
2016.06.29,19:00,50.41,50.45,50.19,50.25,450
2016.06.29,20:00,50.29,50.38,50.15,50.22,265
2016.06.29,21:00,50.24,50.38,50.18,50.30,234
2016.06.29,22:00,50.31,50.73,50.26,50.73,177
2016.06.30,16:00,48.20,48.45,47.91,48.29,527
2016.06.30,17:00,48.29,48.59,48.23,48.49,934
2016.06.30,18:00,48.50,48.58,48.25,48.27,995
2016.06.30,19:00,48.28,48.72,48.22,48.55,739
2016.06.30,20:00,48.53,48.65,48.29,48.50,530
2016.06.30,21:00,48.51,48.61,48.43,48.53,410
2016.06.30,22:00,48.53,48.67,48.40,48.64,162
2016.07.01,16:00,48.90,49.12,48.80,49.12,240
2016.07.01,17:00,49.15,49.45,48.99,49.44,798
2016.07.01,18:00,49.44,49.67,49.10,49.46,724
2016.07.01,19:00,49.38,49.60,49.18,49.40,519
2016.07.01,20:00,49.40,49.58,49.25,49.38,552
2016.07.01,21:00,49.39,49.61,49.33,49.57,210
2016.07.01,22:00,49.58,49.78,49.44,49.65,231
2016.07.05,16:00,48.44,48.57,48.39,48.41,251
2016.07.05,17:00,48.41,48.84,48.33,48.47,541
2016.07.05,18:00,48.48,48.49,47.97,48.01,474
2016.07.05,19:00,48.07,48.28,47.90,48.11,369
2016.07.05,20:00,48.13,48.17,47.91,48.04,339
2016.07.05,21:00,48.03,48.13,47.98,48.01,150
2016.07.05,22:00,48.01,48.12,48.00,48.03,131
2016.07.06,16:00,46.95,46.99,46.70,46.75,321
2016.07.06,17:00,46.75,46.96,46.60,46.94,853
2016.07.06,18:00,46.95,47.43,46.93,47.33,627
2016.07.06,19:00,47.44,47.67,47.30,47.60,652
2016.07.06,20:00,47.50,47.61,47.35,47.52,107
2016.07.06,21:00,47.44,47.67,47.18,47.39,312
2016.07.06,22:00,47.39,47.56,47.36,47.46,292
2016.07.07,16:00,47.03,47.29,47.01,47.29,278
2016.07.07,17:00,47.28,47.43,47.05,47.24,938
2016.07.07,18:00,47.22,47.29,47.09,47.23,400
2016.07.07,19:00,47.23,47.23,46.77,46.86,230
2016.07.07,20:00,46.86,46.89,46.70,46.79,242
2016.07.07,21:00,46.82,46.85,46.67,46.75,251
2016.07.07,22:00,46.73,46.96,46.71,46.96,139
2016.07.08,16:00,47.69,47.70,47.47,47.60,235
2016.07.08,17:00,47.60,47.78,47.57,47.75,383
2016.07.08,18:00,47.75,47.88,47.72,47.80,246
2016.07.08,19:00,47.80,47.80,47.64,47.69,113
2016.07.08,20:00,47.72,47.76,47.60,47.66,46
2016.07.08,21:00,47.61,47.79,47.61,47.67,76
2016.07.08,22:00,47.67,47.76,47.50,47.65,190
2016.07.11,16:00,47.54,47.60,47.51,47.56,153
2016.07.11,17:00,47.55,47.74,47.50,47.67,389
2016.07.11,18:00,47.67,47.68,47.45,47.60,339
2016.07.11,19:00,47.60,47.74,47.60,47.70,44
2016.07.11,20:00,47.70,47.70,47.52,47.62,244
2016.07.11,21:00,47.68,47.72,47.53,47.64,354
2016.07.11,22:00,47.63,47.71,47.48,47.56,415
2016.07.12,16:00,47.61,47.69,47.54,47.63,213
2016.07.12,17:00,47.63,47.83,47.60,47.60,537
2016.07.12,18:00,47.60,47.80,47.54,47.74,457
2016.07.12,19:00,47.74,47.87,47.38,47.69,379
2016.07.12,20:00,47.71,47.86,47.56,47.74,752
2016.07.12,21:00,47.76,47.87,47.63,47.73,228
2016.07.12,22:00,47.73,47.85,47.58,47.75,216
2016.07.13,16:00,49.49,49.49,49.15,49.18,197
2016.07.13,17:00,49.19,49.70,49.19,49.67,431
2016.07.13,18:00,49.68,49.74,49.24,49.44,335
2016.07.13,19:00,49.44,49.47,49.29,49.39,185
2016.07.13,20:00,49.39,49.43,49.27,49.31,156
2016.07.13,21:00,49.31,49.32,49.16,49.16,113
2016.07.13,22:00,49.20,49.26,49.05,49.14,145
2016.07.14,16:00,50.27,50.30,50.03,50.27,274
2016.07.14,17:00,50.28,50.61,50.16,50.61,706
2016.07.14,18:00,50.61,50.72,50.14,50.19,274
2016.07.14,19:00,50.17,50.18,50.08,50.13,129
2016.07.14,20:00,50.13,50.17,50.06,50.08,202
2016.07.14,21:00,50.08,50.16,49.91,50.01,203
2016.07.14,22:00,50.01,50.16,49.99,50.13,84
2016.07.15,16:00,49.88,49.99,49.76,49.88,266
2016.07.15,17:00,49.88,49.97,49.66,49.78,619
2016.07.15,18:00,49.79,49.82,49.56,49.56,318
2016.07.15,19:00,49.56,49.61,49.52,49.52,22
2016.07.15,20:00,49.52,49.53,49.52,49.53,121
2016.07.15,21:00,49.53,49.53,49.53,49.53,245
2016.07.15,22:00,49.53,49.61,49.46,49.49,358
2016.07.18,16:00,49.01,49.09,48.93,49.06,246
2016.07.18,17:00,49.07,49.35,49.02,49.28,561
2016.07.18,18:00,49.29,49.46,49.01,49.06,236
2016.07.18,19:00,49.07,49.07,48.83,48.86,69
2016.07.18,20:00,48.89,48.92,48.83,48.87,98
2016.07.18,21:00,48.87,48.87,48.71,48.78,90
2016.07.18,22:00,48.78,48.80,48.60,48.67,129
2016.07.19,16:00,48.17,48.28,48.16,48.24,151
2016.07.19,17:00,48.25,48.26,48.14,48.22,411
2016.07.19,18:00,48.23,48.34,48.03,48.07,328
2016.07.19,19:00,48.06,48.10,47.99,48.06,327
2016.07.19,20:00,48.07,48.11,48.00,48.06,179
2016.07.19,21:00,48.05,48.13,47.69,47.83,258
2016.07.19,22:00,47.83,47.87,47.71,47.81,76
2016.07.20,16:00,48.89,48.94,48.79,48.86,188
2016.07.20,17:00,48.87,49.30,48.82,49.23,467
2016.07.20,18:00,49.24,49.27,48.92,48.93,411
2016.07.20,19:00,48.94,48.97,48.86,48.88,172
2016.07.20,20:00,48.88,48.93,48.84,48.90,87
2016.07.20,21:00,48.90,49.11,48.79,49.06,206
2016.07.20,22:00,49.06,49.06,48.93,49.02,165
2016.07.21,16:00,49.21,49.37,49.09,49.37,311
2016.07.21,17:00,49.36,49.43,49.14,49.38,504
2016.07.21,18:00,49.38,49.41,48.75,48.82,272
2016.07.21,19:00,48.82,48.86,48.75,48.79,97
2016.07.21,20:00,48.75,48.80,48.66,48.71,107
2016.07.21,21:00,48.71,48.80,48.61,48.71,66
2016.07.21,22:00,48.71,48.73,48.63,48.67,42
2016.07.22,16:00,48.80,48.94,48.74,48.87,236
2016.07.22,17:00,48.89,49.07,48.72,48.79,382
2016.07.22,18:00,48.79,49.03,48.72,48.97,354
2016.07.22,19:00,48.97,48.99,48.75,48.85,240
2016.07.22,20:00,48.85,48.94,48.77,48.87,284
2016.07.22,21:00,48.87,48.91,48.84,48.90,186
2016.07.22,22:00,48.90,49.02,48.84,48.87,60
2016.07.25,16:00,50.12,50.13,49.80,49.98,242
2016.07.25,17:00,49.98,49.98,49.67,49.67,362
2016.07.25,18:00,49.68,49.73,47.67,47.80,336
2016.07.25,19:00,47.86,48.98,47.77,48.29,686
2016.07.25,20:00,48.26,48.47,48.26,48.39,325
2016.07.25,21:00,48.41,48.47,48.20,48.44,218
2016.07.25,22:00,48.42,48.44,47.83,47.88,135
2016.07.26,16:00,47.43,47.69,47.43,47.56,249
2016.07.26,17:00,47.57,47.99,47.51,47.59,518
2016.07.26,18:00,47.60,47.82,47.51,47.64,357
2016.07.26,19:00,47.60,47.72,47.48,47.72,183
2016.07.26,20:00,47.72,47.82,47.53,47.64,458
2016.07.26,21:00,47.64,47.84,47.50,47.79,173
2016.07.26,22:00,47.88,47.88,47.55,47.77,320
2016.07.27,16:00,47.75,47.75,47.67,47.68,125
2016.07.27,17:00,47.67,47.67,47.13,47.13,506
2016.07.27,18:00,47.12,47.41,47.08,47.29,409
2016.07.27,19:00,47.29,47.35,47.27,47.31,62
2016.07.27,20:00,47.31,47.36,47.23,47.28,202
2016.07.27,21:00,47.27,47.36,46.99,47.25,206
2016.07.27,22:00,47.25,47.45,47.25,47.36,210
2016.07.28,16:00,47.56,47.61,47.47,47.56,304
2016.07.28,17:00,47.58,47.63,47.23,47.44,653
2016.07.28,18:00,47.44,47.78,47.32,47.34,254
2016.07.28,19:00,47.33,47.46,47.31,47.37,161
2016.07.28,20:00,47.37,47.57,47.33,47.44,170
2016.07.28,21:00,47.44,47.60,47.44,47.57,150
2016.07.28,22:00,47.56,47.59,47.44,47.52,152
2016.07.29,16:00,48.10,48.14,48.00,48.04,182
2016.07.29,17:00,48.03,48.07,47.81,48.04,365
2016.07.29,18:00,48.04,48.42,48.02,48.39,482
2016.07.29,19:00,48.39,48.51,48.39,48.43,316
2016.07.29,20:00,48.43,48.54,48.42,48.53,142
2016.07.29,21:00,48.53,48.58,48.35,48.44,162
2016.07.29,22:00,48.44,48.55,48.38,48.49,97
2016.08.01,16:00,47.97,48.07,47.95,47.99,197
2016.08.01,17:00,47.99,48.30,47.98,48.19,495
2016.08.01,18:00,48.19,48.41,47.90,47.99,448
2016.08.01,19:00,47.98,48.00,47.85,47.85,400
2016.08.01,20:00,47.85,48.05,47.80,47.90,325
2016.08.01,21:00,47.90,48.11,47.77,47.77,125
2016.08.01,22:00,47.87,47.95,47.72,47.93,140
2016.08.02,16:00,47.83,47.83,47.58,47.65,173
2016.08.02,17:00,47.65,47.67,47.54,47.58,458
2016.08.02,18:00,47.58,47.86,47.58,47.64,326
2016.08.02,19:00,47.64,47.68,47.58,47.67,342
2016.08.02,20:00,47.67,47.68,47.56,47.65,179
2016.08.02,21:00,47.65,47.67,47.52,47.65,96
2016.08.02,22:00,47.65,47.70,47.59,47.61,62
2016.08.03,16:00,47.43,47.61,47.34,47.60,287
2016.08.03,17:00,47.61,47.65,47.45,47.49,569
2016.08.03,18:00,47.49,47.49,47.18,47.25,391
2016.08.03,19:00,47.25,47.29,47.07,47.18,88
2016.08.03,20:00,47.18,47.29,47.13,47.21,243
2016.08.03,21:00,47.17,47.26,47.17,47.24,23
2016.08.03,22:00,47.24,47.26,47.07,47.12,209
2016.08.04,16:00,47.45,47.53,47.37,47.37,213
2016.08.04,17:00,47.37,47.74,47.37,47.66,381
2016.08.04,18:00,47.66,47.76,47.55,47.76,205
2016.08.04,19:00,47.75,47.91,47.75,47.87,346
2016.08.04,20:00,47.87,47.87,47.65,47.70,285
2016.08.04,21:00,47.70,47.80,47.67,47.79,216
2016.08.04,22:00,47.79,47.89,47.73,47.89,120
2016.08.05,16:00,48.62,48.81,48.58,48.76,181
2016.08.05,17:00,48.76,48.87,48.69,48.85,284
2016.08.05,18:00,48.84,48.91,48.67,48.69,443
2016.08.05,19:00,48.69,48.89,48.69,48.88,372
2016.08.05,20:00,48.88,48.88,48.79,48.79,190
2016.08.05,21:00,48.79,48.79,48.60,48.66,88
2016.08.05,22:00,48.66,48.72,48.64,48.66,107
2016.08.08,16:00,48.03,48.12,48.03,48.11,119
2016.08.08,17:00,48.11,48.11,47.88,48.03,220
2016.08.08,18:00,48.03,48.13,47.92,48.13,180
2016.08.08,19:00,48.06,48.17,48.00,48.02,150
2016.08.08,20:00,48.02,48.21,47.94,48.04,269
2016.08.08,21:00,48.04,48.20,47.93,48.01,202
2016.08.08,22:00,48.03,48.35,47.97,48.29,367
2016.08.09,16:00,48.31,48.39,48.29,48.29,132
2016.08.09,17:00,48.30,48.41,48.26,48.30,375
2016.08.09,18:00,48.30,48.42,48.18,48.31,319
2016.08.09,19:00,48.31,48.34,48.10,48.20,222
2016.08.09,20:00,48.29,48.31,48.08,48.15,278
2016.08.09,21:00,48.16,48.20,48.02,48.14,130
2016.08.09,22:00,48.14,48.25,48.14,48.19,162
2016.08.10,16:00,49.34,49.37,49.22,49.22,240
2016.08.10,17:00,49.23,49.30,49.13,49.22,605
2016.08.10,18:00,49.23,49.33,49.07,49.14,276
2016.08.10,19:00,49.15,49.22,49.14,49.20,131
2016.08.10,20:00,49.21,49.24,49.02,49.02,422
2016.08.10,21:00,49.06,49.12,48.96,49.03,341
2016.08.10,22:00,49.03,49.06,48.97,48.99,194
2016.08.11,16:00,48.82,49.16,48.81,49.14,166
2016.08.11,17:00,49.13,49.19,48.91,48.96,369
2016.08.11,18:00,48.96,49.36,48.93,49.36,340
2016.08.11,19:00,49.37,49.43,49.17,49.35,257
2016.08.11,20:00,49.35,49.40,49.17,49.17,62
2016.08.11,21:00,49.17,49.25,49.11,49.13,161
2016.08.11,22:00,49.14,49.32,49.08,49.16,155
2016.08.12,16:00,49.62,49.72,49.54,49.68,221
2016.08.12,17:00,49.66,49.78,49.54,49.60,601
2016.08.12,18:00,49.60,49.72,49.38,49.38,384
2016.08.12,19:00,49.46,49.47,49.34,49.45,248
2016.08.12,20:00,49.34,49.46,49.25,49.25,280
2016.08.12,21:00,49.26,49.30,49.26,49.30,53
2016.08.12,22:00,49.30,49.32,49.30,49.32,112
2016.08.15,16:00,49.08,49.38,48.88,49.34,88
2016.08.15,17:00,49.34,49.34,49.34,49.34,39
2016.08.15,18:00,49.34,49.34,49.26,49.26,182
2016.08.15,19:00,49.26,49.43,49.26,49.35,286
2016.08.15,20:00,49.35,49.44,49.25,49.40,265
2016.08.15,21:00,49.40,49.41,49.36,49.36,107
2016.08.15,22:00,49.37,49.38,49.31,49.31,185
2016.08.16,16:00,49.41,49.47,49.32,49.36,171
2016.08.16,17:00,49.35,49.40,48.97,48.97,852
2016.08.16,18:00,48.97,49.20,48.88,48.98,369
2016.08.16,19:00,48.97,48.98,48.89,48.94,141
2016.08.16,20:00,48.98,48.98,48.87,48.95,215
2016.08.16,21:00,48.97,49.04,48.91,48.97,213
2016.08.16,22:00,48.97,48.97,48.70,48.70,36
2016.08.17,16:00,48.60,48.63,48.34,48.35,431
2016.08.17,17:00,48.35,48.39,48.17,48.18,498
2016.08.17,18:00,48.18,48.37,47.87,47.88,427
2016.08.17,19:00,47.88,48.18,47.87,48.15,154
2016.08.17,20:00,48.15,48.15,48.01,48.02,27
2016.08.17,21:00,48.05,48.24,47.96,48.14,120
2016.08.17,22:00,48.18,48.19,48.07,48.19,86
2016.08.18,16:00,48.95,49.00,48.89,48.89,143
2016.08.18,17:00,48.88,49.07,48.77,49.04,581
2016.08.18,18:00,49.04,49.33,49.02,49.09,294
2016.08.18,19:00,49.09,49.16,49.03,49.04,270
2016.08.18,20:00,49.04,49.10,48.99,49.04,213
2016.08.18,21:00,49.04,49.15,49.04,49.11,104
2016.08.18,22:00,49.11,49.15,49.11,49.15,31
2016.08.19,16:00,48.40,48.51,48.39,48.40,308
2016.08.19,17:00,48.39,48.59,48.29,48.52,881
2016.08.19,18:00,48.53,48.57,48.28,48.44,282
2016.08.19,19:00,48.44,48.52,48.44,48.50,63
2016.08.19,20:00,48.50,48.55,48.37,48.49,71
2016.08.19,21:00,48.49,48.65,48.46,48.58,43
2016.08.19,22:00,48.58,48.64,48.41,48.60,73
2016.08.22,16:00,48.74,48.83,48.67,48.83,126
2016.08.22,17:00,48.83,48.98,48.75,48.97,371
2016.08.22,18:00,48.98,48.98,48.59,48.70,477
2016.08.22,19:00,48.70,48.92,48.69,48.92,311
2016.08.22,20:00,48.90,49.00,48.71,48.88,200
2016.08.22,21:00,48.83,49.03,48.80,48.86,23
2016.08.22,22:00,48.82,48.98,48.81,48.98,138
2016.08.23,16:00,49.48,49.63,49.45,49.55,409
2016.08.23,17:00,49.55,49.67,49.53,49.53,1614
2016.08.23,18:00,49.53,49.57,49.46,49.47,722
2016.08.23,19:00,49.47,49.50,49.29,49.31,32
2016.08.23,20:00,49.31,49.48,49.31,49.34,437
2016.08.23,21:00,49.34,49.37,49.15,49.18,298
2016.08.23,22:00,49.20,49.22,49.10,49.10,68
2016.08.24,16:00,49.49,49.50,49.38,49.39,110
2016.08.24,17:00,49.37,49.39,49.07,49.12,362
2016.08.24,18:00,49.12,49.23,48.97,49.04,539
2016.08.24,19:00,49.04,49.16,49.03,49.16,242
2016.08.24,20:00,49.15,49.15,49.00,49.13,74
2016.08.24,21:00,49.13,49.13,49.06,49.07,264
2016.08.24,22:00,49.07,49.08,48.86,48.88,123
2016.08.25,16:00,49.09,49.19,49.04,49.10,450
2016.08.25,17:00,49.11,49.14,48.96,49.01,816
2016.08.25,18:00,49.02,49.06,48.71,48.80,322
2016.08.25,19:00,48.80,48.88,48.69,48.76,128
2016.08.25,20:00,48.76,48.83,48.73,48.75,198
2016.08.25,21:00,48.74,48.74,48.52,48.68,221
2016.08.25,22:00,48.68,48.74,48.46,48.50,147
2016.08.26,16:00,48.74,48.76,48.66,48.69,78
2016.08.26,17:00,48.68,49.14,48.36,48.88,970
2016.08.26,18:00,48.88,48.88,48.18,48.27,300
2016.08.26,19:00,48.27,48.29,47.93,48.18,503
2016.08.26,20:00,48.19,48.28,48.06,48.16,147
2016.08.26,21:00,48.16,48.18,47.95,48.03,103
2016.08.26,22:00,48.03,48.30,47.94,48.10,141
2016.08.29,16:00,48.12,48.17,47.95,48.09,247
2016.08.29,17:00,48.09,48.09,47.94,47.97,157
2016.08.29,18:00,47.98,48.01,47.90,47.94,129
2016.08.29,19:00,47.94,47.94,47.87,47.87,42
2016.08.29,20:00,47.88,47.96,47.85,47.96,26
2016.08.29,21:00,47.96,47.98,47.85,47.98,125
2016.08.29,22:00,47.98,47.99,47.95,47.95,232
2016.08.30,16:00,48.26,48.26,48.15,48.22,195
2016.08.30,17:00,48.22,48.28,48.04,48.10,278
2016.08.30,18:00,48.11,48.11,47.97,47.99,164
2016.08.30,19:00,47.99,48.14,47.98,48.06,286
2016.08.30,20:00,48.06,48.08,47.94,48.00,48
2016.08.30,21:00,48.00,48.05,47.89,48.00,75
2016.08.30,22:00,48.00,48.19,48.00,48.04,106
2016.08.31,16:00,48.12,48.25,48.07,48.24,97
2016.08.31,17:00,48.25,48.30,48.03,48.03,291
2016.08.31,18:00,48.02,48.11,47.85,47.85,131
2016.08.31,19:00,47.85,48.09,47.85,48.02,111
2016.08.31,20:00,47.99,48.05,47.92,48.00,107
2016.08.31,21:00,48.00,48.18,47.94,48.18,86
2016.08.31,22:00,48.19,48.38,48.03,48.20,134
2016.09.01,16:00,48.54,48.67,48.53,48.57,143
2016.09.01,17:00,48.57,48.78,48.40,48.44,751
2016.09.01,18:00,48.43,48.47,48.13,48.34,364
2016.09.01,19:00,48.32,48.40,48.24,48.35,261
2016.09.01,20:00,48.35,48.36,48.15,48.34,64
2016.09.01,21:00,48.34,48.38,48.21,48.22,353
2016.09.01,22:00,48.22,48.27,48.14,48.27,159
2016.09.02,16:00,48.53,48.62,48.38,48.52,153
2016.09.02,17:00,48.50,48.55,48.27,48.44,344
2016.09.02,18:00,48.45,48.58,48.34,48.40,297
2016.09.02,19:00,48.41,48.43,48.26,48.41,235
2016.09.02,20:00,48.42,48.47,48.39,48.47,319
2016.09.02,21:00,48.47,48.48,48.32,48.43,272
2016.09.02,22:00,48.43,48.58,48.40,48.42,240
2016.09.06,16:00,48.29,48.32,48.22,48.25,123
2016.09.06,17:00,48.27,48.49,48.24,48.32,460
2016.09.06,18:00,48.31,48.34,48.14,48.30,234
2016.09.06,19:00,48.29,48.38,48.29,48.38,21
2016.09.06,20:00,48.38,48.49,48.37,48.47,108
2016.09.06,21:00,48.48,48.48,48.29,48.37,264
2016.09.06,22:00,48.37,48.45,48.37,48.45,34
2016.09.07,16:00,49.20,49.27,49.13,49.25,94
2016.09.07,17:00,49.26,49.37,49.13,49.14,306
2016.09.07,18:00,49.14,49.18,48.76,48.89,289
2016.09.07,19:00,48.91,48.92,48.71,48.91,100
2016.09.07,20:00,48.87,49.10,48.71,48.84,183
2016.09.07,21:00,48.84,49.06,48.72,48.94,144
2016.09.07,22:00,48.94,49.06,48.86,49.01,166
2016.09.08,16:00,48.65,48.74,48.54,48.54,191
2016.09.08,17:00,48.53,48.55,48.38,48.52,278
2016.09.08,18:00,48.53,48.68,48.44,48.61,322
2016.09.08,19:00,48.61,48.65,48.33,48.33,388
2016.09.08,20:00,48.33,48.52,48.30,48.44,114
2016.09.08,21:00,48.44,48.62,48.42,48.62,200
2016.09.08,22:00,48.63,48.71,48.49,48.69,142
2016.09.09,16:00,48.29,48.29,48.10,48.14,150
2016.09.09,17:00,48.13,48.25,48.04,48.10,459
2016.09.09,18:00,48.11,48.24,47.95,48.04,230
2016.09.09,19:00,48.04,48.12,47.94,48.10,209
2016.09.09,20:00,48.10,48.21,47.92,47.94,174
2016.09.09,21:00,47.94,48.22,47.91,48.14,146
2016.09.09,22:00,48.14,48.24,47.93,48.14,125
2016.09.12,16:00,47.58,47.76,47.55,47.68,172
2016.09.12,17:00,47.70,47.78,47.51,47.54,347
2016.09.12,18:00,47.55,47.75,47.55,47.70,285
2016.09.12,19:00,47.70,47.71,47.57,47.66,59
2016.09.12,20:00,47.72,47.80,47.57,47.65,233
2016.09.12,21:00,47.68,48.04,47.65,47.88,227
2016.09.12,22:00,47.88,48.15,47.72,47.80,314
2016.09.13,16:00,48.71,48.84,48.39,48.39,212
2016.09.13,17:00,48.38,48.62,48.33,48.52,481
2016.09.13,18:00,48.52,48.60,48.21,48.35,390
2016.09.13,19:00,48.35,48.46,48.11,48.27,265
2016.09.13,20:00,48.21,48.36,48.11,48.26,149
2016.09.13,21:00,48.26,48.30,48.04,48.10,87
2016.09.13,22:00,48.09,48.17,48.05,48.17,67
2016.09.14,16:00,48.31,48.31,48.17,48.18,180
2016.09.14,17:00,48.18,48.43,48.15,48.38,480
2016.09.14,18:00,48.39,48.54,48.27,48.34,306
2016.09.14,19:00,48.34,48.36,48.25,48.27,52
2016.09.14,20:00,48.28,48.28,48.15,48.18,59
2016.09.14,21:00,48.25,48.25,48.09,48.17,126
2016.09.14,22:00,48.17,48.17,48.00,48.12,246
2016.09.15,16:00,48.17,48.17,47.97,48.04,399
2016.09.15,17:00,48.05,48.39,48.00,48.37,453
2016.09.15,18:00,48.36,48.47,48.29,48.35,269
2016.09.15,19:00,48.35,48.42,48.35,48.39,78
2016.09.15,20:00,48.39,48.47,48.37,48.44,55
2016.09.15,21:00,48.36,48.62,48.34,48.46,86
2016.09.15,22:00,48.46,48.46,48.46,48.46,143
2016.09.16,16:00,47.36,47.40,47.29,47.34,223
2016.09.16,17:00,47.35,47.46,47.13,47.42,554
2016.09.16,18:00,47.43,47.52,47.13,47.39,352
2016.09.16,19:00,47.39,47.39,47.22,47.26,455
2016.09.16,20:00,47.26,47.39,47.17,47.23,138
2016.09.16,21:00,47.27,47.36,47.18,47.21,87
2016.09.16,22:00,47.21,47.34,47.17,47.32,274
2016.09.19,16:00,48.01,48.10,47.97,48.07,186
2016.09.19,17:00,48.08,48.13,47.96,48.01,378
2016.09.19,18:00,48.01,48.08,47.86,47.86,304
2016.09.19,19:00,47.86,47.93,47.77,47.78,100
2016.09.19,20:00,47.78,47.79,47.74,47.74,271
2016.09.19,21:00,47.74,47.79,47.64,47.64,172
2016.09.19,22:00,47.64,47.85,47.64,47.79,132
2016.09.20,16:00,48.16,48.25,48.13,48.24,183
2016.09.20,17:00,48.24,48.27,48.01,48.06,291
2016.09.20,18:00,48.06,48.25,47.91,47.91,281
2016.09.20,19:00,47.91,47.91,47.75,47.88,145
2016.09.20,20:00,47.88,47.88,47.67,47.67,102
2016.09.20,21:00,47.67,47.95,47.67,47.77,63
2016.09.20,22:00,47.77,47.89,47.73,47.79,126
2016.09.21,16:00,48.07,48.09,47.95,48.09,146
2016.09.21,17:00,48.08,48.08,47.95,47.98,276
2016.09.21,18:00,47.98,48.08,47.82,47.87,251
2016.09.21,19:00,47.88,47.95,47.85,47.86,94
2016.09.21,20:00,47.87,47.93,47.86,47.93,36
2016.09.21,21:00,47.94,48.29,47.93,48.04,139
2016.09.21,22:00,48.04,48.54,48.02,48.48,222
2016.09.22,16:00,50.13,50.25,50.05,50.25,190
2016.09.22,17:00,50.25,50.42,50.15,50.41,379
2016.09.22,18:00,50.42,50.47,50.25,50.31,271
2016.09.22,19:00,50.31,50.31,50.15,50.15,20
2016.09.22,20:00,50.09,50.11,50.03,50.11,178
2016.09.22,21:00,50.11,50.11,49.98,50.04,166
2016.09.22,22:00,49.94,50.14,49.94,50.06,100
2016.09.23,16:00,49.28,49.54,49.26,49.38,306
2016.09.23,17:00,49.38,49.68,49.34,49.51,453
2016.09.23,18:00,49.52,49.56,49.33,49.39,293
2016.09.23,19:00,49.39,49.39,49.37,49.37,37
2016.09.23,20:00,49.37,49.49,49.34,49.44,100
2016.09.23,21:00,49.43,49.44,49.31,49.44,57
2016.09.23,22:00,49.43,49.45,49.36,49.42,148
2016.09.26,16:00,48.87,48.90,48.79,48.79,219
2016.09.26,17:00,48.79,48.95,48.74,48.91,582
2016.09.26,18:00,48.90,48.96,48.60,48.67,260
2016.09.26,19:00,48.81,48.81,48.49,48.61,42
2016.09.26,20:00,48.61,48.70,48.46,48.61,78
2016.09.26,21:00,48.63,48.64,48.48,48.54,86
2016.09.26,22:00,48.52,48.52,48.45,48.48,65
2016.09.27,16:00,48.70,49.10,48.66,49.09,434
2016.09.27,17:00,49.10,49.37,49.05,49.28,751
2016.09.27,18:00,49.28,49.70,49.22,49.62,382
2016.09.27,19:00,49.61,49.81,49.56,49.72,267
2016.09.27,20:00,49.73,49.84,49.63,49.75,207
2016.09.27,21:00,49.75,49.82,49.66,49.76,91
2016.09.27,22:00,49.76,49.95,49.73,49.91,161
2016.09.28,16:00,49.93,49.96,49.73,49.78,216
2016.09.28,17:00,49.80,49.81,49.40,49.40,561
2016.09.28,18:00,49.39,49.50,49.16,49.47,339
2016.09.28,19:00,49.47,49.57,49.33,49.45,398
2016.09.28,20:00,49.44,49.49,49.37,49.44,104
2016.09.28,21:00,49.44,49.62,49.38,49.57,167
2016.09.28,22:00,49.56,49.61,49.48,49.56,210
2016.09.29,16:00,48.35,48.63,48.33,48.61,223
2016.09.29,17:00,48.60,48.64,48.38,48.45,505
2016.09.29,18:00,48.44,48.47,48.22,48.34,268
2016.09.29,19:00,48.34,48.40,48.03,48.03,96
2016.09.29,20:00,48.04,48.04,47.69,47.71,487
2016.09.29,21:00,47.71,47.88,47.71,47.88,51
2016.09.29,22:00,47.88,48.02,47.84,48.00,78
2016.09.30,16:00,47.57,47.59,47.36,47.44,322
2016.09.30,17:00,47.44,47.55,47.25,47.36,622
2016.09.30,18:00,47.37,47.83,47.33,47.68,912
2016.09.30,19:00,47.68,47.77,47.54,47.71,206
2016.09.30,20:00,47.70,47.81,47.70,47.80,147
2016.09.30,21:00,47.80,47.84,47.68,47.78,201
2016.09.30,22:00,47.82,47.86,47.70,47.76,151
2016.10.03,16:00,46.41,46.41,46.10,46.17,255
2016.10.03,17:00,46.16,46.37,46.00,46.19,577
2016.10.03,18:00,46.19,46.22,46.08,46.21,235
2016.10.03,19:00,46.21,46.27,46.06,46.21,91
2016.10.03,20:00,46.21,46.21,46.05,46.19,39
2016.10.03,21:00,46.19,46.19,46.00,46.00,78
2016.10.03,22:00,46.01,46.13,46.00,46.10,57
2016.10.04,16:00,45.79,46.07,45.79,45.98,273
2016.10.04,17:00,45.99,46.02,45.73,45.97,451
2016.10.04,18:00,45.96,45.98,45.72,45.90,443
2016.10.04,19:00,45.87,45.88,45.73,45.75,276
2016.10.04,20:00,45.75,45.77,45.55,45.77,298
2016.10.04,21:00,45.77,45.82,45.65,45.67,180
2016.10.04,22:00,45.67,45.79,45.67,45.73,132
2016.10.05,16:00,46.63,46.71,46.53,46.67,215
2016.10.05,17:00,46.67,46.71,46.34,46.56,660
2016.10.05,18:00,46.56,46.63,46.49,46.52,276
2016.10.05,19:00,46.52,46.65,46.47,46.64,98
2016.10.05,20:00,46.64,46.67,46.50,46.59,103
2016.10.05,21:00,46.61,46.72,46.49,46.65,82
2016.10.05,22:00,46.65,46.65,46.47,46.50,98
2016.10.06,16:00,45.94,46.11,45.81,46.05,267
2016.10.06,17:00,46.06,46.07,45.86,45.95,470
2016.10.06,18:00,45.94,46.08,45.85,45.99,395
2016.10.06,19:00,45.99,46.04,45.97,46.04,45
2016.10.06,20:00,46.04,46.05,45.94,45.94,54
2016.10.06,21:00,45.94,46.05,45.94,46.05,102
2016.10.06,22:00,45.91,46.04,45.77,45.87,164
2016.10.07,16:00,45.85,45.91,45.67,45.84,303
2016.10.07,17:00,45.85,45.92,45.67,45.70,567
2016.10.07,18:00,45.72,45.82,45.38,45.40,476
2016.10.07,19:00,45.40,45.46,45.32,45.46,352
2016.10.07,20:00,45.45,45.64,45.32,45.64,348
2016.10.07,21:00,45.64,45.67,45.59,45.67,208
2016.10.07,22:00,45.67,45.68,45.56,45.57,90
2016.10.10,16:00,45.17,45.23,45.12,45.15,167
2016.10.10,17:00,45.16,45.39,45.13,45.26,334
2016.10.10,18:00,45.26,45.30,45.04,45.10,302
2016.10.10,19:00,45.10,45.23,45.02,45.12,32
2016.10.10,20:00,45.12,45.16,45.06,45.16,15
2016.10.10,21:00,45.17,45.21,45.15,45.15,263
2016.10.10,22:00,45.15,45.15,44.95,45.07,230
2016.10.11,16:00,45.54,45.54,45.35,45.43,259
2016.10.11,17:00,45.44,45.52,45.33,45.35,505
2016.10.11,18:00,45.36,45.63,45.14,45.15,593
2016.10.11,19:00,45.15,45.26,45.01,45.23,399
2016.10.11,20:00,45.25,45.25,45.03,45.13,222
2016.10.11,21:00,45.15,45.15,45.00,45.00,227
2016.10.11,22:00,45.00,45.07,45.00,45.04,218
2016.10.12,16:00,45.07,45.27,45.04,45.20,214
2016.10.12,17:00,45.19,45.27,45.09,45.15,355
2016.10.12,18:00,45.14,45.18,45.02,45.06,241
2016.10.12,19:00,45.07,45.20,45.02,45.13,216
2016.10.12,20:00,45.12,45.16,45.01,45.08,76
2016.10.12,21:00,45.10,45.26,45.05,45.06,346
2016.10.12,22:00,45.06,45.07,45.01,45.05,125
2016.10.13,16:00,44.83,45.01,44.80,44.95,272
2016.10.13,17:00,44.97,45.36,44.87,45.36,441
2016.10.13,18:00,45.37,45.60,45.25,45.34,466
2016.10.13,19:00,45.21,45.62,45.21,45.50,224
2016.10.13,20:00,45.50,45.69,45.38,45.68,309
2016.10.13,21:00,45.71,45.76,45.47,45.75,108
2016.10.13,22:00,45.75,45.77,45.43,45.45,150
2016.10.14,16:00,45.81,45.97,45.75,45.84,200
2016.10.14,17:00,45.84,46.01,45.82,45.97,394
2016.10.14,18:00,45.96,46.05,45.68,45.85,487
2016.10.14,19:00,45.85,45.94,45.68,45.78,483
2016.10.14,20:00,45.79,46.10,45.72,45.91,689
2016.10.14,21:00,45.91,45.96,45.77,45.81,45
2016.10.14,22:00,45.81,45.85,45.60,45.83,243
2016.10.17,16:00,45.78,45.81,45.53,45.58,159
2016.10.17,17:00,45.57,45.87,45.44,45.76,438
2016.10.17,18:00,45.77,45.86,45.55,45.63,295
2016.10.17,19:00,45.66,45.68,45.57,45.61,51
2016.10.17,20:00,45.61,45.67,45.58,45.58,128
2016.10.17,21:00,45.58,45.70,45.56,45.65,30
2016.10.17,22:00,45.65,45.65,45.49,45.59,145
2016.10.18,16:00,46.30,46.31,46.20,46.25,213
2016.10.18,17:00,46.24,46.62,46.23,46.61,373
2016.10.18,18:00,46.61,46.79,46.51,46.77,236
2016.10.18,19:00,46.77,46.87,46.64,46.76,115
2016.10.18,20:00,46.76,46.79,46.62,46.64,262
2016.10.18,21:00,46.64,46.81,46.64,46.71,219
2016.10.18,22:00,46.71,46.75,46.49,46.60,279
2016.10.19,16:00,46.67,46.75,46.59,46.68,213
2016.10.19,17:00,46.69,46.95,46.68,46.89,365
2016.10.19,18:00,46.89,46.95,46.82,46.91,234
2016.10.19,19:00,46.91,46.91,46.60,46.75,172
2016.10.19,20:00,46.76,46.78,46.58,46.66,112
2016.10.19,21:00,46.66,46.66,46.57,46.60,124
2016.10.19,22:00,46.61,46.65,46.54,46.65,238
2016.10.20,16:00,46.80,46.99,46.73,46.99,373
2016.10.20,17:00,46.99,47.05,46.74,46.83,638
2016.10.20,18:00,46.84,46.86,46.60,46.86,298
2016.10.20,19:00,46.86,46.96,46.65,46.88,359
2016.10.20,20:00,46.88,46.90,46.66,46.88,273
2016.10.20,21:00,46.87,46.91,46.77,46.78,129
2016.10.20,22:00,46.78,47.02,46.75,46.95,86
2016.10.21,16:00,45.84,45.87,45.76,45.78,209
2016.10.21,17:00,45.78,45.96,45.74,45.78,413
2016.10.21,18:00,45.79,45.89,45.48,45.55,336
2016.10.21,19:00,45.54,45.56,45.48,45.49,114
2016.10.21,20:00,45.50,45.51,45.48,45.48,65
2016.10.21,21:00,45.50,45.55,45.46,45.46,187
2016.10.21,22:00,45.47,45.48,45.27,45.28,146
2016.10.24,16:00,46.92,46.95,46.78,46.81,188
2016.10.24,17:00,46.80,46.94,46.72,46.83,463
2016.10.24,18:00,46.83,47.00,46.20,46.58,452
2016.10.24,19:00,46.60,46.98,46.55,46.95,77
2016.10.24,20:00,46.97,47.40,46.95,47.33,127
2016.10.24,21:00,47.34,47.87,47.28,47.71,142
2016.10.24,22:00,47.71,49.27,47.66,48.90,545
2016.10.25,16:00,48.17,48.34,48.07,48.34,258
2016.10.25,17:00,48.35,48.37,48.10,48.16,607
2016.10.25,18:00,48.15,48.36,48.06,48.24,529
2016.10.25,19:00,48.27,48.33,48.09,48.27,587
2016.10.25,20:00,48.27,48.36,48.25,48.34,246
2016.10.25,21:00,48.34,48.40,48.22,48.22,188
2016.10.25,22:00,48.25,48.35,48.14,48.19,157
2016.10.26,16:00,48.04,48.16,48.00,48.16,306
2016.10.26,17:00,48.17,48.25,48.00,48.24,578
2016.10.26,18:00,48.25,48.40,48.10,48.10,293
2016.10.26,19:00,48.10,48.21,48.02,48.07,59
2016.10.26,20:00,48.04,48.09,47.98,48.00,54
2016.10.26,21:00,48.00,48.09,47.88,48.06,163
2016.10.26,22:00,48.06,48.18,47.93,48.18,68
2016.10.27,16:00,48.59,48.77,48.45,48.74,263
2016.10.27,17:00,48.75,48.82,48.56,48.67,538
2016.10.27,18:00,48.68,48.71,48.50,48.55,327
2016.10.27,19:00,48.55,48.69,48.23,48.36,195
2016.10.27,20:00,48.40,48.51,48.37,48.48,265
2016.10.27,21:00,48.48,48.56,48.47,48.49,359
2016.10.27,22:00,48.50,48.57,48.47,48.48,84
2016.10.28,16:00,49.66,49.74,49.42,49.48,320
2016.10.28,17:00,49.47,49.61,49.36,49.51,581
2016.10.28,18:00,49.51,49.58,49.27,49.40,276
2016.10.28,19:00,49.51,49.80,49.43,49.62,115
2016.10.28,20:00,49.62,49.81,49.62,49.81,57
2016.10.28,21:00,49.81,49.82,49.71,49.77,182
2016.10.28,22:00,49.78,49.86,49.77,49.86,105
2016.10.31,16:00,49.56,49.64,49.47,49.54,347
2016.10.31,17:00,49.53,49.61,49.40,49.51,557
2016.10.31,18:00,49.51,49.89,49.50,49.86,601
2016.10.31,19:00,49.87,49.93,49.53,49.62,483
2016.10.31,20:00,49.62,49.65,49.55,49.56,302
2016.10.31,21:00,49.55,49.59,49.47,49.55,77
2016.10.31,22:00,49.48,49.62,49.48,49.59,97
2016.11.01,16:00,50.02,50.19,50.02,50.16,316
2016.11.01,17:00,50.16,50.26,50.06,50.14,703
2016.11.01,18:00,50.14,50.18,49.86,49.93,519
2016.11.01,19:00,49.94,50.06,49.82,49.92,518
2016.11.01,20:00,49.93,49.94,49.80,49.82,93
2016.11.01,21:00,49.81,49.83,49.63,49.83,18
2016.11.01,22:00,49.83,49.83,49.65,49.82,27
2016.11.02,16:00,49.70,49.75,49.56,49.70,321
2016.11.02,17:00,49.71,49.87,49.51,49.51,453
2016.11.02,18:00,49.50,49.63,49.33,49.44,500
2016.11.02,19:00,49.43,49.79,49.39,49.44,446
2016.11.02,20:00,49.46,49.46,49.04,49.28,354
2016.11.02,21:00,49.25,49.44,49.15,49.38,719
2016.11.02,22:00,49.29,49.49,49.27,49.34,487
2016.11.03,16:00,50.93,50.93,50.78,50.83,295
2016.11.03,17:00,50.83,51.22,50.56,51.22,817
2016.11.03,18:00,51.22,51.22,50.89,51.16,654
2016.11.03,19:00,51.15,51.15,50.73,50.85,458
2016.11.03,20:00,50.89,50.92,50.60,50.91,503
2016.11.03,21:00,50.91,51.03,50.67,50.92,448
2016.11.03,22:00,50.92,50.94,50.73,50.86,142
2016.11.04,16:00,51.89,51.97,51.59,51.68,600
2016.11.04,17:00,51.69,52.09,51.49,51.80,842
2016.11.04,18:00,51.81,51.90,51.68,51.79,781
2016.11.04,19:00,51.79,51.90,51.61,51.80,585
2016.11.04,20:00,51.80,51.92,51.61,51.71,278
2016.11.04,21:00,51.72,51.73,51.40,51.47,190
2016.11.04,22:00,51.47,51.63,51.37,51.61,230
2016.11.07,16:00,51.70,51.72,51.52,51.52,374
2016.11.07,17:00,51.55,51.59,51.41,51.49,604
2016.11.07,18:00,51.49,51.49,51.36,51.45,371
2016.11.07,19:00,51.48,51.54,51.40,51.44,165
2016.11.07,20:00,51.49,51.57,51.42,51.53,302
2016.11.07,21:00,51.53,51.65,51.41,51.59,270
2016.11.07,22:00,51.59,51.62,51.26,51.62,190
2016.11.08,16:00,51.99,52.24,51.94,52.20,331
2016.11.08,17:00,52.19,52.23,52.00,52.16,589
2016.11.08,18:00,52.15,52.41,52.12,52.34,587
2016.11.08,19:00,52.34,52.47,52.32,52.47,525
2016.11.08,20:00,52.47,52.52,52.19,52.36,472
2016.11.08,21:00,52.36,52.54,52.27,52.54,387
2016.11.08,22:00,52.54,52.56,52.38,52.38,338
2016.11.09,16:00,52.45,52.64,52.22,52.55,989
2016.11.09,17:00,52.55,53.02,51.99,53.02,1347
2016.11.09,18:00,53.03,53.56,52.71,53.07,1375
2016.11.09,19:00,53.07,53.10,52.74,52.82,660
2016.11.09,20:00,52.82,52.99,52.75,52.83,409
2016.11.09,21:00,52.84,52.98,52.68,52.84,445
2016.11.09,22:00,52.84,53.00,52.71,52.91,302
2016.11.10,16:00,52.15,52.54,52.14,52.26,626
2016.11.10,17:00,52.27,52.27,51.66,52.01,1405
2016.11.10,18:00,52.02,52.51,51.96,52.41,699
2016.11.10,19:00,52.44,52.59,52.26,52.59,390
2016.11.10,20:00,52.54,52.68,52.39,52.53,628
2016.11.10,21:00,52.53,52.67,52.48,52.54,339
2016.11.10,22:00,52.54,52.64,52.51,52.56,191
2016.11.11,16:00,52.94,52.99,52.76,52.83,323
2016.11.11,17:00,52.83,52.94,52.75,52.91,718
2016.11.11,18:00,52.91,53.13,52.76,53.07,501
2016.11.11,19:00,52.92,53.03,52.85,52.97,280
2016.11.11,20:00,52.97,53.08,52.93,53.02,356
2016.11.11,21:00,53.02,53.02,52.84,52.96,213
2016.11.11,22:00,52.96,53.06,52.88,52.95,189
2016.11.14,16:00,51.56,51.66,51.20,51.20,515
2016.11.14,17:00,51.19,51.80,51.19,51.60,956
2016.11.14,18:00,51.60,51.64,51.26,51.52,507
2016.11.14,19:00,51.49,51.61,51.39,51.54,245
2016.11.14,20:00,51.53,51.84,51.45,51.68,395
2016.11.14,21:00,51.68,51.83,51.55,51.78,533
2016.11.14,22:00,51.78,51.86,51.54,51.79,600
2016.11.15,16:00,51.22,51.28,51.11,51.26,251
2016.11.15,17:00,51.29,51.66,51.28,51.65,596
2016.11.15,18:00,51.66,51.81,51.48,51.54,454
2016.11.15,19:00,51.57,51.65,51.52,51.61,123
2016.11.15,20:00,51.61,51.64,51.51,51.54,122
2016.11.15,21:00,51.58,51.59,51.46,51.46,60
2016.11.15,22:00,51.46,51.65,51.39,51.61,230
2016.11.16,16:00,50.60,50.92,50.58,50.85,378
2016.11.16,17:00,50.86,51.09,50.78,50.79,788
2016.11.16,18:00,50.80,50.86,50.69,50.74,377
2016.11.16,19:00,50.78,50.88,50.62,50.85,139
2016.11.16,20:00,50.85,50.86,50.85,50.85,28
2016.11.16,21:00,50.85,50.89,50.79,50.86,41
2016.11.16,22:00,50.86,50.91,50.77,50.86,66
2016.11.17,16:00,51.33,51.60,51.25,51.56,301
2016.11.17,17:00,51.57,52.23,51.57,52.19,1145
2016.11.17,18:00,52.19,52.55,52.13,52.46,641
2016.11.17,19:00,52.46,52.59,52.34,52.34,106
2016.11.17,20:00,52.34,52.51,52.20,52.39,101
2016.11.17,21:00,52.39,52.46,52.27,52.35,113
2016.11.17,22:00,52.35,52.55,52.30,52.50,117
2016.11.18,16:00,51.36,51.45,51.34,51.36,275
2016.11.18,17:00,51.36,51.61,51.30,51.54,894
2016.11.18,18:00,51.55,51.77,51.26,51.40,590
2016.11.18,19:00,51.40,51.56,51.22,51.52,153
2016.11.18,20:00,51.53,51.60,51.47,51.56,35
2016.11.18,21:00,51.56,51.63,51.49,51.60,80
2016.11.18,22:00,51.60,51.86,51.60,51.80,148
2016.11.21,16:00,52.35,52.57,52.29,52.53,272
2016.11.21,17:00,52.54,52.88,52.53,52.86,647
2016.11.21,18:00,52.86,53.06,52.61,52.83,547
2016.11.21,19:00,52.83,52.88,52.70,52.80,139
2016.11.21,20:00,52.85,52.92,52.80,52.89,123
2016.11.21,21:00,52.89,52.96,52.87,52.92,86
2016.11.21,22:00,52.91,53.08,52.91,53.07,180
2016.11.22,16:00,51.68,51.76,51.41,51.65,311
2016.11.22,17:00,51.64,51.75,50.96,50.96,601
2016.11.22,18:00,50.96,51.25,50.87,51.05,398
2016.11.22,19:00,51.01,51.14,50.76,51.14,195
2016.11.22,20:00,51.14,51.21,51.11,51.19,103
2016.11.22,21:00,51.20,51.30,51.19,51.27,142
2016.11.22,22:00,51.27,51.35,51.18,51.34,108
2016.11.23,16:00,50.67,51.04,50.67,50.98,451
2016.11.23,17:00,50.98,51.35,50.96,51.35,733
2016.11.23,18:00,51.37,51.67,51.34,51.63,439
2016.11.23,19:00,51.63,51.73,51.44,51.66,130
2016.11.23,20:00,51.70,51.76,51.56,51.62,72
2016.11.23,21:00,51.62,51.80,51.52,51.68,81
2016.11.23,22:00,51.70,51.81,51.69,51.72,42
2016.11.25,16:00,50.98,51.08,50.90,51.01,225
2016.11.25,17:00,51.01,51.63,50.98,51.63,454
2016.11.25,18:00,51.63,51.63,51.28,51.62,441
2016.11.25,19:00,51.56,51.67,51.48,51.61,180
2016.11.28,16:00,51.35,51.43,51.12,51.12,292
2016.11.28,17:00,51.12,51.24,50.89,50.97,541
2016.11.28,18:00,50.98,51.15,50.96,51.01,402
2016.11.28,19:00,51.01,51.24,51.01,51.24,92
2016.11.28,20:00,51.24,51.27,51.11,51.18,19
2016.11.28,21:00,51.18,51.32,50.99,51.32,49
2016.11.28,22:00,51.33,51.35,51.26,51.27,40
2016.11.29,16:00,51.59,51.83,51.47,51.73,365
2016.11.29,17:00,51.71,51.88,51.68,51.81,601
2016.11.29,18:00,51.80,51.87,51.30,51.76,443
2016.11.29,19:00,51.77,51.80,51.55,51.80,35
2016.11.29,20:00,51.81,51.85,51.79,51.80,48
2016.11.29,21:00,51.80,51.81,51.06,51.63,41
2016.11.29,22:00,51.63,51.63,51.42,51.46,48
2016.11.30,16:00,52.03,52.04,51.80,52.04,197
2016.11.30,17:00,52.03,52.26,51.94,52.22,563
2016.11.30,18:00,52.21,52.22,51.77,51.83,455
2016.11.30,19:00,51.83,51.84,51.76,51.80,74
2016.11.30,20:00,51.78,52.41,51.75,52.16,214
2016.11.30,21:00,52.16,52.18,51.94,52.12,72
2016.11.30,22:00,52.12,52.37,52.01,52.31,144
2016.12.01,16:00,52.92,53.06,52.82,52.92,277
2016.12.01,17:00,52.92,52.92,52.35,52.60,538
2016.12.01,18:00,52.61,52.87,52.29,52.42,595
2016.12.01,19:00,52.41,52.67,52.27,52.59,82
2016.12.01,20:00,52.63,52.72,52.37,52.46,94
2016.12.01,21:00,52.48,52.69,52.48,52.52,85
2016.12.01,22:00,52.51,52.61,52.37,52.61,113
2016.12.02,16:00,52.27,52.40,52.06,52.38,230
2016.12.02,17:00,52.38,53.20,52.37,53.16,807
2016.12.02,18:00,53.17,53.49,53.03,53.22,349
2016.12.02,19:00,53.22,53.28,53.19,53.19,25
2016.12.02,20:00,53.18,53.18,53.06,53.06,36
2016.12.02,21:00,53.06,53.13,52.98,53.12,46
2016.12.02,22:00,53.12,53.18,53.00,53.11,138
2016.12.05,16:00,53.96,54.04,53.73,53.81,252
2016.12.05,17:00,53.80,54.15,53.76,53.97,540
2016.12.05,18:00,53.97,54.19,53.91,54.08,328
2016.12.05,19:00,54.08,54.26,53.98,54.24,168
2016.12.05,20:00,54.24,54.47,54.22,54.41,103
2016.12.05,21:00,54.41,54.47,54.33,54.43,71
2016.12.05,22:00,54.44,54.44,54.23,54.27,85
2016.12.06,16:00,53.21,53.33,53.16,53.23,228
2016.12.06,17:00,53.23,53.64,53.23,53.64,715
2016.12.06,18:00,53.63,53.76,53.41,53.67,437
2016.12.06,19:00,53.67,53.76,53.60,53.75,82
2016.12.06,20:00,53.75,53.75,53.63,53.73,99
2016.12.06,21:00,53.71,53.90,53.63,53.90,75
2016.12.06,22:00,53.90,53.93,53.67,53.75,59
2016.12.07,16:00,52.53,52.82,52.49,52.82,334
2016.12.07,17:00,52.82,52.90,52.70,52.85,772
2016.12.07,18:00,52.86,53.14,52.67,53.10,348
2016.12.07,19:00,53.10,53.19,53.02,53.11,19
2016.12.07,20:00,53.11,53.32,53.04,53.28,89
2016.12.07,21:00,53.28,53.48,53.24,53.30,98
2016.12.07,22:00,53.41,53.63,53.29,53.55,241
2016.12.08,16:00,52.47,52.49,52.06,52.19,644
2016.12.08,17:00,52.18,52.40,52.08,52.39,681
2016.12.08,18:00,52.38,52.96,52.36,52.91,435
2016.12.08,19:00,52.91,53.00,52.84,52.94,56
2016.12.08,20:00,52.94,52.94,52.87,52.91,63
2016.12.08,21:00,52.92,52.92,52.76,52.80,84
2016.12.08,22:00,52.81,52.87,52.75,52.86,133
2016.12.09,16:00,53.34,53.73,53.34,53.66,246
2016.12.09,17:00,53.66,53.66,53.24,53.30,395
2016.12.09,18:00,53.31,53.46,53.20,53.29,328
2016.12.09,19:00,53.30,53.34,53.23,53.32,157
2016.12.09,20:00,53.32,53.32,53.01,53.21,39
2016.12.09,21:00,53.20,53.31,53.20,53.31,36
2016.12.09,22:00,53.32,53.58,53.32,53.58,73
2016.12.12,16:00,53.29,53.47,53.21,53.46,151
2016.12.12,17:00,53.45,53.48,53.13,53.22,294
2016.12.12,18:00,53.20,53.27,52.88,53.25,271
2016.12.12,19:00,53.25,53.34,53.23,53.34,54
2016.12.12,20:00,53.35,53.36,53.24,53.24,64
2016.12.12,21:00,53.24,53.31,53.24,53.24,45
2016.12.12,22:00,53.24,53.26,53.16,53.24,88
2016.12.13,16:00,53.91,54.22,53.91,54.14,243
2016.12.13,17:00,54.14,54.34,54.11,54.29,336
2016.12.13,18:00,54.30,54.45,54.27,54.41,216
2016.12.13,19:00,54.46,54.46,54.26,54.28,41
2016.12.13,20:00,54.25,54.45,54.25,54.34,133
2016.12.13,21:00,54.32,54.44,54.24,54.36,118
2016.12.13,22:00,54.36,54.37,54.20,54.21,91
2016.12.14,16:00,54.06,54.29,54.06,54.27,133
2016.12.14,17:00,54.27,54.66,54.24,54.61,529
2016.12.14,18:00,54.61,54.79,54.52,54.67,229
2016.12.14,19:00,54.66,54.66,54.62,54.62,37
2016.12.14,20:00,54.61,54.63,54.42,54.52,61
2016.12.14,21:00,54.40,54.45,54.03,54.03,133
2016.12.14,22:00,54.03,54.13,53.80,53.83,62
2016.12.15,16:00,53.94,54.02,53.75,53.98,227
2016.12.15,17:00,53.99,54.02,53.64,53.96,565
2016.12.15,18:00,53.96,54.22,53.82,53.88,290
2016.12.15,19:00,53.88,54.02,53.88,54.02,51
2016.12.15,20:00,54.03,54.07,53.92,53.93,73
2016.12.15,21:00,53.93,54.34,53.88,54.34,36
2016.12.15,22:00,54.34,54.34,53.98,54.09,97
2016.12.16,16:00,53.65,53.66,53.55,53.64,152
2016.12.16,17:00,53.64,53.69,53.54,53.60,345
2016.12.16,18:00,53.61,53.75,53.26,53.51,518
2016.12.16,19:00,53.51,53.59,53.34,53.46,166
2016.12.16,20:00,53.45,53.46,53.19,53.32,96
2016.12.16,21:00,53.32,53.32,53.07,53.14,107
2016.12.16,22:00,53.14,53.38,52.27,53.24,176
2016.12.19,16:00,52.77,52.79,52.56,52.66,261
2016.12.19,17:00,52.67,52.80,52.57,52.64,296
2016.12.19,18:00,52.64,52.81,52.64,52.74,183
2016.12.19,19:00,52.74,52.89,52.58,52.89,46
2016.12.19,20:00,52.89,52.92,52.78,52.78,27
2016.12.19,21:00,52.75,52.82,52.62,52.67,38
2016.12.19,22:00,52.70,52.73,52.58,52.73,35
2016.12.20,16:00,52.45,52.58,52.42,52.48,125
2016.12.20,17:00,52.47,52.95,52.45,52.80,340
2016.12.20,18:00,52.82,52.96,52.74,52.94,184
2016.12.20,19:00,52.94,52.94,52.87,52.87,12
2016.12.20,20:00,52.88,52.88,52.88,52.88,1
2016.12.20,21:00,52.88,52.89,52.76,52.81,37
2016.12.20,22:00,52.82,52.87,52.82,52.87,29
2016.12.21,16:00,53.46,53.47,53.37,53.39,172
2016.12.21,17:00,53.40,53.45,53.30,53.35,464
2016.12.21,18:00,53.35,53.45,53.32,53.37,226
2016.12.21,19:00,53.38,53.43,53.37,53.37,49
2016.12.21,20:00,53.38,53.38,53.27,53.32,50
2016.12.21,21:00,53.32,53.32,53.26,53.28,29
2016.12.21,22:00,53.30,53.31,53.23,53.31,11
2016.12.22,16:00,53.37,53.38,52.89,52.90,223
2016.12.22,17:00,52.89,53.27,52.85,52.90,480
2016.12.22,18:00,52.91,53.14,52.86,52.97,187
2016.12.22,19:00,52.97,52.97,52.79,52.93,20
2016.12.22,20:00,52.85,52.90,52.81,52.81,38
2016.12.22,21:00,52.88,52.93,52.79,52.92,50
2016.12.22,22:00,52.92,53.02,52.85,52.99,96
2016.12.23,16:00,53.38,53.51,53.34,53.51,100
2016.12.23,17:00,53.51,53.63,53.13,53.53,319
2016.12.23,18:00,53.52,53.68,53.44,53.56,151
2016.12.23,19:00,53.56,53.56,53.34,53.34,106
2016.12.23,20:00,53.32,53.36,52.91,53.21,166
2016.12.23,21:00,53.22,53.22,52.93,53.11,195
2016.12.23,22:00,52.93,53.31,52.89,53.20,327
2016.12.27,16:00,53.40,53.69,53.36,53.69,148
2016.12.27,17:00,53.69,53.85,53.52,53.81,308
2016.12.27,18:00,53.81,53.90,53.60,53.66,482
2016.12.27,19:00,53.66,53.66,53.53,53.54,785
2016.12.27,20:00,53.54,53.62,53.41,53.52,650
2016.12.27,21:00,53.52,53.58,53.51,53.58,69
2016.12.27,22:00,53.58,53.63,53.55,53.55,25
2016.12.28,16:00,53.31,53.38,52.69,53.24,188
2016.12.28,17:00,53.24,53.33,53.17,53.33,378
2016.12.28,18:00,53.33,53.35,53.04,53.20,197
2016.12.28,19:00,53.20,53.21,53.06,53.18,123
2016.12.28,20:00,53.16,53.31,53.12,53.21,96
2016.12.28,21:00,53.19,53.30,53.13,53.27,43
2016.12.28,22:00,53.25,53.29,53.02,53.22,234
2016.12.29,16:00,53.61,53.73,53.53,53.60,146
2016.12.29,17:00,53.59,53.75,52.88,52.88,273
2016.12.29,18:00,52.88,53.66,52.88,53.35,259
2016.12.29,19:00,53.43,53.54,53.39,53.48,34
2016.12.29,20:00,53.48,53.50,53.40,53.41,25
2016.12.29,21:00,53.41,53.46,53.35,53.40,23
2016.12.29,22:00,53.42,53.46,53.34,53.46,15
2016.12.30,16:00,54.12,54.12,53.93,54.06,137
2016.12.30,17:00,54.06,54.30,54.00,54.14,519
2016.12.30,18:00,54.13,54.27,53.83,53.87,367
2016.12.30,19:00,53.87,53.87,53.67,53.81,83
2016.12.30,20:00,53.81,53.81,53.41,53.52,230
2016.12.30,21:00,53.51,53.55,53.34,53.48,65
2016.12.30,22:00,53.43,53.62,53.40,53.50,100
2017.01.03,16:00,52.86,52.98,52.81,52.85,152
2017.01.03,17:00,52.84,52.84,52.34,52.41,515
2017.01.03,18:00,52.41,52.55,52.16,52.50,425
2017.01.03,19:00,52.51,52.53,52.29,52.45,108
2017.01.03,20:00,52.46,52.64,52.29,52.43,132
2017.01.03,21:00,52.61,52.61,52.29,52.40,64
2017.01.03,22:00,52.44,52.64,52.30,52.63,77
2017.01.04,16:00,52.34,52.39,52.25,52.33,148
2017.01.04,17:00,52.35,52.45,52.08,52.20,425
2017.01.04,18:00,52.20,52.24,51.98,52.09,234
2017.01.04,19:00,52.07,52.08,51.93,52.06,6
2017.01.04,20:00,52.25,52.28,51.91,52.28,67
2017.01.04,21:00,51.58,52.36,51.58,52.29,117
2017.01.04,22:00,52.23,52.37,52.19,52.27,77
2017.01.05,16:00,51.39,51.47,51.09,51.17,353
2017.01.05,17:00,51.19,51.42,51.03,51.20,932
2017.01.05,18:00,51.21,51.26,50.31,50.67,342
2017.01.05,19:00,50.67,50.86,50.59,50.68,112
2017.01.05,20:00,50.70,51.18,50.61,51.08,160
2017.01.05,21:00,51.10,51.16,51.07,51.10,55
2017.01.05,22:00,51.07,51.13,50.97,51.01,55
2017.01.06,16:00,50.50,50.50,50.32,50.49,233
2017.01.06,17:00,50.48,50.59,50.39,50.57,446
2017.01.06,18:00,50.56,50.85,50.51,50.75,319
2017.01.06,19:00,50.76,51.06,50.66,50.87,207
2017.01.06,20:00,50.82,50.92,50.54,50.69,236
2017.01.06,21:00,50.65,50.87,50.49,50.73,257
2017.01.06,22:00,50.76,50.80,50.62,50.77,105
2017.01.09,16:00,50.11,50.16,49.99,50.04,289
2017.01.09,17:00,50.04,50.09,49.69,49.76,550
2017.01.09,18:00,49.77,50.02,49.75,49.92,364
2017.01.09,19:00,49.92,49.98,49.84,49.96,78
2017.01.09,20:00,49.97,50.01,49.85,49.86,53
2017.01.09,21:00,49.95,50.08,49.85,50.07,128
2017.01.09,22:00,50.06,50.11,50.03,50.04,87
2017.01.10,16:00,50.65,50.81,50.55,50.78,290
2017.01.10,17:00,50.79,50.86,50.71,50.76,551
2017.01.10,18:00,50.76,50.81,50.43,50.52,445
2017.01.10,19:00,50.48,50.65,50.39,50.54,215
2017.01.10,20:00,50.59,50.69,50.30,50.59,206
2017.01.10,21:00,50.61,50.62,50.31,50.59,119
2017.01.10,22:00,50.60,50.61,50.42,50.42,65
2017.01.11,16:00,51.78,51.88,51.70,51.88,322
2017.01.11,17:00,51.88,51.89,51.38,51.46,712
2017.01.11,18:00,51.45,51.75,51.30,51.52,701
2017.01.11,19:00,51.54,51.59,51.40,51.57,200
2017.01.11,20:00,51.56,51.83,51.56,51.81,138
2017.01.11,21:00,51.81,51.81,51.71,51.75,39
2017.01.11,22:00,51.75,51.76,51.70,51.70,55
2017.01.12,16:00,52.21,52.30,52.02,52.30,247
2017.01.12,17:00,52.29,52.32,52.15,52.19,629
2017.01.12,18:00,52.19,52.25,51.94,51.99,461
2017.01.12,19:00,51.99,52.06,51.99,52.02,55
2017.01.12,20:00,52.02,52.07,51.91,51.91,24
2017.01.12,21:00,52.01,52.07,51.83,52.03,61
2017.01.12,22:00,52.01,52.07,51.93,51.93,48
2017.01.13,16:00,52.87,52.88,52.64,52.64,277
2017.01.13,17:00,52.64,52.81,52.60,52.79,512
2017.01.13,18:00,52.79,52.80,52.50,52.50,224
2017.01.13,19:00,52.50,52.60,52.40,52.44,77
2017.01.13,20:00,52.45,52.48,52.40,52.42,68
2017.01.13,21:00,52.41,52.47,52.38,52.42,31
2017.01.13,22:00,52.42,52.42,52.34,52.37,33
2017.01.17,16:00,56.97,57.15,56.71,56.83,459
2017.01.17,17:00,56.84,56.99,56.52,56.94,624
2017.01.17,18:00,56.93,57.06,56.68,56.88,253
2017.01.17,19:00,56.85,56.89,56.53,56.81,147
2017.01.17,20:00,56.81,56.83,56.68,56.74,98
2017.01.17,21:00,56.76,56.82,56.48,56.50,77
2017.01.17,22:00,56.54,56.72,56.44,56.54,139
2017.01.18,16:00,56.21,56.28,56.17,56.24,239
2017.01.18,17:00,56.25,56.34,56.11,56.20,450
2017.01.18,18:00,56.19,56.29,56.08,56.27,266
2017.01.18,19:00,56.27,56.27,55.87,56.15,97
2017.01.18,20:00,56.14,56.15,55.97,56.07,51
2017.01.18,21:00,56.07,56.07,55.91,56.03,119
2017.01.18,22:00,56.04,56.07,55.96,56.07,93
2017.01.19,16:00,54.75,54.95,54.70,54.70,394
2017.01.19,17:00,54.70,54.72,54.12,54.48,612
2017.01.19,18:00,54.49,54.70,54.26,54.48,366
2017.01.19,19:00,54.47,54.48,54.30,54.46,170
2017.01.19,20:00,54.46,54.54,54.44,54.49,80
2017.01.19,21:00,54.49,54.62,54.47,54.56,77
2017.01.19,22:00,54.55,54.63,54.52,54.56,72
2017.01.20,16:00,55.06,55.19,54.99,55.02,262
2017.01.20,17:00,55.03,55.30,54.98,55.11,524
2017.01.20,18:00,55.11,55.18,54.75,54.75,345
2017.01.20,19:00,54.75,54.75,54.68,54.72,390
2017.01.20,20:00,54.72,54.74,54.68,54.68,108
2017.01.20,21:00,54.69,54.76,54.51,54.76,22
2017.01.20,22:00,54.76,54.77,54.64,54.66,51
2017.01.23,16:00,53.98,54.04,53.79,53.94,252
2017.01.23,17:00,53.95,54.03,53.71,53.89,417
2017.01.23,18:00,53.91,53.94,53.59,53.80,327
2017.01.23,19:00,53.81,53.83,53.79,53.81,28
2017.01.23,20:00,53.82,53.90,53.80,53.88,78
2017.01.23,21:00,53.89,53.93,53.89,53.91,31
2017.01.23,22:00,53.90,53.93,53.89,53.89,40
2017.01.24,16:00,53.65,53.70,53.49,53.51,231
2017.01.24,17:00,53.51,53.71,53.34,53.55,560
2017.01.24,18:00,53.55,53.76,53.55,53.70,298
2017.01.24,19:00,53.70,53.78,53.65,53.78,59
2017.01.24,20:00,53.78,53.80,53.69,53.77,118
2017.01.24,21:00,53.77,53.77,53.66,53.71,48
2017.01.24,22:00,53.72,53.74,53.61,53.62,52
2017.01.25,16:00,53.37,53.62,53.34,53.55,317
2017.01.25,17:00,53.55,53.88,53.53,53.83,529
2017.01.25,18:00,53.84,53.91,53.64,53.77,426
2017.01.25,19:00,53.77,53.80,53.51,53.77,81
2017.01.25,20:00,53.77,53.87,53.77,53.86,165
2017.01.25,21:00,53.86,53.88,53.69,53.74,69
2017.01.25,22:00,53.75,53.79,53.75,53.77,17
2017.01.26,16:00,53.54,53.66,53.32,53.66,167
2017.01.26,17:00,53.67,53.67,53.13,53.25,628
2017.01.26,18:00,53.26,53.29,52.94,53.15,438
2017.01.26,19:00,53.15,53.16,53.04,53.16,26
2017.01.26,20:00,53.15,53.25,53.03,53.22,63
2017.01.26,21:00,53.22,53.30,53.20,53.30,32
2017.01.26,22:00,53.29,53.29,53.08,53.08,140
2017.01.27,16:00,54.03,54.13,53.93,53.95,367
2017.01.27,17:00,53.94,54.04,53.76,53.86,516
2017.01.27,18:00,53.86,54.04,53.77,53.97,423
2017.01.27,19:00,53.98,54.02,53.88,53.98,79
2017.01.27,20:00,54.00,54.10,53.98,54.05,73
2017.01.27,21:00,54.06,54.09,54.02,54.08,20
2017.01.27,22:00,54.08,54.08,53.97,54.01,16
2017.01.30,16:00,53.41,53.48,52.92,53.37,326
2017.01.30,17:00,53.39,53.44,53.11,53.40,660
2017.01.30,18:00,53.44,53.82,53.43,53.56,485
2017.01.30,19:00,53.56,53.56,53.46,53.46,151
2017.01.30,20:00,53.46,53.54,53.46,53.54,34
2017.01.30,21:00,53.55,53.63,53.54,53.63,130
2017.01.30,22:00,53.64,53.78,53.37,53.71,48
2017.01.31,16:00,53.63,53.69,53.49,53.52,504
2017.01.31,17:00,53.53,53.56,53.07,53.47,1010
2017.01.31,18:00,53.46,53.60,53.24,53.44,547
2017.01.31,19:00,53.43,53.46,53.33,53.44,235
2017.01.31,20:00,53.44,53.58,53.44,53.49,50
2017.01.31,21:00,53.49,53.57,53.38,53.56,161
2017.01.31,22:00,53.56,53.56,53.47,53.48,57
2017.02.01,16:00,52.29,52.56,52.29,52.55,267
2017.02.01,17:00,52.54,52.58,52.15,52.29,637
2017.02.01,18:00,52.28,52.29,51.97,52.18,469
2017.02.01,19:00,52.18,52.36,52.17,52.36,127
2017.02.01,20:00,52.32,52.32,51.94,51.94,143
2017.02.01,21:00,51.99,52.48,51.99,52.48,172
2017.02.01,22:00,52.48,52.64,52.43,52.55,54
2017.02.02,16:00,53.36,53.39,53.30,53.38,240
2017.02.02,17:00,53.39,53.63,53.25,53.26,330
2017.02.02,18:00,53.27,53.45,53.23,53.25,312
2017.02.02,19:00,53.26,53.58,53.24,53.57,64
2017.02.02,20:00,53.57,53.68,53.49,53.68,62
2017.02.02,21:00,53.62,53.71,53.53,53.68,96
2017.02.02,22:00,53.68,53.80,53.62,53.75,26
2017.02.03,16:00,53.45,53.52,53.39,53.42,281
2017.02.03,17:00,53.42,53.94,53.42,53.71,754
2017.02.03,18:00,53.71,53.92,53.71,53.84,332
2017.02.03,19:00,53.93,53.98,53.85,53.89,7
2017.02.03,20:00,53.95,54.06,53.86,53.97,88
2017.02.03,21:00,53.95,54.01,53.86,54.01,355
2017.02.03,22:00,54.01,54.06,53.86,53.90,521
2017.02.06,16:00,52.37,52.55,52.29,52.40,247
2017.02.06,17:00,52.40,52.54,52.28,52.52,538
2017.02.06,18:00,52.52,52.69,52.44,52.50,385
2017.02.06,19:00,52.51,52.70,52.46,52.70,61
2017.02.06,20:00,52.69,52.69,52.49,52.66,9
2017.02.06,21:00,52.67,52.67,52.54,52.54,8
2017.02.06,22:00,52.61,52.61,52.48,52.60,36
2017.02.07,16:00,52.82,52.98,52.80,52.91,201
2017.02.07,17:00,52.92,53.07,52.76,52.84,464
2017.02.07,18:00,52.84,52.95,52.81,52.88,269
2017.02.07,19:00,52.89,52.94,52.89,52.94,35
2017.02.07,20:00,52.93,53.00,52.92,53.00,28
2017.02.07,21:00,53.01,53.10,53.01,53.10,32
2017.02.07,22:00,53.11,53.11,53.07,53.11,13
2017.02.08,16:00,52.67,52.83,52.63,52.78,342
2017.02.08,17:00,52.78,53.20,52.68,53.18,517
2017.02.08,18:00,53.17,53.42,53.07,53.31,403
2017.02.08,19:00,53.32,53.33,53.10,53.23,41
2017.02.08,20:00,53.24,53.24,53.23,53.23,12
2017.02.08,21:00,53.23,53.23,53.23,53.23,8
2017.02.08,22:00,53.22,53.40,53.22,53.40,21
2017.02.09,16:00,53.45,53.55,53.32,53.36,277
2017.02.09,17:00,53.36,53.60,53.32,53.52,683
2017.02.09,18:00,53.52,53.55,53.30,53.40,375
2017.02.09,19:00,53.40,53.41,53.36,53.37,33
2017.02.09,20:00,53.36,53.36,53.13,53.18,155
2017.02.09,21:00,53.18,53.35,53.18,53.33,254
2017.02.09,22:00,53.33,53.43,53.14,53.39,46
2017.02.10,16:00,52.92,53.17,52.90,53.10,205
2017.02.10,17:00,53.11,53.25,53.07,53.10,553
2017.02.10,18:00,53.09,53.19,52.95,53.11,258
2017.02.10,19:00,53.10,53.13,53.10,53.12,22
2017.02.10,20:00,53.13,53.16,53.11,53.11,20
2017.02.10,21:00,53.12,53.27,53.10,53.24,99
2017.02.10,22:00,53.29,53.38,53.15,53.22,197
2017.02.13,16:00,53.14,53.21,53.01,53.05,205
2017.02.13,17:00,53.06,53.12,52.96,53.03,287
2017.02.13,18:00,53.04,53.13,52.99,53.03,115
2017.02.13,19:00,53.04,53.08,53.04,53.04,5
2017.02.13,20:00,53.04,53.17,52.98,53.12,39
2017.02.13,21:00,53.14,53.23,53.07,53.23,74
2017.02.13,22:00,53.23,53.34,53.19,53.19,19
2017.02.14,16:00,53.27,53.44,53.17,53.41,234
2017.02.14,17:00,53.41,53.44,53.15,53.29,692
2017.02.14,18:00,53.30,53.49,53.26,53.41,201
2017.02.14,19:00,53.41,53.42,53.39,53.42,28
2017.02.14,20:00,53.42,53.45,53.31,53.45,52
2017.02.14,21:00,53.46,53.59,53.46,53.58,48
2017.02.14,22:00,53.55,53.56,53.48,53.49,24
2017.02.15,16:00,53.13,53.25,53.11,53.17,214
2017.02.15,17:00,53.16,53.31,53.10,53.24,407
2017.02.15,18:00,53.23,53.26,52.86,52.99,193
2017.02.15,19:00,52.99,53.05,52.97,53.04,28
2017.02.15,20:00,53.04,53.11,53.04,53.09,16
2017.02.15,21:00,53.09,53.12,53.03,53.09,33
2017.02.15,22:00,53.09,53.18,53.09,53.17,38
2017.02.16,16:00,52.76,52.86,52.72,52.84,237
2017.02.16,17:00,52.85,53.10,52.84,52.94,503
2017.02.16,18:00,52.95,53.03,52.49,52.53,424
2017.02.16,19:00,52.53,52.70,52.48,52.70,223
2017.02.16,20:00,52.70,52.71,52.70,52.71,28
2017.02.16,21:00,52.70,52.74,52.70,52.70,38
2017.02.16,22:00,52.71,52.78,52.70,52.70,103
2017.02.17,16:00,52.22,52.29,52.11,52.18,250
2017.02.17,17:00,52.19,52.23,51.99,52.05,602
2017.02.17,18:00,52.06,52.13,51.89,51.94,285
2017.02.17,19:00,51.95,52.14,51.92,52.14,327
2017.02.17,20:00,52.14,52.23,52.04,52.19,56
2017.02.17,21:00,52.19,52.21,52.05,52.13,29
2017.02.17,22:00,52.11,52.21,52.04,52.13,95
2017.02.21,16:00,51.51,51.59,51.45,51.48,265
2017.02.21,17:00,51.49,51.67,51.48,51.60,564
2017.02.21,18:00,51.60,51.63,51.34,51.49,356
2017.02.21,19:00,51.49,51.49,51.38,51.46,43
2017.02.21,20:00,51.47,51.51,51.45,51.51,12
2017.02.21,21:00,51.51,51.74,51.51,51.68,46
2017.02.21,22:00,51.68,51.93,51.68,51.93,63
2017.02.22,16:00,51.48,51.60,51.37,51.44,322
2017.02.22,17:00,51.43,51.88,51.40,51.83,838
2017.02.22,18:00,51.83,52.00,51.78,51.92,388
2017.02.22,19:00,51.93,51.96,51.93,51.96,25
2017.02.22,20:00,51.95,51.95,51.90,51.91,22
2017.02.22,21:00,51.64,52.07,51.61,52.06,72
2017.02.22,22:00,52.06,52.10,52.06,52.10,47
2017.02.23,16:00,51.97,52.09,51.97,52.07,214
2017.02.23,17:00,52.08,52.17,51.90,52.12,418
2017.02.23,18:00,52.12,52.17,51.98,52.14,306
2017.02.23,19:00,52.15,52.17,52.12,52.12,83
2017.02.23,20:00,52.12,52.18,52.12,52.14,31
2017.02.23,21:00,52.16,52.18,52.11,52.11,9
2017.02.23,22:00,52.11,52.16,52.05,52.15,285
2017.02.24,16:00,52.17,52.43,52.15,52.36,252
2017.02.24,17:00,52.40,52.72,52.36,52.44,607
2017.02.24,18:00,52.44,52.60,52.33,52.40,334
2017.02.24,19:00,52.40,52.54,52.37,52.44,85
2017.02.24,20:00,52.45,52.45,52.25,52.36,35
2017.02.24,21:00,52.36,52.36,52.33,52.34,42
2017.02.24,22:00,52.34,52.39,52.32,52.32,9
