2015.12.28,16:00,111.87,113.48,111.86,112.11,720
2015.12.28,17:00,112.05,112.12,110.74,110.76,1024
2015.12.28,18:00,110.74,111.57,110.43,111.37,827
2015.12.28,19:00,111.36,112.11,111.06,111.25,673
2015.12.28,20:00,111.26,112.57,111.26,111.75,669
2015.12.28,21:00,111.75,112.10,111.58,111.99,556
2015.12.28,22:00,112.01,112.21,111.79,112.21,619
2015.12.29,16:00,112.54,113.69,112.54,113.15,489
2015.12.29,17:00,113.13,114.52,113.09,113.52,997
2015.12.29,18:00,113.51,114.28,113.27,113.91,652
2015.12.29,19:00,113.89,113.93,113.27,113.34,464
2015.12.29,20:00,113.35,113.79,113.28,113.72,385
2015.12.29,21:00,113.72,113.86,113.47,113.55,378
2015.12.29,22:00,113.55,114.22,113.55,113.88,697
2015.12.30,16:00,113.65,114.53,113.30,114.52,258
2015.12.30,17:00,114.53,114.77,113.30,114.11,946
2015.12.30,18:00,114.11,114.64,113.59,113.75,590
2015.12.30,19:00,113.74,113.89,112.67,112.73,475
2015.12.30,20:00,112.73,112.75,111.99,112.35,1073
2015.12.30,21:00,112.34,112.69,111.96,112.30,996
2015.12.30,22:00,112.30,112.85,112.00,112.59,899
2015.12.31,16:00,111.28,113.46,111.28,111.45,523
2015.12.31,17:00,111.46,113.09,111.46,112.40,754
2015.12.31,18:00,112.41,112.48,111.85,112.13,714
2015.12.31,19:00,112.13,112.84,111.95,112.40,494
2015.12.31,20:00,112.34,112.58,112.01,112.39,427
2015.12.31,21:00,112.40,112.57,111.62,111.67,450
2015.12.31,22:00,111.67,112.00,111.37,111.60,644
2016.01.04,16:00,109.59,110.05,108.32,110.05,789
2016.01.04,17:00,110.06,110.19,108.62,108.67,1591
2016.01.04,18:00,108.66,109.25,107.83,109.25,1244
2016.01.04,19:00,109.19,110.01,108.61,109.79,945
2016.01.04,20:00,109.81,111.42,109.74,111.25,858
2016.01.04,21:00,111.21,111.59,110.84,111.34,1024
2016.01.04,22:00,111.29,111.55,110.40,111.39,1088
2016.01.05,16:00,111.71,111.71,108.65,109.29,731
2016.01.05,17:00,109.29,109.73,108.44,108.97,1342
2016.01.05,18:00,108.96,109.17,108.17,109.17,993
2016.01.05,19:00,109.17,109.76,108.40,109.31,782
2016.01.05,20:00,109.33,110.88,109.22,110.55,1012
2016.01.05,21:00,110.59,111.05,110.01,110.67,837
2016.01.05,22:00,110.67,110.93,110.46,110.63,1106
2016.01.06,16:00,109.13,109.89,108.10,109.30,693
2016.01.06,17:00,109.30,109.87,108.05,108.18,1127
2016.01.06,18:00,108.14,108.85,107.55,107.74,1048
2016.01.06,19:00,107.74,107.74,107.04,107.39,869
2016.01.06,20:00,107.40,107.47,106.24,106.24,676
2016.01.06,21:00,106.21,107.14,105.88,106.13,1179
2016.01.06,22:00,106.13,107.85,106.10,107.65,1327
2016.01.07,16:00,104.95,108.22,104.95,107.82,556
2016.01.07,17:00,107.84,109.31,107.67,108.89,1043
2016.01.07,18:00,108.89,109.07,107.07,107.18,778
2016.01.07,19:00,107.22,107.67,106.69,106.79,871
2016.01.07,20:00,106.82,106.93,105.44,106.16,1089
2016.01.07,21:00,106.16,106.36,105.59,105.69,933
2016.01.07,22:00,105.69,105.75,104.43,104.58,1554
2016.01.08,16:00,105.23,106.46,104.23,105.40,669
2016.01.08,17:00,105.39,105.39,103.53,104.80,1383
2016.01.08,18:00,104.77,105.33,103.36,105.30,1117
2016.01.08,19:00,105.30,105.68,104.91,104.91,1140
2016.01.08,20:00,104.91,105.36,104.31,104.69,1162
2016.01.08,21:00,104.69,105.04,103.99,104.00,1159
2016.01.08,22:00,104.00,104.38,103.27,103.27,1362
2016.01.11,16:00,103.11,103.63,102.45,102.49,714
2016.01.11,17:00,102.49,102.87,100.18,100.67,1749
2016.01.11,18:00,100.67,102.38,100.46,102.10,1231
2016.01.11,19:00,102.10,102.50,101.71,101.83,789
2016.01.11,20:00,101.84,101.99,101.07,101.46,797
2016.01.11,21:00,101.46,102.23,101.21,101.38,1048
2016.01.11,22:00,101.36,102.33,100.79,102.06,1464
2016.01.12,16:00,102.73,105.56,102.73,104.17,717
2016.01.12,17:00,104.17,104.43,102.57,103.15,1281
2016.01.12,18:00,103.18,103.61,101.68,102.73,1097
2016.01.12,19:00,102.72,102.98,101.67,102.37,857
2016.01.12,20:00,102.27,103.90,102.27,102.69,1142
2016.01.12,21:00,102.68,103.44,102.07,103.28,1013
2016.01.12,22:00,103.33,104.10,102.81,103.90,1670
2016.01.13,16:00,104.07,105.69,103.61,105.18,571
2016.01.13,17:00,105.29,105.46,103.23,104.27,1527
2016.01.13,18:00,104.27,104.74,103.46,104.07,1381
2016.01.13,19:00,104.07,104.16,102.91,103.04,866
2016.01.13,20:00,103.04,103.17,101.98,102.08,991
2016.01.13,21:00,102.07,102.44,100.73,101.14,1757
2016.01.13,22:00,101.17,101.49,100.41,100.61,1988
2016.01.14,16:00,100.28,100.45,98.12,98.21,695
2016.01.14,17:00,98.21,101.79,97.90,101.16,1599
2016.01.14,18:00,101.31,101.53,99.98,100.10,1371
2016.01.14,19:00,100.10,101.57,99.82,100.69,1233
2016.01.14,20:00,100.69,101.09,100.43,100.55,705
2016.01.14,21:00,100.55,101.65,100.13,101.60,1013
2016.01.14,22:00,101.60,101.91,100.51,100.84,1508
2016.01.15,16:00,98.67,99.84,98.12,99.01,557
2016.01.15,17:00,99.01,100.18,98.28,99.15,1608
2016.01.15,18:00,99.16,99.87,98.58,99.37,1348
2016.01.15,19:00,99.27,100.74,98.89,100.66,1151
2016.01.15,20:00,100.57,101.46,100.08,101.20,1625
2016.01.15,21:00,101.23,101.49,100.20,101.49,1154
2016.01.15,22:00,101.49,101.66,100.03,100.51,1694
2016.01.19,16:00,101.33,101.45,99.01,100.69,807
2016.01.19,17:00,100.74,103.88,100.09,101.14,1873
2016.01.19,18:00,101.25,102.10,100.93,102.02,1260
2016.01.19,19:00,101.98,102.62,101.00,101.91,1359
2016.01.19,20:00,101.91,102.65,101.18,101.19,1433
2016.01.19,21:00,101.20,101.31,99.62,100.40,1023
2016.01.19,22:00,100.40,101.65,100.23,101.27,1479
2016.01.20,16:00,99.02,103.17,98.86,100.78,1287
2016.01.20,17:00,100.83,101.84,100.71,101.43,1637
2016.01.20,18:00,101.31,102.14,100.56,100.74,1461
2016.01.20,19:00,100.74,101.37,99.89,101.36,1439
2016.01.20,20:00,101.36,103.41,100.91,102.82,1870
2016.01.20,21:00,102.82,103.49,101.89,103.02,1665
2016.01.20,22:00,103.06,104.92,102.61,103.12,2160
2016.01.21,16:00,103.05,104.50,101.90,102.52,1216
2016.01.21,17:00,102.61,105.97,102.47,105.61,1723
2016.01.21,18:00,105.62,106.84,105.00,106.65,1463
2016.01.21,19:00,106.53,107.73,106.53,107.03,1179
2016.01.21,20:00,107.04,107.91,106.40,106.98,1327
2016.01.21,21:00,107.00,107.31,104.91,106.30,1605
2016.01.21,22:00,106.26,106.56,105.29,105.95,1714
2016.01.22,16:00,107.37,109.40,106.94,108.78,1062
2016.01.22,17:00,108.68,108.88,106.09,106.33,1892
2016.01.22,18:00,106.33,107.04,106.02,106.28,999
2016.01.22,19:00,106.28,107.48,105.88,107.39,776
2016.01.22,20:00,107.30,107.38,106.48,107.15,755
2016.01.22,21:00,107.10,107.10,106.12,106.24,769
2016.01.22,22:00,106.24,107.32,105.80,107.00,935
2016.01.25,16:00,106.04,106.71,105.00,105.96,582
2016.01.25,17:00,105.82,106.84,105.12,105.30,1592
2016.01.25,18:00,105.31,106.99,104.85,106.99,1171
2016.01.25,19:00,106.99,107.02,105.93,106.75,1121
2016.01.25,20:00,106.75,107.76,106.06,106.10,967
2016.01.25,21:00,106.10,107.16,106.10,107.07,1089
2016.01.25,22:00,107.07,107.24,106.16,106.55,1306
2016.01.26,16:00,107.08,108.11,106.74,106.75,700
2016.01.26,17:00,106.74,108.01,106.57,106.80,1123
2016.01.26,18:00,106.80,108.69,106.67,108.35,1334
2016.01.26,19:00,108.34,110.04,108.27,108.71,1238
2016.01.26,20:00,108.71,109.40,108.40,108.42,861
2016.01.26,21:00,108.43,109.39,108.43,109.11,888
2016.01.26,22:00,109.09,109.27,108.39,108.80,1205
2016.01.27,16:00,107.69,109.94,107.43,108.30,705
2016.01.27,17:00,108.30,108.85,107.03,108.08,1667
2016.01.27,18:00,108.08,109.88,107.53,109.74,1655
2016.01.27,19:00,109.70,110.02,109.02,109.46,1067
2016.01.27,20:00,109.42,110.77,109.08,110.40,1428
2016.01.27,21:00,110.49,110.76,108.35,108.50,2220
2016.01.27,22:00,108.50,108.84,107.39,108.25,1880
2016.01.28,16:00,109.43,111.97,109.43,111.13,833
2016.01.28,17:00,111.13,111.13,108.32,109.52,1706
2016.01.28,18:00,109.53,111.15,108.45,108.52,1471
2016.01.28,19:00,108.52,110.15,108.18,109.57,1475
2016.01.28,20:00,109.58,109.89,108.01,108.01,1435
2016.01.28,21:00,108.02,109.08,108.02,108.76,1112
2016.01.28,22:00,108.68,109.71,108.67,109.34,1144
2016.01.29,16:00,109.78,112.23,108.86,111.69,819
2016.01.29,17:00,111.69,112.06,110.30,111.01,1403
2016.01.29,18:00,111.01,111.42,110.27,111.13,1122
2016.01.29,19:00,111.13,111.49,110.48,111.08,1098
2016.01.29,20:00,110.98,111.20,110.66,110.95,885
2016.01.29,21:00,110.94,112.17,110.67,111.55,1118
2016.01.29,22:00,111.59,112.86,111.48,112.48,1172
2016.02.01,16:00,110.64,112.65,110.07,112.62,800
2016.02.01,17:00,112.62,113.25,111.28,112.13,1690
2016.02.01,18:00,112.14,112.77,111.19,112.57,1440
2016.02.01,19:00,112.58,112.60,111.49,111.74,893
2016.02.01,20:00,111.74,113.05,111.33,112.91,1075
2016.02.01,21:00,112.83,113.18,112.13,112.81,1234
2016.02.01,22:00,112.82,113.11,112.41,112.48,1025
2016.02.02,16:00,114.54,114.54,111.58,112.58,981
2016.02.02,17:00,112.58,113.14,111.45,112.45,1321
2016.02.02,18:00,112.46,112.99,111.25,111.25,1482
2016.02.02,19:00,111.25,112.21,110.69,112.21,1119
2016.02.02,20:00,112.21,112.45,111.30,111.41,849
2016.02.02,21:00,111.40,111.85,110.70,110.78,1076
2016.02.02,22:00,110.78,111.85,110.37,111.66,1374
2016.02.03,16:00,112.83,112.96,111.37,112.51,677
2016.02.03,17:00,112.53,112.80,110.37,112.80,2092
2016.02.03,18:00,112.80,115.01,111.74,114.97,1730
2016.02.03,19:00,114.98,115.53,113.83,115.14,1452
2016.02.03,20:00,115.21,115.59,113.68,113.77,1290
2016.02.03,21:00,113.77,115.36,113.69,114.14,1494
2016.02.03,22:00,114.18,115.72,113.95,115.47,1823
2016.02.04,16:00,102.02,102.85,94.77,94.79,3187
2016.02.04,17:00,94.79,96.54,93.90,95.67,3180
2016.02.04,18:00,95.67,96.23,94.34,95.08,2008
2016.02.04,19:00,95.08,96.19,94.01,94.10,1929
2016.02.04,20:00,94.10,94.10,91.60,91.86,2344
2016.02.04,21:00,91.87,92.19,89.93,90.27,2520
2016.02.04,22:00,90.27,90.36,88.13,89.06,2959
2016.02.05,16:00,88.13,88.86,86.82,87.75,1553
2016.02.05,17:00,87.75,90.52,87.53,88.06,2574
2016.02.05,18:00,88.08,88.81,87.67,88.77,2050
2016.02.05,19:00,88.78,89.55,88.44,88.48,1697
2016.02.05,20:00,88.46,88.59,87.30,87.64,1536
2016.02.05,21:00,87.65,88.76,87.53,88.07,2004
2016.02.05,22:00,87.97,88.20,86.94,86.98,1950
2016.02.08,16:00,85.05,85.46,83.79,85.35,1113
2016.02.08,17:00,85.35,87.13,85.01,86.65,2293
2016.02.08,18:00,86.69,86.89,85.25,85.90,2067
2016.02.08,19:00,85.91,86.05,85.07,85.18,1760
2016.02.08,20:00,85.16,85.27,84.27,84.80,1295
2016.02.08,21:00,84.80,84.98,84.39,84.51,1424
2016.02.08,22:00,84.56,85.85,84.47,85.19,1961
2016.02.09,16:00,84.23,85.66,83.93,84.36,885
2016.02.09,17:00,84.36,85.35,83.63,83.77,1822
2016.02.09,18:00,83.82,84.29,83.53,83.69,1456
2016.02.09,19:00,83.70,83.91,83.43,83.77,1444
2016.02.09,20:00,83.78,83.80,82.67,83.65,1400
2016.02.09,21:00,83.65,84.01,83.17,83.71,1504
2016.02.09,22:00,83.71,84.04,82.97,83.74,1999
2016.02.10,16:00,83.93,84.48,83.12,83.40,716
2016.02.10,17:00,83.35,83.55,82.93,82.98,1428
2016.02.10,18:00,82.98,84.54,82.89,84.47,1342
2016.02.10,19:00,84.48,85.92,83.93,85.80,1332
2016.02.10,20:00,85.81,85.83,84.74,85.03,1180
2016.02.10,21:00,85.08,85.61,84.94,85.13,1277
2016.02.10,22:00,85.12,85.53,84.31,84.48,1917
2016.02.11,16:00,82.97,85.46,82.97,85.05,829
2016.02.11,17:00,85.05,85.05,82.96,83.05,1811
2016.02.11,18:00,83.04,83.81,82.12,82.83,1737
2016.02.11,19:00,82.83,83.28,82.71,83.21,1203
2016.02.11,20:00,83.21,83.43,82.15,82.30,1508
2016.02.11,21:00,82.29,83.65,81.97,83.48,1836
2016.02.11,22:00,83.48,83.51,82.24,83.24,2215
2016.02.12,16:00,83.30,85.19,83.30,84.42,964
2016.02.12,17:00,84.42,85.81,84.15,84.50,2159
2016.02.12,18:00,84.50,86.19,84.50,86.16,2330
2016.02.12,19:00,86.17,86.64,85.95,86.57,1728
2016.02.12,20:00,86.45,86.72,86.01,86.48,1403
2016.02.12,21:00,86.48,86.80,86.28,86.74,1390
2016.02.12,22:00,86.74,87.67,86.47,86.97,1803
2016.02.16,16:00,87.22,87.81,86.13,86.50,760
2016.02.16,17:00,86.49,87.64,86.26,87.15,1539
2016.02.16,18:00,87.11,88.30,86.94,88.28,1251
2016.02.16,19:00,88.27,88.55,87.94,88.50,933
2016.02.16,20:00,88.50,88.96,88.31,88.64,872
2016.02.16,21:00,88.55,88.87,88.24,88.24,884
2016.02.16,22:00,88.26,88.45,87.93,88.10,960
2016.02.17,16:00,88.40,90.50,88.37,89.69,701
2016.02.17,17:00,89.69,89.83,88.95,89.43,1323
2016.02.17,18:00,89.27,89.48,88.22,88.68,962
2016.02.17,19:00,88.68,89.31,88.52,89.14,672
2016.02.17,20:00,89.13,89.28,88.72,89.27,644
2016.02.17,21:00,89.27,89.63,88.56,88.99,1382
2016.02.17,22:00,89.02,89.45,88.87,89.22,1203
2016.02.18,16:00,88.93,89.16,88.07,89.15,426
2016.02.18,17:00,89.14,89.71,88.29,88.96,1137
2016.02.18,18:00,88.96,89.26,88.59,89.14,1410
2016.02.18,19:00,89.14,89.56,88.99,89.01,739
2016.02.18,20:00,89.01,89.14,88.76,89.10,605
2016.02.18,21:00,89.11,89.60,89.11,89.38,676
2016.02.18,22:00,89.39,89.44,88.60,88.72,920
2016.02.19,16:00,87.20,87.81,86.36,86.91,534
2016.02.19,17:00,86.89,88.20,86.71,87.68,1095
2016.02.19,18:00,87.68,88.38,87.47,88.15,1447
2016.02.19,19:00,88.16,88.37,87.63,87.73,885
2016.02.19,20:00,87.73,87.78,87.24,87.51,1079
2016.02.19,21:00,87.52,87.96,87.37,87.70,920
2016.02.19,22:00,87.71,88.32,87.68,88.29,1110
2016.02.22,16:00,88.65,91.00,88.05,90.49,663
2016.02.22,17:00,90.47,91.27,90.47,90.79,827
2016.02.22,18:00,90.79,91.21,90.40,91.21,647
2016.02.22,19:00,91.21,91.24,90.67,90.88,562
2016.02.22,20:00,90.88,91.21,90.66,91.08,561
2016.02.22,21:00,91.08,91.22,90.81,90.93,583
2016.02.22,22:00,90.96,91.05,90.49,90.79,998
2016.02.23,16:00,90.23,91.94,90.21,91.49,516
2016.02.23,17:00,91.49,91.50,90.33,90.33,908
2016.02.23,18:00,90.33,90.72,89.63,90.32,1741
2016.02.23,19:00,90.33,90.50,90.12,90.44,439
2016.02.23,20:00,90.42,90.58,89.59,89.93,620
2016.02.23,21:00,89.95,89.97,89.53,89.65,556
2016.02.23,22:00,89.64,89.87,89.33,89.77,887
2016.02.24,16:00,88.27,89.23,88.01,88.42,678
2016.02.24,17:00,88.42,89.20,88.09,88.70,1204
2016.02.24,18:00,88.70,89.35,88.02,88.98,790
2016.02.24,19:00,88.98,89.30,88.60,88.86,739
2016.02.24,20:00,88.86,89.28,88.83,88.98,546
2016.02.24,21:00,88.99,89.38,88.86,88.94,801
2016.02.24,22:00,88.94,90.25,88.82,89.99,1018
2016.02.25,16:00,89.66,90.27,88.97,89.04,676
2016.02.25,17:00,89.01,89.38,88.49,89.12,1099
2016.02.25,18:00,89.08,90.99,88.87,90.95,767
2016.02.25,19:00,90.95,91.07,90.51,90.80,736
2016.02.25,20:00,90.78,91.88,90.73,91.77,748
2016.02.25,21:00,91.78,92.12,91.44,91.68,595
2016.02.25,22:00,91.68,92.08,91.65,91.83,884
2016.02.26,16:00,91.95,91.95,89.20,89.93,831
2016.02.26,17:00,89.93,90.78,89.75,90.50,1406
2016.02.26,18:00,90.51,90.96,90.43,90.70,1255
2016.02.26,19:00,90.70,91.23,90.55,91.20,794
2016.02.26,20:00,91.19,91.31,90.93,90.98,643
2016.02.26,21:00,90.99,91.13,90.67,90.84,648
2016.02.26,22:00,90.83,91.03,90.80,90.93,669
2016.02.29,16:00,90.77,91.85,90.76,91.38,900
2016.02.29,17:00,91.38,92.43,91.29,92.34,1378
2016.02.29,18:00,92.35,92.39,91.51,91.65,1035
2016.02.29,19:00,91.65,91.68,91.43,91.65,455
2016.02.29,20:00,91.65,91.81,91.35,91.68,365
2016.02.29,21:00,91.69,91.69,91.02,91.04,555
2016.02.29,22:00,91.07,91.08,90.74,90.92,685
2016.03.01,16:00,91.31,91.52,90.80,91.21,477
2016.03.01,17:00,91.21,92.96,91.21,92.67,1345
2016.03.01,18:00,92.71,93.16,92.21,93.15,909
2016.03.01,19:00,93.15,93.44,92.85,93.07,1039
2016.03.01,20:00,93.06,93.71,92.99,93.31,768
2016.03.01,21:00,93.31,93.86,93.21,93.82,742
2016.03.01,22:00,93.83,94.02,93.64,93.74,466
2016.03.02,16:00,92.90,93.87,92.50,92.82,886
2016.03.02,17:00,92.82,94.02,92.59,94.02,1350
2016.03.02,18:00,94.02,94.40,93.19,93.19,999
2016.03.02,19:00,93.19,93.76,93.14,93.70,763
2016.03.02,20:00,93.69,94.21,93.61,94.02,748
2016.03.02,21:00,94.02,94.20,93.70,94.10,664
2016.03.02,22:00,94.10,94.39,93.75,94.39,1034
2016.03.03,16:00,93.53,95.02,93.53,94.70,327
2016.03.03,17:00,94.70,95.25,94.50,95.14,978
2016.03.03,18:00,95.21,95.31,94.09,94.46,951
2016.03.03,19:00,94.46,94.54,93.98,94.36,890
2016.03.03,20:00,94.35,95.25,94.30,95.18,686
2016.03.03,21:00,95.19,95.62,95.03,95.27,674
2016.03.03,22:00,95.28,95.91,95.20,95.85,1173
2016.03.04,16:00,95.41,96.51,95.02,96.42,785
2016.03.04,17:00,96.44,97.80,96.38,97.42,1115
2016.03.04,18:00,97.44,98.29,97.31,97.73,1667
2016.03.04,19:00,97.74,97.74,96.75,96.87,905
2016.03.04,20:00,96.87,97.34,96.28,97.18,943
2016.03.04,21:00,97.24,97.24,96.23,96.57,1096
2016.03.04,22:00,96.58,97.17,96.50,96.79,1111
2016.03.07,16:00,96.15,97.89,96.06,96.67,752
2016.03.07,17:00,96.67,97.76,96.53,96.99,1336
2016.03.07,18:00,96.99,98.41,96.88,98.14,1458
2016.03.07,19:00,98.14,99.85,97.93,99.73,1432
2016.03.07,20:00,99.73,99.88,98.57,98.63,1145
2016.03.07,21:00,98.61,98.63,97.66,97.96,963
2016.03.07,22:00,97.89,98.71,97.86,98.67,1148
2016.03.08,16:00,97.05,98.64,96.92,98.20,926
2016.03.08,17:00,98.27,98.56,97.42,97.74,1340
2016.03.08,18:00,97.74,98.49,97.61,98.26,1239
2016.03.08,19:00,98.26,98.61,98.11,98.22,1063
2016.03.08,20:00,98.25,98.74,98.08,98.37,915
2016.03.08,21:00,98.37,98.63,97.48,97.69,861
2016.03.08,22:00,97.69,97.73,97.09,97.18,1225
2016.03.09,16:00,96.98,97.37,95.23,96.19,1023
2016.03.09,17:00,96.19,96.28,95.51,95.72,1127
2016.03.09,18:00,95.73,96.74,95.70,96.59,822
2016.03.09,19:00,96.60,97.35,96.53,97.25,596
2016.03.09,20:00,97.24,97.99,97.08,97.08,651
2016.03.09,21:00,97.21,97.46,96.90,97.12,584
2016.03.09,22:00,97.12,97.15,96.79,96.86,731
2016.03.10,16:00,96.96,97.97,96.90,97.73,759
2016.03.10,17:00,97.73,98.38,95.72,95.76,1421
2016.03.10,18:00,95.77,96.04,94.64,95.55,1069
2016.03.10,19:00,95.55,96.24,95.26,95.56,946
2016.03.10,20:00,95.56,95.83,95.30,95.35,980
2016.03.10,21:00,95.36,96.54,94.93,96.47,884
2016.03.10,22:00,96.47,96.56,95.89,96.07,1368
2016.03.11,16:00,96.26,98.12,96.26,97.91,788
2016.03.11,17:00,97.91,99.26,97.91,98.38,1309
2016.03.11,18:00,98.37,98.73,98.13,98.56,909
2016.03.11,19:00,98.55,98.69,98.23,98.41,580
2016.03.11,20:00,98.41,98.41,97.76,98.22,1078
2016.03.11,21:00,98.22,98.35,97.98,98.03,673
2016.03.11,22:00,98.03,98.44,97.94,98.38,1340
2016.03.14,16:00,97.40,98.93,97.31,98.65,928
2016.03.14,17:00,98.65,99.45,98.18,98.18,784
2016.03.14,18:00,98.18,98.34,97.58,98.04,700
2016.03.14,19:00,98.06,98.17,97.65,98.00,751
2016.03.14,20:00,97.99,98.86,97.99,98.85,688
2016.03.14,21:00,98.84,98.84,98.25,98.54,670
2016.03.14,22:00,98.54,98.69,98.23,98.54,812
2016.03.15,16:00,97.35,97.97,96.85,96.86,761
2016.03.15,17:00,96.86,97.43,96.69,96.82,1016
2016.03.15,18:00,96.86,97.22,96.62,96.70,776
2016.03.15,19:00,96.70,96.95,96.61,96.84,825
2016.03.15,20:00,96.82,97.57,96.69,96.99,864
2016.03.15,21:00,97.01,97.33,96.74,96.89,614
2016.03.15,22:00,96.88,97.31,96.82,97.05,784
2016.03.16,16:00,95.93,97.17,95.75,96.58,649
2016.03.16,17:00,96.58,96.80,95.16,95.30,1262
2016.03.16,18:00,95.30,95.31,94.00,94.93,1082
2016.03.16,19:00,94.94,94.96,94.01,94.73,1085
2016.03.16,20:00,94.75,95.25,94.62,94.69,814
2016.03.16,21:00,94.69,95.70,94.66,95.02,1943
2016.03.16,22:00,95.07,95.95,95.07,95.51,1254
2016.03.17,16:00,95.11,96.74,95.01,96.62,809
2016.03.17,17:00,96.63,97.20,95.86,97.20,928
2016.03.17,18:00,97.21,97.22,96.38,96.69,1228
2016.03.17,19:00,96.70,97.54,96.49,97.36,847
2016.03.17,20:00,97.38,97.53,97.09,97.34,719
2016.03.17,21:00,97.34,97.49,96.81,96.97,1006
2016.03.17,22:00,96.97,97.19,96.78,96.95,1154
2016.03.18,16:00,96.83,97.66,96.46,97.55,760
2016.03.18,17:00,97.55,98.35,97.37,98.13,1392
2016.03.18,18:00,98.14,98.28,97.34,97.57,823
2016.03.18,19:00,97.57,97.79,97.13,97.60,750
2016.03.18,20:00,97.57,97.98,97.36,97.64,1106
2016.03.18,21:00,97.65,98.03,97.59,97.81,828
2016.03.18,22:00,97.79,98.28,97.79,98.19,1093
2016.03.21,16:00,98.00,99.99,97.89,99.37,871
2016.03.21,17:00,99.42,99.97,99.04,99.10,1528
2016.03.21,18:00,99.11,99.97,98.75,99.24,1285
2016.03.21,19:00,99.24,99.39,98.94,99.14,535
2016.03.21,20:00,99.14,99.47,99.01,99.27,573
2016.03.21,21:00,99.27,99.67,99.15,99.43,614
2016.03.21,22:00,99.47,99.47,98.95,99.12,808
2016.03.22,16:00,97.95,98.19,96.07,96.74,721
2016.03.22,17:00,96.76,97.74,96.76,97.67,1073
2016.03.22,18:00,97.67,97.97,97.44,97.52,1006
2016.03.22,19:00,97.55,98.32,97.30,98.31,685
2016.03.22,20:00,98.31,98.43,97.83,98.12,608
2016.03.22,21:00,98.13,98.28,97.84,97.84,558
2016.03.22,22:00,97.85,98.01,97.61,97.61,852
2016.03.23,16:00,96.96,97.07,96.03,96.73,1176
2016.03.23,17:00,96.76,96.76,95.26,95.85,1685
2016.03.23,18:00,95.84,96.11,95.48,96.03,1019
2016.03.23,19:00,96.05,96.76,95.91,96.76,752
2016.03.23,20:00,96.77,96.83,95.89,96.14,746
2016.03.23,21:00,96.14,96.49,95.70,95.89,682
2016.03.23,22:00,95.83,95.99,95.54,95.86,908
2016.03.24,16:00,95.03,95.48,93.63,94.22,872
2016.03.24,17:00,94.26,94.71,93.67,94.26,1106
2016.03.24,18:00,94.26,95.66,94.26,95.11,962
2016.03.24,19:00,95.11,95.47,94.98,95.11,1115
2016.03.24,20:00,95.11,95.22,94.87,95.00,562
2016.03.24,21:00,95.00,95.27,94.75,95.11,593
2016.03.24,22:00,95.12,95.44,95.01,95.39,617
2016.03.28,16:00,95.09,96.02,94.88,95.65,802
2016.03.28,17:00,95.65,96.62,95.42,95.75,987
2016.03.28,18:00,95.68,96.44,95.54,96.26,1118
2016.03.28,19:00,96.26,97.24,96.04,97.11,858
2016.03.28,20:00,97.11,97.28,96.87,97.17,605
2016.03.28,21:00,97.16,97.30,96.52,96.52,882
2016.03.28,22:00,96.58,97.06,96.25,96.27,1034
2016.03.29,16:00,95.59,97.12,95.34,96.71,842
2016.03.29,17:00,96.69,97.08,95.40,95.54,1250
2016.03.29,18:00,95.53,95.68,94.86,95.42,843
2016.03.29,19:00,95.42,96.20,94.94,95.91,1038
2016.03.29,20:00,95.93,96.10,95.59,95.93,800
2016.03.29,21:00,95.91,96.46,95.86,96.38,780
2016.03.29,22:00,96.38,96.77,96.14,96.33,966
2016.03.30,16:00,95.10,97.32,95.10,96.94,942
2016.03.30,17:00,96.93,97.31,95.94,97.25,1270
2016.03.30,18:00,97.23,97.27,96.11,96.58,1065
2016.03.30,19:00,96.58,97.08,96.28,96.50,991
2016.03.30,20:00,96.51,96.55,96.21,96.32,606
2016.03.30,21:00,96.34,97.05,96.32,96.97,515
2016.03.30,22:00,96.97,97.13,96.73,96.74,631
2016.03.31,16:00,96.17,97.07,95.75,96.05,775
2016.03.31,17:00,96.06,96.13,95.14,95.66,1226
2016.03.31,18:00,95.66,96.14,95.49,96.00,949
2016.03.31,19:00,95.98,96.38,95.70,96.35,767
2016.03.31,20:00,96.36,96.39,95.62,95.76,708
2016.03.31,21:00,95.76,96.28,95.52,96.19,1051
2016.03.31,22:00,96.19,96.52,95.99,96.33,1302
2016.04.01,16:00,94.88,95.46,94.36,94.84,554
2016.04.01,17:00,94.84,96.01,94.54,95.89,1604
2016.04.01,18:00,95.88,96.30,95.44,96.30,1401
2016.04.01,19:00,96.30,96.80,96.28,96.69,1275
2016.04.01,20:00,96.68,97.17,96.67,96.97,728
2016.04.01,21:00,96.98,97.06,96.59,96.86,663
2016.04.01,22:00,96.86,97.25,96.50,96.95,927
2016.04.04,16:00,96.44,97.17,96.31,96.70,755
2016.04.04,17:00,96.79,96.79,94.96,95.18,1094
2016.04.04,18:00,95.18,95.18,94.37,94.56,739
2016.04.04,19:00,94.56,94.93,94.07,94.07,519
2016.04.04,20:00,94.07,94.09,93.66,93.73,419
2016.04.04,21:00,93.75,93.79,93.38,93.72,578
2016.04.04,22:00,93.75,94.05,93.63,93.66,1067
2016.04.05,16:00,92.93,93.95,92.50,93.33,602
2016.04.05,17:00,93.32,93.91,93.01,93.38,1231
2016.04.05,18:00,93.46,93.96,93.35,93.60,710
2016.04.05,19:00,93.65,93.93,93.54,93.79,693
2016.04.05,20:00,93.77,94.72,93.65,94.53,890
2016.04.05,21:00,94.52,94.77,94.07,94.30,918
2016.04.05,22:00,94.36,94.38,93.66,93.80,1018
2016.04.06,16:00,93.48,95.18,93.48,95.18,749
2016.04.06,17:00,95.17,96.00,95.05,95.81,1461
2016.04.06,18:00,95.82,96.04,95.64,95.64,1121
2016.04.06,19:00,95.65,96.05,95.54,95.94,739
2016.04.06,20:00,95.96,96.09,95.30,95.33,618
2016.04.06,21:00,95.31,95.91,95.11,95.77,1184
2016.04.06,22:00,95.77,96.33,95.73,96.30,1147
2016.04.07,16:00,95.18,96.46,95.03,96.07,994
2016.04.07,17:00,96.07,96.09,94.82,94.96,1473
2016.04.07,18:00,94.98,95.13,94.22,94.66,1111
2016.04.07,19:00,94.70,94.91,94.48,94.70,1009
2016.04.07,20:00,94.76,94.93,94.35,94.40,878
2016.04.07,21:00,94.40,94.44,93.63,93.66,988
2016.04.07,22:00,93.66,94.37,93.65,94.35,1349
2016.04.08,16:00,94.09,94.23,91.96,92.51,1044
2016.04.08,17:00,92.51,92.58,91.40,91.91,1367
2016.04.08,18:00,91.95,92.62,91.52,91.86,1296
2016.04.08,19:00,91.87,92.07,91.26,91.39,830
2016.04.08,20:00,91.39,91.46,90.77,90.94,935
2016.04.08,21:00,90.94,90.96,90.38,90.70,803
2016.04.08,22:00,90.70,91.22,90.55,90.97,1281
2016.04.11,16:00,90.83,91.39,90.04,90.65,748
2016.04.11,17:00,90.72,91.57,90.59,90.79,1217
2016.04.11,18:00,90.79,91.71,90.66,91.18,1139
2016.04.11,19:00,91.17,91.27,90.88,91.07,836
2016.04.11,20:00,91.08,91.22,90.52,90.60,746
2016.04.11,21:00,90.63,90.96,90.49,90.96,1018
2016.04.11,22:00,90.97,90.99,90.34,90.45,1110
2016.04.12,16:00,90.44,90.95,89.52,90.12,837
2016.04.12,17:00,90.14,90.63,89.80,90.57,1503
2016.04.12,18:00,90.56,91.44,90.49,91.34,1509
2016.04.12,19:00,91.34,91.53,90.94,90.98,1287
2016.04.12,20:00,91.00,91.37,90.77,91.14,852
2016.04.12,21:00,91.13,91.45,90.97,91.45,1002
2016.04.12,22:00,91.45,91.63,90.82,90.91,1263
2016.04.13,16:00,91.01,92.85,91.01,92.26,753
2016.04.13,17:00,92.34,93.36,92.23,92.93,1611
2016.04.13,18:00,92.86,93.50,92.86,93.42,1223
2016.04.13,19:00,93.42,93.51,93.04,93.32,1215
2016.04.13,20:00,93.30,93.74,93.29,93.42,840
2016.04.13,21:00,93.42,93.88,93.31,93.60,833
2016.04.13,22:00,93.59,93.65,93.32,93.37,1415
2016.04.14,16:00,92.88,93.24,91.67,91.85,775
2016.04.14,17:00,91.83,92.56,91.75,92.40,952
2016.04.14,18:00,92.40,92.79,92.21,92.79,907
2016.04.14,19:00,92.79,92.88,92.47,92.61,753
2016.04.14,20:00,92.61,92.88,92.52,92.62,854
2016.04.14,21:00,92.61,92.85,92.51,92.84,591
2016.04.14,22:00,92.84,92.91,92.50,92.52,762
2016.04.15,16:00,90.83,92.63,90.83,92.50,681
2016.04.15,17:00,92.50,94.31,92.32,94.28,1126
2016.04.15,18:00,94.28,94.59,94.08,94.41,1004
2016.04.15,19:00,94.41,94.64,94.22,94.63,994
2016.04.15,20:00,94.59,94.62,94.39,94.44,598
2016.04.15,21:00,94.48,94.50,94.24,94.35,743
2016.04.15,22:00,94.34,94.55,94.26,94.29,814
2016.04.18,16:00,93.10,94.17,92.94,93.66,802
2016.04.18,17:00,93.62,94.31,93.40,94.25,1027
2016.04.18,18:00,94.20,95.11,94.20,94.87,944
2016.04.18,19:00,94.87,95.27,94.70,94.99,757
2016.04.18,20:00,94.97,95.29,94.90,95.08,544
2016.04.18,21:00,95.08,95.12,94.78,94.90,705
2016.04.18,22:00,94.91,95.21,94.91,94.99,769
2016.04.19,16:00,94.78,95.68,94.65,95.64,451
2016.04.19,17:00,95.60,95.74,94.49,94.65,1083
2016.04.19,18:00,94.65,94.94,94.49,94.64,753
2016.04.19,19:00,94.64,94.74,93.95,94.26,812
2016.04.19,20:00,94.24,94.87,94.09,94.83,649
2016.04.19,21:00,94.83,94.99,94.62,94.67,799
2016.04.19,22:00,94.67,94.92,94.51,94.56,885
2016.04.20,16:00,94.13,95.28,93.87,95.14,769
2016.04.20,17:00,95.14,95.64,94.34,94.86,1040
2016.04.20,18:00,94.86,95.00,94.66,94.73,566
2016.04.20,19:00,94.73,94.88,94.40,94.68,616
2016.04.20,20:00,94.71,95.11,94.66,95.08,528
2016.04.20,21:00,95.09,95.14,94.87,95.14,697
2016.04.20,22:00,95.15,95.15,94.75,94.77,884
2016.04.21,16:00,95.60,95.68,95.02,95.36,475
2016.04.21,17:00,95.39,95.39,94.44,95.04,1001
2016.04.21,18:00,95.13,95.17,94.29,94.36,767
2016.04.21,19:00,94.37,94.40,93.99,94.05,742
2016.04.21,20:00,94.05,94.29,94.03,94.14,604
2016.04.21,21:00,94.16,94.19,93.71,93.94,634
2016.04.21,22:00,93.94,94.20,93.80,94.06,660
2016.04.22,16:00,93.46,95.04,93.46,94.82,565
2016.04.22,17:00,94.73,94.81,93.34,93.44,1190
2016.04.22,18:00,93.44,93.85,93.16,93.85,917
2016.04.22,19:00,93.86,94.39,93.82,94.34,624
2016.04.22,20:00,94.34,94.41,93.91,94.24,678
2016.04.22,21:00,94.24,94.45,94.08,94.17,550
2016.04.22,22:00,94.18,94.18,93.87,94.00,769
2016.04.25,16:00,93.29,93.46,92.51,93.10,634
2016.04.25,17:00,93.18,93.61,93.03,93.44,1057
2016.04.25,18:00,93.43,93.69,93.05,93.47,834
2016.04.25,19:00,93.47,94.28,93.22,94.28,663
2016.04.25,20:00,94.28,94.39,94.07,94.18,723
2016.04.25,21:00,94.19,94.37,94.02,94.29,534
2016.04.25,22:00,94.31,94.38,94.12,94.34,846
2016.04.26,16:00,94.01,94.49,93.45,94.32,725
2016.04.26,17:00,94.11,94.68,93.37,93.37,1249
2016.04.26,18:00,93.39,94.04,93.12,93.92,996
2016.04.26,19:00,93.83,94.43,93.75,94.27,859
2016.04.26,20:00,94.27,94.45,93.92,94.38,852
2016.04.26,21:00,94.36,94.47,94.05,94.47,774
2016.04.26,22:00,94.48,94.87,94.27,94.76,1065
2016.04.27,16:00,94.11,95.13,93.91,94.80,522
2016.04.27,17:00,94.79,95.18,94.43,94.62,1241
2016.04.27,18:00,94.63,95.16,94.62,95.08,1099
2016.04.27,19:00,95.09,95.09,94.59,94.96,1039
2016.04.27,20:00,94.99,95.05,94.69,94.83,804
2016.04.27,21:00,94.81,95.17,94.43,94.89,1579
2016.04.27,22:00,94.91,95.17,94.85,95.00,1338
2016.04.28,16:00,93.30,94.98,93.30,94.75,568
2016.04.28,17:00,94.75,95.03,94.45,94.75,948
2016.04.28,18:00,94.77,95.17,94.66,95.05,1168
2016.04.28,19:00,95.05,95.90,94.85,95.83,711
2016.04.28,20:00,95.83,96.17,95.68,96.08,480
2016.04.28,21:00,96.08,96.15,95.43,95.43,553
2016.04.28,22:00,95.43,95.43,93.83,93.86,1286
2016.04.29,16:00,93.93,93.95,92.33,92.72,437
2016.04.29,17:00,92.68,93.03,91.92,92.83,1432
2016.04.29,18:00,92.84,93.25,91.95,92.09,1214
2016.04.29,19:00,92.11,92.46,91.85,92.12,925
2016.04.29,20:00,92.14,92.68,92.11,92.52,968
2016.04.29,21:00,92.52,92.80,92.34,92.52,968
2016.04.29,22:00,92.52,93.38,92.52,93.28,1324
2016.05.02,16:00,92.68,93.66,92.36,93.43,637
2016.05.02,17:00,93.43,93.93,93.04,93.38,1625
2016.05.02,18:00,93.31,94.02,93.22,93.85,1436
2016.05.02,19:00,93.85,94.84,93.64,94.82,1163
2016.05.02,20:00,94.82,95.46,94.82,95.12,816
2016.05.02,21:00,95.10,95.12,94.41,94.54,595
2016.05.02,22:00,94.54,95.21,94.54,95.12,659
2016.05.03,16:00,94.07,94.43,93.34,94.02,664
2016.05.03,17:00,94.06,94.13,93.21,93.44,1445
2016.05.03,18:00,93.44,95.02,93.24,94.90,1461
2016.05.03,19:00,94.90,95.15,94.41,94.54,984
2016.05.03,20:00,94.54,95.06,94.39,94.85,852
2016.05.03,21:00,94.85,94.87,94.19,94.50,963
2016.05.03,22:00,94.52,94.56,93.99,94.55,1222
2016.05.04,16:00,92.93,94.29,92.93,94.07,449
2016.05.04,17:00,94.07,94.80,93.51,93.94,1200
2016.05.04,18:00,93.93,94.06,93.06,93.31,898
2016.05.04,19:00,93.37,93.43,92.74,92.87,543
2016.05.04,20:00,92.87,93.11,92.58,92.93,629
2016.05.04,21:00,92.93,93.12,92.73,92.83,600
2016.05.04,22:00,92.84,93.01,92.62,92.97,795
2016.05.05,16:00,92.35,92.62,91.40,92.42,686
2016.05.05,17:00,92.37,92.68,91.59,91.61,1535
2016.05.05,18:00,91.65,91.77,90.95,91.33,1526
2016.05.05,19:00,91.34,91.86,91.14,91.79,1168
2016.05.05,20:00,91.79,91.79,90.99,91.04,996
2016.05.05,21:00,91.04,91.31,90.78,91.08,993
2016.05.05,22:00,91.08,91.24,90.83,90.97,1215
2016.05.06,16:00,90.00,91.00,89.84,90.06,644
2016.05.06,17:00,90.07,90.41,88.97,89.11,1567
2016.05.06,18:00,89.07,90.06,89.07,89.67,1254
2016.05.06,19:00,89.65,90.25,89.58,90.06,1036
2016.05.06,20:00,90.06,90.54,90.04,90.54,876
2016.05.06,21:00,90.55,90.82,90.21,90.23,890
2016.05.06,22:00,90.27,90.39,89.89,90.09,1053
2016.05.09,16:00,89.16,90.36,88.89,90.36,831
2016.05.09,17:00,90.36,90.59,89.55,90.34,1781
2016.05.09,18:00,90.34,90.47,89.79,90.33,1575
2016.05.09,19:00,90.34,90.67,90.13,90.38,1358
2016.05.09,20:00,90.38,90.42,89.87,90.17,1182
2016.05.09,21:00,90.17,90.42,89.92,90.38,908
2016.05.09,22:00,90.38,90.62,90.25,90.35,898
2016.05.10,16:00,87.08,90.13,87.08,89.75,791
2016.05.10,17:00,89.76,90.22,89.50,90.01,1318
2016.05.10,18:00,90.02,90.21,89.63,90.21,836
2016.05.10,19:00,90.21,90.24,89.90,90.21,815
2016.05.10,20:00,90.18,90.23,89.76,90.10,670
2016.05.10,21:00,90.11,90.20,89.59,89.62,919
2016.05.10,22:00,89.62,89.83,89.40,89.41,921
2016.05.11,16:00,86.48,86.87,83.54,84.33,1404
2016.05.11,17:00,84.32,85.02,83.66,84.67,2205
2016.05.11,18:00,84.68,84.98,84.27,84.38,1898
2016.05.11,19:00,84.39,85.54,84.36,85.42,1177
2016.05.11,20:00,85.43,85.85,85.24,85.69,1078
2016.05.11,21:00,85.69,85.70,84.70,85.03,1087
2016.05.11,22:00,85.05,85.06,84.35,84.41,1523
2016.05.12,16:00,88.40,89.86,84.72,85.85,2288
2016.05.12,17:00,85.82,86.16,83.89,85.20,2872
2016.05.12,18:00,85.20,86.07,84.52,85.64,1717
2016.05.12,19:00,85.64,87.35,85.55,87.14,1348
2016.05.12,20:00,87.14,87.39,86.31,86.86,1186
2016.05.12,21:00,86.82,87.59,86.53,86.99,1657
2016.05.12,22:00,86.99,87.21,86.61,86.82,1332
2016.05.13,16:00,85.03,87.45,84.43,86.04,1106
2016.05.13,17:00,86.04,88.22,85.79,88.03,2003
2016.05.13,18:00,88.03,88.16,86.25,86.40,2310
2016.05.13,19:00,86.40,87.09,86.05,86.27,1496
2016.05.13,20:00,86.27,86.41,85.66,85.93,1167
2016.05.13,21:00,85.92,86.32,85.65,85.76,1383
2016.05.13,22:00,85.76,85.76,85.31,85.37,1124
2016.05.16,16:00,85.41,86.40,85.20,85.90,942
2016.05.16,17:00,85.90,87.14,85.85,86.75,2103
2016.05.16,18:00,86.75,87.14,86.25,87.14,1759
2016.05.16,19:00,87.13,87.13,86.17,86.45,1877
2016.05.16,20:00,86.44,86.58,86.18,86.47,2256
2016.05.16,21:00,86.48,86.88,86.32,86.47,2496
2016.05.16,22:00,86.50,86.77,86.26,86.47,1965
2016.05.17,16:00,85.64,87.25,85.36,87.02,729
2016.05.17,17:00,87.02,89.45,86.60,89.31,1670
2016.05.17,18:00,89.27,89.85,88.79,88.93,1434
2016.05.17,19:00,88.98,88.98,88.21,88.73,839
2016.05.17,20:00,88.74,88.74,87.97,88.00,841
2016.05.17,21:00,88.01,88.22,87.54,87.59,1189
2016.05.17,22:00,87.60,88.05,87.49,88.05,1318
2016.05.18,16:00,86.63,87.60,86.42,87.39,791
2016.05.18,17:00,87.39,88.55,87.22,87.86,1248
2016.05.18,18:00,87.87,88.27,87.47,87.98,956
2016.05.18,19:00,87.96,88.56,87.94,88.53,879
2016.05.18,20:00,88.57,88.87,88.37,88.73,1662
2016.05.18,21:00,88.72,88.89,87.77,88.72,3031
2016.05.18,22:00,88.80,89.00,88.30,88.75,2251
2016.05.19,16:00,88.05,89.97,87.98,88.50,952
2016.05.19,17:00,88.50,89.27,87.95,88.00,1824
2016.05.19,18:00,88.05,88.31,87.62,88.04,1506
2016.05.19,19:00,88.02,88.29,87.60,87.79,1352
2016.05.19,20:00,87.77,88.42,87.72,88.25,1337
2016.05.19,21:00,88.23,88.61,88.10,88.51,1309
2016.05.19,22:00,88.52,89.07,88.40,89.00,1559
2016.05.20,16:00,88.90,90.99,88.63,90.56,907
2016.05.20,17:00,90.57,91.38,90.52,91.20,1385
2016.05.20,18:00,91.24,91.65,90.85,91.52,872
2016.05.20,19:00,91.52,91.82,91.08,91.79,609
2016.05.20,20:00,91.76,91.76,90.95,91.08,887
2016.05.20,21:00,91.09,91.68,91.04,91.51,748
2016.05.20,22:00,91.50,91.54,91.16,91.44,1029
2016.05.23,16:00,91.45,92.48,91.13,92.15,681
2016.05.23,17:00,92.16,93.12,92.16,92.83,1406
2016.05.23,18:00,92.88,93.18,92.39,92.83,1138
2016.05.23,19:00,92.83,93.07,92.76,92.95,742
2016.05.23,20:00,92.95,93.05,92.50,92.77,653
2016.05.23,21:00,92.78,93.13,92.69,92.92,716
2016.05.23,22:00,92.93,93.00,92.45,92.49,747
2016.05.24,16:00,91.93,93.03,91.93,92.70,643
2016.05.24,17:00,92.70,93.86,92.70,93.86,1464
2016.05.24,18:00,93.86,94.02,92.91,93.39,1090
2016.05.24,19:00,93.40,93.58,93.13,93.56,741
2016.05.24,20:00,93.57,93.86,93.42,93.42,804
2016.05.24,21:00,93.41,93.53,93.20,93.40,876
2016.05.24,22:00,93.40,93.65,93.36,93.46,946
2016.05.25,16:00,92.53,93.40,92.35,92.78,679
2016.05.25,17:00,92.78,93.82,92.74,93.72,1444
2016.05.25,18:00,93.73,94.10,93.41,93.63,785
2016.05.25,19:00,93.63,93.76,93.35,93.65,728
2016.05.25,20:00,93.65,94.36,93.65,94.28,944
2016.05.25,21:00,94.28,94.32,93.89,93.89,860
2016.05.25,22:00,93.88,94.04,93.63,93.76,892
2016.05.26,16:00,93.69,94.66,93.52,93.85,791
2016.05.26,17:00,93.85,94.39,93.60,93.73,1066
2016.05.26,18:00,93.67,94.25,93.48,94.06,1303
2016.05.26,19:00,94.06,94.28,93.79,93.82,822
2016.05.26,20:00,93.85,94.11,93.57,93.93,856
2016.05.26,21:00,93.87,94.10,93.65,93.72,871
2016.05.26,22:00,93.73,93.95,93.72,93.72,695
2016.05.27,16:00,93.28,93.68,93.05,93.45,417
2016.05.27,17:00,93.45,94.25,93.43,93.74,907
2016.05.27,18:00,93.80,94.06,93.37,93.66,879
2016.05.27,19:00,93.68,93.81,93.39,93.78,556
2016.05.27,20:00,93.78,93.89,93.38,93.68,747
2016.05.27,21:00,93.69,93.84,93.54,93.84,563
2016.05.27,22:00,93.83,94.01,93.66,94.00,620
2016.05.31,16:00,93.81,94.00,93.38,93.71,624
2016.05.31,17:00,93.71,93.95,93.15,93.51,894
2016.05.31,18:00,93.51,93.92,93.34,93.80,1043
2016.05.31,19:00,93.78,93.97,93.55,93.80,842
2016.05.31,20:00,93.77,94.22,93.74,94.06,660
2016.05.31,21:00,94.03,94.03,93.67,93.67,1035
2016.05.31,22:00,93.67,94.31,93.67,94.29,931
2016.06.01,16:00,92.38,94.20,92.37,93.86,807
2016.06.01,17:00,93.86,94.78,93.85,94.52,1593
2016.06.01,18:00,94.50,95.51,94.50,95.39,1169
2016.06.01,19:00,95.42,95.77,95.26,95.34,1123
2016.06.01,20:00,95.37,95.56,95.08,95.17,939
2016.06.01,21:00,95.16,95.50,94.86,95.48,1032
2016.06.01,22:00,95.48,95.49,95.26,95.28,1092
2016.06.02,16:00,93.92,96.07,93.92,95.88,545
2016.06.02,17:00,95.88,96.43,95.52,95.76,943
2016.06.02,18:00,95.78,96.02,95.38,95.98,828
2016.06.02,19:00,95.96,95.96,95.54,95.72,615
2016.06.02,20:00,95.72,95.90,95.48,95.90,617
2016.06.02,21:00,95.91,96.14,95.84,95.92,853
2016.06.02,22:00,95.95,96.42,95.91,96.40,858
2016.06.03,16:00,95.72,96.01,95.29,95.51,627
2016.06.03,17:00,95.48,95.53,94.95,95.16,1405
2016.06.03,18:00,95.16,95.68,94.87,95.66,1382
2016.06.03,19:00,95.66,95.69,95.10,95.12,1041
2016.06.03,20:00,95.13,95.60,95.04,95.58,978
2016.06.03,21:00,95.57,95.84,95.34,95.62,1228
2016.06.03,22:00,95.60,96.09,95.46,95.93,1264
2016.06.06,16:00,95.18,96.39,95.18,96.27,838
2016.06.06,17:00,96.25,97.26,96.21,96.83,1195
2016.06.06,18:00,96.82,97.07,96.37,96.71,1288
2016.06.06,19:00,96.70,96.93,96.35,96.36,1024
2016.06.06,20:00,96.39,97.06,96.23,96.91,1109
2016.06.06,21:00,96.90,96.93,96.56,96.60,1038
2016.06.06,22:00,96.59,96.68,96.06,96.09,1011
2016.06.07,16:00,86.43,89.80,85.96,88.75,1891
2016.06.07,17:00,88.74,92.37,88.63,91.64,3694
2016.06.07,18:00,91.66,95.55,90.78,95.34,3172
2016.06.07,19:00,95.34,96.00,94.15,94.17,2601
2016.06.07,20:00,94.17,94.43,93.25,93.26,1701
2016.06.07,21:00,93.26,94.59,93.26,94.29,2128
2016.06.07,22:00,94.29,94.65,93.86,93.98,2116
2016.06.08,16:00,93.43,94.34,93.31,93.49,801
2016.06.08,17:00,93.49,93.77,92.91,92.96,1571
2016.06.08,18:00,92.97,93.46,92.48,93.19,1463
2016.06.08,19:00,93.20,93.56,93.17,93.43,832
2016.06.08,20:00,93.44,93.61,93.32,93.61,782
2016.06.08,21:00,93.60,93.84,93.53,93.64,628
2016.06.08,22:00,93.63,93.98,93.62,93.73,583
2016.06.09,16:00,91.82,93.35,91.82,93.24,794
2016.06.09,17:00,93.27,93.74,92.96,93.56,1209
2016.06.09,18:00,93.58,94.78,93.43,94.76,1292
2016.06.09,19:00,94.76,96.17,94.76,96.15,1613
2016.06.09,20:00,96.15,96.15,94.99,95.25,1134
2016.06.09,21:00,95.25,96.17,95.23,95.83,1130
2016.06.09,22:00,95.81,96.21,95.63,96.05,1094
2016.06.10,16:00,93.60,95.69,93.60,95.32,845
2016.06.10,17:00,95.32,96.13,94.92,95.84,1285
2016.06.10,18:00,95.86,96.58,95.77,96.11,1174
2016.06.10,19:00,96.14,96.14,95.72,96.00,770
2016.06.10,20:00,96.01,96.29,96.00,96.20,624
2016.06.10,21:00,96.21,96.23,95.60,95.64,798
2016.06.10,22:00,95.64,96.01,95.43,95.81,922
2016.06.13,16:00,95.10,95.55,94.33,95.28,806
2016.06.13,17:00,95.29,95.88,94.96,95.62,1651
2016.06.13,18:00,95.62,95.79,94.40,94.75,1491
2016.06.13,19:00,94.73,95.04,94.40,94.77,1179
2016.06.13,20:00,94.76,94.88,94.08,94.11,986
2016.06.13,21:00,94.11,94.72,94.09,94.55,1128
2016.06.13,22:00,94.53,94.54,93.69,93.79,1248
2016.06.14,16:00,93.14,93.93,93.00,93.49,801
2016.06.14,17:00,93.50,93.50,91.57,91.82,1345
2016.06.14,18:00,91.81,92.04,91.12,91.26,1043
2016.06.14,19:00,91.27,92.07,91.08,91.09,974
2016.06.14,20:00,91.09,91.54,90.64,90.65,993
2016.06.14,21:00,90.70,91.65,90.70,90.94,1047
2016.06.14,22:00,90.95,91.52,90.87,91.39,1528
2016.06.15,16:00,91.37,93.70,91.37,93.43,915
2016.06.15,17:00,93.42,94.84,93.40,94.76,1604
2016.06.15,18:00,94.79,95.30,94.43,94.62,1343
2016.06.15,19:00,94.61,94.85,94.29,94.61,1130
2016.06.15,20:00,94.62,95.05,94.57,94.83,863
2016.06.15,21:00,94.83,94.97,94.29,94.78,1680
2016.06.15,22:00,94.74,94.90,94.28,94.42,1559
2016.06.16,16:00,93.85,93.96,93.03,93.13,598
2016.06.16,17:00,93.20,93.89,93.01,93.41,1209
2016.06.16,18:00,93.42,93.83,93.19,93.24,1158
2016.06.16,19:00,93.25,93.75,92.88,93.43,1052
2016.06.16,20:00,93.43,93.69,92.80,92.86,1321
2016.06.16,21:00,92.88,93.76,92.88,93.41,1222
2016.06.16,22:00,93.45,93.99,93.33,93.83,1575
2016.06.17,16:00,92.77,95.16,92.74,95.16,578
2016.06.17,17:00,95.16,95.92,94.96,95.71,1247
2016.06.17,18:00,95.71,95.84,95.13,95.44,1012
2016.06.17,19:00,95.46,95.64,95.23,95.34,558
2016.06.17,20:00,95.35,95.46,95.05,95.34,754
2016.06.17,21:00,95.35,95.68,95.21,95.53,811
2016.06.17,22:00,95.53,95.77,95.39,95.52,1128
2016.06.20,16:00,96.12,97.28,95.97,96.51,650
2016.06.20,17:00,96.51,97.42,96.50,97.22,1245
2016.06.20,18:00,97.22,97.67,96.67,96.95,1072
2016.06.20,19:00,96.95,97.09,96.34,96.43,843
2016.06.20,20:00,96.43,96.69,96.16,96.22,782
2016.06.20,21:00,96.24,96.35,95.56,95.90,962
2016.06.20,22:00,95.89,96.25,95.78,95.97,1302
2016.06.21,16:00,95.94,97.08,95.89,96.53,767
2016.06.21,17:00,96.55,97.91,96.02,97.66,1328
2016.06.21,18:00,97.64,98.41,97.43,97.52,1423
2016.06.21,19:00,97.55,97.55,97.07,97.31,848
2016.06.21,20:00,97.31,97.42,96.95,97.03,835
2016.06.21,21:00,97.02,97.23,96.81,96.90,1124
2016.06.21,22:00,96.90,97.27,96.88,97.12,1342
2016.06.22,16:00,96.94,97.37,96.88,97.16,492
2016.06.22,17:00,97.15,97.45,96.77,97.30,1308
2016.06.22,18:00,97.32,97.52,96.99,97.28,1148
2016.06.22,19:00,97.29,97.32,96.52,96.96,1198
2016.06.22,20:00,96.94,96.94,96.55,96.77,741
2016.06.22,21:00,96.76,96.87,96.49,96.62,837
2016.06.22,22:00,96.61,96.79,96.21,96.35,1146
2016.06.23,16:00,96.53,97.86,96.53,97.25,507
2016.06.23,17:00,97.25,97.32,96.38,97.09,1364
2016.06.23,18:00,97.10,97.35,96.93,97.08,1454
2016.06.23,19:00,97.10,97.17,96.78,97.01,566
2016.06.23,20:00,97.01,97.10,96.93,97.05,484
2016.06.23,21:00,97.03,97.03,96.63,96.96,822
2016.06.23,22:00,96.94,97.19,96.89,97.09,971
2016.06.24,16:00,92.33,93.63,92.33,92.80,621
2016.06.24,17:00,92.80,93.47,92.52,92.55,1552
2016.06.24,18:00,92.55,92.81,92.14,92.53,1104
2016.06.24,19:00,92.55,92.55,91.05,91.17,1361
2016.06.24,20:00,91.13,91.14,89.95,90.06,1433
2016.06.24,21:00,90.06,90.46,89.57,89.83,1511
2016.06.24,22:00,89.81,90.02,89.16,89.51,1744
2016.06.27,16:00,87.71,88.09,86.44,87.27,950
2016.06.27,17:00,87.27,87.44,85.55,85.58,2029
2016.06.27,18:00,85.60,86.66,85.49,86.43,1987
2016.06.27,19:00,86.42,86.81,86.25,86.67,1565
2016.06.27,20:00,86.67,86.80,86.15,86.45,1798
2016.06.27,21:00,86.45,87.01,86.32,86.50,1874
2016.06.27,22:00,86.53,87.39,86.49,87.37,2196
2016.06.28,16:00,88.02,88.90,87.92,88.23,601
2016.06.28,17:00,88.23,88.46,87.16,87.57,1458
2016.06.28,18:00,87.58,87.63,86.64,86.83,1218
2016.06.28,19:00,86.82,87.34,86.77,86.84,699
2016.06.28,20:00,86.85,86.96,86.49,86.58,845
2016.06.28,21:00,86.57,87.34,86.40,87.14,929
2016.06.28,22:00,87.14,87.78,87.14,87.67,1597
2016.06.29,16:00,87.83,89.19,87.83,89.08,611
2016.06.29,17:00,89.08,89.39,88.08,88.38,1509
2016.06.29,18:00,88.39,89.10,88.37,88.89,1122
2016.06.29,19:00,88.88,88.96,88.35,88.40,864
2016.06.29,20:00,88.37,88.70,88.18,88.60,576
2016.06.29,21:00,88.59,88.91,88.47,88.89,986
2016.06.29,22:00,88.90,89.02,88.52,88.62,1167
2016.06.30,16:00,88.24,88.82,88.10,88.56,429
2016.06.30,17:00,88.57,88.73,88.06,88.73,1487
2016.06.30,18:00,88.73,89.11,88.56,88.67,1202
2016.06.30,19:00,88.62,88.86,88.37,88.63,811
2016.06.30,20:00,88.65,88.84,88.43,88.78,789
2016.06.30,21:00,88.79,89.03,88.73,88.91,751
2016.06.30,22:00,88.95,89.31,88.75,89.27,1148
2016.07.01,16:00,88.87,90.70,88.87,90.70,742
2016.07.01,17:00,90.70,91.62,90.70,91.29,1321
2016.07.01,18:00,91.29,91.32,90.17,90.62,1164
2016.07.01,19:00,90.62,90.84,90.37,90.62,894
2016.07.01,20:00,90.57,90.67,90.17,90.49,794
2016.07.01,21:00,90.49,90.50,89.72,89.95,1071
2016.07.01,22:00,89.96,90.31,89.85,89.99,1294
2016.07.05,16:00,89.43,89.47,88.32,88.78,555
2016.07.05,17:00,88.78,88.80,87.96,88.16,897
2016.07.05,18:00,88.16,88.38,87.72,87.90,805
2016.07.05,19:00,87.91,88.43,87.91,88.37,617
2016.07.05,20:00,88.37,88.41,87.66,87.74,682
2016.07.05,21:00,87.75,87.98,87.47,87.67,761
2016.07.05,22:00,87.67,88.48,87.63,88.40,973
2016.07.06,16:00,87.73,88.30,87.12,88.08,512
2016.07.06,17:00,88.11,88.60,87.67,88.54,1298
2016.07.06,18:00,88.54,89.20,88.37,88.67,1027
2016.07.06,19:00,88.67,89.38,88.46,89.31,894
2016.07.06,20:00,89.31,89.78,89.31,89.38,796
2016.07.06,21:00,89.47,89.77,89.20,89.64,1248
2016.07.06,22:00,89.67,90.04,89.53,89.95,1410
2016.07.07,16:00,88.90,91.73,88.90,91.62,494
2016.07.07,17:00,91.64,92.05,90.98,91.45,1284
2016.07.07,18:00,91.43,91.60,90.88,91.41,1516
2016.07.07,19:00,91.41,91.74,91.08,91.50,1338
2016.07.07,20:00,91.51,91.65,91.05,91.50,1036
2016.07.07,21:00,91.50,91.60,90.98,91.34,1563
2016.07.07,22:00,91.33,91.85,91.27,91.62,1481
2016.07.08,16:00,92.33,93.65,92.09,93.10,807
2016.07.08,17:00,93.11,93.50,92.59,93.44,1392
2016.07.08,18:00,93.44,93.69,93.13,93.40,991
2016.07.08,19:00,93.40,93.49,93.04,93.20,905
2016.07.08,20:00,93.20,93.40,92.90,93.10,759
2016.07.08,21:00,93.10,93.42,93.01,93.25,733
2016.07.08,22:00,93.21,93.39,93.09,93.20,1038
2016.07.11,16:00,93.11,95.47,93.08,94.52,746
2016.07.11,17:00,94.56,95.35,94.06,95.35,1039
2016.07.11,18:00,95.35,96.16,95.25,95.94,788
2016.07.11,19:00,95.94,96.37,95.72,96.24,650
2016.07.11,20:00,96.22,96.29,95.55,95.90,793
2016.07.11,21:00,95.90,96.00,95.58,95.73,719
2016.07.11,22:00,95.74,95.94,95.71,95.85,965
2016.07.12,16:00,96.30,97.87,96.07,97.73,634
2016.07.12,17:00,97.73,98.41,97.54,97.91,1215
2016.07.12,18:00,97.87,98.39,97.75,98.12,1065
2016.07.12,19:00,98.14,98.15,97.84,97.94,798
2016.07.12,20:00,97.94,98.20,97.84,98.07,736
2016.07.12,21:00,98.07,98.48,98.07,98.35,731
2016.07.12,22:00,98.35,98.62,98.09,98.56,1247
2016.07.13,16:00,98.58,98.96,97.71,98.24,496
2016.07.13,17:00,98.25,98.90,98.18,98.50,1422
2016.07.13,18:00,98.52,98.52,97.80,98.31,1500
2016.07.13,19:00,98.27,98.33,97.90,98.16,982
2016.07.13,20:00,98.15,98.45,97.97,98.12,731
2016.07.13,21:00,98.11,98.48,98.07,98.31,997
2016.07.13,22:00,98.31,98.57,98.09,98.38,1254
2016.07.14,16:00,98.67,99.29,98.39,99.03,540
2016.07.14,17:00,99.14,99.49,98.58,99.01,1102
2016.07.14,18:00,99.02,99.28,98.46,98.70,735
2016.07.14,19:00,98.69,99.16,98.69,99.03,1053
2016.07.14,20:00,99.05,99.20,98.75,98.85,1038
2016.07.14,21:00,98.84,99.23,98.79,98.94,742
2016.07.14,22:00,98.94,99.18,98.78,98.90,779
2016.07.15,16:00,98.51,99.67,98.51,99.40,457
2016.07.15,17:00,99.30,99.62,98.97,99.30,1089
2016.07.15,18:00,99.26,99.32,98.61,98.68,798
2016.07.15,19:00,98.72,98.90,98.58,98.67,539
2016.07.15,20:00,98.66,98.81,98.58,98.70,527
2016.07.15,21:00,98.70,99.03,98.64,98.94,473
2016.07.15,22:00,98.93,99.00,98.68,98.85,698
2016.07.18,16:00,98.31,99.28,98.31,99.25,526
2016.07.18,17:00,99.27,99.86,99.13,99.76,776
2016.07.18,18:00,99.76,99.84,98.99,99.03,759
2016.07.18,19:00,99.03,99.15,98.73,98.98,738
2016.07.18,20:00,98.98,99.13,98.73,99.08,681
2016.07.18,21:00,99.08,99.20,98.91,99.07,561
2016.07.18,22:00,99.09,99.44,98.85,99.27,548
2016.07.19,16:00,98.37,98.78,98.07,98.47,601
2016.07.19,17:00,98.47,98.55,97.97,98.28,936
2016.07.19,18:00,98.28,98.75,98.06,98.22,959
2016.07.19,19:00,98.23,98.54,98.19,98.52,718
2016.07.19,20:00,98.52,98.52,98.16,98.32,579
2016.07.19,21:00,98.33,98.57,98.33,98.40,746
2016.07.19,22:00,98.39,98.68,98.34,98.60,814
2016.07.20,16:00,98.48,99.60,98.42,99.25,592
2016.07.20,17:00,99.22,100.08,99.06,99.89,819
2016.07.20,18:00,99.87,100.12,99.66,99.86,802
2016.07.20,19:00,99.85,100.13,99.67,99.95,532
2016.07.20,20:00,99.98,100.12,99.85,99.88,406
2016.07.20,21:00,99.90,100.12,99.84,99.93,530
2016.07.20,22:00,99.93,100.15,99.85,100.04,620
2016.07.21,16:00,99.68,100.81,99.66,99.70,543
2016.07.21,17:00,99.70,99.96,99.53,99.68,832
2016.07.21,18:00,99.70,99.77,99.00,99.04,821
2016.07.21,19:00,99.03,99.52,99.03,99.04,566
2016.07.21,20:00,99.02,99.31,98.92,98.92,556
2016.07.21,21:00,98.93,99.25,98.88,99.21,653
2016.07.21,22:00,99.21,99.21,98.84,99.06,683
2016.07.22,16:00,97.69,98.62,97.69,97.78,400
2016.07.22,17:00,97.79,98.25,97.23,98.15,911
2016.07.22,18:00,98.15,98.91,98.13,98.89,1077
2016.07.22,19:00,98.90,98.95,98.67,98.80,444
2016.07.22,20:00,98.80,98.96,98.72,98.86,363
2016.07.22,21:00,98.86,98.88,98.67,98.88,420
2016.07.22,22:00,98.89,98.97,98.70,98.84,562
2016.07.25,16:00,98.47,99.05,98.22,98.77,539
2016.07.25,17:00,98.73,99.40,98.19,99.22,905
2016.07.25,18:00,99.22,99.50,98.94,99.13,752
2016.07.25,19:00,99.12,99.86,99.12,99.57,558
2016.07.25,20:00,99.58,99.62,99.44,99.44,399
2016.07.25,21:00,99.44,99.79,99.43,99.68,480
2016.07.25,22:00,99.67,99.73,99.33,99.68,527
2016.07.26,16:00,99.38,100.90,99.38,100.38,516
2016.07.26,17:00,100.30,100.96,100.01,100.21,972
2016.07.26,18:00,100.19,100.95,99.90,100.81,1027
2016.07.26,19:00,100.81,100.89,100.30,100.37,862
2016.07.26,20:00,100.34,100.51,100.06,100.40,716
2016.07.26,21:00,100.38,100.53,100.14,100.37,777
2016.07.26,22:00,100.37,101.07,100.34,100.90,974
2016.07.27,16:00,100.21,100.50,98.76,99.94,689
2016.07.27,17:00,99.95,99.95,98.75,99.14,1083
2016.07.27,18:00,99.16,99.22,98.31,98.43,872
2016.07.27,19:00,98.43,98.76,98.14,98.29,888
2016.07.27,20:00,98.28,98.85,98.06,98.71,775
2016.07.27,21:00,98.71,99.29,98.27,99.22,1205
2016.07.27,22:00,99.20,99.52,99.12,99.26,1186
2016.07.28,16:00,98.84,98.86,98.07,98.37,600
2016.07.28,17:00,98.37,98.49,96.18,96.20,1056
2016.07.28,18:00,96.22,96.89,96.04,96.60,1121
2016.07.28,19:00,96.63,97.25,96.57,96.79,741
2016.07.28,20:00,96.82,97.06,96.61,97.00,701
2016.07.28,21:00,97.01,97.37,96.82,96.86,646
2016.07.28,22:00,96.85,97.31,96.85,97.00,769
2016.07.29,16:00,96.41,97.85,96.41,96.93,617
2016.07.29,17:00,96.93,97.16,96.38,97.12,1451
2016.07.29,18:00,97.12,97.61,97.07,97.40,1051
2016.07.29,19:00,97.36,97.92,97.28,97.60,1015
2016.07.29,20:00,97.60,97.94,97.50,97.90,1045
2016.07.29,21:00,97.89,98.00,97.64,97.85,963
2016.07.29,22:00,97.86,98.23,97.72,98.13,1097
2016.08.01,16:00,97.31,97.82,96.77,97.62,685
2016.08.01,17:00,97.60,98.43,97.34,97.65,1110
2016.08.01,18:00,97.61,97.99,96.89,96.90,650
2016.08.01,19:00,96.92,97.34,96.90,97.33,656
2016.08.01,20:00,97.35,97.84,97.10,97.81,649
2016.08.01,21:00,97.85,97.87,97.36,97.50,674
2016.08.01,22:00,97.50,97.76,97.33,97.49,906
2016.08.02,16:00,97.30,97.30,95.94,96.01,552
2016.08.02,17:00,96.01,96.04,94.35,94.49,1333
2016.08.02,18:00,94.49,94.82,93.95,94.00,1303
2016.08.02,19:00,94.00,94.41,93.84,94.23,1570
2016.08.02,20:00,94.24,94.26,93.64,93.65,889
2016.08.02,21:00,93.66,94.10,93.51,93.70,1058
2016.08.02,22:00,93.74,93.87,93.20,93.26,1675
2016.08.03,16:00,89.78,92.03,89.78,91.86,1086
2016.08.03,17:00,91.87,92.45,91.27,91.44,2013
2016.08.03,18:00,91.44,92.24,91.34,92.15,1877
2016.08.03,19:00,92.15,92.55,91.95,92.47,1982
2016.08.03,20:00,92.52,93.32,92.51,93.22,1238
2016.08.03,21:00,93.21,93.39,92.97,93.07,1178
2016.08.03,22:00,93.05,93.24,92.81,92.83,1162
2016.08.04,16:00,92.27,94.22,92.27,93.91,737
2016.08.04,17:00,93.91,94.67,93.74,94.53,905
2016.08.04,18:00,94.50,94.63,94.12,94.48,1216
2016.08.04,19:00,94.48,94.69,94.30,94.52,798
2016.08.04,20:00,94.50,94.70,94.37,94.68,616
2016.08.04,21:00,94.68,94.68,94.27,94.30,622
2016.08.04,22:00,94.29,94.39,93.99,94.07,756
2016.08.05,16:00,94.28,95.12,93.98,94.20,636
2016.08.05,17:00,94.19,95.06,93.92,94.97,1065
2016.08.05,18:00,94.97,95.69,94.89,95.50,917
2016.08.05,19:00,95.46,95.68,95.27,95.55,595
2016.08.05,20:00,95.55,95.78,95.48,95.69,720
2016.08.05,21:00,95.69,96.19,95.55,96.07,736
2016.08.05,22:00,96.11,96.38,95.80,95.95,1157
2016.08.08,16:00,95.84,97.41,95.70,96.20,677
2016.08.08,17:00,96.23,96.24,95.16,95.73,937
2016.08.08,18:00,95.75,96.10,95.27,95.74,929
2016.08.08,19:00,95.93,96.16,95.73,95.91,544
2016.08.08,20:00,95.91,96.12,95.72,95.90,784
2016.08.08,21:00,95.86,95.91,95.47,95.82,518
2016.08.08,22:00,95.81,95.86,95.43,95.85,631
2016.08.09,16:00,94.93,95.23,93.68,94.71,846
2016.08.09,17:00,94.71,95.49,94.49,94.96,1525
2016.08.09,18:00,94.97,95.25,94.85,95.17,1094
2016.08.09,19:00,95.18,95.37,94.86,94.90,909
2016.08.09,20:00,94.92,95.01,94.11,94.41,1137
2016.08.09,21:00,94.40,94.92,94.22,94.77,1364
2016.08.09,22:00,94.77,95.08,94.41,94.95,1447
2016.08.10,16:00,102.24,104.34,101.81,101.97,1776
2016.08.10,17:00,101.97,104.25,101.73,104.23,1858
2016.08.10,18:00,104.25,105.54,104.14,105.13,1683
2016.08.10,19:00,105.14,105.51,104.78,104.78,1113
2016.08.10,20:00,104.80,104.93,103.85,104.18,1016
2016.08.10,21:00,104.18,104.65,103.43,103.70,1120
2016.08.10,22:00,103.71,103.86,103.15,103.26,1262
2016.08.11,16:00,105.03,106.21,104.06,105.98,1220
2016.08.11,17:00,105.93,108.34,105.79,108.04,2285
2016.08.11,18:00,108.04,108.59,107.72,108.29,1418
2016.08.11,19:00,108.29,109.60,107.97,108.77,1769
2016.08.11,20:00,108.77,108.97,107.97,108.73,1258
2016.08.11,21:00,108.73,109.22,108.45,108.61,1226
2016.08.11,22:00,108.62,108.91,108.56,108.83,864
2016.08.12,16:00,107.63,108.74,107.63,108.32,804
2016.08.12,17:00,108.33,108.96,107.97,108.02,1744
2016.08.12,18:00,108.02,108.31,107.53,107.70,1192
2016.08.12,19:00,107.75,107.83,107.36,107.46,697
2016.08.12,20:00,107.45,107.72,107.07,107.72,664
2016.08.12,21:00,107.73,108.11,107.52,108.03,921
2016.08.12,22:00,108.02,108.20,107.86,108.07,845
2016.08.15,16:00,108.04,109.15,107.62,108.12,649
2016.08.15,17:00,108.13,109.53,108.13,108.91,1192
2016.08.15,18:00,108.91,109.35,108.46,108.73,864
2016.08.15,19:00,108.73,108.80,108.26,108.66,586
2016.08.15,20:00,108.66,109.00,108.56,108.89,701
2016.08.15,21:00,108.89,109.19,108.89,109.02,730
2016.08.15,22:00,109.04,109.33,108.97,109.03,923
2016.08.16,16:00,108.13,109.11,108.13,108.96,613
2016.08.16,17:00,108.96,109.07,108.68,108.71,1016
2016.08.16,18:00,108.71,109.07,108.69,108.98,875
2016.08.16,19:00,108.97,108.99,108.41,108.62,961
2016.08.16,20:00,108.61,108.79,108.38,108.71,871
2016.08.16,21:00,108.72,108.77,108.53,108.70,685
2016.08.16,22:00,108.69,108.99,108.53,108.94,683
2016.08.17,16:00,107.88,108.57,107.74,108.05,525
2016.08.17,17:00,108.05,108.32,107.58,107.73,1001
2016.08.17,18:00,107.75,108.04,107.32,107.72,897
2016.08.17,19:00,107.77,108.12,107.45,108.04,579
2016.08.17,20:00,108.04,108.17,107.69,107.78,378
2016.08.17,21:00,107.78,107.89,107.28,107.75,1148
2016.08.17,22:00,107.75,107.93,107.21,107.49,971
2016.08.18,16:00,107.11,108.11,106.94,107.71,713
2016.08.18,17:00,107.68,108.04,107.58,107.91,689
2016.08.18,18:00,107.91,107.99,107.67,107.73,484
2016.08.18,19:00,107.72,108.06,107.66,107.81,537
2016.08.18,20:00,107.84,108.20,107.69,108.16,457
2016.08.18,21:00,108.16,108.41,108.12,108.40,366
2016.08.18,22:00,108.41,108.52,108.29,108.38,432
2016.08.19,16:00,107.83,109.05,107.73,108.56,622
2016.08.19,17:00,108.55,109.00,108.53,108.57,1164
2016.08.19,18:00,108.56,108.91,108.34,108.83,1001
2016.08.19,19:00,108.83,108.90,108.29,108.39,862
2016.08.19,20:00,108.39,108.71,108.26,108.67,698
2016.08.19,21:00,108.59,108.90,108.45,108.80,811
2016.08.19,22:00,108.81,109.02,108.66,108.91,875
2016.08.22,16:00,107.93,108.75,107.69,107.89,545
2016.08.22,17:00,107.86,108.71,107.73,108.52,1227
2016.08.22,18:00,108.52,108.52,107.67,107.87,1128
2016.08.22,19:00,107.87,108.25,107.60,107.94,920
2016.08.22,20:00,107.98,108.16,107.49,108.00,1229
2016.08.22,21:00,108.00,108.08,107.69,108.01,965
2016.08.22,22:00,108.06,108.13,107.76,107.94,761
2016.08.23,16:00,107.68,108.99,107.68,108.17,653
2016.08.23,17:00,108.17,108.82,108.03,108.76,1369
2016.08.23,18:00,108.76,109.65,108.61,109.38,1159
2016.08.23,19:00,109.38,109.55,108.94,109.05,806
2016.08.23,20:00,109.05,109.59,109.04,109.59,663
2016.08.23,21:00,109.57,109.57,109.28,109.41,459
2016.08.23,22:00,109.40,109.43,108.96,109.06,555
2016.08.24,16:00,108.47,108.71,108.09,108.17,545
2016.08.24,17:00,108.19,108.71,107.77,108.05,1081
2016.08.24,18:00,108.06,108.40,107.72,107.85,1184
2016.08.24,19:00,107.86,108.29,107.79,108.24,1081
2016.08.24,20:00,108.25,108.33,107.83,107.91,639
2016.08.24,21:00,107.88,107.93,107.54,107.82,647
2016.08.24,22:00,107.84,107.88,107.49,107.71,987
2016.08.25,16:00,106.68,107.81,106.55,107.79,645
2016.08.25,17:00,107.79,107.88,107.41,107.66,1028
2016.08.25,18:00,107.66,108.01,107.34,107.55,880
2016.08.25,19:00,107.55,107.76,106.70,106.80,745
2016.08.25,20:00,106.79,107.03,106.30,106.54,818
2016.08.25,21:00,106.61,106.93,106.44,106.65,619
2016.08.25,22:00,106.66,107.15,106.66,107.00,829
2016.08.26,16:00,106.88,107.48,106.40,107.15,593
2016.08.26,17:00,107.12,108.12,106.92,107.04,1526
2016.08.26,18:00,107.13,107.53,106.63,106.92,1298
2016.08.26,19:00,106.92,106.92,106.10,106.39,1574
2016.08.26,20:00,106.42,106.74,106.20,106.33,779
2016.08.26,21:00,106.33,106.49,105.84,106.15,1061
2016.08.26,22:00,106.15,106.62,105.93,106.22,1417
2016.08.29,16:00,105.72,106.77,105.63,106.73,371
2016.08.29,17:00,106.73,107.20,106.51,106.55,580
2016.08.29,18:00,106.55,106.93,106.46,106.84,526
2016.08.29,19:00,106.84,107.07,106.66,107.00,412
2016.08.29,20:00,107.01,107.11,106.83,106.83,364
2016.08.29,21:00,106.79,106.84,106.08,106.21,518
2016.08.29,22:00,106.22,106.37,106.12,106.28,769
2016.08.30,16:00,105.03,105.46,104.47,104.94,600
2016.08.30,17:00,104.91,105.34,104.40,104.75,1144
2016.08.30,18:00,104.75,104.99,104.53,104.70,767
2016.08.30,19:00,104.71,104.86,104.56,104.59,595
2016.08.30,20:00,104.58,104.62,104.14,104.38,592
2016.08.30,21:00,104.37,104.46,104.13,104.39,656
2016.08.30,22:00,104.40,104.58,104.10,104.38,861
2016.08.31,16:00,103.53,104.68,103.53,104.18,525
2016.08.31,17:00,104.26,104.54,103.10,103.27,1465
2016.08.31,18:00,103.26,103.38,102.67,102.81,1194
2016.08.31,19:00,102.81,103.13,102.49,103.02,1268
2016.08.31,20:00,103.06,103.38,102.93,103.16,807
2016.08.31,21:00,103.16,103.59,103.13,103.34,972
2016.08.31,22:00,103.34,103.70,103.33,103.54,949
2016.09.01,16:00,103.13,104.12,102.78,102.79,782
2016.09.01,17:00,102.79,103.89,102.11,102.72,1688
2016.09.01,18:00,102.72,103.26,102.32,103.22,1236
2016.09.01,19:00,103.22,103.60,102.90,103.24,1092
2016.09.01,20:00,103.27,103.47,103.17,103.18,623
2016.09.01,21:00,103.21,103.25,102.83,102.98,921
2016.09.01,22:00,102.96,103.33,102.80,103.29,1125
2016.09.02,16:00,103.28,103.91,102.53,102.81,983
2016.09.02,17:00,102.87,104.22,102.71,103.76,2054
2016.09.02,18:00,103.76,104.09,103.44,103.73,1399
2016.09.02,19:00,103.73,103.91,103.43,103.55,1111
2016.09.02,20:00,103.55,103.64,103.05,103.26,1196
2016.09.02,21:00,103.26,103.57,103.19,103.41,890
2016.09.02,22:00,103.42,103.47,103.10,103.24,1214
2016.09.06,16:00,102.73,103.65,102.54,102.70,841
2016.09.06,17:00,102.70,102.86,101.57,102.01,1652
2016.09.06,18:00,101.99,102.54,101.83,102.51,1312
2016.09.06,19:00,102.48,102.62,102.06,102.41,1269
2016.09.06,20:00,102.41,102.66,102.13,102.57,891
2016.09.06,21:00,102.57,102.65,102.33,102.51,1037
2016.09.06,22:00,102.51,102.51,102.19,102.43,727
2016.09.07,16:00,102.55,102.90,102.18,102.58,805
2016.09.07,17:00,102.58,102.87,101.89,102.47,1355
2016.09.07,18:00,102.51,103.30,102.06,103.28,1009
2016.09.07,19:00,103.29,103.59,103.06,103.48,1013
2016.09.07,20:00,103.48,104.32,103.46,104.18,1136
2016.09.07,21:00,104.19,104.60,104.06,104.50,736
2016.09.07,22:00,104.50,104.79,104.37,104.69,922
2016.09.08,16:00,103.73,104.52,102.83,103.07,761
2016.09.08,17:00,103.07,103.40,102.31,102.56,1396
2016.09.08,18:00,102.59,103.05,102.49,102.73,686
2016.09.08,19:00,102.73,102.84,102.55,102.80,430
2016.09.08,20:00,102.82,102.90,102.60,102.84,435
2016.09.08,21:00,102.85,103.03,102.74,103.02,639
2016.09.08,22:00,103.03,103.03,102.74,102.81,857
2016.09.09,16:00,102.33,102.33,101.31,101.70,841
2016.09.09,17:00,101.70,101.81,100.58,100.96,1296
2016.09.09,18:00,100.96,101.54,100.93,101.21,997
2016.09.09,19:00,101.07,101.59,101.02,101.18,1035
2016.09.09,20:00,101.27,101.27,100.56,100.75,640
2016.09.09,21:00,100.75,101.13,100.26,101.03,1796
2016.09.09,22:00,101.03,101.09,100.63,101.00,2474
2016.09.12,16:00,100.04,100.87,99.58,99.99,751
2016.09.12,17:00,99.98,100.69,99.96,100.40,1788
2016.09.12,18:00,100.39,101.11,100.18,100.84,1265
2016.09.12,19:00,100.86,101.08,100.73,100.78,692
2016.09.12,20:00,100.79,101.20,100.33,100.88,1887
2016.09.12,21:00,100.86,101.73,100.86,101.58,1441
2016.09.12,22:00,101.57,101.93,101.55,101.65,1520
2016.09.13,16:00,100.41,101.81,100.41,100.95,1123
2016.09.13,17:00,100.94,101.23,100.37,100.62,2382
2016.09.13,18:00,100.62,100.83,99.96,100.21,1790
2016.09.13,19:00,100.24,100.57,99.88,100.15,1920
2016.09.13,20:00,100.12,100.83,99.87,100.10,2621
2016.09.13,21:00,100.06,100.25,99.79,99.96,1486
2016.09.13,22:00,99.92,100.84,99.68,100.74,3178
2016.09.14,16:00,100.15,100.64,99.09,99.91,849
2016.09.14,17:00,99.91,100.47,99.68,100.01,2098
2016.09.14,18:00,100.01,100.58,99.81,100.50,1979
2016.09.14,19:00,100.53,100.64,99.95,100.32,1972
2016.09.14,20:00,100.17,100.32,99.66,99.89,1656
2016.09.14,21:00,99.89,99.99,99.55,99.64,1374
2016.09.14,22:00,99.66,99.84,99.18,99.79,1731
2016.09.15,16:00,98.56,99.71,98.41,98.84,1168
2016.09.15,17:00,98.84,99.62,98.66,99.50,1533
2016.09.15,18:00,99.48,100.21,99.48,99.52,1506
2016.09.15,19:00,99.55,99.62,99.17,99.33,1048
2016.09.15,20:00,99.34,99.70,99.15,99.70,1214
2016.09.15,21:00,99.70,99.99,99.56,99.89,1240
2016.09.15,22:00,99.90,100.09,99.69,99.94,1422
2016.09.16,16:00,99.35,99.75,99.04,99.75,947
2016.09.16,17:00,99.75,99.76,99.02,99.49,1312
2016.09.16,18:00,99.45,99.99,99.29,99.90,881
2016.09.16,19:00,99.90,100.15,99.84,99.98,1161
2016.09.16,20:00,99.98,100.18,99.61,99.77,951
2016.09.16,21:00,99.78,100.06,99.67,99.82,813
2016.09.16,22:00,99.84,100.13,99.77,100.10,781
2016.09.19,16:00,99.83,100.66,99.38,100.66,665
2016.09.19,17:00,100.72,100.73,99.79,99.88,1037
2016.09.19,18:00,99.79,100.83,99.76,100.78,800
2016.09.19,19:00,100.78,100.88,100.31,100.31,576
2016.09.19,20:00,100.31,100.31,99.57,99.90,1146
2016.09.19,21:00,99.90,100.24,99.86,100.24,982
2016.09.19,22:00,100.24,100.25,99.76,100.06,1370
2016.09.20,16:00,99.87,100.60,99.73,100.12,996
2016.09.20,17:00,100.12,100.29,99.15,99.34,1685
2016.09.20,18:00,99.34,99.44,98.86,98.88,1166
2016.09.20,19:00,98.89,99.03,98.52,98.56,1022
2016.09.20,20:00,98.57,98.83,98.43,98.77,1001
2016.09.20,21:00,98.74,99.05,98.57,98.64,1239
2016.09.20,22:00,98.65,99.06,98.55,98.93,1229
2016.09.21,16:00,98.10,99.40,98.01,98.99,813
2016.09.21,17:00,99.00,99.13,98.61,98.65,1261
2016.09.21,18:00,98.66,98.82,98.33,98.81,1421
2016.09.21,19:00,98.81,98.93,98.20,98.47,1078
2016.09.21,20:00,98.50,98.60,97.89,98.09,904
2016.09.21,21:00,97.90,98.76,97.83,98.69,2519
2016.09.21,22:00,98.69,99.27,98.46,99.02,1706
2016.09.22,16:00,98.99,100.25,98.99,99.92,727
2016.09.22,17:00,99.92,99.97,99.29,99.46,1172
2016.09.22,18:00,99.50,99.59,98.84,98.89,950
2016.09.22,19:00,98.89,99.02,98.72,98.88,748
2016.09.22,20:00,98.91,99.12,98.75,98.84,763
2016.09.22,21:00,98.86,99.08,98.62,98.84,1158
2016.09.22,22:00,98.82,99.12,98.75,99.03,1094
2016.09.23,16:00,98.21,100.13,98.14,99.99,690
2016.09.23,17:00,99.91,100.20,99.77,100.03,1555
2016.09.23,18:00,100.05,100.22,99.54,99.81,1484
2016.09.23,19:00,99.78,99.90,99.59,99.76,1366
2016.09.23,20:00,99.81,100.04,99.51,99.86,913
2016.09.23,21:00,99.86,99.94,99.54,99.88,866
2016.09.23,22:00,99.87,99.98,99.76,99.96,969
2016.09.26,16:00,98.28,99.11,98.22,98.33,665
2016.09.26,17:00,98.33,98.60,98.07,98.07,1223
2016.09.26,18:00,98.07,98.10,97.13,97.24,1011
2016.09.26,19:00,97.21,97.35,96.97,97.14,632
2016.09.26,20:00,97.15,97.18,96.57,96.70,743
2016.09.26,21:00,96.69,97.21,96.67,96.93,919
2016.09.26,22:00,96.93,96.94,96.40,96.60,1009
2016.09.27,16:00,96.00,96.86,96.00,96.86,841
2016.09.27,17:00,96.88,97.13,96.48,96.92,1379
2016.09.27,18:00,96.92,97.15,96.77,96.88,702
2016.09.27,19:00,96.88,97.12,96.73,97.01,703
2016.09.27,20:00,97.03,97.37,96.97,97.30,583
2016.09.27,21:00,97.29,97.86,97.22,97.71,727
2016.09.27,22:00,97.72,97.97,97.64,97.86,833
2016.09.28,16:00,96.97,98.16,96.63,98.16,587
2016.09.28,17:00,98.17,98.43,97.33,97.49,1014
2016.09.28,18:00,97.49,97.56,97.05,97.37,830
2016.09.28,19:00,97.38,97.43,97.05,97.20,956
2016.09.28,20:00,97.21,97.51,96.99,97.34,776
2016.09.28,21:00,97.34,98.08,97.27,97.99,686
2016.09.28,22:00,97.99,97.99,97.59,97.89,974
2016.09.29,16:00,97.72,99.55,97.27,99.55,556
2016.09.29,17:00,99.57,100.29,99.22,100.17,1125
2016.09.29,18:00,100.09,100.15,99.40,100.06,1170
2016.09.29,19:00,100.07,100.39,99.97,100.30,1395
2016.09.29,20:00,100.30,100.30,99.49,99.65,2113
2016.09.29,21:00,99.63,100.24,99.45,100.11,1774
2016.09.29,22:00,100.11,100.23,99.70,99.79,2296
2016.09.30,16:00,100.00,100.74,99.93,100.25,932
2016.09.30,17:00,100.26,100.58,100.03,100.57,1308
2016.09.30,18:00,100.57,101.59,100.44,101.23,1051
2016.09.30,19:00,101.23,101.69,101.23,101.42,751
2016.09.30,20:00,101.37,101.83,101.29,101.79,760
2016.09.30,21:00,101.81,101.82,101.33,101.45,1026
2016.09.30,22:00,101.46,101.61,101.08,101.14,1042
2016.10.03,16:00,100.23,100.70,100.03,100.55,524
2016.10.03,17:00,100.55,101.90,100.41,101.84,1222
2016.10.03,18:00,101.84,101.85,101.54,101.66,780
2016.10.03,19:00,101.60,101.82,101.30,101.47,1069
2016.10.03,20:00,101.47,101.51,101.16,101.19,792
2016.10.03,21:00,101.20,101.31,100.87,101.05,684
2016.10.03,22:00,101.05,101.18,100.79,101.07,835
2016.10.04,16:00,100.45,100.88,99.98,100.51,968
2016.10.04,17:00,100.55,101.20,100.14,101.00,1651
2016.10.04,18:00,101.00,101.07,100.32,100.74,1769
2016.10.04,19:00,100.73,100.80,100.13,100.29,1760
2016.10.04,20:00,100.30,100.33,99.88,100.08,1089
2016.10.04,21:00,100.08,100.29,99.97,100.02,1042
2016.10.04,22:00,100.01,100.35,100.00,100.33,1256
2016.10.05,16:00,100.16,100.70,99.97,100.43,695
2016.10.05,17:00,100.43,101.31,100.35,100.90,1059
2016.10.05,18:00,100.87,100.91,100.53,100.57,938
2016.10.05,19:00,100.57,100.63,100.25,100.26,653
2016.10.05,20:00,100.27,100.32,100.00,100.03,564
2016.10.05,21:00,100.03,100.24,99.92,100.24,468
2016.10.05,22:00,100.25,100.27,99.74,99.77,831
2016.10.06,16:00,100.16,100.61,99.80,100.17,734
2016.10.06,17:00,100.19,100.79,100.08,100.52,1351
2016.10.06,18:00,100.58,101.47,100.49,101.34,1205
2016.10.06,19:00,101.35,101.67,101.17,101.63,808
2016.10.06,20:00,101.63,101.76,101.44,101.54,637
2016.10.06,21:00,101.54,101.62,100.97,101.07,640
2016.10.06,22:00,101.08,101.47,101.06,101.35,790
2016.10.07,16:00,103.56,104.03,102.96,103.42,771
2016.10.07,17:00,103.47,104.24,103.21,104.24,1538
2016.10.07,18:00,104.24,104.51,103.38,103.39,1553
2016.10.07,19:00,103.40,103.76,102.57,102.66,1501
2016.10.07,20:00,102.67,103.41,102.59,103.20,1270
2016.10.07,21:00,103.20,103.26,102.98,103.07,1024
2016.10.07,22:00,103.08,103.12,102.79,102.96,989
2016.10.10,16:00,103.08,104.62,103.02,104.36,792
2016.10.10,17:00,104.36,104.62,103.98,104.37,1050
2016.10.10,18:00,104.37,104.38,103.56,103.64,1113
2016.10.10,19:00,103.64,103.73,103.30,103.35,891
2016.10.10,20:00,103.36,103.81,103.32,103.59,613
2016.10.10,21:00,103.60,103.60,103.17,103.20,466
2016.10.10,22:00,103.21,103.69,103.18,103.63,638
2016.10.11,16:00,103.40,104.20,103.21,103.55,661
2016.10.11,17:00,103.55,103.59,103.04,103.11,957
2016.10.11,18:00,103.13,103.19,102.64,102.89,854
2016.10.11,19:00,102.95,103.38,102.81,103.24,593
2016.10.11,20:00,103.24,103.30,102.30,102.39,753
2016.10.11,21:00,102.41,102.54,102.01,102.34,1017
2016.10.11,22:00,102.34,102.53,102.18,102.32,834
2016.10.12,16:00,102.00,102.11,101.52,101.89,612
2016.10.12,17:00,101.91,102.36,101.69,101.77,739
2016.10.12,18:00,101.80,102.10,101.71,101.88,550
2016.10.12,19:00,101.90,102.02,101.75,101.78,326
2016.10.12,20:00,101.79,101.84,101.50,101.76,358
2016.10.12,21:00,101.77,101.89,101.41,101.48,706
2016.10.12,22:00,101.46,101.79,101.38,101.68,818
2016.10.13,16:00,101.00,101.00,98.52,98.82,781
2016.10.13,17:00,98.80,98.90,97.92,98.36,1448
2016.10.13,18:00,98.36,98.74,98.07,98.63,1259
2016.10.13,19:00,98.62,99.03,98.48,98.70,941
2016.10.13,20:00,98.69,99.06,98.42,99.06,868
2016.10.13,21:00,99.06,100.30,98.85,100.26,924
2016.10.13,22:00,100.28,100.45,99.56,99.59,958
2016.10.14,16:00,99.63,100.64,99.42,100.26,680
2016.10.14,17:00,100.26,100.81,99.73,99.73,1140
2016.10.14,18:00,99.86,99.86,99.01,99.15,1021
2016.10.14,19:00,99.16,99.22,98.67,98.76,829
2016.10.14,20:00,98.72,98.75,98.08,98.21,1852
2016.10.14,21:00,98.21,98.24,97.47,97.47,1338
2016.10.14,22:00,97.55,97.81,97.44,97.55,1123
2016.10.17,16:00,96.88,97.68,96.88,97.51,760
2016.10.17,17:00,97.52,97.83,97.03,97.15,751
2016.10.17,18:00,97.16,97.53,97.11,97.24,689
2016.10.17,19:00,97.25,97.65,97.10,97.43,594
2016.10.17,20:00,97.44,97.54,97.19,97.33,749
2016.10.17,21:00,97.34,97.52,97.17,97.35,862
2016.10.17,22:00,97.38,97.44,97.13,97.18,874
2016.10.18,16:00,97.59,98.20,97.37,97.53,503
2016.10.18,17:00,97.57,97.88,97.13,97.84,815
2016.10.18,18:00,97.83,97.99,97.52,97.84,748
2016.10.18,19:00,97.84,97.90,97.58,97.74,563
2016.10.18,20:00,97.74,98.02,97.56,97.87,639
2016.10.18,21:00,97.89,97.94,97.66,97.71,552
2016.10.18,22:00,97.72,97.89,97.60,97.63,564
2016.10.19,16:00,97.35,98.77,97.35,98.52,577
2016.10.19,17:00,98.57,99.12,98.12,99.12,795
2016.10.19,18:00,99.11,99.30,98.83,98.86,560
2016.10.19,19:00,98.86,99.17,98.83,98.92,474
2016.10.19,20:00,98.95,99.04,98.79,98.89,315
2016.10.19,21:00,98.89,99.02,98.89,98.93,255
2016.10.19,22:00,98.92,99.16,98.92,99.00,547
2016.10.20,16:00,98.50,98.50,97.80,97.95,454
2016.10.20,17:00,97.95,98.08,97.23,97.47,725
2016.10.20,18:00,97.47,97.52,97.08,97.16,591
2016.10.20,19:00,97.17,97.65,97.12,97.42,571
2016.10.20,20:00,97.40,97.48,97.14,97.24,566
2016.10.20,21:00,97.24,97.59,97.08,97.48,659
2016.10.20,22:00,97.48,97.73,97.40,97.66,830
2016.10.21,16:00,96.26,96.42,94.88,95.10,737
2016.10.21,17:00,95.10,95.93,94.89,95.84,858
2016.10.21,18:00,95.82,96.00,95.31,95.87,1020
2016.10.21,19:00,95.87,95.98,95.51,95.85,621
2016.10.21,20:00,95.85,96.35,95.58,96.25,854
2016.10.21,21:00,96.25,96.30,96.11,96.21,583
2016.10.21,22:00,96.21,96.77,96.13,96.72,855
2016.10.24,16:00,94.99,98.15,94.91,98.12,593
2016.10.24,17:00,98.09,98.21,97.38,97.74,685
2016.10.24,18:00,97.78,98.14,97.48,97.97,757
2016.10.24,19:00,97.94,98.09,97.68,98.05,640
2016.10.24,20:00,98.03,98.10,97.74,98.10,444
2016.10.24,21:00,98.10,98.71,98.06,98.57,498
2016.10.24,22:00,98.59,98.81,98.52,98.56,662
2016.10.25,16:00,96.42,97.42,96.00,97.34,708
2016.10.25,17:00,97.31,97.31,96.50,96.91,1036
2016.10.25,18:00,96.91,97.13,96.68,96.92,646
2016.10.25,19:00,96.92,97.96,96.88,97.77,558
2016.10.25,20:00,97.79,98.70,97.75,98.59,914
2016.10.25,21:00,98.58,98.88,98.34,98.41,860
2016.10.25,22:00,98.46,98.46,97.58,97.70,683
2016.10.26,16:00,96.74,98.57,96.74,98.57,695
2016.10.26,17:00,98.57,98.78,97.84,98.69,972
2016.10.26,18:00,98.69,99.04,98.49,98.49,884
2016.10.26,19:00,98.48,98.57,98.29,98.46,689
2016.10.26,20:00,98.41,98.49,98.04,98.26,787
2016.10.26,21:00,98.28,98.28,97.81,98.05,941
2016.10.26,22:00,98.05,98.21,97.87,98.04,667
2016.10.27,16:00,97.87,98.42,97.37,98.19,673
2016.10.27,17:00,98.19,98.51,97.75,98.02,1005
2016.10.27,18:00,97.88,98.64,97.86,98.64,1126
2016.10.27,19:00,98.64,98.69,97.60,97.91,1005
2016.10.27,20:00,97.91,98.28,97.80,98.11,964
2016.10.27,21:00,98.11,98.11,97.45,97.55,741
2016.10.27,22:00,97.55,97.74,97.35,97.73,877
2016.10.28,16:00,97.91,99.37,97.91,98.70,616
2016.10.28,17:00,98.70,99.80,98.35,99.50,881
2016.10.28,18:00,99.50,100.10,99.42,99.68,902
2016.10.28,19:00,99.68,99.87,99.43,99.65,831
2016.10.28,20:00,99.65,99.72,98.23,98.25,1987
2016.10.28,21:00,98.25,98.74,98.18,98.64,1866
2016.10.28,22:00,98.63,98.73,98.00,98.18,1488
2016.10.31,16:00,98.14,98.14,97.44,97.47,565
2016.10.31,17:00,97.46,98.02,97.44,97.65,901
2016.10.31,18:00,97.65,98.41,97.65,98.30,768
2016.10.31,19:00,98.31,98.35,97.97,98.16,489
2016.10.31,20:00,98.16,98.19,98.00,98.06,395
2016.10.31,21:00,98.09,98.15,97.80,98.01,493
2016.10.31,22:00,97.99,98.25,97.87,98.12,661
2016.11.01,16:00,97.89,99.43,97.76,98.46,686
2016.11.01,17:00,98.62,100.38,98.60,100.36,1187
2016.11.01,18:00,100.36,100.36,99.15,99.18,1180
2016.11.01,19:00,99.18,99.30,98.48,98.53,768
2016.11.01,20:00,98.51,98.57,97.90,97.96,820
2016.11.01,21:00,97.94,98.16,97.25,97.75,1401
2016.11.01,22:00,97.75,98.57,97.55,98.53,1411
2016.11.02,16:00,97.50,98.82,97.42,98.60,563
2016.11.02,17:00,98.55,98.91,98.32,98.57,1294
2016.11.02,18:00,98.58,99.18,98.08,98.23,1022
2016.11.02,19:00,98.25,98.37,97.88,98.00,1012
2016.11.02,20:00,97.98,98.18,97.27,98.03,1181
2016.11.02,21:00,98.03,98.19,97.16,97.44,1804
2016.11.02,22:00,97.44,97.89,97.40,97.69,1276
2016.11.03,16:00,97.46,98.11,97.46,97.97,619
2016.11.03,17:00,97.97,98.00,97.31,97.64,1303
2016.11.03,18:00,97.58,98.18,97.57,97.68,808
2016.11.03,19:00,97.71,97.93,97.17,97.45,1236
2016.11.03,20:00,97.54,97.74,97.31,97.57,1045
2016.11.03,21:00,97.58,98.16,97.44,98.09,987
2016.11.03,22:00,98.09,98.09,97.34,97.51,1159
2016.11.04,16:00,97.64,98.74,97.46,98.21,1048
2016.11.04,17:00,98.22,98.84,97.97,98.76,1097
2016.11.04,18:00,98.76,99.15,98.52,99.05,873
2016.11.04,19:00,99.05,100.00,99.00,99.86,811
2016.11.04,20:00,99.91,99.95,99.28,99.39,479
2016.11.04,21:00,99.41,99.43,98.73,98.90,707
2016.11.04,22:00,98.91,98.95,98.06,98.43,1142
2016.11.07,16:00,100.01,100.23,99.40,99.70,587
2016.11.07,17:00,99.70,100.17,99.57,99.95,821
2016.11.07,18:00,99.95,100.18,99.76,100.11,766
2016.11.07,19:00,100.11,100.21,99.72,99.80,730
2016.11.07,20:00,99.81,99.89,99.61,99.76,908
2016.11.07,21:00,99.76,99.83,99.25,99.48,913
2016.11.07,22:00,99.48,99.85,99.16,99.74,1019
2016.11.08,16:00,98.68,99.89,97.61,98.77,648
2016.11.08,17:00,98.78,98.83,98.07,98.15,655
2016.11.08,18:00,98.15,99.39,98.11,99.38,635
2016.11.08,19:00,99.38,99.48,98.88,98.95,650
2016.11.08,20:00,98.96,99.07,98.44,98.62,897
2016.11.08,21:00,98.64,98.98,98.36,98.45,703
2016.11.08,22:00,98.44,99.09,98.39,98.71,960
2016.11.09,16:00,96.26,98.48,95.60,97.98,1021
2016.11.09,17:00,98.04,98.38,97.27,97.99,1597
2016.11.09,18:00,98.00,100.21,97.85,99.79,1564
2016.11.09,19:00,99.79,101.42,99.52,101.42,1252
2016.11.09,20:00,101.43,102.55,101.12,102.28,1343
2016.11.09,21:00,102.29,102.40,101.52,102.00,1631
2016.11.09,22:00,102.01,102.72,101.88,102.45,1810
2016.11.10,16:00,102.52,109.96,102.49,107.10,1275
2016.11.10,17:00,107.08,107.63,103.75,104.72,1787
2016.11.10,18:00,104.74,107.91,104.14,106.69,1104
2016.11.10,19:00,106.82,108.01,105.78,106.58,974
2016.11.10,20:00,106.58,107.15,106.20,106.37,966
2016.11.10,21:00,106.37,106.78,106.05,106.33,852
2016.11.10,22:00,106.33,106.56,105.55,105.76,1176
2016.11.11,16:00,106.30,106.52,103.69,105.06,1239
2016.11.11,17:00,105.16,107.14,105.16,106.93,2235
2016.11.11,18:00,106.93,107.83,106.38,107.60,2105
2016.11.11,19:00,107.60,108.73,107.51,108.05,1807
2016.11.11,20:00,108.05,108.40,107.81,107.84,1481
2016.11.11,21:00,107.88,108.26,106.98,107.20,1482
2016.11.11,22:00,107.20,107.45,106.83,107.02,1594
2016.11.14,16:00,106.91,109.82,106.91,109.66,951
2016.11.14,17:00,109.66,112.21,109.64,111.55,1710
2016.11.14,18:00,111.55,111.98,110.84,111.20,1589
2016.11.14,19:00,111.20,111.24,110.36,110.80,990
2016.11.14,20:00,110.89,111.13,110.53,110.84,923
2016.11.14,21:00,110.84,111.39,110.41,111.25,1185
2016.11.14,22:00,111.17,111.79,111.05,111.52,1083
2016.11.15,16:00,110.44,112.18,110.43,110.56,707
2016.11.15,17:00,110.56,112.27,110.56,111.66,1541
2016.11.15,18:00,111.72,112.20,111.63,112.03,1258
2016.11.15,19:00,112.03,112.50,111.84,111.93,703
2016.11.15,20:00,111.93,112.73,111.93,112.73,608
2016.11.15,21:00,112.74,113.41,112.74,112.92,788
2016.11.15,22:00,112.94,113.55,112.94,113.14,1174
2016.11.16,16:00,112.27,113.54,111.96,112.75,656
2016.11.16,17:00,112.75,113.43,112.75,113.07,874
2016.11.16,18:00,113.11,113.13,112.36,112.56,748
2016.11.16,19:00,112.53,112.76,112.30,112.70,469
2016.11.16,20:00,112.70,112.76,112.20,112.26,502
2016.11.16,21:00,112.27,112.32,112.01,112.26,612
2016.11.16,22:00,112.26,112.30,111.79,111.91,815
2016.11.17,16:00,112.06,113.26,111.84,112.66,668
2016.11.17,17:00,112.73,112.87,111.60,111.74,785
2016.11.17,18:00,111.74,112.38,111.74,112.20,610
2016.11.17,19:00,112.23,113.00,112.23,112.86,527
2016.11.17,20:00,112.86,113.19,112.71,112.87,562
2016.11.17,21:00,112.87,113.18,112.70,113.16,465
2016.11.17,22:00,113.17,113.61,113.16,113.42,481
2016.11.18,16:00,111.93,112.86,111.58,112.47,616
2016.11.18,17:00,112.47,113.15,112.04,112.05,1000
2016.11.18,18:00,112.04,112.06,111.29,111.35,631
2016.11.18,19:00,111.35,111.36,110.83,110.97,447
2016.11.18,20:00,110.97,111.19,110.72,110.72,496
2016.11.18,21:00,110.72,110.90,110.38,110.49,483
2016.11.18,22:00,110.46,110.91,110.24,110.32,842
2016.11.21,16:00,109.55,111.51,109.55,111.33,656
2016.11.21,17:00,111.20,111.59,110.64,110.98,853
2016.11.21,18:00,110.97,111.25,110.62,110.84,558
2016.11.21,19:00,110.80,110.94,110.54,110.70,492
2016.11.21,20:00,110.71,110.83,110.42,110.52,356
2016.11.21,21:00,110.52,110.67,110.36,110.48,477
2016.11.21,22:00,110.49,110.60,110.08,110.42,752
2016.11.22,16:00,110.45,111.91,110.44,111.65,483
2016.11.22,17:00,111.72,112.78,111.66,112.62,925
2016.11.22,18:00,112.63,113.05,112.43,112.86,611
2016.11.22,19:00,112.82,113.08,112.37,113.08,438
2016.11.22,20:00,113.10,113.50,112.97,113.18,536
2016.11.22,21:00,113.18,113.65,113.06,113.51,422
2016.11.22,22:00,113.49,113.66,113.39,113.63,568
2016.11.23,16:00,111.83,113.43,111.83,113.03,472
2016.11.23,17:00,113.03,113.67,112.80,113.40,1027
2016.11.23,18:00,113.40,113.80,112.84,113.41,945
2016.11.23,19:00,113.41,113.42,112.84,112.85,565
2016.11.23,20:00,112.85,113.09,112.44,112.60,598
2016.11.23,21:00,112.51,112.63,112.13,112.27,681
2016.11.23,22:00,112.28,112.52,112.23,112.43,800
2016.11.25,16:00,112.12,112.77,111.97,112.77,396
2016.11.25,17:00,112.77,112.91,112.23,112.31,876
2016.11.25,18:00,112.42,112.52,111.83,112.49,661
2016.11.25,19:00,112.46,112.51,111.86,112.08,427
2016.11.28,16:00,111.10,111.47,110.35,110.53,413
2016.11.28,17:00,110.54,111.26,109.86,109.96,602
2016.11.28,18:00,109.89,110.72,109.80,110.56,867
2016.11.28,19:00,110.44,111.02,110.41,110.74,907
2016.11.28,20:00,110.74,110.92,110.38,110.79,596
2016.11.28,21:00,110.79,111.00,110.73,110.95,557
2016.11.28,22:00,110.94,111.05,110.85,110.91,608
2016.11.29,16:00,110.23,110.47,109.05,109.11,576
2016.11.29,17:00,109.11,109.70,108.74,109.60,1030
2016.11.29,18:00,109.59,109.94,109.47,109.74,511
2016.11.29,19:00,109.72,109.72,108.81,109.06,622
2016.11.29,20:00,109.04,109.06,108.50,108.60,494
2016.11.29,21:00,108.64,108.97,108.23,108.26,799
2016.11.29,22:00,108.27,108.58,108.04,108.52,1004
2016.11.30,16:00,108.05,108.49,106.64,106.69,432
2016.11.30,17:00,106.69,107.83,105.18,105.23,1367
2016.11.30,18:00,105.21,106.59,105.21,106.04,993
2016.11.30,19:00,106.03,106.13,104.99,105.70,859
2016.11.30,20:00,105.70,106.07,105.17,105.30,861
2016.11.30,21:00,105.26,105.41,104.82,104.98,1030
2016.11.30,22:00,104.98,105.04,104.34,104.92,1120
2016.12.01,16:00,104.20,106.27,104.20,106.03,785
2016.12.01,17:00,106.12,106.47,104.58,105.18,1244
2016.12.01,18:00,105.14,105.97,104.90,105.82,925
2016.12.01,19:00,105.82,106.00,105.46,105.65,645
2016.12.01,20:00,105.71,105.83,105.16,105.23,586
2016.12.01,21:00,105.22,105.38,104.55,104.55,795
2016.12.01,22:00,104.69,104.91,104.12,104.34,910
2016.12.02,16:00,104.03,105.52,104.03,105.51,601
2016.12.02,17:00,105.47,107.19,105.43,106.74,1206
2016.12.02,18:00,106.78,106.83,106.04,106.67,745
2016.12.02,19:00,106.68,106.86,106.34,106.70,610
2016.12.02,20:00,106.69,106.70,106.17,106.27,522
2016.12.02,21:00,106.23,106.59,106.00,106.02,570
2016.12.02,22:00,106.03,106.05,105.38,105.62,693
2016.12.05,16:00,105.94,107.80,105.88,107.75,511
2016.12.05,17:00,107.75,108.65,107.52,107.62,1081
2016.12.05,18:00,107.78,108.48,107.64,108.34,873
2016.12.05,19:00,108.35,108.42,108.03,108.39,475
2016.12.05,20:00,108.39,108.62,108.38,108.56,352
2016.12.05,21:00,108.56,108.62,108.21,108.35,625
2016.12.05,22:00,108.33,108.43,108.01,108.17,600
2016.12.06,16:00,107.78,108.15,107.11,107.46,642
2016.12.06,17:00,107.55,108.01,107.15,107.84,1036
2016.12.06,18:00,107.85,108.01,107.54,107.78,780
2016.12.06,19:00,107.78,108.13,107.38,107.61,740
2016.12.06,20:00,107.60,107.82,107.36,107.37,514
2016.12.06,21:00,107.35,107.69,107.20,107.37,662
2016.12.06,22:00,107.38,107.46,106.90,107.39,807
2016.12.07,16:00,106.75,108.43,106.43,107.51,509
2016.12.07,17:00,107.53,107.81,106.93,107.34,785
2016.12.07,18:00,107.31,107.87,106.86,107.77,605
2016.12.07,19:00,107.78,107.82,107.38,107.59,406
2016.12.07,20:00,107.60,108.39,107.60,108.28,504
2016.12.07,21:00,108.31,108.43,107.96,108.41,504
2016.12.07,22:00,108.42,109.31,108.32,108.81,1133
2016.12.08,16:00,109.46,110.04,108.12,109.31,558
2016.12.08,17:00,109.31,109.31,108.10,108.92,922
2016.12.08,18:00,108.91,109.48,108.77,108.85,837
2016.12.08,19:00,108.82,109.60,108.76,109.38,573
2016.12.08,20:00,109.38,109.61,109.11,109.41,612
2016.12.08,21:00,109.39,109.42,108.55,108.86,750
2016.12.08,22:00,108.87,108.97,108.64,108.90,870
2016.12.09,16:00,108.48,109.65,108.11,108.57,649
2016.12.09,17:00,108.57,109.31,108.53,108.61,1361
2016.12.09,18:00,108.63,108.89,108.37,108.50,882
2016.12.09,19:00,108.50,109.01,108.49,108.84,617
2016.12.09,20:00,108.84,109.06,108.69,109.00,610
2016.12.09,21:00,108.96,109.07,108.75,108.80,672
2016.12.09,22:00,108.80,109.01,108.74,108.99,720
2016.12.12,16:00,108.06,108.31,106.13,106.13,816
2016.12.12,17:00,106.10,106.97,105.15,105.63,1027
2016.12.12,18:00,105.75,105.87,104.70,104.76,911
2016.12.12,19:00,104.77,104.83,103.78,103.91,908
2016.12.12,20:00,103.91,104.28,103.52,103.88,817
2016.12.12,21:00,103.88,104.36,103.19,103.19,968
2016.12.12,22:00,103.20,104.00,103.20,103.72,1006
2016.12.13,16:00,103.60,104.73,103.60,104.29,640
2016.12.13,17:00,104.29,104.63,103.69,104.21,986
2016.12.13,18:00,104.21,104.47,103.95,104.24,567
2016.12.13,19:00,104.27,104.41,103.94,104.18,614
2016.12.13,20:00,104.18,104.64,104.18,104.30,490
2016.12.13,21:00,104.30,104.40,103.66,103.78,574
2016.12.13,22:00,103.77,103.84,103.44,103.63,783
2016.12.14,16:00,102.80,103.50,102.46,102.64,349
2016.12.14,17:00,102.64,102.69,101.14,101.66,959
2016.12.14,18:00,101.67,101.88,100.94,101.63,793
2016.12.14,19:00,101.63,102.13,101.52,101.93,515
2016.12.14,20:00,101.95,102.47,101.83,102.47,556
2016.12.14,21:00,102.50,102.79,101.32,101.85,1530
2016.12.14,22:00,101.75,102.16,101.28,101.61,1565
2016.12.15,16:00,101.24,101.35,99.13,100.09,810
2016.12.15,17:00,100.00,100.08,97.92,98.48,1654
2016.12.15,18:00,98.30,98.64,96.79,96.83,1054
2016.12.15,19:00,96.88,97.17,96.04,96.46,1485
2016.12.15,20:00,96.47,96.89,95.70,95.72,1290
2016.12.15,21:00,95.72,96.48,95.58,96.32,1281
2016.12.15,22:00,96.33,97.02,96.17,96.79,1386
2016.12.16,16:00,97.00,97.01,96.26,96.70,653
2016.12.16,17:00,96.68,96.85,95.80,96.85,1100
2016.12.16,18:00,96.85,96.87,96.38,96.50,888
2016.12.16,19:00,96.51,96.70,95.63,95.81,832
2016.12.16,20:00,95.78,95.82,93.45,93.45,1381
2016.12.16,21:00,93.59,94.52,93.40,94.33,1247
2016.12.16,22:00,94.33,94.86,94.12,94.71,1157
2016.12.19,16:00,94.16,95.11,93.60,94.06,850
2016.12.19,17:00,94.23,94.64,93.91,94.22,1308
2016.12.19,18:00,94.22,94.56,92.95,92.95,1252
2016.12.19,19:00,93.00,93.89,92.98,93.48,1191
2016.12.19,20:00,93.48,93.85,93.29,93.41,1208
2016.12.19,21:00,93.51,93.89,93.30,93.38,826
2016.12.19,22:00,93.38,93.41,92.98,93.08,803
2016.12.20,16:00,93.00,93.97,92.85,93.49,799
2016.12.20,17:00,93.49,93.54,92.47,93.10,1118
2016.12.20,18:00,93.08,93.51,92.83,93.06,726
2016.12.20,19:00,93.08,93.37,92.96,93.23,587
2016.12.20,20:00,93.22,93.44,93.11,93.34,420
2016.12.20,21:00,93.34,93.34,92.67,92.83,536
2016.12.20,22:00,92.82,92.89,92.48,92.78,526
2016.12.21,16:00,92.31,93.16,92.24,92.92,525
2016.12.21,17:00,92.93,93.05,92.47,92.77,1113
2016.12.21,18:00,92.81,92.88,92.57,92.87,612
2016.12.21,19:00,92.87,93.07,92.68,92.85,562
2016.12.21,20:00,92.85,93.04,92.66,92.88,562
2016.12.21,21:00,92.89,93.00,92.49,92.65,537
2016.12.21,22:00,92.65,92.91,92.55,92.81,553
2016.12.22,16:00,92.50,92.60,91.28,91.75,471
2016.12.22,17:00,91.75,91.87,90.93,91.03,643
2016.12.22,18:00,91.02,91.04,90.23,90.23,681
2016.12.22,19:00,90.21,90.75,89.94,90.70,693
2016.12.22,20:00,90.70,91.08,90.51,90.98,703
2016.12.22,21:00,90.96,91.32,90.83,91.29,655
2016.12.22,22:00,91.29,91.30,90.46,90.77,1061
2016.12.23,16:00,90.60,92.12,90.30,91.58,716
2016.12.23,17:00,91.56,91.60,90.72,90.78,1080
2016.12.23,18:00,90.79,90.80,89.66,89.75,831
2016.12.23,19:00,89.76,90.04,89.40,89.53,647
2016.12.23,20:00,89.53,89.63,89.41,89.50,565
2016.12.23,21:00,89.50,89.54,89.21,89.29,488
2016.12.23,22:00,89.29,89.43,89.21,89.34,391
2016.12.27,16:00,89.10,90.99,89.10,90.77,929
2016.12.27,17:00,90.78,90.86,89.77,90.07,571
2016.12.27,18:00,90.07,90.26,89.88,90.12,444
2016.12.27,19:00,90.12,90.25,89.83,90.08,717
2016.12.27,20:00,90.09,90.11,89.58,89.67,677
2016.12.27,21:00,89.67,90.15,89.57,90.08,629
2016.12.27,22:00,90.09,90.33,90.00,90.04,617
2016.12.28,16:00,89.28,90.21,89.25,89.74,664
2016.12.28,17:00,89.74,89.79,89.19,89.67,983
2016.12.28,18:00,89.68,89.76,89.41,89.67,752
2016.12.28,19:00,89.63,90.03,89.37,90.02,962
2016.12.28,20:00,90.03,90.07,89.69,89.82,727
2016.12.28,21:00,89.81,90.07,89.68,89.95,981
2016.12.28,22:00,89.96,90.09,89.85,89.96,666
2016.12.29,16:00,89.55,90.91,89.55,90.55,669
2016.12.29,17:00,90.55,90.73,90.28,90.39,862
2016.12.29,18:00,90.28,90.97,90.27,90.84,630
2016.12.29,19:00,90.84,90.84,90.38,90.61,792
2016.12.29,20:00,90.60,90.69,90.31,90.42,669
2016.12.29,21:00,90.42,90.67,90.42,90.58,544
2016.12.29,22:00,90.65,90.83,90.37,90.78,660
2016.12.30,16:00,90.22,91.32,89.82,90.09,650
2016.12.30,17:00,90.09,90.51,90.03,90.48,816
2016.12.30,18:00,90.46,90.65,90.26,90.40,745
2016.12.30,19:00,90.41,90.58,90.18,90.34,552
2016.12.30,20:00,90.36,90.62,90.22,90.31,449
2016.12.30,21:00,90.36,90.53,90.02,90.25,830
2016.12.30,22:00,90.21,90.35,90.07,90.09,638
2017.01.03,16:00,91.16,92.87,90.77,91.16,718
2017.01.03,17:00,91.17,92.16,91.04,91.76,1481
2017.01.03,18:00,91.76,91.79,90.60,90.83,1684
2017.01.03,19:00,90.91,91.25,90.72,90.85,1175
2017.01.03,20:00,90.86,91.22,90.70,90.78,989
2017.01.03,21:00,90.78,91.08,90.58,91.05,651
2017.01.03,22:00,91.05,91.11,90.54,90.67,1016
2017.01.04,16:00,90.59,92.31,90.56,92.16,535
2017.01.04,17:00,92.18,92.35,90.90,91.02,1061
2017.01.04,18:00,91.01,91.49,91.00,91.40,883
2017.01.04,19:00,91.42,91.51,90.45,90.55,751
2017.01.04,20:00,90.48,90.58,90.00,90.57,856
2017.01.04,21:00,90.57,90.85,90.36,90.46,1022
2017.01.04,22:00,90.57,90.72,90.40,90.59,818
2017.01.05,16:00,88.13,88.57,87.01,88.23,942
2017.01.05,17:00,88.23,88.44,87.49,88.23,1212
2017.01.05,18:00,88.23,88.33,87.66,87.66,1043
2017.01.05,19:00,87.68,88.06,87.44,87.94,883
2017.01.05,20:00,87.95,88.31,87.88,88.25,644
2017.01.05,21:00,88.26,88.40,88.06,88.34,472
2017.01.05,22:00,88.34,89.10,88.34,88.95,668
2017.01.06,16:00,89.25,89.27,87.65,87.87,502
2017.01.06,17:00,87.84,88.79,87.53,87.60,1040
2017.01.06,18:00,87.59,88.13,87.55,88.04,928
2017.01.06,19:00,88.05,88.15,87.66,87.82,776
2017.01.06,20:00,87.82,88.65,87.79,88.42,696
2017.01.06,21:00,88.42,88.92,88.36,88.88,622
2017.01.06,22:00,88.89,89.07,88.62,88.65,520
2017.01.09,16:00,88.55,88.77,87.75,88.59,762
2017.01.09,17:00,88.59,88.71,88.16,88.43,855
2017.01.09,18:00,88.43,88.43,87.63,87.72,752
2017.01.09,19:00,87.72,88.11,87.70,87.96,561
2017.01.09,20:00,87.96,87.99,87.50,87.58,438
2017.01.09,21:00,87.58,87.63,87.24,87.45,365
2017.01.09,22:00,87.45,87.56,87.21,87.24,574
2017.01.10,16:00,87.45,88.40,87.15,87.65,629
2017.01.10,17:00,87.59,88.08,87.34,87.98,997
2017.01.10,18:00,87.99,88.32,87.65,88.14,881
2017.01.10,19:00,88.16,88.74,88.01,88.29,578
2017.01.10,20:00,88.26,88.40,87.97,88.08,706
2017.01.10,21:00,88.08,88.29,87.95,88.29,542
2017.01.10,22:00,88.29,88.32,88.00,88.29,832
2017.01.11,16:00,87.96,87.96,86.94,87.09,813
2017.01.11,17:00,87.10,87.12,85.86,86.52,1223
2017.01.11,18:00,86.52,87.35,86.33,87.35,1223
2017.01.11,19:00,87.35,87.35,86.10,86.40,860
2017.01.11,20:00,86.37,86.40,85.99,86.18,783
2017.01.11,21:00,86.24,86.72,86.21,86.55,673
2017.01.11,22:00,86.55,86.89,86.54,86.77,942
2017.01.12,16:00,85.70,86.87,85.65,86.77,689
2017.01.12,17:00,86.77,86.84,85.81,86.09,1181
2017.01.12,18:00,86.07,86.26,85.75,86.03,1019
2017.01.12,19:00,86.04,86.47,85.99,86.29,726
2017.01.12,20:00,86.24,86.48,86.17,86.27,731
2017.01.12,21:00,86.29,86.58,86.06,86.39,527
2017.01.12,22:00,86.40,86.42,86.10,86.23,733
2017.01.13,16:00,86.36,87.17,86.04,86.30,638
2017.01.13,17:00,86.25,86.62,85.67,85.90,887
2017.01.13,18:00,85.90,86.28,85.70,86.19,498
2017.01.13,19:00,86.22,86.23,85.80,86.16,260
2017.01.13,20:00,86.15,86.26,86.02,86.04,363
2017.01.13,21:00,86.04,86.14,85.91,86.13,265
2017.01.13,22:00,86.15,86.28,85.93,86.20,450
2017.01.17,16:00,86.55,89.70,86.55,89.35,1197
2017.01.17,17:00,89.36,90.10,89.06,89.83,1492
2017.01.17,18:00,89.82,90.04,89.45,89.78,1096
2017.01.17,19:00,89.78,89.95,89.52,89.89,814
2017.01.17,20:00,89.90,89.90,89.42,89.57,696
2017.01.17,21:00,89.57,89.60,89.25,89.52,1179
2017.01.17,22:00,89.53,89.74,89.16,89.40,947
2017.01.18,16:00,88.79,89.39,87.70,88.26,847
2017.01.18,17:00,88.27,88.36,87.88,88.16,861
2017.01.18,18:00,88.17,88.65,88.11,88.29,529
2017.01.18,19:00,88.31,88.43,87.93,88.01,574
2017.01.18,20:00,88.01,88.40,87.95,88.31,468
2017.01.18,21:00,88.31,88.60,88.23,88.56,428
2017.01.18,22:00,88.56,89.20,88.54,89.19,682
2017.01.19,16:00,88.52,90.25,88.50,89.85,422
2017.01.19,17:00,89.80,89.87,88.93,88.98,643
2017.01.19,18:00,88.97,89.68,88.40,89.60,931
2017.01.19,19:00,89.60,89.60,88.81,88.88,731
2017.01.19,20:00,88.82,88.95,87.81,87.91,583
2017.01.19,21:00,87.92,88.16,87.63,87.71,581
2017.01.19,22:00,87.74,88.23,87.65,88.19,612
2017.01.20,16:00,87.91,89.00,87.69,87.99,499
2017.01.20,17:00,88.00,89.39,87.63,89.35,869
2017.01.20,18:00,89.35,89.40,88.94,89.08,730
2017.01.20,19:00,89.08,89.08,88.57,88.92,971
2017.01.20,20:00,88.91,89.03,88.70,88.71,355
2017.01.20,21:00,88.71,89.00,88.61,88.93,452
2017.01.20,22:00,88.94,89.06,88.47,88.76,738
2017.01.23,16:00,87.75,88.82,87.35,88.42,703
2017.01.23,17:00,88.39,88.58,87.96,88.46,764
2017.01.23,18:00,88.47,88.81,88.32,88.76,730
2017.01.23,19:00,88.76,89.10,88.56,89.02,422
2017.01.23,20:00,89.02,89.28,88.75,89.09,519
2017.01.23,21:00,89.14,89.18,88.69,89.08,494
2017.01.23,22:00,89.07,89.38,88.96,89.21,672
2017.01.24,16:00,88.95,90.20,88.95,89.89,554
2017.01.24,17:00,89.89,90.03,89.36,89.57,917
2017.01.24,18:00,89.60,89.91,89.45,89.79,730
2017.01.24,19:00,89.78,90.16,89.69,90.07,342
2017.01.24,20:00,90.07,90.30,89.95,90.20,638
2017.01.24,21:00,90.20,90.50,90.13,90.26,529
2017.01.24,22:00,90.34,90.45,90.05,90.14,702
2017.01.25,16:00,90.30,91.55,90.30,91.20,650
2017.01.25,17:00,91.20,92.04,91.20,91.69,822
2017.01.25,18:00,91.69,92.05,91.43,91.57,889
2017.01.25,19:00,91.56,91.78,91.46,91.51,564
2017.01.25,20:00,91.51,91.60,91.34,91.48,424
2017.01.25,21:00,91.48,91.56,91.37,91.47,612
2017.01.25,22:00,91.49,91.53,91.21,91.21,490
2017.01.26,16:00,90.45,91.07,89.42,89.44,740
2017.01.26,17:00,89.44,90.17,89.38,90.02,1073
2017.01.26,18:00,89.96,90.56,89.79,89.80,883
2017.01.26,19:00,89.80,90.55,89.79,90.43,631
2017.01.26,20:00,90.44,90.63,90.10,90.44,470
2017.01.26,21:00,90.44,90.74,90.30,90.46,643
2017.01.26,22:00,90.46,90.53,90.00,90.07,808
2017.01.27,16:00,89.74,90.30,89.45,89.90,663
2017.01.27,17:00,89.90,90.60,89.57,89.82,1037
2017.01.27,18:00,89.82,89.85,88.32,88.52,941
2017.01.27,19:00,88.53,88.76,88.06,88.25,553
2017.01.27,20:00,88.26,88.64,88.24,88.33,525
2017.01.27,21:00,88.33,88.59,88.03,88.03,674
2017.01.27,22:00,88.05,88.06,87.77,87.84,530
2017.01.30,16:00,87.43,88.00,87.20,87.62,692
2017.01.30,17:00,87.63,87.99,87.27,87.48,1126
2017.01.30,18:00,87.47,88.47,87.47,88.33,864
2017.01.30,19:00,88.34,88.38,87.88,88.01,632
2017.01.30,20:00,88.01,88.45,87.86,88.40,558
2017.01.30,21:00,88.40,88.79,88.40,88.79,645
2017.01.30,22:00,88.79,88.80,88.21,88.41,728
2017.01.31,16:00,86.33,87.15,85.85,86.86,864
2017.01.31,17:00,86.86,87.39,86.80,87.07,1065
2017.01.31,18:00,87.05,87.47,86.66,87.22,1178
2017.01.31,19:00,87.22,87.68,87.05,87.62,783
2017.01.31,20:00,87.62,87.73,87.45,87.50,681
2017.01.31,21:00,87.50,87.76,87.50,87.73,667
2017.01.31,22:00,87.71,88.65,87.68,88.47,824
2017.02.01,16:00,87.45,88.36,87.45,88.13,909
2017.02.01,17:00,88.14,88.29,86.99,87.03,1358
2017.02.01,18:00,87.03,87.16,86.50,86.83,1455
2017.02.01,19:00,86.83,87.34,86.78,87.23,988
2017.02.01,20:00,87.25,87.68,87.15,87.63,1014
2017.02.01,21:00,87.62,87.68,86.78,86.98,1174
2017.02.01,22:00,86.98,87.49,86.67,87.38,978
2017.02.02,16:00,79.79,80.85,77.50,77.85,2830
2017.02.02,17:00,77.85,78.75,76.84,78.64,3913
2017.02.02,18:00,78.63,78.65,77.21,77.21,2225
2017.02.02,19:00,77.30,77.49,76.92,77.05,1409
2017.02.02,20:00,77.05,77.92,76.98,77.76,1286
2017.02.02,21:00,77.76,77.77,76.90,77.00,858
2017.02.02,22:00,77.00,77.06,76.18,76.79,1042
2017.02.03,16:00,75.81,76.84,75.71,76.69,1020
2017.02.03,17:00,76.68,77.55,76.44,76.68,1916
2017.02.03,18:00,76.68,76.99,76.59,76.65,1040
2017.02.03,19:00,76.65,76.96,76.50,76.82,489
2017.02.03,20:00,76.83,76.84,76.24,76.55,892
2017.02.03,21:00,76.56,76.67,76.09,76.12,675
2017.02.03,22:00,76.12,76.32,76.09,76.18,473
2017.02.06,16:00,75.71,77.10,75.51,76.81,1284
2017.02.06,17:00,76.74,77.12,76.45,76.99,1871
2017.02.06,18:00,77.00,77.14,76.63,77.05,1366
2017.02.06,19:00,77.04,77.15,76.58,76.61,1481
2017.02.06,20:00,76.62,76.86,76.48,76.62,915
2017.02.06,21:00,76.62,76.70,76.46,76.67,838
2017.02.06,22:00,76.67,76.69,76.49,76.54,673
2017.02.07,16:00,76.81,76.90,76.15,76.38,587
2017.02.07,17:00,76.38,76.82,76.22,76.76,1150
2017.02.07,18:00,76.75,76.82,76.14,76.53,994
2017.02.07,19:00,76.53,76.69,76.04,76.07,1017
2017.02.07,20:00,76.08,76.39,75.93,75.97,967
2017.02.07,21:00,75.97,76.23,75.94,76.09,848
2017.02.07,22:00,76.10,76.15,75.88,75.94,563
2017.02.08,16:00,75.96,76.84,75.69,76.62,964
2017.02.08,17:00,76.62,77.01,76.36,76.65,1377
2017.02.08,18:00,76.67,76.86,76.61,76.77,697
2017.02.08,19:00,76.77,76.93,76.53,76.72,611
2017.02.08,20:00,76.73,77.13,76.71,77.12,516
2017.02.08,21:00,77.13,77.19,76.87,76.97,565
2017.02.08,22:00,77.12,77.61,77.12,77.45,745
2017.02.09,16:00,77.21,78.13,77.21,77.89,685
2017.02.09,17:00,77.90,78.05,77.64,77.98,963
2017.02.09,18:00,77.98,78.24,77.85,77.98,717
2017.02.09,19:00,78.03,78.17,77.65,77.74,588
2017.02.09,20:00,77.73,78.03,77.69,77.82,438
2017.02.09,21:00,77.82,78.16,77.77,78.14,295
2017.02.09,22:00,78.16,78.16,77.86,77.95,306
2017.02.10,16:00,78.38,79.78,78.28,79.56,956
2017.02.10,17:00,79.54,79.72,78.68,78.70,1076
2017.02.10,18:00,78.71,79.11,78.47,79.01,994
2017.02.10,19:00,79.01,79.39,78.97,79.32,488
2017.02.10,20:00,79.33,79.60,79.31,79.59,404
2017.02.10,21:00,79.58,79.93,79.54,79.92,324
2017.02.10,22:00,79.91,80.09,79.65,79.67,405
2017.02.13,16:00,79.98,79.99,79.24,79.73,673
2017.02.13,17:00,79.74,79.92,79.37,79.66,1093
2017.02.13,18:00,79.67,79.87,79.58,79.78,826
2017.02.13,19:00,79.77,79.81,79.45,79.53,747
2017.02.13,20:00,79.54,79.86,79.42,79.69,527
2017.02.13,21:00,79.69,79.73,79.38,79.46,529
2017.02.13,22:00,79.43,79.48,79.25,79.25,365
2017.02.14,16:00,78.69,80.15,78.60,80.02,501
2017.02.14,17:00,80.00,80.13,79.49,79.88,1188
2017.02.14,18:00,79.92,79.92,79.32,79.44,957
2017.02.14,19:00,79.46,79.51,79.20,79.22,378
2017.02.14,20:00,79.22,79.66,79.17,79.49,488
2017.02.14,21:00,79.50,79.58,79.37,79.54,624
2017.02.14,22:00,79.55,79.64,79.43,79.55,603
2017.02.15,16:00,79.03,79.70,79.03,79.57,464
2017.02.15,17:00,79.58,79.86,78.99,79.38,968
2017.02.15,18:00,79.37,79.53,78.97,79.13,974
2017.02.15,19:00,79.15,79.16,78.76,78.93,656
2017.02.15,20:00,78.95,79.14,78.82,78.93,504
2017.02.15,21:00,78.94,78.99,78.70,78.91,509
2017.02.15,22:00,78.92,79.20,78.90,79.14,502
2017.02.16,16:00,79.15,79.71,78.63,78.83,641
2017.02.16,17:00,78.83,79.59,78.83,79.04,1309
2017.02.16,18:00,79.05,79.07,78.36,78.43,951
2017.02.16,19:00,78.44,78.58,78.32,78.49,760
2017.02.16,20:00,78.50,78.72,78.41,78.53,595
2017.02.16,21:00,78.53,78.62,78.49,78.58,373
2017.02.16,22:00,78.57,78.60,78.33,78.43,343
2017.02.17,16:00,77.99,78.65,77.99,78.39,627
2017.02.17,17:00,78.38,79.06,78.37,78.89,1085
2017.02.17,18:00,78.90,79.01,78.17,78.26,903
2017.02.17,19:00,78.26,78.73,78.18,78.57,611
2017.02.17,20:00,78.57,78.64,78.28,78.45,511
2017.02.17,21:00,78.48,78.71,78.47,78.49,422
2017.02.17,22:00,78.50,78.60,78.29,78.36,333
2017.02.21,16:00,78.48,79.13,78.38,78.76,605
2017.02.21,17:00,78.75,78.83,78.37,78.39,857
2017.02.21,18:00,78.39,78.72,78.08,78.21,636
2017.02.21,19:00,78.21,78.34,78.13,78.33,585
2017.02.21,20:00,78.34,78.36,78.16,78.21,306
2017.02.21,21:00,78.20,78.23,78.05,78.09,289
2017.02.21,22:00,78.10,78.32,78.10,78.28,287
2017.02.22,16:00,77.08,77.93,76.73,76.74,654
2017.02.22,17:00,76.74,77.59,76.68,77.32,1142
2017.02.22,18:00,77.32,77.36,77.06,77.11,797
2017.02.22,19:00,77.10,77.89,77.04,77.70,739
2017.02.22,20:00,77.70,77.73,77.49,77.63,531
2017.02.22,21:00,77.61,77.64,77.52,77.56,429
2017.02.22,22:00,77.57,78.12,77.56,78.09,356
2017.02.23,16:00,78.53,78.69,77.93,78.18,434
2017.02.23,17:00,78.19,79.06,78.19,78.88,784
2017.02.23,18:00,78.89,78.98,78.54,78.77,769
2017.02.23,19:00,78.76,78.94,78.68,78.85,400
2017.02.23,20:00,78.85,79.07,78.79,79.03,410
2017.02.23,21:00,79.03,79.14,78.94,79.11,401
2017.02.23,22:00,79.10,79.31,78.56,78.56,935
2017.02.24,16:00,78.05,79.19,78.05,78.50,548
2017.02.24,17:00,78.51,78.87,78.20,78.65,895
2017.02.24,18:00,78.65,79.08,78.51,78.97,654
2017.02.24,19:00,78.97,79.88,78.97,79.62,933
2017.02.24,20:00,79.63,79.67,78.92,79.31,710
2017.02.24,21:00,79.31,79.43,79.11,79.25,710
2017.02.24,22:00,79.26,79.29,78.72,79.09,974
