2010.10.06,00:00,52.75,53.33,52.65,53.30,82
2010.10.07,00:00,53.80,53.88,52.62,53.35,208
2010.10.08,00:00,52.98,54.01,52.81,53.95,144
2010.10.11,00:00,53.95,54.37,53.72,53.95,131
2010.10.12,00:00,53.35,53.73,53.04,53.66,108
2010.10.13,00:00,53.75,55.00,53.55,54.94,172
2010.10.14,00:00,55.15,55.64,54.96,55.62,90
2010.10.15,00:00,55.80,55.84,54.93,55.48,151
2010.10.18,00:00,55.00,55.38,54.77,55.38,85
2010.10.19,00:00,55.31,55.75,54.84,54.89,141
2010.10.20,00:00,54.07,54.20,53.41,54.18,148
2010.10.21,00:00,53.75,55.49,53.66,55.37,205
2010.10.22,00:00,55.00,55.37,54.81,54.90,103
2010.10.25,00:00,55.35,55.35,54.75,55.00,86
2010.10.26,00:00,54.90,55.48,54.84,55.10,109
2010.10.27,00:00,54.95,55.93,54.34,54.88,312
2010.10.28,00:00,54.98,55.44,53.76,53.98,237
2010.10.29,00:00,53.82,54.43,53.47,53.62,173
2010.11.01,00:00,55.18,55.46,54.23,54.23,152
2010.11.02,00:00,54.23,55.13,54.10,54.50,180
2010.11.03,00:00,54.69,54.94,54.44,54.59,91
2010.11.04,00:00,54.90,55.73,54.83,55.58,113
2010.11.05,00:00,55.58,56.29,55.43,55.79,152
2010.11.08,00:00,55.50,56.02,55.21,55.70,143
2010.11.09,00:00,55.42,56.15,55.25,55.97,126
2010.11.10,00:00,55.69,55.92,55.09,55.40,138
2010.11.11,00:00,55.61,55.68,54.51,54.74,148
2010.11.12,00:00,53.92,55.09,53.80,54.04,247
2010.11.15,00:00,53.95,58.06,53.63,56.13,669
2010.11.16,00:00,56.85,56.85,55.00,55.00,186
2010.11.17,00:00,55.15,55.83,54.85,55.44,168
2010.11.18,00:00,55.93,56.54,55.65,56.54,118
2010.11.19,00:00,57.15,58.05,57.10,57.78,128
2010.11.22,00:00,58.56,58.58,56.88,57.10,195
2010.11.23,00:00,56.50,57.31,56.31,56.58,193
2010.11.24,00:00,57.00,57.62,56.76,57.43,130
2010.11.25,00:00,57.40,57.94,57.31,57.72,95
2010.11.26,00:00,57.40,57.86,56.88,57.60,177
2010.11.29,00:00,57.58,57.95,56.06,56.06,227
2010.11.30,00:00,56.20,56.50,55.22,55.95,232
2010.12.01,00:00,56.37,57.28,56.08,57.18,160
2010.12.02,00:00,57.29,57.35,56.19,57.10,214
2010.12.03,00:00,57.49,57.49,56.61,57.12,140
2010.12.06,00:00,57.35,57.66,56.79,57.58,152
2010.12.07,00:00,58.11,58.97,58.10,58.12,174
2010.12.08,00:00,58.00,58.87,57.82,58.62,149
2010.12.09,00:00,59.10,59.17,57.87,58.28,179
2010.12.10,00:00,58.49,58.56,57.94,58.09,85
2010.12.13,00:00,57.92,58.14,57.22,57.30,123
2010.12.14,00:00,57.21,57.52,56.81,57.03,125
2010.12.15,00:00,56.81,56.99,56.16,56.93,155
2010.12.16,00:00,56.79,56.89,56.41,56.67,85
2010.12.17,00:00,56.93,56.93,56.26,56.45,87
2010.12.20,00:00,56.68,57.17,56.28,56.38,149
2010.12.21,00:00,56.55,57.05,56.38,56.73,117
2010.12.22,00:00,56.65,57.21,56.65,56.77,101
2010.12.23,00:00,57.01,57.01,56.27,56.52,100
2010.12.27,00:00,56.66,56.75,54.99,55.87,274
2010.12.28,00:00,55.71,56.10,55.49,55.72,122
2010.12.29,00:00,56.00,56.27,55.71,55.86,99
2010.12.30,00:00,55.99,56.05,54.85,55.30,172
2011.01.03,00:00,55.30,55.83,54.71,54.87,182
2011.01.04,00:00,54.87,54.87,54.22,54.30,74
2011.01.05,00:00,54.20,54.46,53.55,54.19,182
2011.01.06,00:00,54.50,56.26,54.43,55.72,245
2011.01.07,00:00,55.72,56.50,55.47,55.50,185
2011.01.10,00:00,55.31,55.34,54.25,54.30,118
2011.01.11,00:00,54.32,54.57,53.66,54.32,183
2011.01.12,00:00,54.45,55.95,54.32,55.95,177
2011.01.13,00:00,55.86,55.94,55.08,55.52,139
2011.01.14,00:00,55.10,55.66,54.46,55.40,211
2011.01.17,00:00,55.65,55.88,55.07,55.30,128
2011.01.18,00:00,55.71,56.20,55.46,56.20,100
2011.01.19,00:00,56.34,56.88,54.71,55.60,361
2011.01.20,00:00,55.42,55.79,54.27,54.41,204
2011.01.21,00:00,54.43,54.66,54.11,54.46,108
2011.01.24,00:00,54.24,54.48,54.03,54.17,84
2011.01.25,00:00,54.17,54.72,54.09,54.50,94
2011.01.26,00:00,54.85,55.57,54.83,55.13,121
2011.01.27,00:00,54.58,55.05,54.17,54.51,170
2011.01.28,00:00,54.48,54.68,53.56,53.56,133
2011.01.31,00:00,53.61,54.28,53.16,53.86,200
2011.02.01,00:00,54.07,54.49,53.64,54.18,160
2011.02.02,00:00,53.92,54.54,53.92,54.35,82
2011.02.03,00:00,54.00,54.60,54.00,54.16,105
2011.02.04,00:00,54.10,54.85,54.02,54.85,92
2011.02.07,00:00,54.79,55.21,54.33,54.50,148
2011.02.08,00:00,54.16,55.67,54.14,55.60,163
2011.02.09,00:00,55.47,55.86,55.02,55.30,152
2011.02.10,00:00,55.17,55.80,54.90,55.70,128
2011.02.11,00:00,55.65,55.94,55.35,55.58,112
2011.02.14,00:00,56.08,56.20,55.67,55.93,92
2011.02.15,00:00,55.92,56.28,55.70,56.00,109
2011.02.16,00:00,56.02,56.86,55.94,56.41,146
2011.02.17,00:00,56.38,56.58,55.88,56.58,121
2011.02.18,00:00,56.74,57.18,56.55,57.18,83
2011.02.21,00:00,57.02,57.10,55.81,55.93,150
2011.02.22,00:00,55.89,56.04,54.82,55.30,186
2011.02.23,00:00,55.31,55.74,54.89,55.10,150
2011.02.24,00:00,54.71,55.87,54.51,55.00,244
2011.02.25,00:00,55.29,55.41,54.74,54.80,86
2011.02.28,00:00,54.60,56.26,54.23,56.18,249
2011.03.01,00:00,56.39,56.65,55.44,55.69,173
2011.03.02,00:00,55.25,56.34,55.25,55.89,155
2011.03.03,00:00,56.45,57.57,56.28,57.13,191
2011.03.04,00:00,57.20,57.69,56.43,56.63,196
2011.03.07,00:00,56.70,57.41,56.12,56.40,229
2011.03.08,00:00,56.68,56.85,55.48,56.18,225
2011.03.09,00:00,55.93,56.76,55.69,55.90,212
2011.03.10,00:00,55.34,55.75,54.70,55.19,196
2011.03.11,00:00,54.84,55.11,54.36,54.64,131
2011.03.14,00:00,54.91,55.50,54.20,54.36,206
2011.03.15,00:00,53.59,53.89,51.17,52.43,429
2011.03.16,00:00,52.92,53.00,50.81,51.17,264
2011.03.17,00:00,51.43,52.44,50.51,52.37,293
2011.03.18,00:00,52.40,53.43,51.92,51.99,262
2011.03.21,00:00,52.48,53.47,52.20,53.23,180
2011.03.22,00:00,53.00,53.53,52.85,53.12,125
2011.03.23,00:00,53.10,53.39,52.25,52.86,205
2011.03.24,00:00,52.80,53.75,52.67,53.61,136
2011.03.25,00:00,53.65,53.88,52.98,53.30,146
2011.03.28,00:00,53.30,53.85,53.04,53.08,141
2011.03.29,00:00,53.45,54.48,53.05,54.30,202
2011.03.30,00:00,55.02,55.46,54.51,54.59,148
2011.03.31,00:00,54.93,55.30,54.39,54.64,154
2011.04.01,00:00,54.97,56.49,54.94,56.19,189
2011.04.04,00:00,56.20,56.91,56.13,56.71,106
2011.04.05,00:00,56.62,56.75,53.91,54.65,372
2011.04.06,00:00,55.00,55.13,54.51,54.77,102
2011.04.07,00:00,54.80,54.98,54.49,54.52,71
2011.04.08,00:00,54.60,54.99,54.46,54.99,68
2011.04.11,00:00,54.75,55.57,54.67,55.39,117
2011.04.12,00:00,54.80,55.32,54.52,54.75,156
2011.04.13,00:00,54.86,55.89,54.66,55.70,163
2011.04.14,00:00,55.44,55.72,54.90,55.46,163
2011.04.15,00:00,55.50,55.88,55.20,55.60,127
2011.04.18,00:00,54.50,55.19,54.04,54.45,226
2011.04.19,00:00,54.49,54.68,53.85,54.02,120
2011.04.20,00:00,54.40,56.36,54.40,56.36,197
2011.04.21,00:00,57.15,57.19,56.39,56.63,109
2011.04.26,00:00,56.56,57.12,56.29,57.12,111
2011.04.27,00:00,57.25,57.70,57.02,57.54,108
2011.04.28,00:00,58.05,58.92,57.57,58.71,205
2011.04.29,00:00,59.00,59.35,58.53,59.35,130
2011.05.02,00:00,58.80,59.16,58.13,58.13,140
2011.05.03,00:00,58.00,58.55,57.86,58.55,84
2011.05.04,00:00,57.70,58.88,57.23,57.39,300
2011.05.05,00:00,57.77,58.02,56.87,57.98,210
2011.05.06,00:00,58.16,59.44,57.68,58.98,271
2011.05.09,00:00,59.05,59.12,57.51,57.73,191
2011.05.10,00:00,58.00,58.92,57.76,58.47,186
2011.05.11,00:00,58.81,59.23,58.52,58.66,128
2011.05.12,00:00,58.26,58.31,57.34,57.89,158
2011.05.13,00:00,58.23,59.01,57.97,58.21,207
2011.05.16,00:00,57.98,58.98,57.67,58.40,221
2011.05.17,00:00,58.22,58.23,56.89,57.00,147
2011.05.18,00:00,57.74,57.99,57.17,57.94,145
2011.05.19,00:00,58.85,58.95,57.68,57.81,151
2011.05.20,00:00,57.99,58.26,56.43,56.96,264
2011.05.23,00:00,56.05,56.41,55.66,55.81,127
2011.05.24,00:00,56.14,56.82,55.93,56.21,172
2011.05.25,00:00,55.25,56.10,55.05,55.75,161
2011.05.26,00:00,55.35,55.50,54.22,54.71,193
2011.05.27,00:00,55.25,55.66,54.74,55.27,183
2011.05.30,00:00,55.50,56.36,55.42,55.82,157
2011.05.31,00:00,56.60,57.45,56.47,56.95,162
2011.06.01,00:00,57.20,57.23,56.43,56.60,101
2011.06.02,00:00,55.77,56.28,55.13,55.13,167
2011.06.03,00:00,55.13,55.62,54.70,55.43,155
2011.06.06,00:00,56.51,56.77,56.09,56.25,111
2011.06.07,00:00,56.32,56.50,55.77,56.04,119
2011.06.08,00:00,55.55,55.83,54.71,55.33,203
2011.06.09,00:00,55.20,56.15,55.00,56.02,149
2011.06.10,00:00,56.25,56.48,55.41,55.56,146
2011.06.13,00:00,55.80,56.03,55.45,55.72,109
2011.06.14,00:00,56.14,57.22,56.14,57.01,130
2011.06.15,00:00,56.72,56.88,55.74,56.23,180
2011.06.16,00:00,56.11,57.33,55.71,57.33,203
2011.06.17,00:00,57.00,57.99,56.28,57.56,287
2011.06.20,00:00,56.55,57.68,56.43,57.39,167
2011.06.21,00:00,57.80,57.93,57.12,57.68,151
2011.06.22,00:00,57.71,58.29,57.40,58.03,147
2011.06.23,00:00,55.28,55.44,53.52,54.40,297
2011.06.24,00:00,54.90,55.39,54.02,54.08,193
2011.06.27,00:00,54.05,54.20,53.51,53.70,104
2011.06.28,00:00,54.01,54.20,53.45,53.89,139
2011.06.29,00:00,54.32,54.96,54.08,54.79,130
2011.06.30,00:00,54.68,55.64,54.68,55.44,117
2011.07.01,00:00,55.47,55.87,55.20,55.67,115
2011.07.04,00:00,56.25,56.88,56.15,56.43,129
2011.07.05,00:00,56.33,56.76,56.23,56.51,89
2011.07.06,00:00,56.65,57.30,56.57,57.27,85
2011.07.07,00:00,57.70,58.17,57.50,57.89,116
2011.07.08,00:00,58.04,58.49,57.36,57.39,162
2011.07.11,00:00,56.01,56.69,55.79,56.09,173
2011.07.12,00:00,55.13,55.78,54.21,55.68,260
2011.07.13,00:00,55.60,55.90,55.02,55.41,158
2011.07.14,00:00,55.41,55.66,54.81,54.90,120
2011.07.15,00:00,54.75,55.85,54.50,55.50,196
2011.07.18,00:00,54.73,56.05,54.65,55.70,184
2011.07.19,00:00,55.85,56.64,55.85,56.32,112
2011.07.20,00:00,56.69,56.89,55.58,55.94,188
2011.07.21,00:00,56.06,56.96,55.53,56.67,226
2011.07.22,00:00,56.95,56.99,55.82,56.63,203
2011.07.25,00:00,56.59,57.57,56.06,57.35,227
2011.07.26,00:00,57.60,58.64,57.37,58.30,185
2011.07.27,00:00,58.48,58.56,57.34,57.53,150
2011.07.28,00:00,56.58,57.08,55.51,56.85,288
2011.07.29,00:00,56.11,56.40,55.60,55.93,143
2011.08.01,00:00,56.49,56.68,54.07,54.07,281
2011.08.02,00:00,53.33,54.11,53.02,53.03,189
2011.08.03,00:00,52.69,53.15,51.14,52.16,350
2011.08.04,00:00,52.85,53.07,50.35,50.65,325
2011.08.05,00:00,49.33,50.76,48.32,48.72,428
2011.08.08,00:00,47.70,49.13,46.65,46.72,399
2011.08.09,00:00,46.50,47.45,42.08,45.03,928
2011.08.10,00:00,45.92,46.39,42.08,42.51,522
2011.08.11,00:00,43.82,44.65,41.33,44.42,605
2011.08.12,00:00,44.35,45.94,43.58,45.63,345
2011.08.15,00:00,46.13,46.69,45.85,46.24,158
2011.08.16,00:00,45.62,46.24,44.53,46.24,281
2011.08.17,00:00,46.05,46.69,45.53,46.07,231
2011.08.18,00:00,45.35,45.64,43.02,43.87,377
2011.08.19,00:00,43.87,44.09,42.00,43.01,333
2011.08.22,00:00,42.58,44.12,42.30,43.40,283
2011.08.23,00:00,43.63,44.88,43.47,44.17,229
2011.08.24,00:00,44.53,45.58,43.83,45.10,294
2011.08.25,00:00,45.59,46.17,42.38,43.88,588
2011.08.26,00:00,43.94,44.00,42.09,43.33,322
2011.08.29,00:00,43.93,44.67,43.33,44.46,216
2011.08.30,00:00,44.63,44.74,43.31,43.88,212
2011.08.31,00:00,44.22,45.53,43.67,44.89,306
2011.09.01,00:00,44.95,45.19,43.78,44.44,232
2011.09.02,00:00,43.55,43.80,42.02,42.81,283
2011.09.05,00:00,41.53,42.17,40.45,40.83,275
2011.09.06,00:00,40.93,42.13,35.36,37.75,1037
2011.09.07,00:00,38.70,39.05,36.24,39.05,528
2011.09.08,00:00,38.85,39.10,37.88,38.97,233
2011.09.09,00:00,41.00,41.13,38.56,38.99,314
2011.09.12,00:00,37.80,38.96,37.38,38.44,253
2011.09.13,00:00,39.12,39.31,37.49,38.38,291
2011.09.14,00:00,37.87,38.94,37.67,38.74,168
2011.09.15,00:00,38.48,40.00,38.48,38.96,257
2011.09.16,00:00,39.58,39.97,38.62,39.54,267
2011.09.19,00:00,38.72,39.24,37.84,38.28,237
2011.09.20,00:00,38.06,39.21,37.86,39.04,173
2011.09.21,00:00,39.26,39.29,38.26,38.39,120
2011.09.22,00:00,37.31,37.65,36.55,36.81,171
2011.09.23,00:00,37.13,39.62,35.56,39.42,584
2011.09.26,00:00,40.24,41.90,39.97,41.10,301
2011.09.27,00:00,42.20,42.20,40.99,42.12,235
2011.09.28,00:00,41.90,43.20,41.21,41.81,390
2011.09.29,00:00,41.90,42.77,41.50,42.00,245
2011.09.30,00:00,42.23,42.91,41.06,41.45,293
2011.10.03,00:00,40.25,41.02,39.10,40.58,352
2011.10.04,00:00,40.01,40.04,38.82,39.49,193
2011.10.05,00:00,40.28,40.40,39.16,40.10,231
2011.10.06,00:00,40.38,41.14,39.81,41.14,191
2011.10.07,00:00,41.31,41.38,40.21,40.90,194
2011.10.10,00:00,41.49,42.26,40.74,42.17,237
2011.10.11,00:00,42.03,43.92,41.85,43.60,258
2011.10.12,00:00,43.73,45.10,43.42,44.85,225
2011.10.13,00:00,44.60,44.81,43.62,44.24,203
2011.10.14,00:00,44.46,45.68,44.31,44.85,236
2011.10.17,00:00,45.17,45.77,43.65,44.00,308
2011.10.18,00:00,43.53,44.81,43.28,44.42,218
2011.10.19,00:00,44.65,44.70,43.75,44.08,134
2011.10.20,00:00,43.49,44.71,43.14,43.14,280
2011.10.21,00:00,43.36,44.77,42.79,44.75,258
2011.10.24,00:00,44.97,45.09,44.00,44.87,209
2011.10.25,00:00,44.72,45.80,43.95,44.62,361
2011.10.26,00:00,44.95,45.35,44.06,44.81,245
2011.10.27,00:00,47.89,48.08,46.28,48.01,349
2011.10.28,00:00,48.60,49.06,47.49,47.83,238
2011.10.31,00:00,47.63,48.31,46.29,46.29,271
2011.11.01,00:00,44.32,45.35,43.20,43.20,319
2011.11.02,00:00,42.76,45.62,42.76,45.00,349
2011.11.03,00:00,44.80,47.10,44.62,46.79,298
2011.11.04,00:00,45.76,47.25,44.78,45.04,423
2011.11.07,00:00,45.04,47.14,45.04,45.93,332
2011.11.08,00:00,46.50,47.66,45.88,46.76,331
2011.11.09,00:00,46.74,47.37,44.82,45.82,419
2011.11.10,00:00,44.73,46.77,44.62,46.35,269
2011.11.11,00:00,45.34,48.71,45.34,48.00,409
2011.11.14,00:00,48.63,49.08,46.77,47.18,318
2011.11.15,00:00,45.39,48.00,45.39,47.35,327
2011.11.16,00:00,45.85,48.52,45.85,47.39,381
2011.11.17,00:00,47.12,47.47,46.20,47.10,253
2011.11.18,00:00,45.93,47.02,45.75,46.16,232
2011.11.21,00:00,45.84,46.07,44.31,44.56,225
2011.11.22,00:00,44.93,45.13,44.02,44.15,145
2011.11.23,00:00,42.62,44.55,42.62,43.53,296
2011.11.24,00:00,43.62,44.28,42.63,42.93,262
2011.11.25,00:00,41.84,43.77,41.84,43.38,233
2011.11.28,00:00,42.56,45.55,42.56,45.49,306
2011.11.29,00:00,45.27,46.27,44.96,45.61,229
2011.11.30,00:00,44.52,49.24,44.52,48.81,516
2011.12.01,00:00,48.24,48.61,47.02,47.34,229
2011.12.02,00:00,47.36,48.17,47.03,47.25,218
2011.12.05,00:00,47.90,48.34,47.43,47.78,171
2011.12.06,00:00,46.21,47.71,46.21,47.20,202
2011.12.07,00:00,47.68,47.92,46.39,47.16,255
2011.12.08,00:00,47.26,48.18,46.47,46.59,276
2011.12.09,00:00,45.90,47.48,45.10,47.34,333
2011.12.12,00:00,45.66,46.94,45.66,45.95,228
2011.12.13,00:00,45.87,46.55,45.15,45.62,256
2011.12.14,00:00,45.21,45.62,44.78,44.91,139
2011.12.15,00:00,45.06,45.18,44.28,45.06,181
2011.12.16,00:00,45.29,45.92,45.02,45.20,172
2011.12.19,00:00,44.55,45.44,43.71,44.78,324
2011.12.20,00:00,44.62,47.06,44.47,46.96,285
2011.12.21,00:00,47.52,48.16,46.78,47.12,237
2011.12.22,00:00,46.33,47.96,46.33,47.89,171
2011.12.23,00:00,48.24,48.44,47.51,48.09,172
2011.12.27,00:00,48.25,48.95,47.73,48.45,225
2011.12.28,00:00,48.15,48.72,47.43,47.43,187
2011.12.29,00:00,47.79,48.67,47.61,48.48,144
2011.12.30,00:00,48.88,49.22,48.21,49.16,175
2012.01.02,00:00,49.87,50.86,49.70,50.79,141
2012.01.03,00:00,51.19,51.79,51.15,51.71,77
2012.01.04,00:00,51.07,51.63,50.93,51.49,99
2012.01.05,00:00,51.58,52.44,51.20,52.26,181
2012.01.06,00:00,52.06,52.66,51.05,51.71,288
2012.01.09,00:00,51.66,51.96,50.90,51.40,187
2012.01.10,00:00,50.91,53.97,50.86,53.78,336
2012.01.11,00:00,53.72,53.87,52.37,52.84,213
2012.01.12,00:00,53.02,54.09,52.93,53.91,144
2012.01.13,00:00,54.24,54.37,52.29,52.83,276
2012.01.16,00:00,52.77,53.86,52.61,53.78,150
2012.01.17,00:00,53.01,54.84,53.01,54.69,199
2012.01.18,00:00,54.58,55.26,54.33,54.75,170
2012.01.19,00:00,54.86,54.98,53.60,54.06,197
2012.01.20,00:00,53.58,53.84,53.01,53.52,161
2012.01.23,00:00,53.29,53.40,52.31,53.21,211
2012.01.24,00:00,52.89,53.45,52.64,53.25,127
2012.01.25,00:00,53.27,53.27,52.12,52.58,162
2012.01.26,00:00,53.28,54.29,52.81,53.90,235
2012.01.27,00:00,53.79,54.07,53.31,53.45,119
2012.01.30,00:00,52.85,53.18,52.52,52.94,124
2012.01.31,00:00,53.31,53.96,53.13,53.74,124
2012.02.01,00:00,53.75,54.68,53.67,54.24,154
2012.02.02,00:00,54.73,54.79,54.13,54.41,101
2012.02.03,00:00,54.35,55.50,54.01,55.01,233
2012.02.06,00:00,54.92,55.36,54.47,55.28,143
2012.02.07,00:00,55.26,55.33,54.45,54.91,142
2012.02.08,00:00,55.37,55.53,54.33,54.40,144
2012.02.09,00:00,54.64,55.58,54.51,55.31,148
2012.02.10,00:00,55.01,55.20,54.01,54.24,162
2012.02.13,00:00,54.22,55.09,54.18,54.94,111
2012.02.14,00:00,54.96,55.34,54.61,54.93,144
2012.02.15,00:00,55.41,55.96,55.27,55.70,110
2012.02.16,00:00,54.86,55.62,54.67,55.45,132
2012.02.17,00:00,55.85,56.66,55.77,56.25,139
2012.02.20,00:00,56.32,57.42,56.25,57.36,131
2012.02.21,00:00,57.40,57.96,56.33,56.79,266
2012.02.22,00:00,56.49,56.61,55.73,56.12,140
2012.02.23,00:00,56.20,56.97,55.31,56.01,314
2012.02.24,00:00,56.12,56.29,55.46,56.02,157
2012.02.27,00:00,55.63,56.05,54.81,55.94,218
2012.02.28,00:00,55.04,56.00,54.65,55.76,199
2012.02.29,00:00,55.95,56.51,55.41,55.47,173
2012.03.01,00:00,55.38,56.55,55.31,56.55,132
2012.03.02,00:00,56.58,56.58,55.63,55.66,99
2012.03.05,00:00,55.36,55.62,54.91,55.18,125
2012.03.08,00:00,53.52,54.77,53.16,54.68,207
2012.03.09,00:00,54.66,55.00,54.15,54.69,168
2012.03.12,00:00,54.60,54.98,54.27,54.80,123
2012.03.13,00:00,55.28,55.87,54.90,55.73,150
2012.03.14,00:00,55.70,55.87,54.68,55.18,187
2012.03.15,00:00,54.83,55.13,54.38,55.13,121
2012.03.16,00:00,55.10,55.14,54.48,54.57,80
2012.03.19,00:00,53.97,54.09,53.51,53.93,113
2012.03.20,00:00,54.05,54.38,53.83,54.06,110
2012.03.21,00:00,54.29,54.81,54.09,54.78,96
2012.03.22,00:00,54.39,54.47,53.11,53.44,178
2012.03.26,00:00,53.90,54.42,53.83,53.90,119
2012.03.27,00:00,54.01,54.50,53.70,53.73,133
2012.03.28,00:00,53.69,54.13,52.89,52.89,169
2012.03.29,00:00,52.52,52.85,51.89,52.17,158
2012.03.30,00:00,52.74,52.79,52.16,52.62,115
2012.04.02,00:00,52.89,53.95,52.61,53.95,163
2012.04.03,00:00,54.05,54.64,53.74,54.03,179
2012.04.04,00:00,53.67,53.78,52.19,52.24,176
2012.04.05,00:00,52.39,52.68,51.31,52.02,238
2012.04.10,00:00,51.75,52.22,50.84,50.86,188
2012.04.11,00:00,51.08,51.69,50.55,51.13,224
2012.04.12,00:00,51.24,51.97,51.03,51.80,133
2012.04.13,00:00,51.55,51.87,50.34,50.56,208
2012.04.16,00:00,50.22,51.39,50.15,51.03,168
2012.04.17,00:00,50.90,52.76,50.90,52.76,187
2012.04.18,00:00,52.17,52.97,52.17,52.55,123
2012.04.19,00:00,52.88,53.42,52.50,52.50,147
2012.04.20,00:00,52.60,53.91,52.42,53.74,185
2012.04.23,00:00,53.31,53.31,51.10,51.40,252
2012.04.24,00:00,51.65,52.30,51.59,52.26,82
2012.04.25,00:00,52.50,53.44,52.13,53.27,186
2012.04.26,00:00,54.83,55.03,53.30,54.33,297
2012.04.27,00:00,54.18,55.93,53.76,55.49,304
2012.04.30,00:00,54.39,54.62,53.26,53.33,167
2012.05.02,00:00,54.23,54.64,52.93,53.24,244
2012.05.03,00:00,53.98,54.39,53.10,53.49,210
2012.05.04,00:00,53.49,53.49,51.88,51.97,171
2012.05.07,00:00,50.90,52.24,50.80,52.20,159
2012.05.08,00:00,52.20,52.42,51.07,51.26,177
2012.05.09,00:00,51.81,52.76,51.62,52.76,134
2012.05.10,00:00,52.75,53.31,51.62,52.40,304
2012.05.11,00:00,52.11,52.68,51.98,52.14,138
2012.05.14,00:00,52.12,52.33,51.13,51.65,194
2012.05.15,00:00,51.82,52.25,50.75,51.18,237
2012.05.16,00:00,50.66,51.94,50.61,51.39,194
2012.05.17,00:00,51.45,51.90,50.76,51.10,194
2012.05.18,00:00,50.63,51.08,50.40,50.65,135
2012.05.21,00:00,50.40,52.20,50.21,51.80,259
2012.05.22,00:00,51.82,52.10,51.21,51.96,165
2012.05.23,00:00,51.46,51.79,50.53,50.72,179
2012.05.24,00:00,50.42,50.80,49.88,50.43,184
2012.05.25,00:00,50.40,51.22,50.12,50.90,171
2012.05.28,00:00,51.43,51.95,50.91,51.00,166
2012.05.29,00:00,51.70,52.31,51.32,51.97,172
2012.05.30,00:00,51.58,52.03,50.97,51.20,175
2012.05.31,00:00,51.12,51.60,50.42,50.82,207
2012.06.01,00:00,51.07,51.21,48.65,49.06,312
2012.06.04,00:00,48.53,48.93,47.75,48.42,226
2012.06.05,00:00,48.37,48.58,47.60,48.04,164
2012.06.06,00:00,48.33,49.27,48.04,48.70,210
2012.06.07,00:00,48.86,50.29,48.81,49.63,220
2012.06.08,00:00,49.28,49.48,48.83,49.39,120
2012.06.11,00:00,50.30,51.02,49.82,50.00,211
2012.06.12,00:00,50.09,51.17,49.99,50.85,161
2012.06.13,00:00,51.08,51.58,50.65,51.29,166
2012.06.14,00:00,51.49,52.32,51.40,52.23,111
2012.06.15,00:00,52.25,53.57,52.25,53.37,153
2012.06.18,00:00,53.81,54.18,52.77,53.25,227
2012.06.19,00:00,53.43,54.81,53.36,54.66,168
2012.06.20,00:00,54.78,54.84,53.97,54.10,107
2012.06.21,00:00,54.01,54.94,53.99,54.31,161
2012.06.22,00:00,53.69,53.72,52.72,52.74,106
2012.06.25,00:00,52.74,53.16,51.81,53.11,234
2012.06.26,00:00,53.07,53.48,52.90,53.38,86
2012.06.27,00:00,53.53,54.91,53.26,54.83,201
2012.06.28,00:00,54.83,54.91,53.31,53.89,227
2012.06.29,00:00,55.55,56.56,55.07,56.55,199
2012.07.02,00:00,56.57,57.89,56.57,57.28,194
2012.07.03,00:00,57.64,58.24,57.54,58.17,88
2012.07.04,00:00,58.19,58.49,57.67,58.30,154
2012.07.05,00:00,58.23,58.68,57.26,57.90,252
2012.07.06,00:00,57.77,58.43,57.19,57.22,194
2012.07.09,00:00,56.96,57.45,56.71,57.29,116
2012.07.10,00:00,57.33,57.98,56.71,57.55,233
2012.07.11,00:00,57.29,58.03,56.97,57.25,209
2012.07.12,00:00,57.25,57.41,56.51,57.00,156
2012.07.13,00:00,57.27,58.61,57.06,58.25,213
2012.07.16,00:00,57.87,57.96,57.43,57.71,91
2012.07.17,00:00,57.65,58.41,57.65,58.09,109
2012.07.18,00:00,58.36,59.09,58.09,58.96,141
2012.07.19,00:00,59.27,60.38,59.27,59.78,172
2012.07.20,00:00,59.78,60.39,58.56,58.64,253
2012.07.23,00:00,57.90,58.75,56.83,57.04,299
2012.07.24,00:00,56.74,57.36,56.56,56.78,157
2012.07.25,00:00,56.33,57.31,56.21,56.92,162
2012.07.26,00:00,57.12,59.68,56.83,59.49,334
2012.07.27,00:00,59.70,60.92,59.06,60.86,257
2012.07.30,00:00,60.97,61.17,60.16,61.17,183
2012.07.31,00:00,61.68,63.83,61.63,62.01,408
2012.08.01,00:00,62.18,63.22,62.14,62.33,202
2012.08.02,00:00,61.85,63.12,60.57,60.63,389
2012.08.03,00:00,60.45,63.12,60.42,62.91,295
2012.08.06,00:00,62.51,62.70,62.06,62.43,121
2012.08.07,00:00,62.27,63.25,62.24,62.93,137
2012.08.08,00:00,62.87,63.12,62.38,63.05,131
2012.08.09,00:00,63.28,63.39,62.22,62.84,191
2012.08.10,00:00,62.32,62.82,61.90,62.61,156
2012.08.13,00:00,62.53,62.69,61.87,62.19,131
2012.08.14,00:00,62.75,63.48,62.75,63.40,82
2012.08.15,00:00,63.37,63.39,62.75,63.17,109
2012.08.16,00:00,63.10,63.24,62.57,63.06,131
2012.08.17,00:00,63.26,63.26,62.48,62.69,100
2012.08.20,00:00,62.70,62.98,62.57,62.73,80
2012.08.21,00:00,62.77,62.86,62.51,62.63,57
2012.08.22,00:00,62.30,62.36,61.44,61.62,117
2012.08.23,00:00,62.07,62.18,60.54,60.83,205
2012.08.24,00:00,60.80,61.63,60.63,61.55,126
2012.08.27,00:00,61.17,62.15,61.05,62.06,132
2012.08.28,00:00,61.78,61.84,61.31,61.45,74
2012.08.29,00:00,61.60,62.11,60.99,61.96,189
2012.08.30,00:00,61.74,61.95,61.12,61.37,130
2012.08.31,00:00,61.24,62.24,60.75,61.79,244
2012.09.03,00:00,61.66,62.85,61.55,62.82,145
2012.09.04,00:00,62.80,63.25,62.26,62.35,154
2012.09.05,00:00,62.27,63.37,62.01,62.93,207
2012.09.06,00:00,63.05,65.61,62.97,65.32,302
2012.09.07,00:00,65.67,65.82,65.05,65.18,106
2012.09.10,00:00,64.91,65.17,64.01,64.41,183
2012.09.11,00:00,64.26,65.45,63.88,65.45,196
2012.09.12,00:00,65.66,66.58,65.14,65.89,266
2012.09.13,00:00,65.53,65.76,64.91,65.44,162
2012.09.14,00:00,66.37,66.46,64.58,64.80,220
2012.09.17,00:00,64.91,65.72,64.87,65.42,120
2012.09.18,00:00,65.22,65.91,64.92,65.41,180
2012.09.19,00:00,65.22,65.57,65.02,65.50,83
2012.09.20,00:00,64.66,66.15,64.66,65.89,176
2012.09.21,00:00,66.03,68.06,65.91,67.67,267
2012.09.24,00:00,67.61,68.47,67.60,67.68,168
2012.09.25,00:00,67.95,68.51,67.74,68.33,117
2012.09.26,00:00,67.87,68.30,67.35,67.63,167
2012.09.27,00:00,67.83,68.73,67.83,68.30,134
2012.09.28,00:00,68.70,68.70,66.96,67.13,192
2012.10.01,00:00,67.08,68.81,67.00,68.60,211
2012.10.02,00:00,68.04,68.32,67.42,67.42,119
2012.10.03,00:00,67.06,67.86,66.82,67.69,146
2012.10.04,00:00,67.82,68.25,67.01,67.25,192
2012.10.05,00:00,67.49,68.97,67.31,68.84,198
2012.10.08,00:00,68.21,68.57,67.52,68.36,196
2012.10.09,00:00,68.34,68.84,67.66,67.66,169
2012.10.10,00:00,67.73,68.43,67.65,67.91,139
2012.10.11,00:00,67.50,68.94,67.47,68.65,180
2012.10.12,00:00,68.32,68.47,67.58,68.11,158
2012.10.15,00:00,68.02,69.04,67.99,68.40,173
2012.10.16,00:00,68.79,70.35,68.78,70.35,159
2012.10.17,00:00,70.43,70.45,69.46,69.56,112
2012.10.18,00:00,69.79,69.93,69.61,69.69,55
2012.10.19,00:00,69.22,69.36,68.55,68.90,131
2012.10.22,00:00,68.65,69.01,68.32,68.42,116
2012.10.23,00:00,68.55,68.55,65.91,65.92,266
2012.10.24,00:00,66.28,66.76,65.94,66.31,162
2012.10.25,00:00,66.50,67.23,66.25,66.84,163
2012.10.26,00:00,66.39,67.25,66.15,67.08,152
2012.10.29,00:00,66.75,67.03,66.41,66.58,108
2012.10.30,00:00,66.63,67.61,66.20,67.54,192
2012.10.31,00:00,67.81,68.32,67.19,67.41,187
2012.11.01,00:00,66.90,68.01,66.70,67.57,196
2012.11.02,00:00,67.21,67.65,66.76,67.35,165
2012.11.05,00:00,67.00,67.84,66.90,67.71,118
2012.11.06,00:00,67.82,68.28,67.65,68.08,101
2012.11.07,00:00,68.69,68.79,66.42,66.53,259
2012.11.08,00:00,66.43,67.40,66.07,66.34,258
2012.11.09,00:00,66.41,66.90,65.03,65.86,320
2012.11.12,00:00,65.74,66.34,65.19,66.07,198
2012.11.13,00:00,65.95,66.86,65.83,66.78,124
2012.11.14,00:00,66.52,67.15,66.25,66.71,162
2012.11.15,00:00,65.97,66.03,64.70,65.43,213
2012.11.16,00:00,65.69,66.28,65.33,65.60,182
2012.11.19,00:00,65.87,66.40,65.36,66.40,156
2012.11.20,00:00,66.22,67.31,66.13,67.23,136
2012.11.21,00:00,67.06,67.74,66.66,67.69,154
2012.11.22,00:00,67.93,68.74,67.84,68.69,105
2012.11.23,00:00,69.16,69.68,68.77,69.61,138
2012.11.26,00:00,69.25,69.55,69.04,69.15,93
2012.11.27,00:00,69.63,69.78,69.19,69.41,97
2012.11.28,00:00,69.03,70.00,68.99,69.94,112
2012.11.29,00:00,70.39,70.65,69.76,69.92,132
2012.11.30,00:00,69.82,70.06,69.63,69.74,79
2012.12.03,00:00,69.80,70.79,69.60,70.12,207
2012.12.04,00:00,70.05,70.52,69.93,70.32,92
2012.12.05,00:00,70.40,70.58,69.77,69.90,113
2012.12.06,00:00,70.50,73.04,70.43,72.59,314
2012.12.07,00:00,72.58,73.07,71.78,71.85,186
2012.12.10,00:00,71.64,72.38,71.64,72.23,90
2012.12.11,00:00,71.89,72.77,71.45,72.27,227
2012.12.12,00:00,72.52,72.87,72.14,72.31,126
2012.12.13,00:00,72.53,72.65,71.82,72.27,141
2012.12.14,00:00,72.49,72.86,72.06,72.29,141
2012.12.17,00:00,72.53,72.69,71.66,72.29,183
2012.12.18,00:00,72.51,72.80,72.29,72.72,82
2012.12.19,00:00,72.20,72.50,71.41,71.49,148
2012.12.20,00:00,71.04,72.35,70.90,72.29,166
2012.12.21,00:00,71.86,72.93,71.60,72.91,162
2012.12.27,00:00,72.35,72.55,71.77,72.31,153
2012.12.28,00:00,72.36,72.89,71.74,71.89,184
2013.01.02,00:00,73.09,73.11,71.34,71.79,225
2013.01.03,00:00,71.86,72.42,71.63,71.97,148
2013.01.04,00:00,71.91,72.79,71.88,72.71,103
2013.01.07,00:00,72.66,72.66,71.40,71.67,154
2013.01.08,00:00,71.64,72.18,71.44,71.88,125
2013.01.09,00:00,72.30,72.82,71.71,72.40,213
2013.01.10,00:00,72.65,72.84,71.83,71.92,130
2013.01.11,00:00,71.92,72.97,71.75,72.91,146
2013.01.14,00:00,72.85,73.20,72.53,72.75,125
2013.01.15,00:00,72.37,72.48,71.62,72.01,137
2013.01.16,00:00,72.11,72.74,72.11,72.60,78
2013.01.17,00:00,72.54,73.60,72.13,72.97,252
2013.01.18,00:00,72.88,73.15,72.31,72.71,152
2013.01.21,00:00,72.67,73.06,72.56,72.86,82
2013.01.22,00:00,72.92,73.56,72.34,73.08,229
2013.01.23,00:00,72.81,72.89,72.51,72.82,76
2013.01.24,00:00,72.89,73.04,72.30,72.42,102
2013.01.25,00:00,72.76,76.17,72.76,75.94,365
2013.01.28,00:00,74.91,76.00,74.87,75.79,139
2013.01.29,00:00,74.85,74.85,73.69,73.72,120
2013.01.30,00:00,73.43,73.84,72.91,73.41,185
2013.01.31,00:00,72.86,73.10,72.32,72.91,152
2013.02.01,00:00,72.41,72.89,71.45,72.87,243
2013.02.04,00:00,72.65,73.25,71.94,72.20,218
2013.02.05,00:00,71.36,71.79,70.97,71.77,124
2013.02.06,00:00,71.61,71.61,69.21,70.14,334
2013.02.07,00:00,70.15,71.66,69.55,70.75,363
2013.02.08,00:00,70.77,71.07,70.15,70.83,179
2013.02.11,00:00,70.27,70.79,69.98,70.22,158
2013.02.12,00:00,69.97,70.94,69.88,70.76,134
2013.02.14,00:00,70.93,71.11,69.63,69.63,167
2013.02.15,00:00,69.71,69.76,68.66,69.16,166
2013.02.18,00:00,68.92,69.46,68.63,69.29,130
2013.02.19,00:00,69.20,72.02,69.19,72.02,285
2013.02.20,00:00,71.87,72.95,71.68,72.54,188
2013.02.21,00:00,72.21,72.51,71.10,71.61,223
2013.02.22,00:00,71.74,72.97,71.41,72.97,190
2013.02.25,00:00,73.28,75.06,73.28,73.74,311
2013.02.26,00:00,72.06,73.53,71.64,72.97,288
2013.02.27,00:00,72.88,73.85,72.29,73.85,216
2013.02.28,00:00,73.56,76.29,73.56,76.29,274
2013.03.01,00:00,75.60,76.23,74.45,75.58,355
2013.03.04,00:00,74.71,76.02,74.71,75.78,156
2013.03.05,00:00,75.64,77.98,75.07,77.89,358
2013.03.06,00:00,78.04,79.48,77.89,78.14,309
2013.03.07,00:00,78.34,78.45,77.59,78.06,145
2013.03.08,00:00,78.34,78.78,78.00,78.70,121
2013.03.11,00:00,78.14,78.28,77.53,77.80,117
2013.03.12,00:00,77.30,77.81,76.66,77.11,212
2013.03.13,00:00,77.07,77.39,76.66,77.14,140
2013.03.14,00:00,78.05,78.72,77.81,78.72,116
2013.03.15,00:00,79.02,79.02,78.01,78.45,146
2013.03.18,00:00,77.36,78.33,77.30,78.32,111
2013.03.19,00:00,77.93,78.48,77.56,78.36,142
2013.03.20,00:00,78.80,80.39,78.58,80.30,213
2013.03.21,00:00,80.42,80.50,78.50,78.90,249
2013.03.22,00:00,78.68,79.03,77.72,78.39,234
2013.03.25,00:00,78.69,80.25,78.69,79.34,248
2013.03.26,00:00,79.05,79.97,78.73,79.77,177
2013.03.27,00:00,79.72,80.15,78.83,79.33,226
2013.03.28,00:00,79.75,80.97,79.43,80.51,233
2013.04.02,00:00,80.26,82.30,80.15,82.27,230
2013.04.03,00:00,81.75,83.05,81.75,82.53,183
2013.04.04,00:00,82.31,82.76,81.46,81.60,190
2013.04.05,00:00,81.75,81.75,78.99,79.05,283
2013.04.08,00:00,79.16,81.17,79.16,80.92,227
2013.04.09,00:00,81.78,81.79,79.64,80.08,261
2013.04.10,00:00,80.35,81.34,79.39,81.05,321
2013.04.11,00:00,80.71,82.15,80.58,82.07,179
2013.04.12,00:00,81.70,81.78,80.26,80.40,175
2013.04.15,00:00,80.16,81.88,79.75,81.70,273
2013.04.16,00:00,81.37,81.59,79.99,81.21,305
2013.04.17,00:00,80.90,81.36,77.46,77.67,458
2013.04.18,00:00,77.82,79.32,77.76,78.93,202
2013.04.19,00:00,79.24,79.52,78.04,78.18,191
2013.04.22,00:00,78.53,78.94,77.52,77.76,208
2013.04.23,00:00,78.13,79.79,77.47,79.55,323
2013.04.24,00:00,79.53,80.76,78.53,80.54,346
2013.04.25,00:00,79.81,80.64,79.31,80.46,202
2013.04.26,00:00,80.33,81.85,80.19,81.04,262
2013.04.29,00:00,79.93,80.28,78.98,79.50,218
2013.04.30,00:00,80.00,80.69,78.96,79.26,273
2013.05.02,00:00,79.02,80.37,78.83,80.29,182
2013.05.03,00:00,80.05,81.59,78.93,81.43,395
2013.05.06,00:00,81.49,81.80,80.93,81.02,128
2013.05.07,00:00,81.11,82.25,80.85,81.71,221
2013.05.08,00:00,81.31,83.45,81.10,83.33,269
2013.05.09,00:00,83.24,83.66,82.74,83.13,174
2013.05.10,00:00,83.12,84.18,81.94,83.24,437
2013.05.13,00:00,83.18,83.93,82.71,83.63,200
2013.05.14,00:00,83.90,84.62,83.13,84.45,244
2013.05.15,00:00,84.30,85.27,83.84,84.99,218
2013.05.16,00:00,84.75,85.65,84.40,84.84,242
2013.05.17,00:00,84.32,84.83,83.63,83.90,199
2013.05.20,00:00,84.38,84.64,83.75,83.98,139
2013.05.21,00:00,83.84,85.18,83.84,84.51,202
2013.05.22,00:00,84.19,85.54,84.19,85.40,150
2013.05.23,00:00,84.49,84.49,83.15,84.09,229
2013.05.24,00:00,84.07,84.93,83.69,84.55,201
2013.05.27,00:00,84.98,85.19,84.52,84.84,121
2013.05.28,00:00,85.66,87.08,85.63,86.69,188
2013.05.29,00:00,86.43,86.52,83.84,83.84,278
2013.05.30,00:00,83.34,83.86,82.95,83.49,168
2013.05.31,00:00,83.61,83.64,82.17,83.35,269
2013.06.03,00:00,82.54,83.22,80.82,81.48,375
2013.06.04,00:00,82.34,83.04,81.86,82.21,224
2013.06.05,00:00,81.31,81.97,80.51,81.32,292
2013.06.06,00:00,81.00,82.17,80.83,80.91,260
2013.06.07,00:00,80.90,83.61,80.31,83.52,399
2013.06.10,00:00,82.83,84.67,82.68,84.34,248
2013.06.11,00:00,83.10,83.52,82.21,82.96,249
2013.06.12,00:00,82.86,83.86,82.65,83.02,227
2013.06.13,00:00,81.89,82.04,80.75,82.02,246
2013.06.14,00:00,82.51,82.82,81.56,81.72,174
2013.06.17,00:00,82.37,84.08,82.37,83.61,219
2013.06.18,00:00,83.12,84.02,82.65,83.93,194
2013.06.19,00:00,83.80,84.77,82.99,84.04,333
2013.06.20,00:00,81.80,82.48,80.85,80.98,245
2013.06.21,00:00,81.62,82.40,80.64,80.64,255
2013.06.24,00:00,78.65,79.78,77.58,78.27,403
2013.06.25,00:00,78.25,79.40,78.20,78.92,174
2013.06.26,00:00,78.85,81.88,78.33,81.60,436
2013.06.27,00:00,81.32,82.68,81.04,82.44,217
2013.06.28,00:00,82.34,82.61,81.29,81.92,223
2013.07.01,00:00,81.58,82.80,80.81,82.25,332
2013.07.02,00:00,82.60,82.80,81.29,81.85,228
2013.07.03,00:00,80.67,81.11,79.81,80.92,236
2013.07.04,00:00,80.98,82.95,80.98,82.60,233
2013.07.05,00:00,82.55,82.64,80.17,80.17,257
2013.07.08,00:00,80.44,82.90,80.44,82.33,304
2013.07.09,00:00,82.75,83.95,82.43,83.49,231
2013.07.10,00:00,83.09,83.87,81.41,83.02,486
2013.07.11,00:00,84.61,84.92,83.47,84.08,238
2013.07.12,00:00,84.24,85.48,84.03,84.35,280
2013.07.15,00:00,84.81,85.33,84.35,84.60,176
2013.07.16,00:00,84.90,85.00,83.43,83.70,195
2013.07.17,00:00,83.65,84.38,82.71,84.17,283
2013.07.18,00:00,83.88,85.62,83.80,85.35,218
2013.07.19,00:00,84.94,85.18,84.15,84.89,202
2013.07.22,00:00,85.04,85.34,84.57,84.86,137
2013.07.23,00:00,84.89,85.17,84.21,84.37,141
2013.07.24,00:00,84.21,84.96,83.42,84.13,301
2013.07.25,00:00,83.85,84.87,83.09,84.27,315
2013.07.26,00:00,84.57,85.40,83.55,83.74,288
2013.07.29,00:00,83.61,84.63,83.58,83.82,190
2013.07.30,00:00,84.05,85.26,83.70,84.51,267
2013.07.31,00:00,83.30,88.32,83.11,86.88,685
2013.08.01,00:00,87.75,89.94,87.69,89.05,321
2013.08.02,00:00,89.57,90.02,89.27,89.73,135
2013.08.05,00:00,89.56,90.66,89.48,89.63,230
2013.08.06,00:00,89.76,91.02,88.27,88.66,441
2013.08.07,00:00,87.81,88.62,86.83,87.11,289
2013.08.08,00:00,87.09,87.77,86.58,87.08,238
2013.08.09,00:00,86.98,87.73,86.80,87.02,183
2013.08.12,00:00,86.92,87.13,85.83,86.82,251
2013.08.13,00:00,86.87,87.67,86.45,86.76,234
2013.08.14,00:00,86.76,87.32,86.54,86.99,134
2013.08.15,00:00,86.95,86.95,85.65,86.58,224
2013.08.16,00:00,87.02,87.32,86.03,86.60,217
2013.08.19,00:00,86.10,87.55,86.10,87.27,174
2013.08.20,00:00,86.25,88.21,86.25,87.54,264
2013.08.21,00:00,87.45,87.78,86.74,87.08,172
2013.08.22,00:00,87.00,88.61,86.70,88.08,275
2013.08.23,00:00,88.11,88.38,87.23,88.17,225
2013.08.26,00:00,88.15,88.71,87.97,88.46,118
2013.08.27,00:00,87.83,88.37,86.26,86.81,321
2013.08.28,00:00,86.04,86.34,84.54,84.97,254
2013.08.29,00:00,85.00,85.63,84.49,85.32,197
2013.08.30,00:00,85.05,85.40,84.09,84.38,196
2013.09.02,00:00,84.88,85.86,84.78,85.54,151
2013.09.03,00:00,85.82,86.21,84.58,84.62,207
2013.09.04,00:00,84.76,85.21,83.92,84.97,238
2013.09.05,00:00,84.20,85.01,83.54,83.82,257
2013.09.06,00:00,83.65,84.35,82.18,83.18,388
2013.09.09,00:00,82.20,83.14,81.82,82.14,259
2013.09.10,00:00,82.35,83.77,82.19,83.70,182
2013.09.11,00:00,83.45,84.65,83.45,84.21,165
2013.09.12,00:00,84.41,84.73,83.35,83.50,186
2013.09.13,00:00,82.00,84.36,82.00,83.77,296
2013.09.16,00:00,84.39,85.53,84.08,85.15,215
2013.09.17,00:00,83.50,85.76,83.50,84.93,310
2013.09.18,00:00,84.95,85.39,84.65,85.04,140
2013.09.19,00:00,86.26,86.85,85.88,86.40,181
2013.09.20,00:00,86.20,88.17,86.20,87.94,221
2013.09.23,00:00,87.05,87.90,85.81,86.04,318
2013.09.24,00:00,86.23,87.05,86.03,86.58,170
2013.09.25,00:00,86.05,86.58,85.49,86.38,186
2013.09.26,00:00,86.73,87.26,86.00,86.76,250
2013.09.27,00:00,86.81,87.96,86.46,87.46,236
2013.09.30,00:00,86.40,87.61,86.40,87.02,181
2013.10.01,00:00,87.28,87.95,87.01,87.62,155
2013.10.02,00:00,87.35,87.47,85.94,86.48,220
2013.10.03,00:00,86.26,87.09,86.26,86.29,164
2013.10.04,00:00,85.85,86.21,85.19,86.05,185
2013.10.07,00:00,85.68,85.69,84.57,84.92,149
2013.10.08,00:00,84.25,85.87,84.25,84.41,309
2013.10.09,00:00,83.90,84.92,83.73,83.86,235
2013.10.10,00:00,84.05,86.02,84.05,85.65,235
2013.10.11,00:00,86.02,87.17,85.56,87.15,210
2013.10.14,00:00,86.62,87.04,86.22,86.96,131
2013.10.15,00:00,87.09,88.48,87.09,88.26,162
2013.10.16,00:00,87.82,89.60,87.82,89.25,214
2013.10.17,00:00,89.21,89.78,88.99,89.49,131
2013.10.18,00:00,89.75,90.61,89.61,90.18,158
2013.10.21,00:00,89.83,89.83,88.50,89.32,216
2013.10.22,00:00,88.72,90.83,88.72,90.21,274
2013.10.23,00:00,89.80,91.45,89.80,91.09,202
2013.10.24,00:00,91.30,91.50,90.39,90.73,166
2013.10.25,00:00,90.11,91.47,90.11,91.32,152
2013.10.28,00:00,91.37,91.75,91.20,91.53,95
2013.10.29,00:00,91.31,92.44,91.31,92.32,126
2013.10.30,00:00,92.12,92.66,91.90,92.48,117
2013.10.31,00:00,91.65,93.24,90.71,91.34,476
2013.11.01,00:00,91.46,91.63,90.85,90.91,102
2013.11.04,00:00,92.68,92.76,92.09,92.46,113
2013.11.05,00:00,92.54,93.31,92.14,92.66,223
2013.11.06,00:00,92.65,94.37,92.65,93.75,235
2013.11.07,00:00,93.51,94.62,92.56,93.38,400
2013.11.08,00:00,92.72,93.86,92.56,93.69,164
2013.11.11,00:00,93.41,94.27,93.41,93.79,135
2013.11.12,00:00,93.50,93.80,93.02,93.46,153
2013.11.13,00:00,93.12,93.33,92.39,93.03,180
2013.11.14,00:00,93.25,94.99,93.25,94.95,179
2013.11.15,00:00,94.72,95.00,94.23,94.92,135
2013.11.18,00:00,94.31,94.94,93.23,94.77,297
2013.11.19,00:00,94.10,94.66,94.07,94.18,111
2013.11.20,00:00,93.73,95.47,93.44,95.00,280
2013.11.21,00:00,95.52,96.30,94.48,96.06,311
2013.11.22,00:00,96.08,97.07,95.60,95.93,280
2013.11.25,00:00,95.81,96.70,95.80,96.10,152
2013.11.26,00:00,96.08,96.68,95.35,95.74,233
2013.11.27,00:00,95.71,96.80,95.70,96.65,127
2013.11.28,00:00,96.91,97.39,96.55,97.24,136
2013.11.29,00:00,96.96,98.37,96.96,98.11,168
2013.12.02,00:00,98.14,98.88,97.55,98.36,245
2013.12.03,00:00,98.28,98.64,97.08,97.22,207
2013.12.04,00:00,96.99,97.92,95.53,95.83,363
2013.12.05,00:00,95.30,96.68,95.03,95.37,324
2013.12.06,00:00,96.00,96.45,95.28,96.09,226
2013.12.09,00:00,96.14,97.33,96.14,97.11,142
2013.12.10,00:00,96.36,97.50,95.46,96.02,375
2013.12.11,00:00,95.77,96.83,95.56,95.63,241
2013.12.12,00:00,95.13,96.21,95.05,95.59,187
2013.12.13,00:00,95.47,96.31,95.21,95.59,209
2013.12.16,00:00,95.11,97.40,95.00,96.85,307
2013.12.17,00:00,96.64,97.04,96.31,96.33,116
2013.12.18,00:00,96.52,98.37,96.52,98.28,195
2013.12.19,00:00,98.85,99.95,98.31,99.17,297
2013.12.20,00:00,99.25,99.99,99.06,99.55,157
2013.12.23,00:00,99.35,101.25,99.35,101.25,191
2013.12.27,00:00,102.30,103.05,102.20,102.80,121
2013.12.30,00:00,103.00,103.05,101.85,102.05,146
2014.01.02,00:00,102.45,103.20,100.00,100.20,416
2014.01.03,00:00,99.44,100.95,99.44,100.70,177
2014.01.06,00:00,100.05,101.05,99.75,100.30,236
2014.01.07,00:00,100.20,101.30,99.97,101.25,162
2014.01.08,00:00,101.30,101.30,99.91,100.20,169
2014.01.09,00:00,99.81,100.50,98.63,98.84,278
2014.01.10,00:00,99.02,100.00,98.90,99.29,194
2014.01.13,00:00,98.65,99.08,97.74,98.35,239
2014.01.14,00:00,96.41,98.18,96.17,98.10,234
2014.01.15,00:00,98.30,101.50,98.11,101.45,364
2014.01.16,00:00,101.55,101.90,101.05,101.30,146
2014.01.17,00:00,100.40,102.00,100.25,101.25,266
2014.01.20,00:00,100.75,102.15,100.55,101.85,211
2014.01.21,00:00,102.30,103.65,102.00,102.95,266
2014.01.22,00:00,103.40,104.35,103.40,104.20,111
2014.01.23,00:00,103.65,104.25,102.30,102.95,321
2014.01.24,00:00,102.90,103.10,98.85,98.96,457
2014.01.27,00:00,99.32,99.78,97.68,98.29,318
2014.01.28,00:00,98.78,99.12,97.77,97.97,190
2014.01.29,00:00,99.91,100.45,96.46,98.09,617
2014.01.30,00:00,98.00,99.41,96.91,98.32,469
2014.01.31,00:00,98.24,98.56,96.25,98.13,452
2014.02.03,00:00,97.96,98.59,96.82,97.25,284
2014.02.04,00:00,96.76,97.47,95.82,96.14,269
2014.02.05,00:00,94.51,95.59,94.32,95.08,198
2014.02.06,00:00,94.88,95.26,93.77,95.02,285
2014.02.07,00:00,95.00,95.93,94.54,95.46,233
2014.02.10,00:00,95.81,96.07,95.25,95.48,132
2014.02.11,00:00,95.82,98.92,95.82,98.67,336
2014.02.12,00:00,98.98,100.05,98.45,99.18,301
2014.02.13,00:00,98.63,100.10,98.45,100.05,189
2014.02.14,00:00,100.05,101.30,99.95,100.80,196
2014.02.17,00:00,101.15,101.55,100.85,101.10,136
2014.02.18,00:00,101.50,101.65,100.60,101.55,206
2014.02.19,00:00,101.15,102.05,100.80,101.65,201
2014.02.20,00:00,99.82,101.10,99.68,100.95,172
2014.02.21,00:00,101.60,101.70,100.85,101.50,161
2014.02.24,00:00,101.05,102.20,101.05,101.85,151
2014.02.25,00:00,101.95,102.20,100.75,101.55,251
2014.02.26,00:00,101.25,101.60,99.92,100.70,282
2014.02.27,00:00,100.35,101.45,98.69,100.00,518
2014.02.28,00:00,97.76,102.75,97.76,102.40,535
2014.03.03,00:00,99.66,100.70,98.34,98.41,348
2014.03.04,00:00,99.80,101.70,99.17,100.95,392
2014.03.05,00:00,100.50,101.20,99.70,99.74,225
2014.03.06,00:00,100.30,100.65,99.49,99.62,165
2014.03.07,00:00,99.56,99.66,96.82,96.92,305
2014.03.10,00:00,96.50,98.29,95.93,96.54,469
2014.03.11,00:00,96.12,96.64,95.56,95.67,172
2014.03.12,00:00,94.72,96.18,94.47,95.59,256
2014.03.13,00:00,96.01,96.13,93.30,93.37,303
2014.03.14,00:00,91.76,95.71,91.76,95.02,465
2014.03.17,00:00,94.85,95.80,94.14,95.63,255
2014.03.18,00:00,94.73,96.85,94.28,95.27,461
2014.03.19,00:00,95.32,96.30,95.05,96.03,180
2014.03.20,00:00,94.60,96.32,94.02,96.31,290
2014.03.21,00:00,96.21,97.99,95.61,97.80,318
2014.03.24,00:00,97.70,97.89,94.50,94.72,381
2014.03.25,00:00,95.19,97.41,95.01,96.91,309
2014.03.26,00:00,97.04,98.23,96.48,97.34,321
2014.03.27,00:00,97.05,97.77,96.60,97.20,220
2014.03.28,00:00,97.40,99.26,97.40,99.19,194
2014.03.31,00:00,99.73,99.76,98.10,98.36,196
2014.04.01,00:00,98.21,98.90,97.25,97.45,255
2014.04.02,00:00,97.50,97.79,97.02,97.59,146
2014.04.03,00:00,97.73,99.39,97.52,98.53,295
2014.04.04,00:00,98.46,99.24,98.04,98.76,211
2014.04.07,00:00,97.70,97.85,96.27,96.27,174
2014.04.08,00:00,96.65,97.26,95.21,95.80,326
2014.04.09,00:00,95.63,96.01,95.00,95.41,181
2014.04.10,00:00,96.06,96.49,94.50,94.51,244
2014.04.11,00:00,93.37,93.64,92.02,92.76,264
2014.04.14,00:00,92.02,94.17,91.78,93.61,320
2014.04.15,00:00,93.47,94.03,91.56,91.65,313
2014.04.16,00:00,92.31,92.87,91.80,92.84,162
2014.04.17,00:00,93.07,93.85,92.00,93.73,305
2014.04.22,00:00,94.12,97.34,94.12,97.31,326
2014.04.23,00:00,97.52,98.00,96.78,96.91,184
2014.04.24,00:00,97.50,98.46,94.97,96.70,619
2014.04.25,00:00,96.26,96.69,95.36,95.78,219
2014.04.28,00:00,99.28,100.65,98.66,98.84,355
2014.04.29,00:00,100.45,101.50,99.44,101.40,318
2014.04.30,00:00,100.55,100.85,99.56,100.05,209
2014.05.02,00:00,99.87,100.90,99.65,99.88,250
2014.05.05,00:00,99.72,100.45,98.39,100.00,385
2014.05.06,00:00,100.60,100.80,98.66,99.08,277
2014.05.07,00:00,98.48,99.71,98.24,99.02,241
2014.05.08,00:00,99.00,100.65,99.00,100.55,176
2014.05.09,00:00,100.60,100.75,99.75,100.15,156
2014.05.12,00:00,100.80,102.80,100.80,102.45,236
2014.05.13,00:00,102.90,103.40,102.30,102.70,201
2014.05.14,00:00,102.85,103.65,102.50,103.35,181
2014.05.15,00:00,103.25,104.05,102.65,103.35,271
2014.05.16,00:00,102.75,103.75,102.50,102.95,231
2014.05.19,00:00,103.30,103.40,102.15,103.25,246
2014.05.20,00:00,103.15,103.35,102.35,102.65,151
2014.05.21,00:00,102.25,103.40,101.85,103.10,226
2014.05.22,00:00,103.25,103.70,102.25,103.00,266
2014.05.23,00:00,103.00,103.50,102.60,103.10,171
2014.05.26,00:00,103.50,105.00,103.50,104.95,156
2014.05.27,00:00,104.55,106.05,104.45,105.55,221
2014.05.28,00:00,105.60,105.60,104.45,104.80,151
2014.05.29,00:00,104.60,105.65,104.60,105.10,161
2014.05.30,00:00,105.20,106.20,104.60,105.75,266
2014.06.02,00:00,106.65,106.65,105.80,106.55,161
2014.06.03,00:00,106.35,106.40,105.35,105.45,121
2014.06.04,00:00,105.25,105.95,105.05,105.50,156
2014.06.05,00:00,105.35,106.05,104.55,104.55,221
2014.06.06,00:00,104.45,106.10,104.20,105.20,306
2014.06.09,00:00,105.00,105.20,104.20,104.80,181
2014.06.10,00:00,105.00,106.35,104.80,106.15,196
2014.06.11,00:00,106.35,106.60,104.75,104.85,221
2014.06.12,00:00,104.70,105.15,103.95,104.20,191
2014.06.13,00:00,103.85,104.15,102.35,103.75,351
2014.06.16,00:00,103.05,103.60,102.70,102.95,171
2014.06.17,00:00,103.25,104.45,102.15,103.10,446
2014.06.18,00:00,103.15,103.60,102.65,102.75,151
2014.06.19,00:00,103.50,103.85,102.95,103.30,161
2014.06.20,00:00,103.55,104.65,103.35,103.95,221
2014.06.23,00:00,103.70,103.95,102.65,103.20,211
2014.06.24,00:00,103.40,104.70,103.40,104.65,136
2014.06.25,00:00,103.60,104.60,103.45,104.25,166
2014.06.26,00:00,104.40,104.55,102.60,102.90,241
2014.06.27,00:00,102.65,103.00,101.75,102.45,231
2014.06.30,00:00,102.70,103.80,102.70,103.35,156
2014.07.01,00:00,103.05,105.45,103.05,105.30,256
2014.07.02,00:00,105.55,105.90,103.95,104.45,281
2014.07.03,00:00,104.60,106.20,104.50,105.95,206
2014.07.04,00:00,105.80,105.95,104.85,104.85,126
2014.07.07,00:00,104.50,104.60,103.60,103.85,136
2014.07.08,00:00,103.95,104.25,102.55,102.55,201
2014.07.09,00:00,102.95,103.10,102.20,103.10,166
2014.07.10,00:00,102.95,102.95,100.80,100.95,231
2014.07.11,00:00,101.05,101.65,100.45,100.90,226
2014.07.14,00:00,101.20,101.90,101.00,101.75,126
2014.07.15,00:00,101.55,102.50,100.85,101.10,286
2014.07.16,00:00,100.80,102.60,100.80,101.95,246
2014.07.17,00:00,100.70,101.70,100.15,100.40,281
2014.07.18,00:00,100.00,101.20,99.65,100.80,231
2014.07.21,00:00,100.65,100.90,99.11,99.34,228
2014.07.22,00:00,99.65,100.25,99.21,99.77,197
2014.07.23,00:00,99.45,101.30,99.27,100.50,302
2014.07.24,00:00,100.35,101.10,99.33,100.80,310
2014.07.25,00:00,100.30,100.50,98.50,98.58,229
2014.07.28,00:00,98.75,100.10,98.57,99.39,243
2014.07.29,00:00,99.62,99.92,99.00,99.36,159
2014.07.30,00:00,99.92,102.50,99.59,101.30,445
2014.07.31,00:00,100.15,101.25,98.66,98.72,376
2014.08.01,00:00,98.65,98.88,95.61,95.91,381
2014.08.04,00:00,96.08,96.18,94.21,94.82,269
2014.08.05,00:00,94.88,97.31,94.67,96.62,355
2014.08.06,00:00,95.65,96.97,95.14,96.53,279
2014.08.07,00:00,96.64,97.44,95.71,95.83,266
2014.08.08,00:00,94.95,96.04,94.22,95.24,336
2014.08.11,00:00,96.02,97.27,96.00,97.04,153
2014.08.12,00:00,96.90,96.90,95.35,95.63,184
2014.08.13,00:00,95.80,97.34,95.80,97.28,161
2014.08.14,00:00,96.87,98.36,96.70,97.82,238
2014.08.15,00:00,97.81,98.44,95.00,95.02,410
2014.08.18,00:00,96.63,97.63,96.63,97.55,109
2014.08.19,00:00,99.76,99.83,98.98,99.43,138
2014.08.20,00:00,99.00,99.20,98.13,98.80,195
2014.08.21,00:00,98.90,100.10,98.10,99.90,301
2014.08.22,00:00,99.96,100.05,98.23,98.98,267
2014.08.25,00:00,100.15,101.20,99.71,101.15,199
2014.08.26,00:00,100.95,102.95,100.35,102.95,321
2014.08.27,00:00,102.50,102.65,101.55,101.60,131
2014.08.28,00:00,101.25,101.40,100.30,100.95,191
2014.08.29,00:00,101.40,102.75,100.85,101.80,341
2014.09.01,00:00,102.35,102.70,101.70,102.40,196
2014.09.02,00:00,103.20,103.95,102.35,102.60,261
2014.09.03,00:00,103.15,105.10,103.10,103.95,321
2014.09.04,00:00,104.10,105.60,103.10,105.45,366
2014.09.05,00:00,105.05,105.90,104.60,105.60,206
2014.09.08,00:00,105.90,105.90,105.05,105.35,116
2014.09.09,00:00,105.00,105.70,105.00,105.40,101
2014.09.10,00:00,104.95,105.85,104.60,105.70,176
2014.09.11,00:00,105.95,106.65,105.65,106.50,146
2014.09.12,00:00,106.50,106.85,105.75,105.95,166
2014.09.15,00:00,105.00,106.70,105.00,106.60,181
2014.09.16,00:00,106.45,106.65,105.45,105.85,181
2014.09.17,00:00,106.40,106.60,105.85,106.20,131
2014.09.18,00:00,111.25,112.90,110.35,112.35,401
2014.09.19,00:00,113.40,113.90,112.45,113.15,266
2014.09.22,00:00,111.60,114.15,111.60,112.80,391
2014.09.23,00:00,111.85,112.70,111.25,111.30,236
2014.09.24,00:00,110.90,112.50,110.50,112.40,251
2014.09.25,00:00,112.35,113.25,110.00,110.25,441
2014.09.26,00:00,110.30,111.30,109.85,110.00,261
2014.09.29,00:00,110.00,110.50,108.40,109.00,321
2014.09.30,00:00,110.00,111.35,109.25,111.05,316
2014.10.01,00:00,110.60,111.75,110.20,110.55,306
2014.10.02,00:00,109.90,110.15,107.95,108.05,256
2014.10.06,00:00,110.10,110.70,108.00,108.00,331
2014.10.07,00:00,107.65,107.75,105.45,105.45,241
2014.10.08,00:00,105.05,106.70,104.55,105.05,431
2014.10.09,00:00,106.30,107.25,104.70,105.40,421
2014.10.10,00:00,104.80,105.20,102.65,103.10,341
2014.10.13,00:00,101.70,103.65,101.50,102.60,341
2014.10.14,00:00,102.45,103.10,100.90,102.90,396
2014.10.15,00:00,102.50,102.75,98.84,98.92,425
2014.10.16,00:00,99.75,102.50,96.42,101.80,1012
2014.10.17,00:00,102.00,104.75,100.70,104.75,536
2014.10.20,00:00,104.20,104.20,101.75,102.40,311
2014.10.21,00:00,102.05,104.20,101.20,103.90,416
2014.10.22,00:00,104.00,105.25,103.30,105.00,291
2014.10.23,00:00,104.20,106.95,103.75,106.80,381
2014.10.24,00:00,106.10,106.55,105.45,105.80,191
2014.10.27,00:00,106.50,106.95,104.90,105.10,271
2014.10.28,00:00,105.80,107.40,105.75,107.30,181
2014.10.29,00:00,107.90,108.55,106.75,106.80,251
2014.10.30,00:00,110.45,110.65,106.20,109.65,811
2014.10.31,00:00,112.20,113.75,112.00,112.80,291
2014.11.03,00:00,113.00,113.60,111.60,112.10,311
2014.11.04,00:00,112.35,113.45,111.50,111.70,326
2014.11.05,00:00,112.65,113.95,112.50,113.60,196
2014.11.06,00:00,113.10,114.70,111.80,114.60,431
2014.11.07,00:00,114.35,114.35,111.00,111.80,416
2014.11.10,00:00,111.60,112.65,110.80,112.10,321
2014.11.11,00:00,112.35,112.90,111.35,111.95,271
2014.11.12,00:00,111.55,112.05,109.35,109.60,346
2014.11.13,00:00,110.50,111.45,109.70,110.65,336
2014.11.14,00:00,110.80,111.85,109.25,109.75,416
2014.11.17,00:00,108.90,111.25,108.55,110.70,361
2014.11.18,00:00,111.00,113.45,110.95,113.25,276
2014.11.19,00:00,113.50,114.65,113.15,113.55,296
2014.11.20,00:00,113.75,114.05,112.45,114.05,291
2014.11.21,00:00,114.10,117.95,113.45,117.80,531
2014.11.24,00:00,117.40,118.85,116.90,117.30,381
2014.11.25,00:00,117.55,119.15,117.20,117.65,381
2014.11.26,00:00,117.65,117.95,116.70,117.70,246
2014.11.27,00:00,118.10,120.45,118.10,120.15,266
2014.11.28,00:00,120.65,121.05,119.35,120.65,341
2014.12.01,00:00,119.50,120.80,119.35,120.55,186
2014.12.02,00:00,120.50,121.35,118.35,118.70,421
2014.12.03,00:00,120.00,120.25,118.85,119.15,196
2014.12.04,00:00,119.30,120.25,116.70,117.10,491
2014.12.05,00:00,118.15,120.95,118.05,120.95,301
2014.12.08,00:00,120.65,120.85,118.70,119.50,316
2014.12.09,00:00,117.90,118.15,114.15,115.10,521
2014.12.10,00:00,116.50,116.65,115.45,115.85,176
2014.12.11,00:00,115.45,116.95,113.90,115.90,566
2014.12.12,00:00,114.65,115.50,112.80,112.80,356
2014.12.15,00:00,112.90,113.95,109.20,109.35,596
2014.12.16,00:00,109.55,112.50,107.40,112.20,756
2014.12.17,00:00,110.90,112.65,110.10,112.25,376
2014.12.18,00:00,114.60,115.35,113.80,114.55,306
2014.12.19,00:00,116.15,116.20,112.45,113.60,496
2014.12.22,00:00,114.20,116.55,114.20,115.35,356
2014.12.23,00:00,116.00,116.45,114.40,114.95,306
2014.12.29,00:00,115.00,115.20,113.50,114.95,336
2014.12.30,00:00,114.60,115.15,113.25,113.40,261
2015.01.02,00:00,114.20,115.15,112.15,113.00,481
2015.01.05,00:00,112.60,113.70,109.20,109.20,561
2015.01.06,00:00,109.50,112.85,108.30,110.60,801
2015.01.07,00:00,110.80,111.95,109.90,110.15,346
2015.01.08,00:00,112.35,116.85,112.35,116.45,491
2015.01.09,00:00,116.10,116.30,112.65,112.95,416
2015.01.12,00:00,113.50,116.10,113.30,115.10,401
2015.01.13,00:00,114.45,119.60,114.35,118.25,671
2015.01.14,00:00,116.60,119.80,116.35,116.85,666
2015.01.15,00:00,118.05,120.90,114.35,119.85,1131
2015.01.16,00:00,119.20,124.45,118.50,124.00,711
2015.01.19,00:00,124.55,124.75,122.20,123.70,426
2015.01.20,00:00,124.60,125.20,122.85,123.75,386
2015.01.21,00:00,123.40,123.85,120.75,122.95,576
2015.01.22,00:00,122.80,123.45,120.80,123.05,506
2015.01.23,00:00,123.75,129.50,123.30,128.00,816
2015.01.26,00:00,127.40,129.50,127.10,129.40,281
2015.01.27,00:00,130.10,130.65,126.90,127.95,536
2015.01.28,00:00,128.80,129.85,126.70,128.85,626
2015.01.29,00:00,128.05,129.15,127.55,128.95,231
2015.01.30,00:00,129.10,129.40,126.85,127.70,371
2015.02.02,00:00,128.10,129.25,126.80,128.60,441
2015.02.03,00:00,129.25,131.60,128.85,129.60,516
2015.02.04,00:00,129.75,130.25,127.80,129.45,461
2015.02.05,00:00,128.70,129.25,126.40,127.85,486
2015.02.06,00:00,127.05,127.05,123.90,125.45,471
2015.02.09,00:00,123.95,124.45,120.70,121.80,536
2015.02.10,00:00,121.85,124.40,121.05,123.70,486
2015.02.11,00:00,124.05,124.75,122.60,123.80,406
2015.02.12,00:00,123.80,126.20,123.80,125.55,306
2015.02.13,00:00,126.10,127.80,125.85,126.50,351
2015.02.16,00:00,126.25,126.50,125.05,125.55,221
2015.02.17,00:00,125.05,125.80,124.10,125.30,316
2015.02.18,00:00,125.35,126.00,124.55,124.75,231
2015.02.19,00:00,124.45,126.20,124.00,124.30,426
2015.02.20,00:00,124.55,125.75,123.50,124.75,431
2015.02.23,00:00,126.25,126.85,125.70,126.30,226
2015.02.24,00:00,126.00,128.25,125.80,128.00,291
2015.02.25,00:00,127.95,128.35,126.70,127.55,291
2015.02.26,00:00,128.10,132.65,127.25,131.70,721
2015.02.27,00:00,132.65,133.10,131.00,131.90,346
2015.03.02,00:00,132.25,132.70,131.20,131.80,256
2015.03.03,00:00,132.00,133.35,131.60,131.75,326
2015.03.04,00:00,131.50,132.35,129.80,132.25,436
2015.03.05,00:00,132.65,133.80,131.60,133.40,366
2015.03.06,00:00,133.05,134.45,132.40,133.70,346
2015.03.09,00:00,133.20,136.45,132.65,136.00,481
2015.03.10,00:00,136.25,136.70,134.05,136.60,496
2015.03.11,00:00,136.15,141.35,136.05,140.85,591
2015.03.12,00:00,141.20,141.45,139.80,140.15,226
2015.03.13,00:00,141.00,141.60,139.15,141.50,441
2015.03.16,00:00,141.85,145.80,141.60,145.05,521
2015.03.17,00:00,145.00,145.15,141.10,142.70,581
2015.03.18,00:00,142.65,144.10,141.65,142.25,451
2015.03.19,00:00,142.25,144.00,140.90,142.95,551
2015.03.20,00:00,142.40,145.15,142.40,144.65,326
2015.03.23,00:00,143.00,143.00,140.40,141.20,341
2015.03.24,00:00,140.35,143.00,140.10,142.50,366
2015.03.25,00:00,142.40,142.85,140.10,140.75,386
2015.03.26,00:00,135.45,139.05,135.45,139.00,366
2015.03.27,00:00,139.90,140.25,137.85,139.10,401
2015.03.30,00:00,139.50,142.60,139.50,142.15,356
2015.03.31,00:00,141.55,142.65,139.90,140.25,421
2015.04.01,00:00,139.25,142.95,139.00,140.60,656
2015.04.02,00:00,140.30,140.30,138.60,138.60,171
2015.04.07,00:00,140.25,141.45,139.40,140.85,351
2015.04.08,00:00,140.70,140.90,139.50,139.90,201
2015.04.09,00:00,140.65,141.75,140.10,141.65,231
2015.04.10,00:00,142.85,145.90,142.60,145.80,366
2015.04.13,00:00,146.25,146.30,145.10,145.45,161
2015.04.14,00:00,144.65,145.05,142.55,143.10,346
2015.04.15,00:00,143.05,143.80,142.50,142.80,236
2015.04.16,00:00,142.50,142.50,138.75,138.95,396
2015.04.17,00:00,136.75,138.50,133.45,133.50,686
2015.04.20,00:00,133.00,137.00,133.00,136.55,446
2015.04.21,00:00,137.50,139.15,136.90,138.00,401
2015.04.22,00:00,137.65,138.80,135.35,136.50,576
2015.04.23,00:00,136.15,136.60,133.40,134.10,436
2015.04.24,00:00,134.75,135.85,134.05,135.00,336
2015.04.27,00:00,135.55,138.35,134.00,138.05,621
2015.04.28,00:00,135.03,135.08,135.03,135.06,6
2015.04.29,00:00,134.68,135.71,130.01,130.83,5566
2015.04.30,00:00,129.46,131.46,127.13,130.98,6261
2015.05.04,00:00,130.43,130.61,127.76,129.76,4781
2015.05.05,00:00,129.63,131.78,126.33,126.76,7613
2015.05.06,00:00,126.51,128.73,125.08,127.18,9329
2015.05.07,00:00,126.30,127.95,124.05,127.55,8676
2015.05.08,00:00,127.55,132.65,127.55,132.30,7858
2015.05.11,00:00,132.80,132.80,132.80,132.80,1
2015.05.13,00:00,131.60,131.75,127.75,128.55,4648
2015.05.14,00:00,127.70,131.20,126.60,131.20,5322
2015.05.15,00:00,131.10,133.10,129.80,130.15,5640
2015.05.18,00:00,128.60,133.80,128.60,133.80,6453
2015.05.19,00:00,133.50,137.65,133.50,137.55,6461
2015.05.20,00:00,135.70,137.70,135.55,137.15,4379
2015.05.21,00:00,135.45,137.90,135.45,137.70,4478
2015.05.22,00:00,137.10,137.90,136.55,137.15,4272
2015.05.26,00:00,124.00,138.10,124.00,134.40,7232
2015.05.27,00:00,134.25,136.65,134.00,136.60,6166
2015.05.28,00:00,136.55,136.55,132.35,133.40,3321
2015.05.29,00:00,133.55,133.75,129.10,129.15,5966
2015.06.01,00:00,130.20,131.15,128.10,130.15,6780
2015.06.02,00:00,130.35,130.55,127.30,128.70,4491
2015.06.03,00:00,129.35,131.60,128.10,129.55,3604
2015.06.04,00:00,128.90,130.15,126.10,129.00,4355
2015.06.05,00:00,127.60,128.25,125.65,126.45,4263
2015.06.08,00:00,125.30,125.90,123.90,124.30,3568
2015.06.09,00:00,123.65,124.90,122.95,123.95,3643
2015.06.10,00:00,124.30,130.00,124.15,129.55,3315
2015.06.11,00:00,128.65,131.15,128.55,130.95,1625
2015.06.12,00:00,128.95,129.40,125.35,127.30,3815
2015.06.15,00:00,123.75,126.85,123.70,124.25,3449
2015.06.16,00:00,123.55,126.85,121.90,126.35,3464
2015.06.17,00:00,126.80,127.15,124.70,125.15,2755
2015.06.18,00:00,125.20,128.40,123.75,128.35,3461
2015.06.19,00:00,128.70,130.00,126.45,127.45,3714
2015.06.22,00:00,130.80,133.50,130.10,133.45,3795
2015.06.23,00:00,134.45,135.45,133.35,134.25,2638
2015.06.24,00:00,134.40,134.90,131.35,133.65,3607
2015.06.25,00:00,132.60,135.50,131.75,133.25,3788
2015.06.26,00:00,131.85,133.85,131.45,132.90,2702
2015.06.29,00:00,126.05,130.25,126.05,127.65,4473
2015.06.30,00:00,127.15,128.30,125.00,126.00,5503
2015.07.01,00:00,126.65,130.60,126.35,127.80,4849
2015.07.02,00:00,129.45,129.55,126.10,126.70,2258
2015.07.03,00:00,126.75,127.00,125.35,125.50,2207
2015.07.06,00:00,122.45,124.80,122.15,122.95,4528
2015.07.07,00:00,123.55,124.15,121.05,121.20,4352
2015.07.08,00:00,122.40,124.90,122.20,124.15,3897
2015.07.09,00:00,124.55,128.00,124.25,127.35,3001
2015.07.10,00:00,130.50,132.85,129.40,132.80,3385
2015.07.13,00:00,135.35,136.30,133.95,135.85,3321
2015.07.14,00:00,135.10,137.20,134.75,137.05,2099
2015.07.15,00:00,137.40,137.65,136.10,136.45,1256
2015.07.16,00:00,137.25,137.95,136.50,137.20,2076
2015.07.17,00:00,137.50,137.50,136.35,137.00,1757
2015.07.20,00:00,134.60,137.50,134.60,136.40,1619
2015.07.21,00:00,136.65,136.90,132.50,133.15,1638
2015.07.22,00:00,132.10,133.80,132.10,132.35,1903
2015.07.23,00:00,133.20,133.20,131.35,131.70,2282
2015.07.24,00:00,131.75,133.40,131.00,131.05,2142
2015.07.27,00:00,130.50,130.85,127.50,127.75,3012
2015.07.28,00:00,128.20,130.45,127.35,129.40,2771
2015.07.29,00:00,132.45,136.90,132.45,135.10,3379
2015.07.30,00:00,135.60,135.75,131.85,133.45,3101
2015.07.31,00:00,134.05,134.20,131.70,133.95,2514
2015.08.03,00:00,133.35,135.10,133.15,135.00,2623
2015.08.04,00:00,134.80,135.40,134.35,134.95,1739
2015.08.05,00:00,135.60,137.70,135.35,137.65,1930
2015.08.06,00:00,136.85,137.75,136.60,136.70,1592
2015.08.07,00:00,136.25,136.50,134.45,134.65,1912
2015.08.10,00:00,134.70,135.40,133.20,134.90,1937
2015.08.11,00:00,134.60,134.90,131.05,131.10,2995
2015.08.12,00:00,130.40,130.40,127.05,127.60,3525
2015.08.13,00:00,129.65,130.95,128.80,129.25,2560
2015.08.14,00:00,129.45,130.60,127.75,128.95,2219
2015.08.17,00:00,129.75,131.15,126.50,129.25,2772
2015.08.18,00:00,128.55,129.85,128.30,129.20,2109
2015.08.19,00:00,127.95,128.30,125.65,125.70,2700
2015.08.20,00:00,124.80,126.20,122.35,122.70,3208
2015.08.21,00:00,120.25,122.75,118.50,118.55,4217
2015.08.24,00:00,112.70,116.80,106.70,112.20,11023
2015.08.25,00:00,114.55,119.55,113.95,119.10,9201
2015.08.26,00:00,116.60,118.85,115.15,117.25,7145
2015.08.27,00:00,121.40,122.65,120.60,122.00,4722
2015.08.28,00:00,122.35,122.50,119.60,120.90,4073
2015.08.31,00:00,119.75,121.75,119.70,120.70,3645
2015.09.01,00:00,118.15,118.65,115.45,116.70,6257
2015.09.02,00:00,117.50,119.10,116.45,118.70,5076
2015.09.03,00:00,119.50,123.60,119.50,122.75,4543
2015.09.04,00:00,120.45,120.65,116.75,118.05,5758
2015.09.07,00:00,119.75,120.50,118.85,119.65,2046
2015.09.08,00:00,120.35,122.70,120.10,121.05,2804
2015.09.09,00:00,123.50,124.15,120.60,120.85,2723
2015.09.10,00:00,119.70,121.20,118.90,119.70,3226
2015.09.11,00:00,119.85,120.00,117.95,119.35,2872
2015.09.14,00:00,119.10,120.90,118.85,119.55,2141
2015.09.15,00:00,119.75,120.40,118.10,119.85,3112
2015.09.16,00:00,120.55,121.05,119.25,120.00,2030
2015.09.17,00:00,120.80,120.80,118.80,119.20,2252
2015.09.18,00:00,118.20,118.20,114.75,115.10,5241
2015.09.21,00:00,116.95,119.20,115.55,118.65,4005
2015.09.22,00:00,117.15,117.95,114.00,114.05,5333
2015.09.23,00:00,114.35,116.45,114.30,114.65,3524
2015.09.24,00:00,114.50,114.95,111.95,112.75,4674
2015.09.25,00:00,115.00,117.80,114.55,116.80,3450
2015.09.28,00:00,116.30,117.25,113.20,113.55,3787
2015.09.29,00:00,112.00,113.15,110.70,112.45,4806
2015.09.30,00:00,114.95,115.75,114.15,114.35,2738
2015.10.01,00:00,115.10,115.60,112.15,112.65,3999
2015.10.02,00:00,114.05,114.30,110.85,112.80,4133
2015.10.05,00:00,115.25,117.15,114.60,115.95,3453
2015.10.06,00:00,115.55,117.05,113.80,116.20,3148
2015.10.07,00:00,115.75,116.30,113.40,113.45,3593
2015.10.08,00:00,113.20,114.30,111.80,111.95,3193
2015.10.09,00:00,113.10,113.10,110.45,111.10,2905
2015.10.12,00:00,111.40,111.60,109.60,111.40,2026
2015.10.13,00:00,110.15,110.40,108.55,109.25,2546
2015.10.14,00:00,108.60,109.15,107.55,107.95,2680
2015.10.15,00:00,108.15,109.60,107.15,109.05,2900
