2010.09.09,00:00,6.28,6.52,6.23,6.45,42
2010.09.10,00:00,6.25,6.34,6.20,6.29,25
2010.09.13,00:00,6.44,6.49,6.35,6.44,29
2010.09.14,00:00,6.47,6.50,6.39,6.47,23
2010.09.15,00:00,6.50,6.55,6.41,6.48,27
2010.09.16,00:00,6.49,6.52,6.40,6.42,18
2010.09.17,00:00,6.50,6.50,6.28,6.32,27
2010.09.20,00:00,6.38,6.44,6.30,6.42,25
2010.09.21,00:00,6.35,6.45,6.34,6.37,21
2010.09.22,00:00,6.42,6.42,6.24,6.27,22
2010.09.23,00:00,6.30,6.32,6.10,6.17,32
2010.09.24,00:00,6.14,6.22,6.06,6.21,26
2010.09.27,00:00,6.25,6.27,6.18,6.20,14
2010.09.28,00:00,6.17,6.21,6.03,6.09,29
2010.09.29,00:00,6.10,6.14,5.97,6.02,27
2010.09.30,00:00,5.99,6.23,5.97,6.08,44
2010.10.01,00:00,6.11,6.14,5.99,6.02,22
2010.10.04,00:00,6.05,6.07,5.96,6.01,19
2010.10.05,00:00,6.00,6.11,5.98,6.09,18
2010.10.06,00:00,6.13,6.18,6.04,6.06,22
2010.10.07,00:00,6.06,6.18,6.03,6.15,22
2010.10.08,00:00,6.15,6.45,6.12,6.35,47
2010.10.11,00:00,6.38,6.41,6.34,6.41,12
2010.10.12,00:00,6.39,6.42,6.34,6.39,17
2010.10.13,00:00,6.45,6.59,6.38,6.54,34
2010.10.14,00:00,6.59,6.61,6.40,6.44,28
2010.10.15,00:00,6.47,6.55,6.39,6.42,28
2010.10.18,00:00,6.40,6.53,6.39,6.48,21
2010.10.19,00:00,6.54,6.61,6.51,6.56,19
2010.10.20,00:00,6.50,6.53,6.43,6.49,20
2010.10.21,00:00,6.47,6.52,6.44,6.50,14
2010.10.22,00:00,6.47,6.49,6.43,6.46,12
2010.10.25,00:00,6.51,6.51,6.40,6.43,15
2010.10.26,00:00,6.42,6.45,6.38,6.43,14
2010.10.27,00:00,6.38,6.50,6.38,6.45,18
2010.10.28,00:00,6.48,6.51,6.45,6.47,12
2010.10.29,00:00,6.47,6.50,6.40,6.47,21
2010.11.01,00:00,6.47,6.53,6.43,6.44,18
2010.11.02,00:00,6.42,6.47,6.39,6.45,14
2010.11.03,00:00,6.49,6.50,6.36,6.39,19
2010.11.04,00:00,6.45,6.53,6.45,6.49,13
2010.11.05,00:00,6.53,6.63,6.44,6.62,30
2010.11.08,00:00,6.57,6.59,6.27,6.28,36
2010.11.09,00:00,6.27,6.35,6.21,6.29,27
2010.11.10,00:00,6.26,6.30,6.08,6.13,32
2010.11.11,00:00,6.16,6.19,6.04,6.11,26
2010.11.12,00:00,6.03,6.22,5.97,6.22,32
2010.11.15,00:00,6.20,6.27,6.15,6.26,19
2010.11.16,00:00,6.21,6.24,6.12,6.14,18
2010.11.17,00:00,6.12,6.19,6.10,6.14,17
2010.11.18,00:00,6.17,6.24,6.16,6.16,16
2010.11.19,00:00,6.17,6.18,6.02,6.10,26
2010.11.22,00:00,6.17,6.17,5.96,5.98,24
2010.11.23,00:00,5.95,5.95,5.84,5.86,14
2010.11.24,00:00,5.88,5.96,5.78,5.92,33
2010.11.25,00:00,5.95,5.95,5.83,5.91,21
2010.11.26,00:00,5.89,5.89,5.74,5.84,26
2010.11.29,00:00,5.85,5.92,5.69,5.72,34
2010.11.30,00:00,5.73,5.76,5.56,5.61,29
2010.12.01,00:00,5.63,5.76,5.63,5.73,17
2010.12.02,00:00,5.75,5.80,5.67,5.78,24
2010.12.03,00:00,5.78,5.84,5.75,5.83,14
2010.12.06,00:00,5.85,5.86,5.74,5.74,14
2010.12.07,00:00,5.71,5.76,5.69,5.75,11
2010.12.08,00:00,5.72,5.76,5.68,5.74,15
2010.12.09,00:00,5.78,5.90,5.75,5.88,21
2010.12.10,00:00,5.91,5.95,5.84,5.88,20
2010.12.13,00:00,5.94,5.97,5.88,5.91,16
2010.12.14,00:00,5.92,5.94,5.84,5.90,19
2010.12.15,00:00,5.87,5.89,5.78,5.84,20
2010.12.16,00:00,5.82,5.87,5.72,5.74,23
2010.12.17,00:00,5.80,5.80,5.70,5.72,13
2010.12.20,00:00,5.73,5.77,5.68,5.68,14
2010.12.21,00:00,5.70,5.74,5.68,5.70,13
2010.12.22,00:00,5.72,5.73,5.66,5.68,11
2010.12.23,00:00,5.70,5.74,5.67,5.69,14
2010.12.27,00:00,5.71,5.71,5.59,5.61,15
2010.12.28,00:00,5.64,5.65,5.60,5.63,10
2010.12.29,00:00,5.64,5.65,5.60,5.61,8
2010.12.30,00:00,5.63,5.64,5.54,5.55,13
2011.01.03,00:00,5.61,5.66,5.60,5.64,10
2011.01.04,00:00,5.68,5.77,5.63,5.76,21
2011.01.05,00:00,5.77,5.80,5.68,5.73,21
2011.01.06,00:00,5.73,5.74,5.61,5.63,17
2011.01.07,00:00,5.63,5.70,5.55,5.60,28
2011.01.10,00:00,5.59,5.59,5.40,5.41,21
2011.01.11,00:00,5.43,5.48,5.29,5.35,31
2011.01.12,00:00,5.36,5.66,5.36,5.64,33
2011.01.13,00:00,5.45,5.59,5.38,5.57,31
2011.01.14,00:00,5.55,5.62,5.50,5.55,25
2011.01.17,00:00,5.60,5.61,5.52,5.56,15
2011.01.18,00:00,5.60,5.74,5.55,5.69,30
2011.01.19,00:00,5.73,5.74,5.65,5.67,13
2011.01.20,00:00,5.64,5.90,5.61,5.81,42
2011.01.21,00:00,5.87,6.01,5.73,5.76,46
2011.01.24,00:00,5.70,5.77,5.64,5.77,20
2011.01.25,00:00,5.77,5.78,5.61,5.62,20
2011.01.26,00:00,5.64,5.69,5.55,5.57,22
2011.01.27,00:00,5.59,5.63,5.51,5.55,21
2011.01.28,00:00,5.59,5.62,5.53,5.55,15
2011.01.31,00:00,5.57,5.58,5.50,5.57,17
2011.02.01,00:00,5.63,5.68,5.53,5.68,26
2011.02.02,00:00,5.70,5.82,5.66,5.69,32
2011.02.03,00:00,5.70,5.78,5.67,5.71,22
2011.02.04,00:00,5.76,5.79,5.72,5.77,14
2011.02.07,00:00,5.80,5.88,5.78,5.85,16
2011.02.08,00:00,5.87,5.95,5.86,5.92,14
2011.02.09,00:00,5.94,5.95,5.84,5.86,15
2011.02.10,00:00,5.82,5.84,5.71,5.80,25
2011.02.11,00:00,5.79,5.80,5.71,5.76,16
2011.02.14,00:00,5.79,5.83,5.72,5.74,18
2011.02.15,00:00,5.75,5.83,5.72,5.74,22
2011.02.16,00:00,5.78,5.85,5.76,5.78,19
2011.02.17,00:00,5.79,5.95,5.76,5.95,23
2011.02.18,00:00,5.95,6.17,5.92,6.15,31
2011.02.21,00:00,6.20,6.29,6.09,6.09,30
2011.02.22,00:00,6.05,6.22,5.92,6.22,44
2011.02.23,00:00,6.29,6.44,6.14,6.14,46
2011.02.24,00:00,6.10,6.23,6.04,6.13,36
2011.02.25,00:00,6.18,6.19,6.12,6.16,13
2011.02.28,00:00,6.20,6.27,6.11,6.25,28
2011.03.01,00:00,6.30,6.34,6.19,6.30,31
2011.03.02,00:00,6.26,6.29,6.15,6.24,27
2011.03.03,00:00,6.28,6.38,6.19,6.33,34
2011.03.04,00:00,6.38,6.47,6.28,6.32,33
2011.04.01,00:00,5.53,5.59,5.45,5.47,23
2011.04.04,00:00,5.47,5.49,5.33,5.43,29
2011.04.05,00:00,5.42,5.68,5.37,5.60,45
2011.04.06,00:00,5.59,5.98,5.45,5.71,95
2011.04.07,00:00,5.47,5.57,5.37,5.42,36
2011.04.08,00:00,5.46,5.50,5.20,5.25,40
2011.04.11,00:00,5.30,5.31,5.01,5.18,49
2011.04.12,00:00,5.10,5.14,4.93,4.93,26
2011.04.13,00:00,4.91,4.93,4.57,4.69,51
2011.04.14,00:00,4.70,4.82,4.53,4.61,50
2011.04.15,00:00,4.66,4.70,4.34,4.41,48
2011.04.18,00:00,4.42,4.44,4.15,4.19,36
2011.04.19,00:00,4.20,4.29,4.15,4.25,24
2011.04.20,00:00,4.33,4.38,4.28,4.37,17
2011.04.21,00:00,4.45,4.52,4.33,4.37,31
2011.04.26,00:00,4.39,4.41,4.29,4.31,17
2011.04.27,00:00,4.33,4.33,4.18,4.27,25
2011.04.28,00:00,4.33,4.35,4.25,4.33,21
2011.04.29,00:00,4.34,4.34,4.27,4.30,11
2011.05.02,00:00,4.33,4.47,4.31,4.44,22
2011.05.03,00:00,4.47,4.47,4.37,4.41,15
2011.05.04,00:00,4.42,4.42,4.30,4.31,14
2011.05.05,00:00,4.34,4.34,4.16,4.18,21
2011.05.06,00:00,4.22,4.29,4.16,4.25,24
2011.05.09,00:00,4.28,4.28,4.10,4.12,21
2011.05.10,00:00,4.15,4.24,4.11,4.21,21
2011.05.11,00:00,4.24,4.26,4.16,4.21,18
2011.05.12,00:00,4.17,4.18,4.08,4.13,17
2011.05.13,00:00,4.16,4.17,3.91,3.99,36
2011.05.16,00:00,3.96,3.97,3.76,3.85,32
2011.05.17,00:00,3.86,3.92,3.83,3.86,19
2011.05.18,00:00,3.90,3.91,3.80,3.81,14
2011.05.19,00:00,3.85,3.99,3.80,3.92,32
2011.05.20,00:00,3.95,4.03,3.87,3.95,33
2011.05.23,00:00,3.78,3.88,3.73,3.74,27
2011.05.24,00:00,3.00,3.07,2.91,3.03,30
2011.05.25,00:00,3.03,3.23,2.99,3.21,31
2011.05.26,00:00,3.26,3.34,3.18,3.22,29
2011.05.27,00:00,3.28,3.28,3.12,3.19,24
2011.05.30,00:00,3.19,3.20,3.07,3.10,18
2011.05.31,00:00,3.14,3.18,3.10,3.18,13
2011.06.01,00:00,3.16,3.25,3.09,3.14,31
2011.06.02,00:00,3.12,3.22,3.09,3.10,25
2011.06.03,00:00,3.13,3.25,3.12,3.23,17
2011.06.06,00:00,3.25,3.28,3.20,3.22,14
2011.06.07,00:00,3.22,3.26,3.20,3.23,12
2011.06.08,00:00,3.23,3.25,3.11,3.16,22
2011.06.09,00:00,3.17,3.18,3.05,3.11,21
2011.06.10,00:00,3.11,3.19,3.06,3.07,23
2011.06.13,00:00,3.09,3.11,3.05,3.05,9
2011.06.14,00:00,3.08,3.13,3.07,3.10,11
2011.06.15,00:00,3.10,3.10,3.02,3.03,10
2011.06.16,00:00,3.01,3.04,2.97,3.04,12
2011.06.17,00:00,3.03,3.10,3.01,3.06,16
2011.06.20,00:00,3.04,3.04,2.99,3.03,10
2011.06.21,00:00,3.06,3.17,3.06,3.17,12
2011.06.22,00:00,3.21,3.22,3.14,3.14,10
2011.06.23,00:00,3.12,3.13,3.01,3.02,15
2011.06.24,00:00,3.07,3.09,2.88,2.90,26
2011.06.27,00:00,2.88,2.90,2.71,2.75,26
2011.06.28,00:00,2.81,2.88,2.78,2.88,14
2011.06.29,00:00,2.93,2.98,2.91,2.94,14
2011.06.30,00:00,2.98,2.99,2.90,2.97,18
2011.07.01,00:00,2.98,3.15,2.97,3.15,20
2011.07.04,00:00,3.17,3.18,3.08,3.17,21
2011.07.05,00:00,3.15,3.17,3.11,3.13,11
2011.07.06,00:00,3.15,3.16,3.02,3.04,18
2011.07.07,00:00,3.07,3.10,3.00,3.03,17
2011.07.08,00:00,3.07,3.08,2.94,2.96,18
2011.07.11,00:00,2.92,2.93,2.68,2.71,30
2011.07.12,00:00,2.67,2.74,2.56,2.70,34
2011.07.13,00:00,2.71,2.76,2.64,2.69,23
2011.07.14,00:00,2.67,2.68,2.54,2.58,20
2011.07.15,00:00,2.57,2.57,2.47,2.50,14
2011.07.18,00:00,2.52,2.53,2.38,2.38,17
2011.07.19,00:00,2.41,2.52,2.35,2.36,30
2011.07.20,00:00,2.43,2.52,2.36,2.51,25
2011.07.21,00:00,2.59,2.75,2.49,2.75,37
2011.07.22,00:00,2.82,2.88,2.75,2.82,27
2011.07.25,00:00,2.78,2.79,2.69,2.71,14
2011.07.26,00:00,2.71,2.75,2.60,2.67,27
2011.07.27,00:00,2.64,2.64,2.54,2.56,13
2011.07.28,00:00,2.51,2.58,2.48,2.57,15
2011.07.29,00:00,2.53,2.66,2.51,2.66,18
2011.08.01,00:00,2.83,2.83,2.52,2.52,32
2011.08.02,00:00,2.50,2.56,2.40,2.40,23
2011.08.03,00:00,2.37,2.43,2.23,2.31,35
2011.08.04,00:00,2.39,2.40,2.10,2.17,39
2011.08.05,00:00,2.06,2.31,2.05,2.25,34
2011.08.08,00:00,2.23,2.32,2.05,2.06,38
2011.08.09,00:00,2.08,2.14,1.97,2.13,30
2011.08.10,00:00,2.34,2.34,1.93,1.97,46
2011.08.11,00:00,2.08,2.14,1.95,2.09,38
2011.08.12,00:00,2.12,2.24,2.03,2.21,34
2011.08.15,00:00,2.25,2.30,2.23,2.28,12
2011.08.16,00:00,2.26,2.26,2.17,2.24,17
2011.08.17,00:00,2.21,2.21,2.11,2.12,12
2011.08.18,00:00,2.10,2.11,1.88,1.90,27
2011.08.19,00:00,1.91,1.95,1.79,1.91,33
2011.08.22,00:00,1.89,1.97,1.88,1.90,18
2011.08.23,00:00,1.94,1.96,1.87,1.89,14
2011.08.24,00:00,1.91,1.97,1.86,1.95,19
2011.08.25,00:00,1.99,2.08,1.98,2.01,19
2011.08.26,00:00,2.02,2.03,1.90,1.96,21
2011.08.29,00:00,2.01,2.06,1.96,2.04,18
2011.08.30,00:00,2.06,2.12,2.00,2.04,23
2011.08.31,00:00,2.05,2.10,2.02,2.07,15
2011.09.01,00:00,2.09,2.09,2.01,2.03,11
2011.09.02,00:00,2.00,2.00,1.90,1.92,13
2011.09.05,00:00,1.87,1.88,1.79,1.81,13
2011.09.06,00:00,1.79,1.83,1.73,1.75,17
2011.09.07,00:00,1.81,1.85,1.78,1.85,11
2011.09.08,00:00,1.85,1.90,1.81,1.83,17
2011.09.09,00:00,1.81,1.81,1.66,1.67,17
2011.09.12,00:00,1.63,1.63,1.51,1.53,15
2011.09.13,00:00,1.59,1.60,1.47,1.59,27
2011.09.14,00:00,1.53,1.63,1.53,1.61,13
2011.09.15,00:00,1.63,1.76,1.61,1.74,20
2011.09.16,00:00,1.79,1.84,1.73,1.77,21
2011.09.19,00:00,1.69,1.73,1.66,1.69,15
2011.09.20,00:00,1.65,1.74,1.65,1.71,13
2011.09.21,00:00,1.72,1.74,1.66,1.67,12
2011.09.22,00:00,1.60,1.65,1.55,1.56,17
2011.09.23,00:00,1.59,1.64,1.52,1.64,20
2011.09.26,00:00,1.59,1.78,1.58,1.76,24
2011.09.27,00:00,1.83,1.99,1.83,1.99,17
2011.09.28,00:00,1.95,2.01,1.86,1.92,28
2011.09.29,00:00,1.91,2.06,1.91,2.01,21
2011.09.30,00:00,1.99,2.04,1.88,1.90,24
2011.10.03,00:00,1.81,1.82,1.75,1.76,10
2011.10.04,00:00,1.71,1.72,1.62,1.69,19
2011.10.05,00:00,1.76,1.79,1.69,1.78,19
2011.10.06,00:00,1.82,1.87,1.74,1.85,24
2011.10.07,00:00,1.86,1.88,1.77,1.78,15
2011.10.10,00:00,1.78,1.85,1.72,1.85,20
2011.10.11,00:00,1.84,1.86,1.79,1.81,12
2011.10.12,00:00,1.78,1.88,1.76,1.85,18
2011.10.13,00:00,1.84,1.86,1.73,1.76,19
2011.10.14,00:00,1.72,1.74,1.66,1.67,12
2011.10.17,00:00,1.71,1.73,1.56,1.58,22
2011.10.18,00:00,1.57,1.60,1.54,1.56,12
2011.10.19,00:00,1.62,1.66,1.60,1.63,12
2011.10.20,00:00,1.60,1.68,1.57,1.59,22
2011.10.21,00:00,1.62,1.70,1.61,1.70,11
2011.10.24,00:00,1.73,1.77,1.67,1.76,18
2011.10.25,00:00,1.75,1.81,1.69,1.73,23
2011.10.26,00:00,1.74,1.80,1.71,1.75,18
2011.10.27,00:00,1.90,2.04,1.84,2.04,27
2011.10.28,00:00,2.07,2.10,1.88,1.95,33
2011.10.31,00:00,1.90,1.94,1.78,1.78,21
2011.11.01,00:00,1.68,1.69,1.57,1.62,19
2011.11.02,00:00,1.56,1.68,1.56,1.66,15
2011.11.03,00:00,1.64,1.79,1.64,1.76,19
2011.11.04,00:00,1.67,1.73,1.50,1.64,44
2011.11.07,00:00,1.56,1.71,1.56,1.64,23
2011.11.08,00:00,1.57,1.68,1.57,1.61,19
2011.11.09,00:00,1.56,1.65,1.50,1.50,25
2011.11.10,00:00,1.39,1.57,1.39,1.52,24
2011.11.11,00:00,1.45,1.61,1.45,1.60,18
2011.11.14,00:00,1.54,1.68,1.54,1.59,24
2011.11.15,00:00,1.49,1.59,1.48,1.55,17
2011.11.16,00:00,1.45,1.57,1.45,1.53,17
2011.11.17,00:00,1.50,1.52,1.46,1.48,11
2011.11.18,00:00,1.45,1.49,1.45,1.46,8
2011.11.21,00:00,1.38,1.45,1.36,1.36,17
2011.11.22,00:00,1.37,1.39,1.12,1.15,33
2011.11.23,00:00,1.13,1.24,1.13,1.18,18
2011.11.24,00:00,1.20,1.29,1.19,1.23,18
2011.11.25,00:00,1.17,1.27,1.17,1.25,13
2011.11.28,00:00,1.23,1.34,1.22,1.30,18
2011.11.29,00:00,1.25,1.35,1.25,1.34,12
2011.11.30,00:00,1.30,1.41,1.29,1.39,16
2011.12.01,00:00,1.40,1.41,1.34,1.35,10
2011.12.02,00:00,1.39,1.50,1.39,1.50,12
2011.12.05,00:00,1.51,1.54,1.37,1.43,27
2011.12.06,00:00,1.33,1.42,1.33,1.40,12
2011.12.07,00:00,1.43,1.44,1.38,1.42,12
2011.12.08,00:00,1.43,1.43,1.26,1.28,20
2011.12.09,00:00,1.25,1.33,1.21,1.32,18
2011.12.12,00:00,1.24,1.32,1.22,1.23,20
2011.12.13,00:00,1.23,1.23,1.15,1.17,11
2011.12.14,00:00,1.12,1.25,1.12,1.23,16
2011.12.15,00:00,1.25,1.32,1.24,1.31,11
2011.12.16,00:00,1.33,1.33,1.28,1.31,9
2011.12.19,00:00,1.22,1.32,1.22,1.27,16
2011.12.20,00:00,1.27,1.32,1.25,1.32,10
2011.12.21,00:00,1.35,1.39,1.30,1.32,16
2011.12.22,00:00,1.33,1.36,1.33,1.35,5
2011.12.23,00:00,1.30,1.37,1.30,1.34,11
2011.12.27,00:00,1.34,1.34,1.32,1.32,3
2011.12.28,00:00,1.32,1.32,1.26,1.27,8
2011.12.29,00:00,1.27,1.29,1.25,1.27,9
2011.12.30,00:00,1.27,1.31,1.27,1.30,6
2012.01.02,00:00,1.31,1.35,1.31,1.34,6
2012.01.03,00:00,1.35,1.38,1.33,1.34,10
2012.01.04,00:00,1.33,1.34,1.27,1.29,11
2012.01.05,00:00,1.28,1.28,1.21,1.22,9
2012.01.06,00:00,1.22,1.25,1.21,1.22,9
2012.01.09,00:00,1.23,1.23,1.17,1.18,8
2012.01.10,00:00,1.20,1.28,1.19,1.23,16
2012.01.11,00:00,1.23,1.31,1.22,1.30,12
2012.01.12,00:00,1.32,1.42,1.32,1.37,16
2012.01.13,00:00,1.40,1.46,1.36,1.42,19
2012.01.16,00:00,1.35,1.45,1.34,1.44,14
2012.01.17,00:00,1.39,1.47,1.39,1.43,13
2012.01.18,00:00,1.39,1.43,1.33,1.41,19
2012.01.19,00:00,1.41,1.62,1.40,1.61,25
2012.01.20,00:00,1.65,1.75,1.65,1.73,13
2012.01.23,00:00,1.73,1.95,1.70,1.94,30
2012.01.24,00:00,1.98,2.01,1.76,1.89,42
2012.01.25,00:00,1.93,1.94,1.81,1.89,23
2012.01.26,00:00,1.92,1.95,1.87,1.90,15
2012.01.27,00:00,1.86,1.91,1.83,1.88,15
2012.01.30,00:00,1.84,1.86,1.78,1.81,14
2012.01.31,00:00,1.85,1.88,1.81,1.82,12
2012.02.01,00:00,1.83,1.91,1.82,1.91,11
2012.02.02,00:00,1.91,1.93,1.88,1.89,9
2012.02.03,00:00,1.90,1.97,1.87,1.91,20
2012.02.06,00:00,1.87,1.91,1.85,1.89,11
2012.02.07,00:00,1.88,1.95,1.87,1.95,10
2012.02.08,00:00,2.03,2.15,2.00,2.09,25
2012.02.09,00:00,2.17,2.21,2.12,2.17,19
2012.02.10,00:00,2.11,2.14,1.98,2.06,28
2012.02.13,00:00,2.15,2.16,2.08,2.09,11
2012.02.14,00:00,2.06,2.12,2.03,2.07,18
2012.02.15,00:00,2.08,2.11,2.04,2.06,13
2012.02.16,00:00,1.97,2.05,1.94,2.03,17
2012.02.17,00:00,2.06,2.08,2.04,2.07,8
2012.02.20,00:00,2.12,2.15,2.10,2.15,8
2012.02.21,00:00,2.15,2.17,2.11,2.14,12
2012.02.22,00:00,2.13,2.14,2.07,2.08,10
2012.02.23,00:00,1.86,2.03,1.86,1.94,27
2012.02.24,00:00,1.92,1.99,1.92,1.93,14
2012.02.27,00:00,1.92,1.92,1.80,1.89,22
2012.02.28,00:00,1.89,1.92,1.84,1.86,14
2012.02.29,00:00,1.88,1.94,1.86,1.89,16
2012.03.01,00:00,1.87,1.94,1.83,1.94,16
2012.03.02,00:00,1.96,2.04,1.95,1.97,18
2012.03.05,00:00,1.94,1.97,1.88,1.90,15
2012.03.08,00:00,1.89,1.91,1.82,1.89,19
2012.03.09,00:00,1.94,1.94,1.84,1.85,12
2012.03.12,00:00,1.82,1.86,1.78,1.80,15
2012.03.13,00:00,1.81,1.89,1.81,1.89,9
2012.03.14,00:00,1.91,1.96,1.91,1.93,9
2012.03.15,00:00,1.94,1.95,1.90,1.93,10
2012.03.16,00:00,1.92,1.96,1.90,1.95,10
2012.03.19,00:00,1.95,1.99,1.93,1.99,9
2012.03.20,00:00,1.98,1.99,1.94,1.95,8
2012.03.21,00:00,1.96,1.98,1.89,1.94,17
2012.03.22,00:00,1.94,1.95,1.88,1.89,10
2012.03.26,00:00,1.93,1.96,1.93,1.95,5
2012.03.27,00:00,1.96,1.99,1.95,1.96,9
2012.03.28,00:00,1.94,1.96,1.91,1.91,8
2012.03.29,00:00,1.90,1.94,1.85,1.86,15
2012.03.30,00:00,1.87,1.92,1.86,1.90,10
2012.04.02,00:00,1.91,1.92,1.86,1.91,13
2012.04.03,00:00,1.87,1.91,1.85,1.85,11
2012.04.04,00:00,1.83,1.83,1.78,1.78,6
2012.04.05,00:00,1.79,1.81,1.69,1.75,21
2012.04.10,00:00,1.71,1.73,1.65,1.66,12
2012.04.11,00:00,1.66,1.74,1.62,1.71,20
2012.04.12,00:00,1.74,1.74,1.64,1.71,18
2012.04.13,00:00,1.70,1.71,1.64,1.64,9
2012.04.16,00:00,1.62,1.64,1.58,1.59,10
2012.04.17,00:00,1.59,1.68,1.58,1.67,13
2012.04.18,00:00,1.67,1.69,1.63,1.64,10
2012.04.19,00:00,1.65,1.66,1.59,1.60,10
2012.04.20,00:00,1.60,1.65,1.58,1.63,12
2012.04.23,00:00,1.59,1.61,1.52,1.55,15
2012.04.24,00:00,1.55,1.58,1.49,1.55,19
2012.04.25,00:00,1.56,1.64,1.55,1.63,12
2012.04.26,00:00,1.62,1.64,1.57,1.59,12
2012.04.27,00:00,1.55,1.64,1.55,1.63,11
2012.04.30,00:00,1.63,1.65,1.62,1.64,6
2012.05.02,00:00,1.65,1.67,1.58,1.59,13
2012.05.03,00:00,1.59,1.60,1.54,1.56,10
2012.05.04,00:00,1.50,1.57,1.48,1.54,15
2012.05.07,00:00,1.46,1.59,1.46,1.59,14
2012.05.08,00:00,1.56,1.58,1.52,1.53,10
2012.05.09,00:00,1.54,1.58,1.50,1.55,16
2012.05.10,00:00,1.54,1.58,1.53,1.56,9
2012.05.11,00:00,1.55,1.56,1.53,1.55,7
2012.05.14,00:00,1.53,1.55,1.50,1.52,10
2012.05.15,00:00,1.50,1.53,1.42,1.43,16
2012.05.16,00:00,1.40,1.46,1.38,1.42,15
2012.05.17,00:00,1.41,1.43,1.38,1.40,10
2012.05.18,00:00,1.36,1.44,1.35,1.39,16
2012.05.21,00:00,1.39,1.44,1.38,1.44,8
2012.05.22,00:00,1.45,1.47,1.42,1.45,11
2012.05.23,00:00,1.40,1.44,1.40,1.41,8
2012.05.24,00:00,1.42,1.43,1.40,1.41,6
2012.05.25,00:00,1.40,1.43,1.38,1.38,9
2012.05.28,00:00,1.38,1.40,1.32,1.33,12
2012.05.29,00:00,1.34,1.36,1.33,1.35,6
2012.05.30,00:00,1.33,1.37,1.30,1.33,15
2012.05.31,00:00,1.33,1.34,1.31,1.33,7
2012.06.01,00:00,1.33,1.33,1.30,1.31,5
2012.06.04,00:00,1.28,1.31,1.24,1.30,13
2012.06.05,00:00,1.31,1.33,1.29,1.32,8
2012.06.06,00:00,1.32,1.35,1.31,1.35,6
2012.06.07,00:00,1.34,1.47,1.34,1.43,18
2012.06.08,00:00,1.39,1.40,1.37,1.38,6
2012.06.11,00:00,1.46,1.46,1.36,1.36,11
2012.06.12,00:00,1.34,1.36,1.33,1.35,6
2012.06.13,00:00,1.34,1.37,1.31,1.33,12
2012.06.14,00:00,1.31,1.35,1.31,1.35,5
2012.06.15,00:00,1.34,1.42,1.33,1.42,11
2012.06.18,00:00,1.46,1.48,1.35,1.36,17
2012.06.19,00:00,1.35,1.41,1.33,1.40,12
2012.06.20,00:00,1.40,1.42,1.39,1.41,6
2012.06.21,00:00,1.40,1.47,1.39,1.41,16
2012.06.22,00:00,1.39,1.44,1.37,1.40,14
2012.06.25,00:00,1.40,1.41,1.36,1.37,8
2012.06.26,00:00,1.36,1.39,1.33,1.33,10
2012.06.27,00:00,1.33,1.36,1.33,1.35,5
2012.06.28,00:00,1.29,1.30,1.25,1.25,7
2012.06.29,00:00,1.24,1.36,1.24,1.33,16
2012.07.02,00:00,1.33,1.39,1.31,1.37,13
2012.07.03,00:00,1.36,1.38,1.35,1.37,6
2012.07.04,00:00,1.35,1.36,1.31,1.32,8
2012.07.05,00:00,1.34,1.36,1.27,1.29,14
2012.07.06,00:00,1.28,1.29,1.25,1.25,6
2012.07.09,00:00,1.25,1.26,1.24,1.25,5
2012.07.10,00:00,1.26,1.29,1.25,1.26,9
2012.07.11,00:00,1.25,1.27,1.25,1.26,4
2012.07.12,00:00,1.25,1.27,1.22,1.23,9
2012.07.13,00:00,1.23,1.25,1.21,1.24,8
2012.07.16,00:00,1.22,1.23,1.22,1.23,2
2012.07.17,00:00,1.23,1.24,1.20,1.21,7
2012.07.18,00:00,1.20,1.22,1.19,1.21,6
2012.07.19,00:00,1.23,1.24,1.20,1.23,9
2012.07.20,00:00,1.20,1.23,1.20,1.21,6
2012.07.23,00:00,1.19,1.19,1.12,1.13,9
2012.07.24,00:00,1.14,1.16,1.13,1.14,7
2012.07.25,00:00,1.11,1.15,1.11,1.14,6
2012.07.26,00:00,1.14,1.23,1.12,1.21,16
2012.07.27,00:00,1.22,1.23,1.17,1.23,12
2012.07.30,00:00,1.24,1.27,1.21,1.26,11
2012.07.31,00:00,1.26,1.28,1.25,1.27,6
2012.08.01,00:00,1.25,1.28,1.25,1.28,4
2012.08.02,00:00,1.28,1.30,1.19,1.20,15
2012.08.03,00:00,1.20,1.28,1.20,1.27,10
2012.08.06,00:00,1.26,1.28,1.25,1.27,6
2012.08.07,00:00,1.25,1.28,1.24,1.26,8
2012.08.08,00:00,1.25,1.28,1.25,1.28,4
2012.08.09,00:00,1.28,1.28,1.22,1.23,8
2012.08.10,00:00,1.20,1.21,1.17,1.19,8
2012.08.13,00:00,1.19,1.20,1.17,1.17,5
2012.08.14,00:00,1.18,1.19,1.16,1.18,7
2012.08.15,00:00,1.14,1.20,1.14,1.18,9
2012.08.16,00:00,1.18,1.22,1.16,1.22,9
2012.08.17,00:00,1.23,1.27,1.22,1.26,8
2012.08.20,00:00,1.27,1.27,1.22,1.24,8
2012.08.21,00:00,1.24,1.29,1.20,1.29,14
2012.08.22,00:00,1.27,1.29,1.24,1.27,11
2012.08.23,00:00,1.28,1.29,1.25,1.26,7
2012.08.24,00:00,1.26,1.28,1.24,1.27,8
2012.08.27,00:00,1.28,1.30,1.26,1.27,8
2012.08.28,00:00,1.25,1.28,1.25,1.26,6
2012.08.29,00:00,1.25,1.27,1.25,1.26,4
2012.08.30,00:00,1.25,1.27,1.23,1.23,7
2012.08.31,00:00,1.22,1.26,1.22,1.26,5
2012.09.03,00:00,1.25,1.26,1.24,1.25,5
2012.09.04,00:00,1.22,1.26,1.22,1.24,7
2012.09.05,00:00,1.23,1.26,1.22,1.24,8
2012.09.06,00:00,1.24,1.31,1.24,1.30,9
2012.09.07,00:00,1.31,1.40,1.31,1.39,11
2012.09.10,00:00,1.36,1.47,1.36,1.45,14
2012.09.11,00:00,1.44,1.46,1.36,1.46,19
2012.09.12,00:00,1.49,1.59,1.48,1.57,15
2012.09.13,00:00,1.57,1.58,1.52,1.55,11
2012.09.14,00:00,1.61,1.63,1.59,1.59,7
2012.09.17,00:00,1.55,1.65,1.55,1.65,11
2012.09.18,00:00,1.60,1.63,1.56,1.59,14
2012.09.19,00:00,1.61,1.63,1.58,1.62,10
2012.09.20,00:00,1.59,1.61,1.52,1.55,15
2012.09.21,00:00,1.56,1.58,1.54,1.57,8
2012.09.24,00:00,1.53,1.55,1.48,1.52,14
2012.09.25,00:00,1.50,1.52,1.48,1.51,8
2012.09.26,00:00,1.45,1.46,1.41,1.42,8
2012.09.27,00:00,1.43,1.45,1.39,1.40,10
2012.09.28,00:00,1.41,1.43,1.37,1.39,11
2012.10.01,00:00,1.38,1.43,1.38,1.43,6
2012.10.02,00:00,1.42,1.47,1.42,1.44,9
2012.10.03,00:00,1.42,1.45,1.41,1.43,8
2012.10.04,00:00,1.43,1.45,1.42,1.44,6
2012.10.05,00:00,1.43,1.47,1.43,1.45,7
2012.10.08,00:00,1.42,1.44,1.41,1.41,6
2012.10.09,00:00,1.41,1.43,1.39,1.40,8
2012.10.10,00:00,1.40,1.43,1.40,1.41,6
2012.10.11,00:00,1.40,1.46,1.40,1.45,8
2012.10.12,00:00,1.43,1.50,1.43,1.48,10
2012.10.15,00:00,1.47,1.50,1.47,1.49,5
2012.10.16,00:00,1.51,1.56,1.51,1.56,6
2012.10.17,00:00,1.56,1.59,1.55,1.58,7
2012.10.18,00:00,1.58,1.61,1.56,1.60,9
2012.10.19,00:00,1.58,1.60,1.51,1.51,12
2012.10.22,00:00,1.52,1.57,1.51,1.56,9
2012.10.23,00:00,1.56,1.58,1.51,1.52,11
2012.10.24,00:00,1.53,1.54,1.48,1.51,11
2012.10.25,00:00,1.52,1.53,1.49,1.49,6
2012.10.26,00:00,1.48,1.49,1.46,1.48,7
2012.10.29,00:00,1.47,1.48,1.44,1.46,8
2012.10.30,00:00,1.46,1.50,1.46,1.49,6
2012.10.31,00:00,1.51,1.53,1.48,1.48,8
2012.11.01,00:00,1.48,1.52,1.47,1.51,8
2012.11.02,00:00,1.53,1.54,1.51,1.52,6
2012.11.05,00:00,1.50,1.52,1.48,1.51,8
2012.11.06,00:00,1.52,1.56,1.52,1.55,6
2012.11.07,00:00,1.57,1.58,1.53,1.54,8
2012.11.08,00:00,1.50,1.54,1.41,1.42,19
2012.11.09,00:00,1.40,1.41,1.32,1.33,12
2012.11.12,00:00,1.32,1.38,1.30,1.34,15
2012.11.13,00:00,1.33,1.36,1.33,1.36,4
2012.11.14,00:00,1.34,1.36,1.31,1.32,9
2012.11.15,00:00,1.30,1.32,1.29,1.31,6
2012.11.16,00:00,1.30,1.31,1.24,1.24,9
2012.11.19,00:00,1.28,1.31,1.26,1.31,8
2012.11.20,00:00,1.29,1.31,1.27,1.29,9
2012.11.21,00:00,1.28,1.30,1.26,1.29,8
2012.11.22,00:00,1.30,1.38,1.30,1.38,9
2012.11.23,00:00,1.37,1.37,1.32,1.35,9
2012.11.26,00:00,1.35,1.36,1.33,1.35,7
2012.11.27,00:00,1.37,1.41,1.35,1.37,13
2012.11.28,00:00,1.34,1.36,1.33,1.35,6
2012.11.29,00:00,1.37,1.40,1.36,1.39,7
2012.11.30,00:00,1.38,1.40,1.38,1.38,5
2012.12.03,00:00,1.38,1.39,1.36,1.37,6
2012.12.04,00:00,1.36,1.39,1.35,1.39,6
2012.12.05,00:00,1.40,1.43,1.39,1.40,9
2012.12.06,00:00,1.41,1.44,1.40,1.41,9
2012.12.07,00:00,1.40,1.42,1.38,1.40,9
2012.12.10,00:00,1.38,1.38,1.35,1.38,7
2012.12.11,00:00,1.37,1.39,1.35,1.39,7
2012.12.12,00:00,1.39,1.43,1.38,1.42,8
2012.12.13,00:00,1.43,1.43,1.40,1.42,6
2012.12.14,00:00,1.42,1.43,1.41,1.43,4
2012.12.17,00:00,1.43,1.44,1.42,1.44,4
2012.12.18,00:00,1.45,1.50,1.45,1.50,6
2012.12.19,00:00,1.51,1.52,1.48,1.51,9
2012.12.20,00:00,1.48,1.50,1.48,1.49,4
2012.12.21,00:00,1.48,1.48,1.43,1.44,7
2012.12.27,00:00,1.44,1.47,1.44,1.46,5
2012.12.28,00:00,1.44,1.45,1.43,1.43,4
2013.01.02,00:00,1.48,1.51,1.47,1.49,8
2013.01.03,00:00,1.49,1.49,1.47,1.49,5
2013.01.04,00:00,1.45,1.52,1.45,1.51,9
2013.01.07,00:00,1.54,1.60,1.53,1.58,11
2013.01.08,00:00,1.57,1.63,1.57,1.60,10
2013.01.09,00:00,1.61,1.66,1.61,1.64,8
2013.01.10,00:00,1.68,1.73,1.66,1.69,14
2013.01.11,00:00,1.72,1.73,1.58,1.64,23
2013.01.14,00:00,1.65,1.69,1.64,1.66,10
2013.01.15,00:00,1.65,1.68,1.61,1.67,13
2013.01.16,00:00,1.66,1.67,1.63,1.66,9
2013.01.17,00:00,1.65,1.67,1.65,1.66,4
2013.01.18,00:00,1.67,1.70,1.67,1.69,5
2013.01.21,00:00,1.69,1.71,1.69,1.70,4
2013.01.22,00:00,1.69,1.70,1.65,1.66,8
2013.01.23,00:00,1.65,1.66,1.61,1.63,9
2013.01.24,00:00,1.61,1.66,1.58,1.66,12
2013.01.25,00:00,1.65,1.68,1.64,1.66,8
2013.01.28,00:00,1.66,1.67,1.65,1.66,5
2013.01.29,00:00,1.66,1.68,1.64,1.66,9
2013.01.30,00:00,1.66,1.67,1.62,1.63,8
2013.01.31,00:00,1.63,1.64,1.57,1.62,14
2013.02.01,00:00,1.62,1.65,1.60,1.60,9
2013.02.04,00:00,1.62,1.64,1.51,1.52,17
2013.02.05,00:00,1.49,1.53,1.45,1.51,15
2013.02.06,00:00,1.51,1.52,1.46,1.49,11
2013.02.07,00:00,1.48,1.49,1.45,1.46,7
2013.02.08,00:00,1.46,1.50,1.45,1.49,8
2013.02.11,00:00,1.49,1.52,1.47,1.51,9
2013.02.12,00:00,1.51,1.52,1.49,1.51,7
2013.02.14,00:00,1.49,1.50,1.45,1.47,9
2013.02.15,00:00,1.47,1.55,1.44,1.49,21
2013.02.18,00:00,1.50,1.53,1.49,1.53,6
2013.02.19,00:00,1.52,1.53,1.50,1.51,6
2013.02.20,00:00,1.50,1.51,1.46,1.47,8
2013.02.21,00:00,1.45,1.46,1.42,1.43,7
2013.02.22,00:00,1.44,1.44,1.39,1.41,8
2013.02.25,00:00,1.42,1.49,1.42,1.44,13
2013.02.26,00:00,1.38,1.42,1.38,1.40,7
2013.02.27,00:00,1.42,1.42,1.38,1.42,9
2013.02.28,00:00,1.43,1.44,1.40,1.41,7
2013.03.01,00:00,1.40,1.41,1.37,1.40,9
2013.03.04,00:00,1.39,1.41,1.38,1.40,6
2013.03.05,00:00,1.41,1.43,1.40,1.41,7
2013.03.06,00:00,1.41,1.44,1.39,1.43,9
2013.03.07,00:00,1.44,1.44,1.41,1.42,5
2013.03.08,00:00,1.43,1.46,1.42,1.45,7
2013.03.11,00:00,1.45,1.45,1.44,1.44,2
2013.03.12,00:00,1.49,1.50,1.38,1.40,16
2013.03.13,00:00,1.38,1.38,1.20,1.26,25
2013.03.14,00:00,1.27,1.28,1.18,1.20,14
2013.03.15,00:00,1.21,1.21,1.17,1.20,8
2013.03.18,00:00,1.18,1.20,1.17,1.20,5
2013.03.19,00:00,1.20,1.23,1.18,1.19,10
2013.03.20,00:00,1.21,1.22,1.20,1.20,4
2013.03.21,00:00,1.21,1.22,1.19,1.20,6
2013.03.22,00:00,1.21,1.21,1.18,1.18,4
2013.03.25,00:00,1.21,1.21,1.14,1.16,10
2013.03.26,00:00,1.16,1.17,1.15,1.15,4
2013.03.27,00:00,1.16,1.16,1.12,1.14,7
2013.03.28,00:00,1.13,1.15,1.11,1.15,7
2013.04.02,00:00,1.15,1.16,1.14,1.16,4
2013.04.03,00:00,1.15,1.16,1.13,1.14,6
2013.04.04,00:00,1.14,1.17,1.14,1.14,7
2013.04.05,00:00,1.14,1.15,1.13,1.14,5
2013.04.08,00:00,1.14,1.15,1.13,1.13,4
2013.04.09,00:00,1.13,1.17,1.13,1.15,7
2013.04.10,00:00,1.15,1.21,1.15,1.21,7
2013.04.11,00:00,1.20,1.21,1.18,1.20,7
2013.04.12,00:00,1.19,1.20,1.15,1.16,8
2013.04.15,00:00,1.17,1.17,1.14,1.15,5
2013.04.16,00:00,1.15,1.18,1.14,1.17,7
2013.04.17,00:00,1.18,1.18,1.15,1.16,5
2013.04.18,00:00,1.16,1.17,1.14,1.16,7
2013.04.19,00:00,1.17,1.17,1.13,1.14,6
2013.04.22,00:00,1.13,1.14,1.08,1.09,9
2013.04.23,00:00,1.09,1.09,1.03,1.08,12
2013.04.24,00:00,10.38,10.73,10.07,10.34,129
2013.04.25,00:00,10.20,10.50,10.15,10.50,41
2013.04.26,00:00,10.44,10.50,10.17,10.19,42
2013.04.29,00:00,10.13,10.23,9.70,9.88,82
2013.04.30,00:00,9.79,10.38,9.78,10.26,74
2013.05.02,00:00,10.17,10.72,10.17,10.64,64
2013.05.03,00:00,10.68,10.92,10.51,10.84,67
2013.05.06,00:00,10.78,10.84,10.61,10.81,44
2013.05.07,00:00,10.88,11.32,10.72,11.09,100
2013.05.08,00:00,10.94,11.00,10.36,10.69,104
2013.05.09,00:00,10.57,10.66,10.40,10.50,46
2013.05.10,00:00,10.50,10.63,10.33,10.43,54
2013.05.13,00:00,10.06,10.21,9.87,9.89,52
2013.05.14,00:00,9.88,9.88,9.35,9.40,59
2013.05.15,00:00,7.62,8.20,7.50,7.79,124
2013.05.16,00:00,7.75,7.75,7.32,7.51,63
2013.05.17,00:00,7.45,7.80,7.44,7.80,38
2013.05.20,00:00,7.80,8.54,7.75,8.50,89
2013.05.21,00:00,8.44,8.47,7.97,8.15,72
2013.05.22,00:00,8.10,8.36,8.01,8.36,45
2013.05.23,00:00,8.00,8.14,7.84,7.85,46
2013.05.24,00:00,7.89,7.94,7.44,7.65,77
2013.05.27,00:00,7.81,8.05,7.76,8.01,39
2013.05.28,00:00,8.24,8.25,7.96,7.99,34
2013.05.29,00:00,7.94,8.06,7.81,7.99,46
2013.05.30,00:00,7.96,8.14,7.96,8.02,31
2013.05.31,00:00,8.02,8.10,7.92,8.04,35
2013.06.03,00:00,7.96,8.00,7.75,7.77,32
2013.06.04,00:00,7.77,7.86,7.66,7.81,37
2013.06.05,00:00,7.74,7.83,7.65,7.72,35
2013.06.06,00:00,7.71,7.73,7.50,7.54,30
2013.06.07,00:00,7.55,7.67,7.51,7.65,23
2013.06.10,00:00,7.68,7.75,7.58,7.65,32
2013.06.11,00:00,7.57,7.63,7.40,7.47,37
2013.06.12,00:00,7.48,7.57,7.46,7.46,21
2013.06.13,00:00,7.31,7.48,7.30,7.46,22
2013.06.14,00:00,7.52,7.53,7.43,7.46,15
2013.06.17,00:00,7.48,7.50,7.39,7.39,14
2013.06.18,00:00,7.35,7.55,7.35,7.53,23
2013.06.19,00:00,7.55,7.60,7.48,7.53,23
2013.06.20,00:00,7.42,7.48,7.38,7.45,18
2013.06.21,00:00,7.44,7.54,7.25,7.27,42
2013.06.24,00:00,7.27,7.36,7.13,7.14,34
2013.06.25,00:00,7.19,7.22,7.04,7.04,22
2013.06.26,00:00,7.06,7.06,6.70,6.90,57
2013.06.27,00:00,6.91,6.94,6.54,6.62,52
2013.06.28,00:00,6.65,6.82,6.65,6.70,30
2013.07.01,00:00,6.72,6.74,6.33,6.46,57
2013.07.02,00:00,6.36,6.47,6.15,6.16,45
2013.07.03,00:00,5.96,5.97,5.74,5.81,32
2013.07.04,00:00,5.87,6.33,5.56,6.20,122
2013.07.05,00:00,6.32,6.38,5.91,5.91,54
2013.07.08,00:00,5.94,5.98,5.70,5.80,43
2013.07.09,00:00,5.87,6.10,5.87,6.05,29
2013.07.10,00:00,5.99,6.04,5.87,5.95,31
2013.07.11,00:00,6.08,6.18,6.01,6.09,34
2013.07.12,00:00,6.13,6.13,5.93,5.96,24
2013.07.15,00:00,6.14,6.27,6.07,6.24,31
2013.07.16,00:00,6.33,6.48,6.30,6.44,26
2013.07.17,00:00,6.46,6.48,6.19,6.34,47
2013.07.18,00:00,6.31,6.50,6.30,6.47,25
2013.07.19,00:00,6.43,6.62,6.40,6.53,35
2013.07.22,00:00,6.55,6.65,6.50,6.54,30
2013.07.23,00:00,6.56,6.66,6.56,6.63,14
2013.07.24,00:00,6.64,6.88,6.64,6.84,29
2013.07.25,00:00,6.76,6.78,6.53,6.73,48
2013.07.26,00:00,6.77,6.83,6.59,6.63,35
2013.07.29,00:00,6.54,6.59,6.41,6.53,36
2013.07.30,00:00,6.52,6.56,6.43,6.45,20
2013.07.31,00:00,6.43,6.44,6.37,6.40,12
2013.08.01,00:00,6.43,6.75,6.43,6.72,36
2013.08.02,00:00,6.78,6.84,6.74,6.74,17
2013.08.05,00:00,6.77,6.79,6.61,6.67,27
2013.08.06,00:00,6.64,6.67,6.43,6.47,32
2013.08.07,00:00,6.46,6.65,6.44,6.59,30
2013.08.08,00:00,7.00,7.71,6.96,7.64,87
2013.08.09,00:00,7.93,8.13,7.77,7.89,69
2013.08.12,00:00,7.88,8.07,7.74,8.06,49
2013.08.13,00:00,8.10,8.15,7.97,8.00,27
2013.08.14,00:00,7.99,8.02,7.90,7.99,25
2013.08.15,00:00,7.94,8.15,7.94,8.03,34
2013.08.16,00:00,8.00,8.24,7.98,8.22,31
2013.08.19,00:00,8.26,8.34,8.13,8.14,31
2013.08.20,00:00,8.00,8.00,7.76,7.88,37
2013.08.21,00:00,7.86,8.18,7.86,8.11,40
2013.08.22,00:00,8.14,8.60,8.10,8.58,57
2013.08.23,00:00,8.87,8.95,8.68,8.79,47
2013.08.26,00:00,8.80,8.94,8.78,8.93,20
2013.08.27,00:00,8.82,8.97,8.38,8.49,86
2013.08.28,00:00,8.22,8.79,8.22,8.73,64
2013.08.29,00:00,8.84,8.85,8.68,8.77,28
2013.08.30,00:00,8.77,8.87,8.72,8.79,29
2013.09.02,00:00,8.92,9.00,8.87,8.87,22
2013.09.03,00:00,8.91,8.96,8.80,8.82,24
2013.09.04,00:00,8.75,8.81,8.68,8.74,26
2013.09.05,00:00,8.72,8.80,8.57,8.58,33
2013.09.06,00:00,8.54,8.83,8.44,8.77,56
2013.09.09,00:00,8.80,8.88,8.78,8.80,21
2013.09.10,00:00,8.75,9.12,8.75,9.07,43
2013.09.11,00:00,9.11,9.49,9.08,9.31,63
2013.09.12,00:00,9.32,9.57,9.32,9.48,35
2013.09.13,00:00,9.37,9.56,9.37,9.44,32
2013.09.16,00:00,9.54,9.58,9.50,9.53,16
2013.09.17,00:00,9.52,9.53,9.25,9.43,48
2013.09.18,00:00,9.44,9.47,9.31,9.41,30
2013.09.19,00:00,9.64,9.71,9.54,9.60,31
2013.09.20,00:00,9.55,9.59,9.43,9.52,30
2013.09.23,00:00,9.49,9.60,9.45,9.51,29
2013.09.24,00:00,9.51,9.53,9.24,9.35,43
2013.09.25,00:00,9.26,9.28,8.68,8.78,73
2013.09.26,00:00,8.61,8.81,8.47,8.74,56
2013.09.27,00:00,8.80,8.83,8.64,8.65,24
2013.09.30,00:00,8.42,8.54,8.39,8.47,26
2013.10.01,00:00,8.50,8.79,8.50,8.76,33
2013.10.02,00:00,8.73,9.02,8.72,8.91,43
2013.10.03,00:00,8.91,8.95,8.69,8.73,35
2013.10.04,00:00,8.76,9.14,8.72,9.09,52
2013.10.07,00:00,9.00,9.00,8.83,8.91,26
2013.10.08,00:00,8.80,8.86,8.72,8.75,24
2013.10.09,00:00,8.74,8.92,8.73,8.81,32
2013.10.10,00:00,8.89,9.43,8.87,9.35,67
2013.10.11,00:00,9.40,9.50,9.15,9.22,53
2013.10.14,00:00,9.15,9.23,9.12,9.19,19
2013.10.15,00:00,9.27,9.50,9.24,9.47,33
2013.10.16,00:00,9.41,9.80,9.40,9.76,46
2013.10.17,00:00,9.70,9.76,9.52,9.74,45
2013.10.18,00:00,9.77,9.87,9.75,9.82,20
2013.10.21,00:00,9.83,9.91,9.75,9.79,29
2013.10.22,00:00,9.78,9.92,9.64,9.73,52
2013.10.23,00:00,9.66,9.71,9.32,9.32,45
2013.10.24,00:00,9.41,9.70,9.41,9.67,33
2013.10.25,00:00,9.65,9.68,9.52,9.54,22
2013.10.28,00:00,9.56,9.62,9.36,9.39,36
2013.10.29,00:00,9.28,9.59,9.21,9.58,47
2013.10.30,00:00,9.60,9.74,9.58,9.64,29
2013.10.31,00:00,9.53,9.60,9.42,9.48,32
2013.11.01,00:00,9.46,9.52,9.37,9.44,29
2013.11.04,00:00,9.42,9.53,9.38,9.39,28
2013.11.05,00:00,9.43,9.46,9.20,9.28,38
2013.11.06,00:00,9.25,9.38,9.25,9.30,22
2013.11.07,00:00,9.89,10.50,9.89,10.26,86
2013.11.08,00:00,10.19,10.49,10.19,10.40,40
2013.11.11,00:00,10.43,10.46,10.34,10.38,20
2013.11.12,00:00,10.35,10.44,10.23,10.34,42
2013.11.13,00:00,10.25,10.28,9.90,10.09,61
2013.11.14,00:00,10.19,10.31,9.91,9.95,57
2013.11.15,00:00,9.96,10.05,9.90,9.98,29
2013.11.18,00:00,9.98,10.20,9.91,10.16,41
2013.11.19,00:00,10.06,10.16,9.96,10.02,37
2013.11.20,00:00,9.98,10.14,9.85,9.94,55
2013.11.21,00:00,9.86,10.35,9.81,10.31,64
2013.11.22,00:00,10.30,10.36,10.23,10.27,24
2013.11.25,00:00,10.33,10.46,10.32,10.42,20
2013.11.26,00:00,10.37,10.54,10.37,10.45,27
2013.11.27,00:00,10.47,10.59,10.47,10.55,17
2013.11.28,00:00,10.66,10.88,10.64,10.77,38
2013.11.29,00:00,10.78,11.01,10.78,10.92,33
2013.12.02,00:00,10.95,11.02,10.63,10.88,72
2013.12.03,00:00,10.84,10.86,10.45,10.46,45
2013.12.04,00:00,10.45,10.59,10.26,10.52,60
2013.12.05,00:00,10.46,10.64,10.21,10.33,74
2013.12.06,00:00,10.37,10.56,10.29,10.46,46
2013.12.09,00:00,10.55,10.71,10.47,10.70,34
2013.12.10,00:00,10.74,11.19,10.72,10.99,70
2013.12.11,00:00,10.95,11.15,10.93,11.05,35
2013.12.12,00:00,10.93,10.98,10.66,10.77,49
2013.12.13,00:00,10.81,10.92,10.60,10.69,53
2013.12.16,00:00,10.64,11.17,10.63,11.09,64
2013.12.17,00:00,11.07,11.26,11.02,11.14,42
2013.12.18,00:00,11.21,11.27,11.05,11.14,38
2013.12.19,00:00,11.37,11.44,11.20,11.29,41
2013.12.20,00:00,11.32,11.37,11.26,11.33,22
2013.12.23,00:00,11.33,11.40,11.33,11.39,9
2013.12.27,00:00,11.35,11.69,11.35,11.66,38
2013.12.30,00:00,11.68,11.80,11.65,11.69,30
2014.01.02,00:00,11.80,11.81,11.38,11.47,54
2014.01.03,00:00,11.34,11.44,11.01,11.29,82
2014.01.06,00:00,11.30,11.71,11.29,11.68,47
2014.01.07,00:00,11.77,12.49,11.76,12.40,84
2014.01.08,00:00,12.52,12.85,12.52,12.81,38
2014.01.09,00:00,12.83,13.19,12.72,12.84,94
2014.01.10,00:00,13.02,13.14,12.83,12.93,54
2014.01.13,00:00,13.11,13.68,13.10,13.64,64
2014.01.14,00:00,13.24,13.45,13.01,13.36,77
2014.01.15,00:00,13.55,13.91,13.55,13.71,57
2014.01.16,00:00,13.80,13.85,13.46,13.47,46
2014.01.17,00:00,13.45,13.69,13.35,13.54,60
2014.01.20,00:00,13.16,13.40,12.73,12.94,113
2014.01.21,00:00,13.02,13.24,12.97,13.15,42
2014.01.22,00:00,13.14,13.23,12.83,13.00,67
2014.01.23,00:00,12.85,13.49,12.82,13.33,87
2014.01.24,00:00,13.34,13.41,12.96,13.02,59
2014.01.27,00:00,12.95,12.95,12.63,12.81,51
2014.01.28,00:00,12.90,13.06,12.84,12.97,38
2014.01.29,00:00,13.32,13.47,12.83,13.12,109
2014.01.30,00:00,12.98,13.13,12.77,12.91,66
2014.01.31,00:00,12.93,12.95,12.16,12.61,127
2014.02.03,00:00,12.73,12.80,12.25,12.25,63
2014.02.04,00:00,12.02,12.58,11.90,12.49,90
2014.02.05,00:00,12.53,12.71,12.48,12.59,41
2014.02.06,00:00,12.73,13.08,12.68,12.97,57
2014.02.07,00:00,13.03,13.15,12.83,12.92,54
2014.02.10,00:00,13.01,13.06,12.88,12.94,30
2014.02.11,00:00,13.04,13.15,12.96,13.13,30
2014.02.12,00:00,13.18,13.52,13.10,13.36,67
2014.02.13,00:00,13.78,13.95,13.54,13.59,64
2014.02.14,00:00,13.64,13.66,13.17,13.26,61
2014.02.17,00:00,13.30,13.35,13.21,13.29,28
2014.02.18,00:00,13.31,13.36,13.19,13.19,23
2014.02.19,00:00,13.10,13.19,12.62,12.76,81
2014.02.20,00:00,12.60,12.99,12.49,12.97,64
2014.02.21,00:00,13.03,13.12,12.83,12.90,46
2014.02.24,00:00,12.84,13.05,12.74,13.04,43
2014.02.25,00:00,13.07,13.14,12.86,13.00,50
2014.02.26,00:00,13.09,13.19,12.94,13.05,47
2014.02.27,00:00,13.01,13.09,12.87,13.06,40
2014.02.28,00:00,13.05,13.18,13.00,13.11,31
2014.03.03,00:00,12.65,12.77,12.35,12.36,56
2014.03.04,00:00,12.52,12.94,12.51,12.92,47
2014.03.05,00:00,12.83,13.22,12.83,13.13,49
2014.03.06,00:00,13.18,13.34,13.07,13.12,49
2014.03.07,00:00,13.12,13.13,12.70,12.78,53
2014.03.10,00:00,12.65,12.85,12.47,12.55,67
2014.03.11,00:00,12.65,12.78,12.46,12.53,53
2014.03.12,00:00,12.41,12.48,12.11,12.24,58
2014.03.13,00:00,12.51,12.70,12.22,12.23,69
2014.03.14,00:00,11.99,12.12,11.89,12.03,43
2014.03.17,00:00,12.10,12.37,12.10,12.32,33
2014.03.18,00:00,12.34,12.92,12.22,12.81,94
2014.03.19,00:00,12.88,13.05,12.83,12.94,39
2014.03.20,00:00,12.83,13.01,12.80,13.00,26
2014.03.21,00:00,13.18,13.52,13.14,13.35,60
2014.03.24,00:00,13.35,13.46,12.91,12.93,69
2014.03.25,00:00,12.96,13.11,12.78,12.82,53
2014.03.26,00:00,12.91,13.10,12.90,13.04,28
2014.03.27,00:00,13.01,13.14,12.84,12.94,54
2014.03.28,00:00,12.99,13.14,12.99,13.11,19
2014.03.31,00:00,13.22,13.42,13.20,13.34,33
2014.04.01,00:00,13.34,13.83,13.34,13.80,53
2014.04.02,00:00,13.84,14.17,13.61,14.09,88
2014.04.03,00:00,14.09,14.41,13.96,14.11,89
2014.04.04,00:00,14.14,14.48,14.08,14.37,58
2014.04.07,00:00,14.12,14.30,14.02,14.20,49
2014.04.08,00:00,14.18,14.30,13.57,13.75,104
2014.04.09,00:00,13.83,14.11,13.75,13.87,69
2014.04.10,00:00,14.05,14.20,13.58,13.60,80
2014.04.11,00:00,13.31,13.45,13.00,13.26,86
2014.04.14,00:00,13.06,13.14,12.59,12.95,100
2014.04.15,00:00,13.06,13.09,12.45,12.50,73
2014.04.16,00:00,12.68,12.87,12.63,12.84,33
2014.04.17,00:00,12.86,13.10,12.79,13.01,48
2014.04.22,00:00,13.11,13.30,13.05,13.27,35
2014.04.23,00:00,13.27,13.48,13.14,13.33,63
2014.04.24,00:00,13.41,13.57,12.78,13.00,118
2014.04.25,00:00,12.87,12.93,12.58,12.69,53
2014.04.28,00:00,12.78,12.92,12.63,12.65,46
2014.04.29,00:00,12.98,13.30,12.90,13.10,69
2014.04.30,00:00,13.06,13.08,12.70,12.79,50
2014.05.02,00:00,12.86,12.89,12.73,12.77,24
2014.05.05,00:00,12.76,12.81,12.54,12.74,53
2014.05.06,00:00,12.84,12.93,12.55,12.59,52
2014.05.07,00:00,12.66,12.66,11.95,12.07,84
2014.05.08,00:00,12.22,12.25,11.98,11.99,32
2014.05.09,00:00,11.98,12.09,11.55,11.63,74
2014.05.12,00:00,11.55,11.72,11.25,11.66,84
2014.05.13,00:00,11.81,12.01,11.76,11.81,51
2014.05.14,00:00,11.88,11.95,11.60,11.64,47
2014.05.15,00:00,11.61,11.85,11.09,11.16,108
2014.05.16,00:00,11.17,11.28,10.89,11.20,76
2014.05.19,00:00,11.04,11.20,10.66,10.95,100
2014.05.20,00:00,10.97,11.17,10.90,11.10,42
2014.05.21,00:00,11.03,11.43,10.93,11.33,71
2014.05.22,00:00,11.60,11.64,11.37,11.42,37
2014.05.23,00:00,11.39,11.55,11.37,11.43,33
2014.05.26,00:00,11.58,11.81,11.56,11.79,30
2014.05.27,00:00,11.80,11.99,11.77,11.93,32
2014.05.28,00:00,11.96,12.03,11.92,11.97,22
2014.05.29,00:00,11.83,11.86,11.58,11.71,45
2014.05.30,00:00,11.65,11.69,11.56,11.66,26
2014.06.02,00:00,11.71,11.76,11.61,11.71,31
2014.06.03,00:00,11.67,11.71,11.18,11.32,72
2014.06.04,00:00,11.27,11.46,11.24,11.42,30
2014.06.05,00:00,11.46,12.00,11.43,11.83,78
2014.06.06,00:00,11.95,12.38,11.95,12.29,53
2014.06.09,00:00,12.31,12.57,12.28,12.50,40
2014.06.10,00:00,12.39,12.52,12.35,12.51,23
2014.06.11,00:00,12.47,12.67,12.38,12.40,52
2014.06.12,00:00,12.41,12.50,12.30,12.47,35
2014.06.13,00:00,12.46,12.57,12.26,12.50,59
2014.06.16,00:00,12.40,12.59,12.39,12.43,38
2014.06.17,00:00,12.41,12.53,12.36,12.45,31
2014.06.18,00:00,12.45,12.46,12.34,12.38,18
2014.06.19,00:00,12.50,12.59,12.40,12.41,30
2014.06.20,00:00,12.35,12.39,11.90,12.00,64
2014.06.23,00:00,12.02,12.02,11.61,11.75,56
2014.06.24,00:00,11.73,11.76,11.56,11.60,28
2014.06.25,00:00,11.51,11.84,11.41,11.80,58
2014.06.26,00:00,11.84,11.91,11.41,11.52,69
2014.06.27,00:00,11.60,11.81,11.48,11.64,63
2014.06.30,00:00,11.64,11.68,11.37,11.51,50
2014.07.01,00:00,11.51,11.61,11.35,11.51,53
2014.07.02,00:00,11.57,11.66,11.49,11.63,29
2014.07.03,00:00,11.65,11.88,11.58,11.83,43
2014.07.04,00:00,11.82,11.84,11.52,11.62,45
2014.07.07,00:00,11.58,11.66,11.40,11.47,42
2014.07.08,00:00,11.20,11.30,10.81,10.82,61
2014.07.09,00:00,10.89,11.04,10.81,11.04,32
2014.07.10,00:00,11.00,11.07,10.55,10.82,87
2014.07.11,00:00,10.80,10.98,10.66,10.78,63
2014.07.14,00:00,10.88,11.03,10.73,11.01,48
2014.07.15,00:00,10.94,11.06,10.66,10.83,70
2014.07.16,00:00,10.82,11.08,10.75,10.95,54
2014.07.17,00:00,10.91,11.00,10.83,10.91,35
2014.07.18,00:00,10.84,10.98,10.76,10.92,37
2014.07.21,00:00,10.86,10.92,10.65,10.76,45
2014.07.22,00:00,10.83,10.88,10.71,10.78,30
2014.07.23,00:00,10.76,11.02,10.70,10.91,50
2014.07.24,00:00,10.91,11.30,10.76,11.14,86
2014.07.25,00:00,11.15,11.75,11.12,11.21,121
2014.07.28,00:00,11.28,11.39,11.05,11.17,58
2014.07.29,00:00,11.20,11.26,11.02,11.16,45
2014.07.30,00:00,11.16,11.30,11.09,11.14,41
2014.07.31,00:00,11.13,11.13,10.76,10.82,44
2014.08.01,00:00,10.75,10.81,10.29,10.54,84
2014.08.04,00:00,10.65,10.76,10.50,10.63,51
2014.08.05,00:00,10.68,10.69,10.37,10.46,43
2014.08.06,00:00,10.29,10.51,10.20,10.39,53
2014.08.07,00:00,10.76,10.85,10.40,10.41,56
2014.08.08,00:00,10.23,10.45,10.18,10.30,48
2014.08.11,00:00,10.47,10.49,10.32,10.44,32
2014.08.12,00:00,10.39,10.77,10.36,10.62,60
2014.08.13,00:00,10.70,10.88,10.69,10.81,28
2014.08.14,00:00,10.75,10.89,10.59,10.73,59
2014.08.15,00:00,10.74,10.97,10.58,10.58,63
2014.08.18,00:00,10.78,10.87,10.69,10.79,36
2014.08.19,00:00,10.85,11.00,10.82,10.96,26
2014.08.20,00:00,10.93,10.98,10.84,10.89,25
2014.08.21,00:00,10.87,11.07,10.75,11.04,48
2014.08.22,00:00,11.04,11.27,10.95,11.06,63
2014.08.25,00:00,11.22,11.26,11.10,11.22,33
2014.08.26,00:00,11.17,11.48,11.14,11.48,38
2014.08.27,00:00,11.48,11.72,11.48,11.69,28
2014.08.28,00:00,11.68,11.75,11.39,11.45,50
2014.08.29,00:00,11.43,11.57,11.36,11.47,39
2014.09.01,00:00,11.52,11.58,11.30,11.43,48
2014.09.02,00:00,11.48,11.64,11.47,11.60,23
2014.09.03,00:00,11.61,11.92,11.61,11.81,43
2014.09.04,00:00,11.83,12.49,11.82,12.48,70
2014.09.05,00:00,12.44,12.71,12.29,12.65,64
2014.09.08,00:00,12.67,12.88,12.58,12.79,49
2014.09.09,00:00,12.67,12.89,12.47,12.50,68
2014.09.10,00:00,12.38,12.73,12.38,12.70,39
2014.09.11,00:00,12.77,12.79,12.58,12.67,33
2014.09.12,00:00,12.72,12.72,12.57,12.67,26
2014.09.15,00:00,12.47,12.61,12.35,12.56,44
2014.09.16,00:00,12.51,12.66,12.44,12.59,37
2014.09.17,00:00,12.68,12.74,12.62,12.67,24
2014.09.18,00:00,12.67,12.85,12.67,12.82,22
2014.09.19,00:00,12.87,12.98,12.81,12.89,33
2014.09.22,00:00,12.63,12.72,12.38,12.42,48
2014.09.23,00:00,12.43,12.46,12.15,12.19,39
2014.09.24,00:00,12.21,12.22,11.99,12.16,42
2014.09.25,00:00,12.16,12.46,12.04,12.09,78
2014.09.26,00:00,12.11,12.26,12.01,12.24,38
2014.09.29,00:00,11.91,12.08,11.58,11.71,81
2014.09.30,00:00,11.72,11.93,11.65,11.87,42
2014.10.01,00:00,11.78,12.00,11.73,11.75,52
2014.10.02,00:00,11.74,11.77,11.11,11.11,70
2014.10.06,00:00,11.33,11.50,11.26,11.32,48
2014.10.07,00:00,11.19,11.26,10.94,10.99,45
2014.10.08,00:00,10.88,11.03,10.77,10.87,52
2014.10.09,00:00,10.99,11.06,10.65,10.84,68
2014.10.10,00:00,10.67,10.92,10.58,10.71,65
2014.10.13,00:00,10.55,11.09,10.53,10.91,77
2014.10.14,00:00,10.83,11.01,10.68,10.93,57
2014.10.15,00:00,10.93,10.96,10.19,10.40,102
2014.10.16,00:00,10.48,10.53,9.91,10.30,107
2014.10.17,00:00,10.38,10.75,10.27,10.74,61
2014.10.20,00:00,10.71,10.83,10.55,10.80,48
2014.10.21,00:00,10.78,11.45,10.72,11.34,91
2014.10.22,00:00,11.46,11.54,11.28,11.42,49
2014.10.23,00:00,11.38,11.77,11.32,11.70,59
2014.10.24,00:00,11.59,11.80,11.59,11.79,23
2014.10.27,00:00,12.66,12.69,11.61,11.79,130
2014.10.28,00:00,11.90,12.09,11.84,12.08,33
2014.10.29,00:00,12.12,12.21,11.51,11.56,85
2014.10.30,00:00,11.65,11.81,11.19,11.70,120
2014.10.31,00:00,11.93,12.14,11.70,11.99,83
2014.11.03,00:00,11.96,12.28,11.92,12.16,53
2014.11.04,00:00,12.15,12.27,11.71,11.80,78
2014.11.05,00:00,11.97,12.12,11.77,11.98,70
2014.11.06,00:00,12.29,12.46,11.75,12.19,133
2014.11.07,00:00,12.24,12.27,11.85,12.01,62
2014.11.10,00:00,11.94,11.98,11.61,11.71,52
2014.11.11,00:00,11.77,11.84,11.56,11.69,49
2014.11.12,00:00,11.63,11.65,11.29,11.34,44
2014.11.13,00:00,11.43,11.54,11.19,11.39,67
2014.11.14,00:00,11.40,11.51,11.30,11.40,43
2014.11.17,00:00,11.29,11.72,11.28,11.69,49
2014.11.18,00:00,11.65,11.83,11.56,11.69,51
2014.11.19,00:00,11.70,11.88,11.67,11.76,37
2014.11.20,00:00,11.73,11.73,11.39,11.66,62
2014.11.21,00:00,11.68,11.98,11.65,11.97,38
2014.11.24,00:00,11.88,12.08,11.86,11.94,39
2014.11.25,00:00,11.94,12.28,11.93,12.15,50
2014.11.26,00:00,12.20,12.33,12.14,12.25,34
2014.11.27,00:00,12.23,12.36,12.22,12.31,21
2014.11.28,00:00,12.30,12.37,12.21,12.31,32
2014.12.01,00:00,12.19,12.23,11.94,12.04,44
2014.12.02,00:00,12.12,12.21,11.92,12.06,53
2014.12.03,00:00,12.09,12.19,12.09,12.16,14
2014.12.04,00:00,12.17,12.20,11.68,11.74,62
2014.12.05,00:00,11.86,12.19,11.85,12.18,37
2014.12.08,00:00,12.16,12.32,12.10,12.11,40
2014.12.09,00:00,11.97,12.06,11.74,11.80,48
2014.12.10,00:00,11.86,11.87,11.53,11.64,47
2014.12.11,00:00,11.65,11.75,11.47,11.65,57
2014.12.12,00:00,11.37,11.49,11.31,11.33,33
2014.12.15,00:00,11.33,11.42,10.84,10.87,71
2014.12.16,00:00,10.97,11.09,10.56,11.06,98
2014.12.17,00:00,10.97,10.99,10.69,10.88,52
2014.12.18,00:00,11.03,11.08,10.90,10.96,30
2014.12.19,00:00,11.03,11.06,10.77,10.89,45
2014.12.22,00:00,10.92,11.04,10.91,11.00,19
2014.12.23,00:00,11.01,11.09,10.92,11.06,30
2014.12.29,00:00,11.06,11.09,10.81,11.02,53
2014.12.30,00:00,10.93,11.10,10.88,10.95,43
2015.01.02,00:00,11.03,11.34,10.93,11.22,64
2015.01.05,00:00,11.12,11.30,10.83,10.83,66
2015.01.06,00:00,10.85,11.01,10.64,10.76,66
2015.01.07,00:00,10.86,10.95,10.66,10.71,44
2015.01.08,00:00,10.86,10.97,10.48,10.92,93
2015.01.09,00:00,10.83,10.95,10.51,10.56,62
2015.01.12,00:00,10.68,10.71,10.31,10.50,63
2015.01.13,00:00,10.60,11.17,10.56,11.03,80
2015.01.14,00:00,10.75,10.84,10.50,10.57,51
2015.01.15,00:00,10.67,10.78,10.33,10.66,90
2015.01.16,00:00,10.62,10.73,10.34,10.57,74
2015.01.19,00:00,10.61,10.89,10.51,10.76,62
2015.01.20,00:00,10.83,11.18,10.81,10.99,59
2015.01.21,00:00,11.11,11.27,10.84,11.12,86
2015.01.22,00:00,11.19,11.58,11.15,11.48,58
2015.01.23,00:00,11.56,11.92,11.32,11.46,111
2015.01.26,00:00,11.30,11.38,11.10,11.30,57
2015.01.27,00:00,11.28,11.32,10.93,11.04,55
2015.01.28,00:00,11.10,11.17,10.63,10.68,67
2015.01.29,00:00,10.71,10.79,10.50,10.70,58
2015.01.30,00:00,10.75,10.86,10.60,10.67,45
2015.02.02,00:00,10.62,10.77,10.46,10.76,49
2015.02.03,00:00,10.81,11.20,10.80,11.19,43
2015.02.04,00:00,11.12,11.25,10.99,11.15,50
2015.02.05,00:00,11.00,11.18,10.92,11.15,38
2015.02.06,00:00,11.10,11.42,11.06,11.26,57
2015.02.09,00:00,11.12,11.17,10.98,11.13,38
2015.02.10,00:00,11.11,11.37,11.01,11.30,54
2015.02.11,00:00,11.33,11.36,11.18,11.26,30
2015.02.12,00:00,11.19,11.32,11.01,11.20,62
2015.02.13,00:00,11.25,11.63,11.20,11.59,53
2015.02.16,00:00,11.53,11.89,11.53,11.70,56
2015.02.17,00:00,11.42,11.72,11.41,11.59,46
2015.02.18,00:00,11.69,11.94,11.68,11.79,43
2015.02.19,00:00,11.80,11.91,11.63,11.81,56
2015.02.20,00:00,11.70,11.98,11.69,11.97,32
2015.02.23,00:00,12.14,12.24,11.96,12.11,54
2015.02.24,00:00,12.13,12.24,12.00,12.20,42
2015.02.25,00:00,12.14,12.15,11.82,11.90,43
2015.02.26,00:00,11.83,12.10,11.83,12.03,35
2015.02.27,00:00,12.01,12.13,11.97,12.05,29
2015.03.02,00:00,12.01,12.13,11.94,11.99,37
2015.03.03,00:00,12.00,12.03,11.84,11.84,23
2015.03.04,00:00,11.87,11.92,11.66,11.73,39
2015.03.05,00:00,11.80,11.85,11.67,11.78,35
2015.03.06,00:00,11.71,11.97,11.62,11.85,57
2015.03.09,00:00,11.81,12.03,11.81,11.86,40
2015.03.10,00:00,11.84,11.93,11.69,11.79,44
2015.03.11,00:00,11.78,12.00,11.78,12.00,23
2015.03.12,00:00,11.98,12.15,11.64,12.01,100
2015.03.13,00:00,12.13,12.65,12.10,12.58,66
2015.03.16,00:00,12.61,12.92,12.59,12.78,50
2015.03.17,00:00,12.78,12.82,12.41,12.53,58
2015.03.18,00:00,12.56,12.56,12.24,12.32,41
2015.03.19,00:00,12.33,12.54,12.30,12.47,35
2015.03.20,00:00,12.48,12.67,12.42,12.63,36
2015.03.23,00:00,12.54,12.79,12.50,12.65,48
2015.03.24,00:00,12.65,13.07,12.60,13.03,57
2015.03.25,00:00,13.02,13.18,12.86,12.93,56
2015.03.26,00:00,12.72,12.82,12.56,12.80,45
2015.03.27,00:00,12.94,13.01,12.75,12.80,39
2015.03.30,00:00,12.86,13.01,12.76,13.00,37
2015.03.31,00:00,12.97,13.06,12.80,12.89,45
2015.04.01,00:00,12.77,13.14,12.77,13.05,47
2015.04.02,00:00,13.06,13.19,13.01,13.11,32
2015.04.07,00:00,13.17,13.30,13.17,13.23,21
2015.04.08,00:00,13.28,13.38,13.20,13.24,33
2015.04.09,00:00,13.30,13.37,13.07,13.22,53
2015.04.10,00:00,13.26,13.35,13.11,13.20,43
2015.04.13,00:00,13.18,13.33,13.16,13.30,23
2015.04.14,00:00,13.26,13.39,12.88,13.00,77
2015.04.15,00:00,13.01,13.14,12.93,13.07,37
2015.04.16,00:00,13.02,13.07,12.53,12.59,66
2015.04.17,00:00,12.45,12.56,12.06,12.24,80
2015.04.20,00:00,12.50,12.60,12.49,12.57,224
2015.04.21,00:00,12.54,12.56,12.39,12.39,268
2015.04.22,00:00,12.65,12.70,12.54,12.66,382
2015.04.23,00:00,12.62,12.67,12.60,12.63,38
2015.04.28,00:00,12.21,12.22,12.21,12.22,2
2015.04.29,00:00,12.16,12.32,12.10,12.24,1431
2015.04.30,00:00,12.12,12.24,11.96,12.19,2070
2015.05.04,00:00,12.17,12.23,12.00,12.14,1054
2015.05.05,00:00,12.17,12.29,11.81,11.84,1878
2015.05.06,00:00,11.80,11.95,11.69,11.86,1950
2015.05.07,00:00,11.90,12.24,11.73,12.21,4027
2015.05.08,00:00,12.26,12.48,12.17,12.31,3007
2015.05.11,00:00,12.34,12.47,12.30,12.36,2226
2015.05.12,00:00,12.24,12.42,12.13,12.35,3185
2015.05.13,00:00,12.40,12.77,12.40,12.57,3269
2015.05.14,00:00,12.51,12.74,12.45,12.71,2248
2015.05.15,00:00,12.72,12.75,12.47,12.53,2032
2015.05.18,00:00,12.51,12.58,12.28,12.47,2758
2015.05.19,00:00,12.50,12.77,12.50,12.67,2439
2015.05.20,00:00,12.58,12.68,12.51,12.63,1545
2015.05.21,00:00,12.55,12.63,12.41,12.55,1346
2015.05.22,00:00,12.51,12.60,12.43,12.46,1267
2015.05.26,00:00,12.30,12.51,12.13,12.18,2552
2015.05.27,00:00,12.21,12.42,12.12,12.39,2110
2015.05.28,00:00,12.28,12.49,12.16,12.25,1242
2015.05.29,00:00,12.24,12.31,12.08,12.08,2009
2015.06.01,00:00,12.15,12.19,12.00,12.01,1439
2015.06.02,00:00,12.03,12.32,11.99,12.14,1858
2015.06.03,00:00,12.18,12.39,12.16,12.33,1691
2015.06.04,00:00,12.32,12.36,12.14,12.17,1969
2015.06.05,00:00,12.09,12.20,11.82,11.93,1997
2015.06.08,00:00,11.89,12.10,11.81,11.81,1757
2015.06.09,00:00,11.73,11.85,11.52,11.78,2013
2015.06.10,00:00,11.70,12.00,11.63,11.92,1975
2015.06.11,00:00,11.85,12.00,11.82,11.94,831
2015.06.12,00:00,11.77,11.90,11.56,11.75,1920
2015.06.15,00:00,11.37,11.68,11.36,11.43,1829
2015.06.16,00:00,11.36,11.51,11.16,11.50,1702
2015.06.17,00:00,11.50,11.59,11.36,11.42,1319
2015.06.18,00:00,11.35,11.51,11.23,11.50,1555
2015.06.19,00:00,11.53,11.68,11.50,11.63,1302
2015.06.22,00:00,11.50,12.09,11.50,12.05,1974
2015.06.23,00:00,12.10,12.25,12.04,12.06,1211
2015.06.24,00:00,12.11,12.14,11.83,11.98,1859
2015.06.25,00:00,11.88,12.17,11.88,12.07,1414
2015.06.26,00:00,11.97,12.24,11.91,12.14,1141
2015.06.29,00:00,11.21,11.74,11.18,11.56,1861
2015.06.30,00:00,11.57,11.76,11.41,11.51,2613
2015.07.01,00:00,11.51,11.84,11.48,11.75,1864
2015.07.02,00:00,11.78,11.82,11.65,11.67,923
2015.07.03,00:00,11.66,11.73,11.54,11.63,1042
2015.07.06,00:00,11.64,11.64,11.12,11.18,1608
2015.07.07,00:00,11.30,11.30,10.78,10.79,1192
2015.07.08,00:00,10.84,10.96,10.76,10.90,1523
2015.07.09,00:00,10.92,11.16,10.92,11.10,1037
2015.07.10,00:00,11.35,11.44,11.25,11.38,1262
2015.07.13,00:00,11.52,11.71,11.48,11.66,1229
2015.07.14,00:00,11.60,11.66,11.50,11.64,762
2015.07.15,00:00,11.65,11.89,11.64,11.78,775
2015.07.16,00:00,11.96,12.11,11.95,12.01,793
2015.07.17,00:00,12.00,12.06,11.93,11.99,565
2015.07.20,00:00,12.01,12.29,12.01,12.14,726
2015.07.21,00:00,12.16,12.24,11.98,12.03,664
2015.07.22,00:00,11.95,12.14,11.93,12.01,768
2015.07.23,00:00,12.03,12.17,12.02,12.08,818
2015.07.24,00:00,12.08,12.11,11.94,11.96,708
2015.07.27,00:00,11.88,11.89,11.53,11.61,1071
2015.07.28,00:00,11.68,11.82,11.59,11.73,842
2015.07.29,00:00,11.76,11.82,11.58,11.67,850
2015.07.30,00:00,11.75,11.83,11.63,11.69,872
2015.07.31,00:00,11.71,11.81,11.66,11.77,927
2015.08.03,00:00,12.05,12.19,11.99,12.05,1224
2015.08.04,00:00,12.03,12.06,11.76,11.91,875
2015.08.05,00:00,11.93,12.02,11.84,11.86,847
2015.08.06,00:00,11.79,11.88,11.63,11.69,748
2015.08.07,00:00,11.68,11.73,11.48,11.50,876
2015.08.10,00:00,11.49,11.68,11.43,11.66,579
2015.08.11,00:00,11.61,11.68,11.45,11.51,808
2015.08.12,00:00,11.42,11.42,11.05,11.11,1075
2015.08.13,00:00,11.31,11.38,11.18,11.20,753
2015.08.14,00:00,11.18,11.27,10.92,11.00,909
2015.08.17,00:00,11.05,11.11,10.86,11.01,999
2015.08.18,00:00,10.94,11.06,10.93,10.99,755
2015.08.19,00:00,10.91,11.04,10.85,10.88,852
2015.08.20,00:00,10.80,10.90,10.42,10.47,982
2015.08.21,00:00,10.27,10.48,10.15,10.15,1514
2015.08.24,00:00,9.75,9.96,9.16,9.48,6778
2015.08.25,00:00,9.35,10.12,9.35,10.05,3728
2015.08.26,00:00,9.90,10.10,9.83,9.96,3057
2015.08.27,00:00,10.21,10.27,10.11,10.22,1623
2015.08.28,00:00,10.21,10.23,9.99,10.07,1515
2015.08.31,00:00,9.93,10.04,9.87,9.96,1853
2015.09.01,00:00,9.85,9.91,9.67,9.73,2656
2015.09.02,00:00,9.80,9.88,9.65,9.78,2229
2015.09.03,00:00,9.87,10.09,9.81,10.02,1957
2015.09.04,00:00,9.92,9.92,9.61,9.64,2123
2015.09.07,00:00,9.74,9.79,9.60,9.64,1136
2015.09.08,00:00,9.83,10.43,9.83,10.31,1351
2015.09.09,00:00,10.51,10.52,10.20,10.23,933
2015.09.10,00:00,10.15,10.26,10.10,10.16,1109
2015.09.11,00:00,10.16,10.23,10.05,10.12,898
2015.09.14,00:00,10.15,10.23,9.99,10.16,976
2015.09.15,00:00,10.06,10.18,9.88,10.13,1399
2015.09.16,00:00,10.16,10.20,9.94,10.02,909
2015.09.17,00:00,10.03,10.10,9.98,10.07,752
2015.09.18,00:00,9.96,9.99,9.53,9.71,1940
2015.09.21,00:00,9.67,9.86,9.66,9.75,1518
2015.09.22,00:00,9.82,9.83,9.41,9.43,1933
2015.09.23,00:00,9.42,9.57,9.36,9.40,1635
2015.09.24,00:00,9.44,9.48,9.20,9.26,2064
2015.09.25,00:00,9.45,9.56,9.42,9.52,1817
2015.09.28,00:00,9.48,9.56,9.23,9.26,1988
2015.09.29,00:00,9.11,9.34,9.03,9.27,2125
2015.09.30,00:00,9.44,9.50,9.37,9.41,1505
2015.10.01,00:00,9.50,9.53,9.23,9.30,1810
2015.10.02,00:00,9.30,9.61,9.30,9.41,1855
2015.10.05,00:00,9.62,9.74,9.55,9.71,1643
2015.10.06,00:00,9.72,9.85,9.63,9.83,1446
2015.10.07,00:00,9.84,10.18,9.82,9.94,1063
2015.10.08,00:00,9.82,10.06,9.80,9.97,1719
2015.10.09,00:00,10.07,10.18,9.98,10.08,842
2015.10.12,00:00,10.10,10.17,9.94,10.00,983
2015.10.13,00:00,9.94,9.95,9.63,9.72,2424
2015.10.14,00:00,9.66,9.79,9.61,9.63,1725
2015.10.15,00:00,9.71,9.78,9.65,9.69,1772
