2009.06.12,02:00,172.00,172.29,170.06,171.50,397
2009.06.15,02:00,171.67,172.50,167.60,167.70,584
2009.06.16,02:00,167.40,167.90,162.67,163.54,661
2009.06.17,02:00,163.84,164.58,148.50,155.14,2347
2009.06.18,02:00,156.21,157.08,152.63,156.29,883
2009.06.19,02:00,156.44,160.71,153.62,158.67,1196
2009.06.22,02:00,159.62,159.62,151.77,151.93,802
2009.06.23,02:00,151.95,153.94,149.60,151.44,818
2009.06.24,02:00,152.01,160.83,152.01,159.41,1025
2009.06.25,02:00,158.41,160.44,152.32,155.13,1297
2009.06.26,02:00,155.10,157.60,149.01,150.96,1305
2009.06.29,02:00,150.00,157.70,149.89,156.78,885
2009.06.30,02:00,156.91,159.03,154.63,155.97,787
2009.07.01,02:00,156.20,160.00,156.20,158.04,577
2009.07.02,02:00,157.41,159.70,155.85,156.88,718
2009.07.03,02:00,155.85,156.89,152.56,154.03,685
2009.07.06,02:00,153.66,153.66,149.75,149.81,398
2009.07.07,02:00,149.75,152.17,148.24,150.10,752
2009.07.08,02:00,148.60,149.14,145.60,146.16,465
2009.07.09,02:00,147.29,147.90,143.35,145.47,729
2009.07.10,02:00,145.00,146.06,143.76,144.13,374
2009.07.13,02:00,142.69,151.89,141.54,149.82,1358
2009.07.14,02:00,151.00,151.00,147.17,149.29,596
2009.07.15,02:00,151.00,158.90,150.63,157.95,960
2009.07.16,02:00,158.50,159.81,156.12,157.90,679
2009.07.17,02:00,158.58,160.00,156.00,157.07,650
2009.07.20,02:00,157.43,160.00,157.27,159.56,334
2009.07.21,02:00,159.90,165.00,159.14,164.82,681
2009.07.22,02:00,163.81,166.00,161.05,165.12,860
2009.07.23,02:00,165.00,169.50,163.62,169.15,762
2009.07.24,02:00,171.90,171.90,166.08,169.58,933
2009.07.27,02:00,170.00,172.00,167.71,171.02,757
2009.07.28,02:00,171.01,172.85,170.86,171.21,379
2009.07.29,02:00,172.22,175.41,171.20,173.82,683
2009.07.30,02:00,175.67,179.82,174.61,177.93,817
2009.07.31,02:00,178.39,183.57,176.10,177.83,1439
2009.08.03,02:00,178.43,183.78,177.80,181.79,861
2009.08.04,02:00,181.63,185.00,177.11,184.50,1292
2009.08.05,02:00,188.00,194.11,185.72,192.56,1223
2009.08.06,02:00,192.68,202.99,192.68,198.95,1436
2009.08.07,02:00,198.00,199.23,186.80,189.83,1670
2009.08.10,02:00,189.89,189.89,180.47,181.00,996
2009.08.11,02:00,181.00,183.00,177.51,178.11,810
2009.08.12,02:00,177.22,178.77,173.51,175.34,865
2009.08.13,02:00,175.34,189.76,175.34,186.63,1756
2009.08.14,02:00,188.04,199.36,188.04,193.41,1728
2009.08.17,02:00,192.71,197.00,188.53,190.31,1455
2009.08.18,02:00,192.53,192.90,188.87,192.60,800
2009.08.19,02:00,192.30,192.54,187.30,191.78,997
2009.08.20,02:00,192.70,198.52,192.46,198.52,631
2009.08.21,02:00,198.50,200.21,194.17,198.85,1174
2009.08.24,02:00,199.00,200.00,194.60,196.70,851
2009.08.25,02:00,194.60,198.93,194.54,198.50,489
2009.08.26,02:00,194.99,203.40,194.36,202.50,1058
2009.08.27,02:00,200.97,201.64,195.54,197.66,890
2009.08.28,02:00,200.00,202.25,199.09,201.39,494
2009.08.31,02:00,199.50,201.00,196.51,197.20,669
2009.09.01,02:00,197.79,201.81,194.19,196.69,1415
2009.09.02,02:00,194.70,196.68,188.00,191.46,1413
2009.09.03,02:00,193.00,198.01,191.37,196.10,1019
2009.09.04,02:00,200.50,206.02,200.50,206.02,553
2009.09.07,02:00,208.50,217.90,208.31,216.89,1080
2009.09.08,02:00,216.89,218.00,214.63,218.00,564
2009.09.09,02:00,215.80,222.39,215.80,222.34,665
2009.09.10,02:00,222.34,229.30,218.60,222.09,2116
2009.09.11,02:00,220.50,221.04,215.00,217.93,952
2009.09.14,02:00,215.00,220.99,215.00,220.99,600
2009.09.15,02:00,220.00,221.00,217.00,220.00,801
2009.09.16,02:00,225.10,229.65,224.61,228.99,620
2009.09.17,02:00,230.00,234.63,229.10,230.42,1065
2009.09.18,02:00,228.20,229.69,221.97,222.45,970
2009.09.21,02:00,223.00,224.06,219.88,221.98,735
2009.09.22,02:00,221.70,225.00,221.08,223.03,652
2009.09.23,02:00,222.11,227.55,222.11,225.64,736
2009.09.24,02:00,224.53,227.07,219.99,224.99,1371
2009.09.25,02:00,224.00,226.12,223.00,224.50,575
2009.09.28,02:00,225.50,225.50,216.98,221.51,1306
2009.09.29,02:00,222.20,222.98,218.10,222.06,963
2009.09.30,02:00,225.52,230.78,224.50,226.93,1116
2009.10.01,02:00,226.90,227.18,220.01,220.58,803
2009.10.02,02:00,219.00,219.65,210.02,211.48,1175
2009.10.05,02:00,210.43,215.86,210.15,213.00,886
2009.10.06,02:00,214.00,226.24,213.29,223.00,1691
2009.10.07,02:00,228.82,235.35,224.50,225.01,1790
2009.10.08,02:00,228.23,228.58,224.00,224.59,553
2009.10.09,02:00,226.18,227.44,225.00,226.10,481
2009.10.12,02:00,226.00,228.21,225.85,227.79,294
2009.10.13,02:00,229.40,229.40,223.70,225.10,711
2009.10.14,02:00,227.00,233.00,225.90,231.60,961
2009.10.15,02:00,230.69,231.72,228.56,230.33,597
2009.10.16,02:00,232.70,232.70,224.76,226.09,928
2009.10.19,02:00,227.47,230.99,227.32,230.98,384
2009.10.20,02:00,233.00,233.00,224.18,224.95,960
2009.10.21,02:00,220.00,222.25,213.45,218.50,1611
2009.10.22,02:00,213.99,216.96,210.00,214.31,1361
2009.10.23,02:00,215.20,219.60,215.10,215.10,891
2009.10.26,02:00,217.19,218.61,211.72,212.33,893
2009.10.27,02:00,213.31,213.31,206.10,206.99,811
2009.10.28,02:00,206.00,206.00,197.87,199.61,988
2009.10.29,02:00,198.00,210.00,197.23,209.55,1400
2009.10.30,02:00,210.52,215.52,206.25,207.72,1575
2009.11.02,02:00,208.98,212.55,206.21,211.39,1028
2009.11.03,02:00,208.44,210.78,207.01,209.31,668
2009.11.04,02:00,209.88,219.66,209.88,218.93,1052
2009.11.05,02:00,218.25,222.70,214.66,222.29,1205
2009.11.06,02:00,221.55,225.68,220.37,223.00,918
2009.11.09,02:00,222.93,238.46,222.93,232.94,2106
2009.11.10,02:00,232.00,235.68,230.02,231.00,1033
2009.11.11,02:00,230.50,234.39,228.04,230.32,1253
2009.11.12,02:00,228.50,236.00,228.50,233.26,1025
2009.11.13,02:00,230.60,235.00,229.24,230.70,1143
2009.11.16,02:00,230.90,236.13,230.79,233.33,826
2009.11.17,02:00,231.36,234.00,229.39,230.00,787
2009.11.18,02:00,228.90,229.70,224.31,226.89,878
2009.11.19,02:00,225.40,227.67,221.15,221.71,936
2009.11.20,02:00,223.45,226.91,222.36,222.36,802
2009.11.23,02:00,222.99,232.94,222.99,231.46,1144
2009.11.24,02:00,230.41,233.48,227.00,230.69,1269
2009.11.25,02:00,231.06,236.63,231.00,235.87,646
2009.11.26,02:00,235.38,236.20,225.30,226.54,1297
2009.11.27,02:00,222.18,231.70,220.00,231.39,1420
2009.11.30,02:00,230.69,232.80,228.67,228.80,638
2009.12.01,02:00,231.98,234.00,230.83,233.55,478
2009.12.02,02:00,233.55,235.91,233.36,235.89,277
2009.12.03,02:00,236.55,237.43,233.00,235.05,737
2009.12.04,02:00,233.18,241.66,232.00,240.74,1177
2009.12.07,02:00,241.77,241.77,236.73,237.06,538
2009.12.08,02:00,237.00,238.98,231.11,232.56,1131
2009.12.09,02:00,230.52,232.28,227.33,230.02,941
2009.12.10,02:00,230.95,235.55,230.00,233.14,892
2009.12.11,02:00,234.00,236.91,232.77,234.98,731
2009.12.14,02:00,236.00,236.00,232.41,234.67,586
2009.12.15,02:00,236.00,237.00,231.56,232.68,757
2009.12.16,02:00,235.00,238.00,233.43,236.51,764
2009.12.17,02:00,235.00,236.80,233.65,234.78,609
2009.12.18,02:00,235.94,239.39,232.17,232.17,1068
2009.12.21,02:00,233.51,234.61,230.35,231.09,611
2009.12.22,02:00,230.43,235.43,230.43,234.02,642
2009.12.23,02:00,235.00,235.15,232.00,233.20,451
2009.12.28,02:00,234.00,235.68,232.68,235.28,473
2009.12.29,02:00,234.85,235.80,234.31,234.62,276
2009.12.30,02:00,234.24,235.47,231.84,231.84,487
2010.01.04,02:00,232.75,240.90,231.20,240.90,1126
2010.01.05,02:00,240.80,244.15,237.00,240.10,1361
2010.01.06,02:00,240.10,241.35,232.65,236.25,1356
2010.01.07,02:00,236.20,237.50,233.75,235.05,636
2010.01.08,02:00,235.55,235.65,229.90,232.15,811
2010.01.11,02:00,234.85,234.85,227.80,230.00,926
2010.01.12,02:00,231.80,231.80,225.00,225.65,746
2010.01.13,02:00,225.00,227.50,219.35,225.50,1581
2010.01.14,02:00,228.05,230.40,225.25,229.55,881
2010.01.15,02:00,231.00,236.00,230.30,233.05,936
2010.01.18,02:00,230.00,239.35,229.00,234.85,1586
2010.01.19,02:00,233.85,237.60,233.50,236.90,516
2010.01.20,02:00,236.30,238.05,231.30,232.15,936
2010.01.21,02:00,233.05,233.75,223.20,224.00,1206
2010.01.22,02:00,222.05,223.90,213.00,216.50,1626
2010.01.25,02:00,213.00,227.25,213.00,224.65,1686
2010.01.26,02:00,223.85,226.90,221.90,226.50,736
2010.01.27,02:00,224.00,227.55,221.00,224.25,1286
2010.01.28,02:00,227.70,227.70,216.00,216.00,1171
2010.01.29,02:00,216.00,222.00,212.20,221.25,1436
2010.02.01,02:00,221.20,221.60,215.45,217.95,906
2010.02.02,02:00,217.85,218.40,214.75,217.30,676
2010.02.03,02:00,217.10,217.15,206.60,208.40,1241
2010.02.04,02:00,209.80,211.10,206.35,207.05,676
2010.02.05,02:00,206.00,206.00,200.00,202.15,816
2010.02.08,02:00,203.15,207.00,201.75,205.70,796
2010.02.09,02:00,206.00,214.70,205.70,211.05,1296
2010.02.10,02:00,213.35,213.70,207.55,209.20,816
2010.02.11,02:00,209.75,212.65,207.90,210.50,876
2010.02.12,02:00,212.90,215.40,205.95,208.25,1426
2010.02.15,02:00,207.95,212.45,206.65,209.15,1041
2010.02.16,02:00,210.00,213.05,206.20,210.60,1311
2010.02.17,02:00,211.00,215.95,202.30,214.85,2346
2010.02.18,02:00,215.75,220.40,213.55,219.95,951
2010.02.19,02:00,217.20,219.50,216.65,218.30,461
2010.02.22,02:00,217.70,219.65,213.55,214.85,936
2010.02.23,02:00,215.50,215.50,205.10,207.85,1316
2010.02.24,02:00,209.05,209.05,205.05,207.25,621
2010.02.25,02:00,207.35,208.00,199.00,200.55,1121
2010.02.26,02:00,201.55,208.00,200.05,207.60,986
2010.03.01,02:00,210.00,214.65,209.50,214.65,566
2010.03.02,02:00,214.35,223.80,214.20,223.80,976
2010.03.03,02:00,218.00,220.45,215.05,218.55,1026
2010.03.04,02:00,217.50,222.20,216.05,221.15,866
2010.03.05,02:00,217.45,224.05,217.45,223.50,716
2010.03.08,02:00,224.35,224.50,220.80,221.65,471
2010.03.09,02:00,221.00,221.75,216.35,216.40,621
2010.03.10,02:00,216.00,222.50,216.00,221.95,706
2010.03.11,02:00,221.00,225.95,221.00,223.70,721
2010.03.12,02:00,225.20,228.00,224.30,227.70,491
2010.03.15,02:00,228.00,228.00,224.55,224.90,381
2010.03.16,02:00,225.25,226.00,224.40,225.55,291
2010.03.17,02:00,226.00,228.65,224.95,227.70,571
2010.03.18,02:00,229.50,231.15,227.05,230.55,716
2010.03.19,02:00,232.50,235.35,230.00,234.20,901
2010.03.22,02:00,234.00,234.00,228.55,230.75,766
2010.03.23,02:00,229.60,236.00,229.60,234.75,766
2010.03.24,02:00,235.00,237.50,232.70,234.95,956
2010.03.25,02:00,234.15,240.70,233.25,240.70,836
2010.03.26,02:00,240.00,242.90,238.00,241.70,811
2010.03.29,02:00,242.00,242.95,235.80,238.20,1051
2010.03.30,02:00,238.35,239.65,236.20,237.20,576
2010.03.31,02:00,235.60,236.65,231.95,234.55,836
2010.04.01,02:00,236.50,241.25,236.15,238.85,786
2010.04.06,02:00,240.00,240.85,237.55,239.00,561
2010.04.07,02:00,239.00,239.00,236.00,237.50,451
2010.04.08,02:00,235.00,235.90,232.00,233.00,581
2010.04.09,02:00,235.00,237.00,234.10,234.70,551
2010.04.12,02:00,236.00,238.85,235.70,237.40,491
2010.04.13,02:00,237.45,241.45,237.45,238.25,721
2010.04.14,02:00,240.30,248.25,239.90,247.85,916
2010.04.15,02:00,246.90,249.35,245.15,248.05,726
2010.04.16,02:00,247.00,252.85,246.10,249.60,1091
2010.04.19,02:00,247.00,247.80,244.25,245.05,516
2010.04.20,02:00,246.10,250.80,245.30,250.00,711
2010.04.21,02:00,248.50,250.80,246.65,250.50,631
2010.04.22,02:00,250.50,253.55,248.80,250.50,951
2010.04.23,02:00,253.20,261.45,252.05,260.00,1201
2010.04.26,02:00,261.50,265.00,260.50,264.20,631
2010.04.27,02:00,264.00,264.00,253.60,253.60,1041
2010.04.28,02:00,252.80,255.35,248.00,250.00,1191
2010.04.29,02:00,250.00,252.15,248.30,251.25,646
2010.04.30,02:00,252.00,252.60,249.85,251.80,531
2010.05.03,02:00,252.15,260.70,250.90,260.35,1141
2010.05.04,02:00,260.50,263.45,248.40,249.25,1886
2010.05.05,02:00,249.10,251.20,240.50,244.40,1671
2010.05.06,02:00,240.50,246.25,240.20,240.20,1181
2010.05.07,02:00,233.10,237.10,225.40,226.95,1726
2010.05.10,02:00,234.00,249.95,233.70,249.60,1691
2010.05.11,02:00,248.50,248.70,241.90,244.25,936
2010.05.12,02:00,244.45,254.75,244.30,252.25,1311
2010.05.13,02:00,255.00,256.15,250.35,252.00,861
2010.05.14,02:00,249.95,250.50,239.10,240.65,1351
2010.05.17,02:00,239.80,245.05,239.10,241.25,1046
2010.05.18,02:00,245.00,247.00,241.10,242.65,946
2010.05.19,02:00,239.60,242.35,230.55,230.55,1456
2010.05.20,02:00,231.95,235.05,219.10,221.00,2096
2010.05.21,02:00,220.00,222.75,215.35,221.25,1356
2010.05.24,02:00,223.25,225.10,218.65,221.00,1066
2010.05.25,02:00,215.50,218.30,214.30,215.10,761
2010.05.26,02:00,218.50,223.80,216.55,220.90,1211
2010.05.27,02:00,223.85,230.10,222.70,228.00,1066
2010.05.28,02:00,230.00,231.65,227.95,230.00,741
2010.05.31,02:00,230.70,232.50,230.60,231.45,306
2010.06.01,02:00,229.00,234.10,225.25,234.10,1261
2010.06.02,02:00,233.45,235.85,229.15,235.85,1101
2010.06.03,02:00,239.90,243.90,239.40,241.60,731
2010.06.04,02:00,243.20,243.85,232.90,236.30,1501
2010.06.07,02:00,234.70,239.20,233.35,235.90,1051
2010.06.08,02:00,238.35,238.45,229.40,231.65,1141
2010.06.09,02:00,234.50,238.05,230.75,238.05,1106
2010.06.10,02:00,235.40,243.90,234.85,243.90,961
2010.06.11,02:00,244.20,244.90,238.65,241.05,936
2010.06.14,02:00,244.85,244.85,241.40,242.90,496
2010.06.15,02:00,241.40,242.50,238.95,242.15,636
2010.06.16,02:00,242.45,243.00,238.35,239.80,666
2010.06.17,02:00,240.00,240.00,237.50,239.85,486
2010.06.18,02:00,241.35,241.35,235.15,236.60,766
2010.06.21,02:00,239.20,240.60,233.30,235.15,1056
2010.06.22,02:00,234.80,236.15,233.25,233.50,451
2010.06.23,02:00,232.45,236.30,232.00,233.50,756
2010.06.24,02:00,233.50,233.80,227.95,228.10,631
2010.06.25,02:00,227.80,231.00,227.80,229.35,486
2010.06.28,02:00,229.75,232.60,228.05,230.80,806
2010.06.29,02:00,228.10,230.05,221.30,221.30,1071
2010.06.30,02:00,220.00,223.30,218.30,218.40,841
2010.07.01,02:00,217.50,218.60,212.55,212.95,756
2010.07.02,02:00,216.10,216.30,213.55,214.35,376
2010.07.05,02:00,215.95,217.30,213.20,214.95,721
2010.07.06,02:00,215.35,221.00,215.35,220.50,616
2010.07.07,02:00,217.75,221.35,215.00,220.60,986
2010.07.08,02:00,222.30,222.30,218.50,219.50,481
2010.07.09,02:00,221.85,221.85,218.30,219.40,466
2010.07.12,02:00,218.25,219.80,216.75,217.20,506
2010.07.13,02:00,216.70,224.50,216.70,224.50,781
2010.07.14,02:00,224.90,229.15,224.00,229.05,616
2010.07.15,02:00,229.00,230.65,224.10,229.05,1306
2010.07.16,02:00,230.00,230.80,221.75,222.50,1061
2010.07.19,02:00,223.30,224.95,220.35,220.75,666
2010.07.20,02:00,220.95,222.15,218.15,220.35,741
2010.07.21,02:00,222.55,225.75,221.90,223.80,646
2010.07.22,02:00,221.85,230.20,221.85,229.00,956
2010.07.23,02:00,232.00,236.95,231.55,235.65,716
2010.07.26,02:00,238.00,239.35,234.05,238.60,1001
2010.07.27,02:00,238.60,238.60,235.85,237.35,426
2010.07.28,02:00,236.05,237.60,234.50,235.90,606
2010.07.29,02:00,232.00,233.75,217.00,221.60,2311
2010.07.30,02:00,219.50,225.30,218.00,224.25,986
2010.08.02,02:00,224.30,231.80,224.25,231.05,836
2010.08.03,02:00,228.80,231.15,227.60,231.05,486
2010.08.04,02:00,230.10,233.10,228.10,231.80,831
2010.08.05,02:00,233.00,236.05,231.50,235.90,621
2010.08.06,02:00,237.00,237.45,230.25,231.25,866
2010.08.09,02:00,232.00,233.50,228.10,230.50,931
2010.08.10,02:00,230.50,230.50,225.00,227.20,771
2010.08.11,02:00,226.40,226.40,217.85,218.45,916
2010.08.12,02:00,218.90,220.90,215.75,215.80,721
2010.08.13,02:00,216.20,216.50,211.00,215.50,1031
2010.08.16,02:00,216.85,218.55,215.05,217.25,661
2010.08.17,02:00,218.40,224.30,216.60,223.60,1021
2010.08.18,02:00,222.70,223.45,220.20,222.00,581
2010.08.19,02:00,221.10,223.55,217.55,218.50,941
2010.08.20,02:00,218.50,218.80,213.10,213.40,631
2010.08.23,02:00,213.40,214.70,211.25,211.25,476
2010.08.24,02:00,211.00,214.30,208.50,213.55,906
2010.08.25,02:00,215.00,215.35,208.30,212.30,1141
2010.08.26,02:00,212.85,214.55,209.80,210.35,701
2010.08.27,02:00,210.15,214.00,208.45,214.00,726
2010.08.30,02:00,214.05,215.30,207.85,209.15,1001
2010.08.31,02:00,206.20,213.85,206.20,213.65,786
2010.09.01,02:00,213.90,218.75,209.25,217.45,1546
2010.09.02,02:00,217.75,222.10,217.35,221.25,601
2010.09.03,02:00,218.55,223.60,218.20,221.30,806
2010.09.06,02:00,221.60,222.05,219.85,221.55,436
2010.09.07,02:00,219.10,221.30,217.50,220.00,671
2010.09.08,02:00,219.80,221.85,217.30,221.45,746
2010.09.09,02:00,219.50,224.35,217.65,222.75,1016
2010.09.10,02:00,222.20,224.60,221.10,221.90,671
2010.09.13,02:00,222.10,225.25,222.00,223.65,496
2010.09.14,02:00,223.50,226.15,221.70,226.15,626
2010.09.15,02:00,225.15,227.50,224.25,226.80,486
2010.09.16,02:00,225.60,230.25,225.00,229.60,651
2010.09.17,02:00,230.80,231.50,223.65,224.10,901
2010.09.20,02:00,224.10,227.30,224.10,226.85,366
2010.09.21,02:00,226.20,229.75,225.75,228.35,586
2010.09.22,02:00,228.85,237.45,226.00,236.55,1521
2010.09.23,02:00,236.30,239.25,233.05,234.45,1056
2010.09.24,02:00,236.10,249.40,236.10,248.65,1406
2010.09.27,02:00,247.95,249.30,244.00,248.00,1056
2010.09.28,02:00,245.70,247.35,240.00,242.25,1126
2010.09.29,02:00,243.20,244.20,240.00,241.60,681
2010.09.30,02:00,238.65,243.60,238.25,242.10,726
2010.10.01,02:00,241.65,244.15,237.05,239.95,1251
2010.10.04,02:00,240.55,255.80,240.55,249.20,2186
2010.10.05,02:00,248.75,256.00,246.00,256.00,1276
2010.10.06,02:00,255.15,258.80,254.20,254.25,831
2010.10.07,02:00,254.95,256.50,251.60,254.25,911
2010.10.08,02:00,253.00,256.10,252.60,254.65,536
2010.10.11,02:00,256.20,263.60,254.15,258.35,1676
2010.10.12,02:00,257.95,259.40,256.10,257.95,661
2010.10.13,02:00,257.05,259.25,256.00,256.05,551
2010.10.14,02:00,255.50,258.15,255.00,255.80,601
2010.10.15,02:00,256.20,259.70,254.50,258.75,786
2010.10.18,02:00,266.00,266.35,250.05,251.80,1841
2010.10.19,02:00,251.10,252.50,245.25,246.10,951
2010.10.20,02:00,244.05,249.00,242.70,246.10,1056
2010.10.21,02:00,244.60,254.45,244.10,253.85,1146
2010.10.22,02:00,253.05,255.00,250.70,250.70,626
2010.10.25,02:00,240.05,252.20,240.05,250.90,1346
2010.10.26,02:00,251.00,256.40,248.30,254.10,1311
2010.10.27,02:00,244.45,244.45,243.95,243.95,51
2010.10.28,02:00,244.00,244.00,238.20,240.55,816
2010.10.29,02:00,239.65,239.95,235.05,238.70,886
2010.11.01,02:00,240.00,240.10,234.45,235.85,716
2010.11.02,02:00,236.50,237.85,234.00,235.35,656
2010.11.03,00:00,237.65,241.70,235.60,238.75,1111
2010.11.04,00:00,243.05,245.95,240.05,243.90,1096
2010.11.05,00:00,245.85,247.35,240.20,245.85,1431
2010.11.08,00:00,246.00,247.60,242.35,245.35,986
2010.11.09,00:00,245.95,252.00,245.00,250.85,911
2010.11.10,00:00,252.20,255.00,250.15,252.65,926
2010.11.11,00:00,253.85,253.85,246.25,250.70,1206
2010.11.12,00:00,246.90,250.75,245.60,249.20,801
2010.11.15,00:00,246.50,247.95,243.95,247.75,676
2010.11.16,00:00,244.45,246.55,239.55,240.55,1011
2010.11.17,00:00,240.85,241.00,237.35,238.40,486
2010.11.18,00:00,241.05,242.05,238.80,240.65,611
2010.11.19,00:00,241.00,242.65,240.35,241.75,386
2010.11.22,00:00,243.10,244.40,238.65,239.00,741
2010.11.23,00:00,238.55,239.95,233.20,233.30,826
2010.11.24,00:00,236.00,236.00,231.55,233.90,681
2010.11.25,00:00,233.10,238.45,233.10,237.15,666
2010.11.26,00:00,234.70,236.80,226.90,233.40,1851
2010.11.29,00:00,235.00,236.10,227.70,229.00,1081
2010.11.30,00:00,228.00,231.80,227.55,228.95,756
2010.12.01,00:00,232.60,237.30,230.30,236.80,981
2010.12.02,00:00,236.80,239.20,232.55,234.10,1061
2010.12.03,00:00,234.00,238.65,231.35,234.70,1391
2010.12.06,00:00,235.60,237.65,231.95,236.80,1021
2010.12.07,00:00,238.45,249.15,236.90,243.45,1951
2010.12.08,00:00,242.25,242.50,237.00,238.75,751
2010.12.09,00:00,237.65,243.25,237.65,242.20,666
2010.12.10,00:00,242.20,242.85,238.00,242.00,951
2010.12.13,00:00,241.60,245.00,241.60,243.75,466
2010.12.14,00:00,243.00,245.60,242.25,244.95,476
2010.12.15,00:00,243.85,244.40,239.00,242.90,986
2010.12.16,00:00,244.35,244.60,241.90,244.10,516
2010.12.17,00:00,244.00,246.45,244.00,245.25,366
2010.12.20,00:00,244.60,249.35,244.45,247.55,686
2010.12.21,00:00,249.60,252.40,244.70,247.40,1321
2010.12.22,00:00,245.00,247.50,240.25,242.90,1241
2010.12.23,00:00,243.20,248.50,243.10,246.00,801
2010.12.27,00:00,247.95,248.00,241.80,243.55,801
2010.12.28,00:00,242.80,244.70,241.30,243.70,591
2010.12.29,00:00,242.90,244.85,241.75,244.50,461
2010.12.30,00:00,248.75,248.75,239.00,248.00,1876
2011.01.03,00:00,251.50,255.50,246.05,246.55,1396
2011.01.04,00:00,245.95,249.30,238.80,240.15,1521
2011.01.05,00:00,239.10,241.05,234.55,239.50,1261
2011.01.06,00:00,238.75,242.70,237.35,237.40,936
2011.01.07,00:00,236.00,238.50,235.65,236.40,531
2011.01.10,00:00,231.10,232.85,228.00,230.20,881
2011.01.11,00:00,231.95,233.00,229.25,231.15,671
2011.01.12,00:00,232.40,237.60,231.80,231.80,1101
2011.01.13,00:00,233.05,235.75,233.05,234.75,371
2011.01.14,00:00,234.40,234.75,231.00,231.55,466
2011.01.17,00:00,231.00,232.30,229.35,230.45,536
2011.01.18,00:00,231.85,235.40,231.85,233.60,536
2011.01.19,00:00,233.40,234.10,229.75,230.85,616
2011.01.20,00:00,229.00,230.40,221.00,221.80,1161
2011.01.21,00:00,222.80,224.55,219.15,223.25,1036
2011.01.24,00:00,223.00,227.10,222.35,226.85,566
2011.01.25,00:00,227.55,228.00,223.35,225.60,736
2011.01.26,00:00,224.85,229.85,224.85,228.00,686
2011.01.27,00:00,228.75,229.75,226.35,227.05,511
2011.01.28,00:00,226.35,230.60,225.80,226.95,901
2011.01.31,00:00,226.75,231.00,222.70,228.40,1496
2011.02.01,00:00,228.85,231.00,225.55,227.45,951
2011.02.02,00:00,227.05,229.15,226.40,229.10,346
2011.02.03,00:00,228.55,228.65,224.10,225.80,636
2011.02.04,00:00,225.75,228.00,225.30,225.90,526
2011.02.07,00:00,226.35,230.00,226.00,228.40,596
2011.02.08,00:00,228.95,229.65,227.35,228.60,426
2011.02.09,00:00,228.75,229.05,225.50,227.20,556
2011.02.10,00:00,228.00,229.05,226.05,227.45,546
2011.02.11,00:00,226.10,227.95,221.00,222.85,1066
2011.02.14,00:00,223.95,225.60,220.30,220.30,696
2011.02.15,00:00,220.50,223.00,213.75,214.15,1216
2011.02.16,00:00,215.95,220.10,211.05,213.10,1526
2011.02.17,00:00,213.00,217.45,212.05,214.50,931
2011.02.18,00:00,215.80,216.20,211.00,214.00,861
2011.02.21,00:00,214.40,215.75,211.50,212.70,681
2011.02.22,00:00,211.00,215.20,208.50,214.20,1021
2011.02.23,00:00,214.20,214.80,207.50,210.85,1126
2011.02.24,00:00,209.80,211.15,207.45,209.60,721
2011.02.25,00:00,210.90,217.05,210.10,213.65,1116
2011.02.28,00:00,214.00,217.15,212.90,215.50,701
2011.03.01,00:00,217.00,219.30,214.40,215.85,866
2011.03.02,00:00,215.40,216.35,210.30,215.40,1211
2011.03.03,00:00,215.80,217.05,213.55,215.10,631
2011.03.04,00:00,216.50,218.30,213.90,214.15,646
2011.03.07,00:00,214.80,219.05,214.20,216.15,836
2011.03.08,00:00,217.10,218.40,215.00,218.40,551
2011.03.09,00:00,218.10,219.40,216.80,217.05,416
2011.03.10,00:00,216.00,217.30,212.20,214.75,896
2011.03.11,00:00,213.50,213.50,208.80,209.45,536
2011.03.14,00:00,202.20,210.45,202.00,207.20,1191
2011.03.15,00:00,202.30,203.10,195.95,202.00,1401
2011.03.16,00:00,202.05,204.60,197.25,198.60,1126
2011.03.17,00:00,199.95,202.35,195.75,201.80,1136
2011.03.18,00:00,201.65,203.85,200.80,201.50,596
2011.03.21,00:00,204.70,206.25,202.50,205.95,626
2011.03.22,00:00,207.00,207.00,202.80,203.40,481
2011.03.23,00:00,203.40,206.50,202.00,205.10,731
2011.03.24,00:00,205.30,209.45,205.25,208.35,536
2011.03.25,00:00,209.50,212.80,207.85,209.95,946
2011.03.28,00:00,208.80,212.70,208.60,211.10,591
2011.03.29,00:00,211.50,211.95,207.00,209.20,761
2011.03.30,00:00,210.05,211.50,207.30,208.70,706
2011.03.31,00:00,208.35,209.80,206.85,206.95,451
2011.04.01,00:00,207.50,207.85,204.80,206.95,556
2011.04.04,00:00,207.00,207.55,205.45,206.80,401
2011.04.05,00:00,207.20,208.40,206.10,207.00,441
2011.04.06,00:00,207.75,208.00,207.05,207.40,156
2011.04.07,00:00,207.15,209.00,205.45,205.65,561
2011.04.08,00:00,206.05,208.00,206.05,207.50,246
2011.04.11,00:00,206.40,207.15,202.60,203.50,621
2011.04.12,00:00,202.65,203.30,198.70,200.00,656
2011.04.13,00:00,200.10,201.45,199.25,199.85,416
2011.04.14,00:00,199.55,200.70,196.25,199.95,851
2011.04.15,00:00,199.95,203.60,197.75,202.55,911
2011.04.18,00:00,204.00,204.80,195.25,197.30,1241
2011.04.19,00:00,195.05,204.85,195.05,201.30,1336
2011.04.20,00:00,202.90,209.40,202.90,209.20,671
2011.04.21,00:00,210.00,212.15,207.00,208.60,891
2011.04.26,00:00,217.00,225.95,212.85,220.60,2261
2011.04.27,00:00,224.80,226.40,220.45,221.40,851
2011.04.28,00:00,223.45,227.00,222.05,223.00,946
2011.04.29,00:00,222.70,226.05,221.85,225.00,611
2011.05.02,00:00,226.95,227.00,222.65,222.65,441
2011.05.03,00:00,223.15,224.50,220.60,223.15,781
2011.05.04,00:00,224.05,224.05,218.80,220.45,691
2011.05.05,00:00,222.50,222.50,217.20,220.85,896
2011.05.06,00:00,220.10,224.95,218.40,222.60,1061
2011.05.09,00:00,222.45,224.25,220.50,222.70,726
2011.05.10,00:00,222.65,228.15,222.65,226.95,671
2011.05.11,00:00,226.85,229.90,225.05,228.55,801
2011.05.12,00:00,227.20,227.60,225.05,227.15,506
2011.05.13,00:00,226.50,228.95,225.00,226.60,781
2011.05.16,00:00,225.00,229.80,224.00,228.60,801
2011.05.17,00:00,221.50,223.80,217.50,220.00,1111
2011.05.18,00:00,220.90,221.45,218.90,219.85,406
2011.05.19,00:00,219.35,223.20,216.80,220.85,1131
2011.05.20,00:00,221.00,227.70,221.00,222.10,1231
2011.05.23,00:00,219.90,219.90,216.45,218.55,556
2011.05.24,00:00,217.50,219.85,216.25,216.80,651
2011.05.25,00:00,216.35,219.30,214.10,217.10,966
2011.05.26,00:00,218.15,218.15,214.65,216.50,536
2011.05.27,00:00,218.00,219.20,215.10,216.20,641
2011.05.30,00:00,216.10,218.40,214.20,215.30,761
2011.05.31,00:00,214.00,227.75,214.00,219.50,2201
2011.06.01,00:00,219.50,225.80,219.45,221.70,1051
2011.06.02,00:00,220.00,221.30,219.10,219.40,381
2011.06.03,00:00,219.05,220.00,215.25,216.05,651
2011.06.06,00:00,215.80,217.85,213.70,216.05,806
2011.06.07,00:00,215.60,218.65,213.65,213.70,811
2011.06.08,00:00,213.00,213.25,210.00,210.90,441
2011.06.09,00:00,211.00,212.85,209.15,211.05,736
2011.06.10,00:00,211.10,212.25,205.75,206.40,831
2011.06.13,00:00,206.00,209.00,205.05,207.60,631
2011.06.14,00:00,209.60,210.45,207.20,209.45,636
2011.06.15,00:00,209.30,209.30,202.85,205.35,896
2011.06.16,00:00,202.85,204.40,200.00,203.60,806
2011.06.17,00:00,203.35,207.30,202.00,204.80,916
2011.06.20,00:00,203.85,203.85,201.00,202.90,476
2011.06.21,00:00,203.15,207.35,203.15,206.55,501
2011.06.22,00:00,206.95,209.20,205.60,208.30,586
2011.06.23,00:00,206.10,208.00,203.05,204.35,816
2011.06.24,00:00,206.00,207.80,204.55,205.15,566
2011.06.27,00:00,205.30,206.00,203.25,204.95,516
2011.06.28,00:00,208.00,210.55,207.10,210.35,456
2011.06.29,00:00,211.35,216.45,211.35,215.40,616
2011.06.30,00:00,216.10,219.80,213.95,218.15,966
2011.07.01,00:00,218.00,221.70,217.20,220.60,641
2011.07.04,00:00,220.00,222.60,220.00,221.00,421
2011.07.05,00:00,221.20,222.80,220.60,222.80,281
2011.07.06,00:00,222.35,223.35,220.50,221.10,446
2011.07.07,00:00,221.85,222.75,218.85,222.00,766
2011.07.08,00:00,223.00,223.45,219.55,220.75,556
2011.07.11,00:00,219.45,219.85,213.65,215.20,816
2011.07.12,00:00,211.70,214.40,208.65,214.30,891
2011.07.13,00:00,214.30,221.35,214.30,219.60,881
2011.07.14,00:00,217.00,220.75,217.00,218.55,596
2011.07.15,00:00,218.15,222.15,216.40,220.60,906
2011.07.18,00:00,219.50,224.50,215.75,218.45,1646
2011.07.19,00:00,218.10,218.85,214.50,215.60,621
2011.07.20,00:00,216.50,219.40,215.15,217.45,756
2011.07.21,00:00,218.50,219.95,215.80,219.15,766
2011.07.22,00:00,219.90,225.35,219.90,221.30,951
2011.07.25,00:00,219.50,221.50,219.45,221.50,211
2011.07.26,00:00,222.50,223.60,217.05,218.90,951
2011.07.27,00:00,218.50,222.40,217.10,218.95,1016
2011.07.28,00:00,218.20,221.00,215.70,219.25,956
2011.07.29,00:00,215.70,217.60,210.60,214.60,1291
2011.08.01,00:00,216.95,223.05,216.55,217.15,1281
2011.08.02,00:00,216.00,217.85,212.55,213.15,776
2011.08.03,00:00,210.00,212.45,208.25,211.30,711
2011.08.04,00:00,213.05,219.70,206.90,209.05,2161
2011.08.05,00:00,203.50,213.20,202.15,207.50,1811
2011.08.08,00:00,205.00,210.35,198.70,198.75,1706
2011.08.09,00:00,200.00,207.65,189.00,206.35,3096
2011.08.10,00:00,219.00,219.00,203.05,206.35,1926
2011.08.11,00:00,210.60,219.20,204.85,219.20,2011
2011.08.12,00:00,220.00,228.65,215.80,226.40,1931
2011.08.15,00:00,227.00,231.50,226.25,228.85,866
2011.08.16,00:00,228.50,228.75,221.70,225.35,1096
2011.08.17,00:00,225.40,227.75,221.95,225.60,1141
2011.08.18,00:00,224.55,224.55,215.85,218.20,1106
2011.08.19,00:00,216.00,216.50,207.35,212.55,1486
2011.08.22,00:00,212.05,219.20,211.00,215.25,1321
2011.08.23,00:00,217.50,221.35,211.95,212.00,1331
2011.08.24,00:00,216.00,222.95,212.45,222.25,1476
2011.08.25,00:00,223.70,231.30,223.00,227.30,1301
2011.08.26,00:00,228.00,230.05,223.85,229.05,1136
2011.08.29,00:00,230.70,240.20,230.70,239.50,1021
2011.08.30,00:00,241.00,242.40,237.00,239.25,906
2011.08.31,00:00,240.00,243.90,238.30,241.65,956
2011.09.01,00:00,243.50,244.00,237.50,242.55,1206
2011.09.02,00:00,240.65,241.50,236.40,238.85,841
2011.09.05,00:00,236.05,239.00,233.65,235.60,1026
2011.09.06,00:00,235.60,239.25,233.75,237.90,871
2011.09.07,00:00,242.00,245.50,239.85,245.10,821
2011.09.08,00:00,245.85,249.90,245.00,247.50,816
2011.09.09,00:00,245.90,250.00,244.50,249.30,761
2011.09.12,00:00,244.05,246.70,242.40,245.85,681
2011.09.13,00:00,247.90,247.90,237.25,241.30,1471
2011.09.14,00:00,240.55,251.00,240.25,250.00,1206
2011.09.15,00:00,253.50,254.20,249.25,251.80,821
2011.09.16,00:00,253.40,254.70,250.00,252.20,821
2011.09.19,00:00,251.20,252.20,248.75,252.20,591
2011.09.20,00:00,249.50,255.95,249.50,252.85,956
2011.09.21,00:00,252.45,254.75,251.00,252.45,751
2011.09.22,00:00,248.95,248.95,241.55,244.40,1026
2011.09.23,00:00,247.55,247.60,230.10,236.95,2441
2011.09.26,00:00,237.00,240.45,233.80,238.00,1231
2011.09.27,00:00,245.00,245.00,239.00,239.50,651
2011.09.28,00:00,238.80,242.00,234.40,235.60,1201
2011.09.29,00:00,234.55,236.05,225.05,226.15,1361
2011.09.30,00:00,225.70,225.70,218.35,219.80,881
2011.10.03,00:00,215.45,217.85,212.35,214.15,971
2011.10.04,00:00,211.75,211.75,204.80,209.95,1211
2011.10.05,00:00,211.45,217.70,210.25,215.95,1041
2011.10.06,00:00,217.00,219.25,213.90,219.25,846
2011.10.07,00:00,219.10,221.75,216.10,220.00,1041
2011.10.10,00:00,221.50,224.00,217.90,223.50,1021
2011.10.11,00:00,224.50,224.60,219.70,223.90,921
2011.10.12,00:00,221.35,227.05,220.35,226.40,836
2011.10.13,00:00,225.55,232.30,224.95,231.25,901
2011.10.14,00:00,229.75,230.90,226.15,226.60,636
2011.10.17,00:00,227.80,229.95,222.30,224.00,1151
2011.10.18,00:00,221.45,228.60,220.05,225.05,1351
2011.10.19,00:00,226.25,230.05,224.15,226.70,1136
2011.10.20,00:00,224.05,229.00,224.05,228.10,586
2011.10.21,00:00,228.65,235.00,227.60,232.00,1146
2011.10.24,00:00,235.00,237.70,231.60,235.75,1146
2011.10.25,00:00,236.00,237.95,227.35,228.70,1391
2011.10.26,00:00,230.20,234.30,226.00,232.15,1466
2011.10.27,00:00,237.00,238.85,234.20,238.85,746
2011.10.28,00:00,238.10,238.55,234.15,235.25,596
2011.10.31,00:00,233.10,234.35,229.30,233.00,1001
2011.11.01,00:00,227.55,228.10,222.10,222.85,731
2011.11.02,00:00,217.50,231.85,217.45,229.10,1721
2011.11.03,00:00,232.05,235.50,224.05,234.80,2016
2011.11.04,00:00,229.80,235.65,224.05,234.90,1811
2011.11.07,00:00,229.00,235.40,227.45,233.45,1146
2011.11.08,00:00,228.25,235.95,228.15,234.25,961
2011.11.09,00:00,229.90,236.15,225.35,231.85,1966
2011.11.10,00:00,223.65,233.25,223.65,227.00,1586
2011.11.11,00:00,222.05,236.75,222.05,235.55,1591
2011.11.14,00:00,232.20,236.85,223.30,236.20,2311
2011.11.15,00:00,226.65,235.95,226.00,231.15,1541
2011.11.16,00:00,228.85,232.95,222.30,226.40,1886
2011.11.17,00:00,221.15,225.95,216.65,224.80,1496
2011.11.18,00:00,217.75,223.80,217.20,222.15,881
2011.11.21,00:00,217.00,221.85,212.90,217.40,1751
2011.11.22,00:00,212.25,219.65,212.25,216.20,1086
2011.11.23,00:00,209.90,215.65,209.30,214.05,856
2011.11.24,00:00,206.00,216.85,206.00,213.90,1381
2011.11.25,00:00,213.05,219.10,209.55,216.85,1531
2011.11.28,00:00,212.55,223.40,212.55,222.80,1146
2011.11.29,00:00,217.45,224.90,217.40,222.95,951
2011.11.30,00:00,217.00,233.65,215.25,233.65,2016
2011.12.01,00:00,228.60,233.70,226.85,230.65,1166
2011.12.02,00:00,230.65,233.80,226.50,230.20,1416
2011.12.05,00:00,225.60,230.95,225.30,228.35,856
2011.12.06,00:00,222.10,228.50,221.85,222.40,1301
2011.12.07,00:00,217.50,226.95,217.50,223.00,1341
2011.12.08,00:00,218.30,226.00,218.25,220.90,1291
2011.12.09,00:00,220.20,223.95,217.05,223.45,1056
2011.12.12,00:00,217.70,223.75,217.70,219.45,1036
2011.12.13,00:00,214.40,219.85,214.40,218.50,681
2011.12.14,00:00,212.90,219.20,211.10,217.70,1141
2011.12.15,00:00,212.95,220.85,212.40,217.55,1231
2011.12.16,00:00,212.65,221.25,212.60,219.15,1081
2011.12.19,00:00,213.55,219.25,211.30,216.70,1276
2011.12.20,00:00,211.25,222.85,211.15,220.15,1451
2011.12.21,00:00,215.50,222.70,214.95,220.55,1046
2011.12.22,00:00,215.95,225.05,215.95,221.85,1231
2011.12.23,00:00,222.50,225.00,218.40,223.05,1266
2011.12.27,00:00,218.30,225.75,217.85,222.60,1151
2011.12.28,00:00,217.15,223.50,216.85,221.35,911
2011.12.29,00:00,216.25,221.25,215.95,220.85,601
2011.12.30,00:00,216.05,224.85,216.05,220.70,1296
2012.01.02,00:00,224.10,225.60,215.55,225.15,1906
2012.01.03,00:00,220.20,229.45,220.10,226.25,1266
2012.01.04,00:00,219.00,228.90,218.95,225.65,1326
2012.01.05,00:00,220.50,228.25,220.35,226.50,981
2012.01.06,00:00,221.35,228.75,221.10,228.00,866
2012.01.09,00:00,223.30,229.65,223.30,228.85,716
2012.01.10,00:00,224.20,234.10,224.20,229.85,1416
2012.01.11,00:00,224.45,230.70,220.45,223.65,1971
2012.01.12,00:00,218.45,227.65,214.05,224.85,2081
2012.01.13,00:00,220.25,226.55,218.65,221.80,1426
2012.01.16,00:00,216.80,224.30,216.75,223.95,796
2012.01.17,00:00,219.50,225.90,219.35,224.25,836
2012.01.18,00:00,223.40,225.50,217.20,222.90,1611
2012.01.19,00:00,222.10,225.55,220.75,223.70,801
2012.01.20,00:00,223.50,228.75,220.80,228.00,1141
2012.01.23,00:00,226.85,230.50,225.75,229.25,711
2012.01.24,00:00,227.40,229.40,226.15,228.60,531
2012.01.25,00:00,228.25,232.80,227.05,231.80,796
2012.01.26,00:00,230.90,236.55,229.75,236.40,811
2012.01.27,00:00,234.90,239.95,232.10,239.65,1096
2012.01.30,00:00,235.95,239.00,233.60,237.15,961
2012.01.31,00:00,237.10,241.20,234.05,238.70,1271
2012.02.01,00:00,238.05,248.75,235.95,247.05,1661
2012.02.02,00:00,245.05,248.25,241.00,245.95,1361
2012.02.03,00:00,244.40,248.60,242.45,248.30,841
2012.02.06,00:00,245.75,248.85,244.10,246.80,846
2012.02.07,00:00,244.70,246.55,240.75,244.90,1141
2012.02.08,00:00,244.15,247.60,241.05,242.15,1111
2012.02.09,00:00,242.05,246.75,240.40,244.90,986
2012.02.10,00:00,242.10,245.65,239.75,243.55,1036
2012.02.13,00:00,243.50,245.25,240.50,244.25,876
2012.02.14,00:00,243.25,244.10,239.70,239.75,531
2012.02.15,00:00,240.00,248.20,238.40,247.85,1176
2012.02.16,00:00,247.45,252.55,240.90,250.80,1996
2012.02.17,00:00,257.20,266.55,251.40,266.55,2096
2012.02.20,00:00,266.40,266.85,258.70,264.30,1421
2012.02.21,00:00,260.90,264.05,257.45,260.70,1301
2012.02.22,00:00,260.05,263.10,255.65,262.65,1231
2012.02.23,00:00,261.30,266.70,257.90,261.45,1746
2012.02.24,00:00,259.05,261.50,254.15,256.95,1261
2012.02.27,00:00,256.15,259.85,251.90,259.35,1271
2012.02.28,00:00,257.30,261.00,255.65,260.35,766
2012.02.29,00:00,258.95,261.30,255.35,259.65,1121
2012.03.01,00:00,257.30,262.10,255.00,261.05,1046
2012.03.02,00:00,260.15,261.20,255.80,259.15,981
2012.03.05,00:00,255.95,258.50,255.00,256.55,641
2012.03.08,00:00,252.75,259.05,250.30,258.75,1151
2012.03.09,00:00,257.75,260.35,256.75,259.15,581
2012.03.12,00:00,257.40,262.20,257.40,261.25,576
2012.03.13,00:00,260.15,262.65,260.00,262.45,301
2012.03.14,00:00,261.95,267.05,260.00,263.90,1216
2012.03.15,00:00,260.95,265.25,260.00,265.25,621
2012.03.16,00:00,265.05,267.20,264.80,266.70,316
2012.03.19,00:00,265.20,265.65,263.00,264.65,476
2012.03.20,00:00,264.80,265.25,262.25,264.35,556
2012.03.21,00:00,262.50,265.80,260.55,264.85,816
2012.03.22,00:00,264.00,265.70,260.00,264.45,1096
2012.03.26,00:00,268.55,270.60,268.50,270.15,261
2012.03.27,00:00,270.05,275.30,269.55,269.75,1121
2012.03.28,00:00,270.15,270.50,266.75,267.70,506
2012.03.29,00:00,266.25,267.90,262.70,264.95,911
2012.03.30,00:00,265.00,268.55,265.00,267.20,491
2012.04.02,00:00,265.35,270.30,264.50,270.10,686
2012.04.03,00:00,271.05,277.10,271.00,274.65,861
2012.04.04,00:00,272.70,273.70,263.25,265.00,1321
2012.04.05,00:00,266.00,269.70,264.90,266.65,896
2012.04.10,00:00,265.10,267.55,264.70,264.80,541
2012.04.11,00:00,264.30,268.35,264.10,266.55,626
2012.04.12,00:00,266.80,269.85,264.80,268.65,826
2012.04.13,00:00,266.65,268.60,264.65,264.80,606
2012.04.16,00:00,264.85,271.15,264.65,269.80,806
2012.04.17,00:00,267.65,274.40,265.00,272.80,1366
2012.04.18,00:00,271.40,272.45,268.95,270.60,621
2012.04.19,00:00,269.75,273.90,268.50,271.50,906
2012.04.20,00:00,269.10,270.10,265.00,266.70,781
2012.04.23,00:00,263.65,266.40,263.65,265.00,416
2012.04.24,00:00,265.10,265.95,264.10,264.85,346
2012.04.25,00:00,263.40,271.25,262.55,269.20,1161
2012.04.26,00:00,266.50,269.25,264.80,265.75,816
2012.04.27,00:00,265.00,267.05,263.20,266.25,646
2012.04.30,00:00,264.90,269.35,262.70,265.00,1321
2012.05.02,00:00,265.10,267.45,262.45,266.35,876
2012.05.03,00:00,265.45,267.00,263.55,264.90,636
2012.05.04,00:00,263.90,265.10,262.00,263.20,551
2012.05.07,00:00,262.05,265.00,259.00,263.00,1106
2012.05.08,00:00,263.05,264.00,260.00,261.40,636
2012.05.09,00:00,260.80,263.50,260.25,263.35,396
2012.05.10,00:00,264.90,266.50,262.80,263.95,646
2012.05.11,00:00,263.05,265.95,262.00,264.85,611
2012.05.14,00:00,263.00,265.05,261.90,264.30,501
2012.05.15,00:00,264.15,265.80,259.10,261.90,1116
2012.05.16,00:00,257.50,260.35,253.15,258.35,1356
2012.05.17,00:00,258.20,259.15,252.05,258.00,1401
2012.05.18,00:00,255.10,256.30,250.30,252.45,936
2012.05.21,00:00,251.25,253.90,247.80,251.80,1166
2012.05.22,00:00,253.05,256.10,250.35,256.05,851
2012.05.23,00:00,251.30,254.30,244.00,246.45,1576
2012.05.24,00:00,247.60,248.90,242.85,243.65,816
2012.05.25,00:00,244.35,246.20,238.55,244.90,1476
2012.05.28,00:00,245.05,249.00,243.55,247.55,841
2012.05.29,00:00,248.55,251.45,246.15,249.40,976
2012.05.30,00:00,246.25,249.50,242.90,243.25,1021
2012.05.31,00:00,243.00,247.15,240.00,243.15,1416
2012.06.01,00:00,244.75,244.75,231.20,235.20,1756
2012.06.04,00:00,232.00,233.25,229.30,232.30,761
2012.06.05,00:00,232.05,234.60,228.00,230.15,1131
2012.06.06,00:00,231.40,238.05,229.90,238.00,971
2012.06.07,00:00,236.25,244.95,236.20,244.60,916
2012.06.08,00:00,243.80,243.85,238.25,240.65,806
2012.06.11,00:00,244.30,247.40,241.50,241.55,906
2012.06.12,00:00,240.45,242.50,236.00,238.15,1071
2012.06.13,00:00,237.90,241.05,235.90,237.80,1021
2012.06.14,00:00,236.60,236.60,227.60,233.10,1451
2012.06.15,00:00,233.80,237.10,231.15,235.60,1011
2012.06.18,00:00,238.15,241.45,235.05,238.50,1246
2012.06.19,00:00,238.40,242.75,238.15,242.40,521
2012.06.20,00:00,241.45,245.65,238.90,245.40,956
2012.06.21,00:00,243.45,245.35,237.10,240.60,1366
2012.06.22,00:00,238.70,239.10,235.30,237.80,671
2012.06.25,00:00,236.25,237.45,233.80,234.55,561
2012.06.26,00:00,234.20,236.15,231.40,234.60,911
2012.06.27,00:00,236.20,237.20,232.40,235.10,851
2012.06.28,00:00,234.55,236.50,230.10,231.10,936
2012.06.29,00:00,231.10,233.40,224.10,227.20,1471
2012.07.02,00:00,227.55,230.60,227.40,228.75,521
2012.07.03,00:00,227.70,230.55,227.15,229.50,501
2012.07.04,00:00,229.00,229.50,224.75,227.50,801
2012.07.05,00:00,227.85,228.50,222.95,227.50,1076
2012.07.06,00:00,226.00,227.20,223.30,224.80,661
2012.07.09,00:00,223.25,223.65,220.00,220.65,471
2012.07.10,00:00,222.00,224.40,219.95,224.40,651
2012.07.11,00:00,223.05,223.35,218.65,218.95,531
2012.07.12,00:00,217.15,219.40,212.25,217.80,1366
2012.07.13,00:00,218.15,222.20,216.80,222.15,681
2012.07.16,00:00,221.10,222.45,219.05,222.20,571
2012.07.17,00:00,225.70,227.65,224.25,224.80,591
2012.07.18,00:00,212.60,215.05,207.35,214.10,1391
2012.07.19,00:00,214.00,217.85,213.00,217.45,626
2012.07.20,00:00,214.05,218.35,213.20,217.45,691
2012.07.23,00:00,215.00,216.35,209.15,210.20,961
2012.07.24,00:00,209.15,212.10,209.10,211.90,326
2012.07.25,00:00,210.35,213.55,208.85,212.15,761
2012.07.26,00:00,214.50,230.60,214.50,230.05,1666
2012.07.27,00:00,229.05,231.30,217.85,226.95,2481
2012.07.30,00:00,224.95,230.40,222.30,228.60,1256
2012.07.31,00:00,227.50,228.40,221.15,228.20,1381
2012.08.01,00:00,228.00,228.10,221.90,227.50,1191
2012.08.02,00:00,226.10,227.50,221.55,223.20,901
2012.08.03,00:00,222.70,227.10,219.70,226.30,1121
2012.08.06,00:00,227.00,231.40,227.00,230.40,541
2012.08.07,00:00,229.15,231.75,225.65,230.95,1041
2012.08.08,00:00,230.10,230.10,223.40,229.45,1276
2012.08.09,00:00,228.35,231.80,225.05,231.30,1056
2012.08.10,00:00,229.30,232.45,229.10,231.75,426
2012.08.13,00:00,230.60,231.30,225.40,230.75,1166
2012.08.14,00:00,230.85,236.00,230.85,234.15,701
2012.08.15,00:00,232.50,233.20,226.85,231.95,1216
2012.08.16,00:00,231.60,232.85,229.85,232.65,496
2012.08.17,00:00,231.00,235.90,230.80,235.35,586
2012.08.20,00:00,234.30,235.95,234.20,234.35,346
2012.08.21,00:00,232.40,238.30,232.40,238.20,601
2012.08.22,00:00,235.35,236.35,232.60,233.35,551
2012.08.23,00:00,234.20,236.80,229.60,229.95,1016
2012.08.24,00:00,228.60,231.00,223.90,227.45,1306
2012.08.27,00:00,226.35,229.95,224.75,229.75,701
2012.08.28,00:00,228.10,232.75,226.15,231.95,936
2012.08.29,00:00,230.85,234.40,228.70,231.65,1061
2012.08.30,00:00,231.15,232.80,229.40,230.20,586
2012.08.31,00:00,229.00,233.40,226.65,231.70,1081
2012.09.03,00:00,230.10,235.25,229.50,233.40,821
2012.09.04,00:00,234.00,234.75,229.50,231.85,836
2012.09.05,00:00,230.65,234.40,224.40,228.45,1781
2012.09.06,00:00,228.65,231.70,223.10,230.95,1491
2012.09.07,00:00,230.50,243.25,228.20,235.95,2466
2012.09.10,00:00,234.85,237.50,231.60,236.65,1001
2012.09.11,00:00,234.80,234.85,225.40,233.10,1721
2012.09.12,00:00,233.40,236.00,229.75,231.60,1071
2012.09.13,00:00,230.85,231.35,224.20,227.30,1076
2012.09.14,00:00,227.35,233.50,225.70,230.65,1231
2012.09.17,00:00,229.85,231.75,224.95,227.70,1146
2012.09.18,00:00,226.90,227.25,221.90,224.90,871
2012.09.19,00:00,225.35,226.60,218.95,222.70,1266
2012.09.20,00:00,220.50,223.25,219.95,220.60,651
2012.09.21,00:00,221.35,224.25,217.60,220.55,1251
2012.09.24,00:00,218.45,220.10,215.95,220.05,671
2012.09.25,00:00,219.10,220.35,214.60,219.00,1141
2012.09.26,00:00,217.70,219.35,213.25,217.90,1201
2012.09.27,00:00,217.25,217.85,212.45,215.95,951
2012.09.28,00:00,213.65,216.75,213.00,214.60,656
2012.10.01,00:00,214.55,218.25,214.55,216.45,551
2012.10.02,00:00,216.25,216.95,211.85,215.90,986
2012.10.03,00:00,215.20,216.50,213.10,214.90,651
2012.10.04,00:00,215.55,217.90,213.25,217.35,751
2012.10.05,00:00,217.15,218.70,213.25,217.00,1076
2012.10.08,00:00,216.35,219.80,214.30,217.20,1016
2012.10.09,00:00,218.10,218.10,212.40,212.90,621
2012.10.10,00:00,212.20,214.50,210.50,213.35,686
2012.10.11,00:00,213.00,222.70,210.20,222.65,1536
2012.10.12,00:00,222.25,227.00,220.60,224.45,1061
2012.10.15,00:00,224.00,225.80,220.60,222.55,896
2012.10.16,00:00,222.70,225.95,218.20,225.55,1266
2012.10.17,00:00,224.95,227.85,223.65,227.55,581
2012.10.18,00:00,225.50,227.45,224.40,224.75,536
2012.10.19,00:00,222.80,225.70,220.65,224.45,846
2012.10.22,00:00,221.90,223.85,220.35,220.35,546
2012.10.23,00:00,219.55,221.45,211.70,215.60,1556
2012.10.24,00:00,212.50,222.25,207.25,221.70,2081
2012.10.25,00:00,221.00,226.00,220.05,221.85,1106
2012.10.26,00:00,220.00,223.15,217.55,220.75,1046
2012.10.29,00:00,218.70,220.10,214.75,219.20,1021
2012.10.30,00:00,218.65,223.00,216.60,221.35,1011
2012.10.31,00:00,221.55,224.75,220.05,220.45,831
2012.11.01,00:00,220.15,227.00,220.10,226.65,731
2012.11.02,00:00,225.70,228.10,225.45,226.25,476
2012.11.05,00:00,226.60,227.45,224.65,225.55,456
2012.11.06,00:00,226.30,226.95,221.40,223.40,821
2012.11.07,00:00,223.80,224.80,218.20,218.60,801
2012.11.08,00:00,218.05,221.30,215.20,219.40,1086
2012.11.09,00:00,218.90,220.70,217.75,217.75,476
2012.11.12,00:00,217.75,221.15,217.35,219.45,591
2012.11.13,00:00,217.70,218.90,214.65,216.40,721
2012.11.14,00:00,215.60,217.35,211.80,214.65,1016
2012.11.15,00:00,213.55,214.75,212.75,213.65,391
2012.11.16,00:00,213.10,216.05,209.65,214.00,1191
2012.11.19,00:00,213.70,219.45,213.70,219.25,596
2012.11.20,00:00,218.80,222.95,216.80,222.65,846
2012.11.21,00:00,221.45,222.65,220.55,222.05,361
2012.11.22,00:00,222.10,224.15,219.05,222.20,1011
2012.11.23,00:00,222.30,224.40,220.90,223.55,576
2012.11.26,00:00,223.30,224.80,221.55,224.00,581
2012.11.27,00:00,223.50,225.45,220.00,224.20,1021
2012.11.28,00:00,223.50,225.40,219.85,222.60,1021
2012.11.29,00:00,223.35,225.00,221.15,224.85,621
2012.11.30,00:00,224.90,226.95,223.30,223.55,596
2012.12.03,00:00,222.50,225.95,222.30,225.10,471
2012.12.04,00:00,224.75,225.95,221.15,224.40,926
2012.12.05,00:00,223.90,225.80,222.45,223.65,646
2012.12.06,00:00,223.05,226.00,222.20,224.35,631
2012.12.07,00:00,221.45,225.00,221.05,222.60,676
2012.12.10,00:00,222.50,225.45,222.00,224.90,451
2012.12.11,00:00,225.15,225.65,223.75,224.90,356
2012.12.12,00:00,224.60,226.75,221.50,222.40,831
2012.12.13,00:00,221.45,223.20,218.40,220.25,841
2012.12.14,00:00,220.10,223.80,219.65,222.85,556
2012.12.17,00:00,222.55,224.30,216.50,220.95,1401
2012.12.18,00:00,221.75,224.00,220.85,223.60,446
2012.12.19,00:00,226.50,227.60,225.50,226.40,411
2012.12.20,00:00,225.30,226.40,223.10,225.35,656
2012.12.21,00:00,225.20,226.05,223.25,224.60,501
2012.12.27,00:00,224.05,224.75,220.00,223.45,891
2012.12.28,00:00,223.30,226.45,220.00,220.00,961
2013.01.02,00:00,223.50,229.35,223.50,228.65,656
2013.01.03,00:00,227.55,231.50,227.50,230.95,461
2013.01.04,00:00,231.60,232.60,228.00,230.55,816
2013.01.07,00:00,230.65,230.65,226.20,228.50,676
2013.01.08,00:00,229.15,231.90,227.50,229.85,811
2013.01.09,00:00,228.55,232.55,227.55,230.70,786
2013.01.10,00:00,232.60,233.95,229.20,231.20,811
2013.01.11,00:00,232.00,232.80,227.50,229.10,771
2013.01.14,00:00,229.60,232.20,227.50,230.45,856
2013.01.15,00:00,230.50,232.75,228.10,228.25,706
2013.01.16,00:00,225.75,229.60,224.85,229.15,611
2013.01.17,00:00,226.85,232.55,226.70,231.55,701
2013.01.18,00:00,231.50,245.20,231.30,241.30,1801
2013.01.21,00:00,237.30,240.10,236.00,237.35,816
2013.01.22,00:00,235.80,238.10,234.00,234.95,736
2013.01.23,00:00,233.75,238.25,233.70,237.15,571
2013.01.24,00:00,237.35,238.15,232.75,237.40,1076
2013.01.25,00:00,236.50,238.40,234.70,235.60,651
2013.01.28,00:00,235.50,237.15,230.60,234.20,1181
2013.01.29,00:00,233.25,237.15,232.00,236.20,736
2013.01.30,00:00,233.55,235.15,230.25,233.80,956
2013.01.31,00:00,232.20,235.10,230.40,233.45,816
2013.02.01,00:00,230.80,236.45,230.50,234.60,811
2013.02.04,00:00,233.60,233.75,228.70,231.00,751
2013.02.05,00:00,230.25,231.15,228.05,230.60,586
2013.02.06,00:00,228.95,233.85,228.90,230.00,886
2013.02.07,00:00,228.70,230.80,226.15,227.35,796
2013.02.08,00:00,226.80,231.65,225.15,231.35,846
2013.02.11,00:00,229.30,231.00,226.20,230.05,886
2013.02.12,00:00,229.55,232.15,228.00,230.35,751
2013.02.14,00:00,231.75,235.00,225.10,229.65,1771
2013.02.15,00:00,230.20,234.55,220.05,234.10,2511
2013.02.18,00:00,232.95,232.95,227.20,230.20,876
2013.02.19,00:00,230.55,235.20,230.15,234.20,646
2013.02.20,00:00,233.80,234.35,226.65,229.15,1076
2013.02.21,00:00,228.25,229.40,226.05,229.40,556
2013.02.22,00:00,227.15,230.10,227.15,228.95,411
2013.02.25,00:00,227.65,235.05,227.65,231.55,1091
2013.02.26,00:00,231.55,231.90,226.00,229.90,1016
2013.02.27,00:00,225.65,232.50,225.65,231.15,821
2013.02.28,00:00,231.50,234.55,230.15,233.25,706
2013.03.01,00:00,229.00,237.20,229.00,236.05,936
2013.03.04,00:00,232.80,236.30,230.30,230.45,966
2013.03.05,00:00,228.10,233.95,228.10,231.85,796
2013.03.06,00:00,231.15,232.80,228.00,231.15,961
2013.03.07,00:00,230.55,237.30,228.80,236.45,1111
2013.03.08,00:00,238.45,241.05,233.40,236.70,1356
2013.03.11,00:00,235.10,237.75,235.10,236.80,361
2013.03.12,00:00,235.65,237.00,232.90,235.70,816
2013.03.13,00:00,233.55,237.65,233.20,236.90,556
2013.03.14,00:00,234.85,239.05,232.55,238.50,936
2013.03.15,00:00,231.70,245.15,230.40,244.45,1676
2013.03.18,00:00,237.15,244.80,236.30,243.95,1021
2013.03.19,00:00,237.00,244.70,237.00,243.35,906
2013.03.20,00:00,236.85,245.80,236.85,243.95,1081
2013.03.21,00:00,237.20,245.00,237.20,241.40,1141
2013.03.22,00:00,243.15,244.90,238.30,243.50,1286
2013.03.25,00:00,237.40,245.40,237.40,243.45,996
2013.03.26,00:00,236.90,245.95,236.90,245.50,951
2013.03.27,00:00,242.95,248.35,242.95,244.00,976
2013.03.28,00:00,237.10,245.00,237.10,242.85,1006
2013.04.02,00:00,236.45,244.80,236.45,243.45,971
2013.04.03,00:00,236.70,244.45,236.70,241.60,1061
2013.04.04,00:00,241.35,241.80,237.20,237.85,571
2013.04.05,00:00,231.20,238.85,230.15,230.85,1706
2013.04.08,00:00,224.75,235.35,224.75,233.70,1226
2013.04.09,00:00,227.55,233.90,227.55,231.95,831
2013.04.10,00:00,225.50,234.05,225.50,234.05,856
2013.04.11,00:00,227.60,237.00,227.60,236.15,1026
2013.04.12,00:00,234.30,235.90,230.80,233.00,891
2013.04.15,00:00,227.65,234.35,227.65,232.00,906
2013.04.16,00:00,231.70,231.75,228.10,230.00,561
2013.04.17,00:00,224.10,230.75,224.10,227.95,946
2013.04.18,00:00,221.50,230.40,221.50,226.20,1311
2013.04.19,00:00,220.15,228.65,220.15,227.95,921
2013.04.22,00:00,221.95,231.40,221.90,231.00,996
2013.04.23,00:00,226.90,233.65,226.90,233.35,706
2013.04.24,00:00,229.50,234.30,227.75,232.80,981
2013.04.25,00:00,229.35,233.90,229.35,231.45,701
2013.04.26,00:00,227.90,231.75,227.90,229.70,591
2013.04.29,00:00,226.10,233.95,226.10,233.30,851
2013.04.30,00:00,230.20,236.90,230.20,235.00,861
2013.05.02,00:00,230.95,237.75,229.95,234.55,1201
2013.05.03,00:00,230.90,239.70,230.90,237.00,1151
2013.05.06,00:00,233.40,237.25,229.65,237.25,1136
2013.05.07,00:00,233.70,240.90,233.70,239.80,831
2013.05.08,00:00,235.70,240.55,235.50,238.60,721
2013.05.09,00:00,234.85,238.75,230.50,235.55,1581
2013.05.10,00:00,232.05,241.75,232.05,240.50,1096
2013.05.13,00:00,236.50,238.90,232.65,233.45,946
2013.05.14,00:00,226.05,232.20,223.10,227.05,1721
2013.05.15,00:00,220.40,228.50,220.40,227.40,921
2013.05.16,00:00,223.75,232.25,223.75,232.25,851
2013.05.17,00:00,228.70,231.85,226.90,229.00,961
2013.05.20,00:00,225.40,230.75,225.40,229.60,651
2013.05.21,00:00,226.25,229.65,226.25,228.20,486
2013.05.22,00:00,226.75,229.95,226.75,229.20,396
2013.05.23,00:00,224.85,227.45,222.90,226.75,721
2013.05.24,00:00,223.10,226.10,221.95,222.70,791
2013.05.27,00:00,219.30,223.65,219.30,222.85,516
2013.05.28,00:00,219.45,229.60,219.45,229.60,1016
2013.05.29,00:00,225.75,228.15,221.35,222.50,1036
2013.05.30,00:00,220.20,224.75,216.75,223.70,1251
2013.05.31,00:00,219.25,224.25,219.25,224.25,501
2013.06.03,00:00,220.00,223.60,219.20,220.20,861
2013.06.04,00:00,216.60,221.40,216.60,219.95,626
2013.06.05,00:00,214.70,218.75,214.70,217.90,491
2013.06.06,00:00,214.05,222.35,214.05,221.65,901
2013.06.07,00:00,217.20,223.20,217.20,221.40,781
2013.06.10,00:00,217.75,224.15,217.75,223.15,741
2013.06.11,00:00,217.70,222.20,217.70,220.00,671
2013.06.12,00:00,216.40,221.25,216.40,217.60,851
2013.06.13,00:00,213.10,219.85,212.45,219.00,891
2013.06.14,00:00,215.20,223.85,215.20,220.95,1156
2013.06.17,00:00,216.85,227.90,216.85,226.75,1221
2013.06.18,00:00,221.85,228.65,221.85,225.40,1006
2013.06.19,00:00,222.10,225.00,221.40,224.05,526
2013.06.20,00:00,219.80,222.15,217.35,218.65,846
2013.06.21,00:00,215.15,220.20,215.15,216.85,841
2013.06.24,00:00,212.90,216.80,212.55,213.25,816
2013.06.25,00:00,212.60,217.30,211.45,216.35,796
2013.06.26,00:00,213.00,219.20,213.00,218.05,736
2013.06.27,00:00,214.35,219.65,214.30,217.05,801
2013.06.28,00:00,213.90,219.50,213.90,216.95,816
2013.07.01,00:00,214.95,220.00,214.95,218.15,691
2013.07.02,00:00,214.25,217.75,214.25,217.30,396
2013.07.03,00:00,214.25,216.75,211.65,216.20,826
2013.07.04,00:00,213.05,220.80,213.05,220.40,816
2013.07.05,00:00,216.65,222.80,216.60,221.70,736
2013.07.08,00:00,218.20,224.60,218.20,224.10,691
2013.07.09,00:00,220.65,226.60,220.65,224.35,821
2013.07.10,00:00,220.95,225.75,220.95,223.65,691
2013.07.11,00:00,220.70,226.10,218.40,219.35,1406
2013.07.12,00:00,219.75,221.70,215.10,218.65,1211
2013.07.15,00:00,215.30,220.10,215.30,219.35,556
2013.07.16,00:00,218.30,221.05,217.40,219.50,611
2013.07.17,00:00,216.05,222.10,216.05,220.50,766
2013.07.18,00:00,216.95,221.60,216.90,220.40,596
2013.07.19,00:00,216.90,220.95,216.80,220.20,501
2013.07.22,00:00,215.80,221.70,215.80,219.05,856
2013.07.23,00:00,215.20,219.35,215.20,216.45,706
2013.07.24,00:00,213.10,216.00,208.75,212.05,1346
2013.07.25,00:00,209.35,214.30,209.20,211.35,821
2013.07.26,00:00,208.30,213.30,208.10,209.55,916
2013.07.29,00:00,206.05,211.70,206.05,209.70,766
2013.07.30,00:00,205.70,212.25,205.70,211.55,726
2013.07.31,00:00,207.55,211.40,206.05,210.25,801
2013.08.01,00:00,207.05,215.55,206.75,213.75,1091
2013.08.02,00:00,210.30,214.70,210.30,213.70,541
2013.08.05,00:00,210.60,222.30,210.60,221.15,1286
2013.08.06,00:00,217.45,222.30,217.45,221.50,566
2013.08.07,00:00,217.75,223.60,217.75,222.85,661
2013.08.08,00:00,220.15,224.95,217.85,223.65,1071
2013.08.09,00:00,219.30,223.40,219.05,220.40,761
2013.08.12,00:00,216.80,223.05,216.80,222.65,666
2013.08.13,00:00,219.55,225.25,219.55,224.15,681
2013.08.14,00:00,220.80,228.75,220.80,227.10,961
2013.08.15,00:00,224.80,226.80,223.45,225.75,576
2013.08.16,00:00,222.20,230.30,221.85,230.25,886
2013.08.19,00:00,226.60,230.90,226.45,230.20,531
2013.08.20,00:00,226.15,228.75,221.25,225.40,1426
2013.08.21,00:00,222.90,226.05,222.85,225.25,406
2013.08.22,00:00,223.00,228.05,222.10,227.30,761
2013.08.23,00:00,224.80,227.95,224.55,227.40,421
2013.08.26,00:00,227.20,227.75,223.10,226.65,876
2013.08.27,00:00,223.60,226.55,219.45,221.85,1246
2013.08.28,00:00,218.30,218.75,214.40,215.00,541
2013.08.29,00:00,213.40,218.50,212.75,217.20,771
2013.08.30,00:00,214.35,218.30,214.35,215.40,686
2013.09.02,00:00,213.20,218.40,213.20,217.70,591
2013.09.03,00:00,215.40,217.55,214.60,216.05,526
2013.09.04,00:00,213.75,217.00,213.75,216.30,396
2013.09.05,00:00,213.85,219.05,213.85,217.40,686
2013.09.06,00:00,215.05,217.85,215.05,217.10,356
2013.09.09,00:00,215.05,220.25,215.05,219.55,591
2013.09.10,00:00,217.20,225.50,214.95,223.10,1521
2013.09.11,00:00,220.55,223.30,220.40,221.70,466
2013.09.12,00:00,219.40,223.60,219.40,222.15,566
2013.09.13,00:00,219.65,222.75,218.10,218.25,791
2013.09.16,00:00,216.95,221.20,214.40,217.80,1276
2013.09.17,00:00,214.55,217.75,214.50,216.95,411
2013.09.18,00:00,215.15,218.00,214.20,216.00,676
2013.09.19,00:00,212.70,219.60,212.70,217.55,896
2013.09.20,00:00,214.70,220.50,214.10,219.05,846
2013.09.23,00:00,216.90,224.90,214.35,224.60,1341
2013.09.24,00:00,222.25,224.30,219.70,220.20,716
2013.09.25,00:00,217.60,221.10,215.90,219.45,856
2013.09.26,00:00,218.05,221.50,218.05,221.10,386
2013.09.27,00:00,217.60,226.50,215.90,223.95,1486
2013.09.30,00:00,220.70,222.70,220.20,221.60,411
2013.10.01,00:00,219.10,224.95,219.10,224.50,631
2013.10.02,00:00,221.45,225.20,220.65,223.60,696
2013.10.03,00:00,221.25,224.10,218.70,221.60,1046
2013.10.04,00:00,219.30,223.75,219.30,223.00,521
2013.10.07,00:00,220.75,224.50,220.75,223.85,441
2013.10.08,00:00,220.00,224.35,218.95,223.15,766
2013.10.09,00:00,219.35,223.30,219.35,220.45,681
2013.10.10,00:00,220.10,224.90,217.90,224.65,946
2013.10.11,00:00,223.50,228.00,223.50,225.75,676
2013.10.14,00:00,224.90,226.30,223.05,225.05,636
2013.10.15,00:00,222.60,228.30,222.60,226.30,771
2013.10.16,00:00,223.40,225.15,219.70,224.60,971
2013.10.17,00:00,222.15,227.65,221.75,226.80,716
2013.10.18,00:00,224.40,226.55,221.20,224.70,1041
2013.10.21,00:00,221.95,224.75,219.75,223.40,856
2013.10.22,00:00,221.30,224.75,219.60,222.10,951
2013.10.23,00:00,219.65,221.50,217.55,220.10,746
2013.10.24,00:00,217.75,220.50,217.75,219.85,341
2013.10.25,00:00,217.35,219.15,215.25,217.70,746
2013.10.28,00:00,216.85,220.90,215.90,220.60,626
2013.10.29,00:00,217.95,221.00,215.05,220.75,911
2013.10.30,00:00,218.30,221.10,217.45,219.55,606
2013.10.31,00:00,217.00,220.20,217.00,218.40,501
2013.11.01,00:00,216.40,220.55,216.40,220.10,461
2013.11.04,00:00,221.35,221.50,218.95,220.05,381
2013.11.05,00:00,217.65,220.85,217.65,219.85,421
2013.11.06,00:00,216.95,222.20,216.65,220.90,716
2013.11.07,00:00,217.40,224.35,217.35,222.40,901
2013.11.08,00:00,214.80,221.40,214.80,220.80,721
2013.11.11,00:00,216.40,219.70,216.05,218.50,521
2013.11.12,00:00,215.70,219.10,215.35,217.95,526
2013.11.13,00:00,215.25,218.15,207.55,216.60,1986
2013.11.14,00:00,215.35,233.00,214.80,220.90,3086
2013.11.15,00:00,218.70,223.50,218.70,222.25,606
2013.11.18,00:00,220.05,224.60,218.60,224.45,761
2013.11.19,00:00,221.95,228.50,220.90,226.85,1031
2013.11.20,00:00,223.85,230.45,223.45,230.10,776
2013.11.21,00:00,226.60,228.35,223.15,226.95,1006
2013.11.22,00:00,224.15,228.05,221.25,227.00,1076
2013.11.25,00:00,224.50,230.40,224.40,229.45,706
2013.11.26,00:00,226.40,230.60,226.40,227.70,711
2013.11.27,00:00,225.50,230.70,225.50,230.55,536
2013.11.28,00:00,228.35,233.70,227.95,233.35,651
2013.11.29,00:00,230.65,234.15,230.05,233.90,496
2013.12.02,00:00,231.25,239.35,231.25,239.10,836
2013.12.03,00:00,236.35,239.40,233.25,233.40,936
2013.12.04,00:00,229.25,236.00,229.25,232.15,1061
2013.12.05,00:00,229.35,233.30,229.20,232.35,521
2013.12.06,00:00,229.15,233.80,229.15,232.05,641
2013.12.09,00:00,229.45,233.60,229.30,232.35,571
2013.12.10,00:00,229.35,231.95,228.45,230.70,566
2013.12.11,00:00,227.40,231.35,227.25,229.95,566
2013.12.12,00:00,227.10,230.10,224.20,227.45,1146
2013.12.13,00:00,224.90,227.55,224.90,226.45,376
2013.12.16,00:00,223.10,228.75,222.90,227.35,746
2013.12.17,00:00,224.65,229.35,223.60,228.25,791
2013.12.18,00:00,225.90,233.00,225.90,229.85,1026
2013.12.19,00:00,230.95,241.00,230.95,239.20,1186
2013.12.20,00:00,236.70,238.80,232.60,234.25,996
2013.12.23,00:00,234.10,236.30,233.15,233.80,601
2013.12.27,00:00,231.95,236.75,231.90,234.40,726
2013.12.30,00:00,234.10,235.50,233.10,234.85,406
2014.01.02,00:00,231.85,234.90,227.40,229.10,1226
2014.01.03,00:00,227.95,232.65,227.95,231.95,541
2014.01.06,00:00,227.35,229.50,224.35,226.15,911
2014.01.07,00:00,224.20,228.00,224.00,227.55,466
2014.01.08,00:00,224.80,227.45,224.15,225.45,596
2014.01.09,00:00,222.95,226.25,222.35,223.80,696
2014.01.10,00:00,223.40,227.80,221.50,226.65,936
2014.01.13,00:00,224.35,226.70,221.25,223.45,1001
2014.01.14,00:00,219.50,222.75,217.65,221.40,831
2014.01.15,00:00,221.80,224.65,220.10,224.65,626
2014.01.16,00:00,222.20,224.65,220.40,223.40,731
2014.01.17,00:00,221.25,224.55,220.80,223.20,556
2014.01.20,00:00,221.25,231.10,218.55,229.20,1716
2014.01.21,00:00,227.15,230.00,223.95,227.75,1151
2014.01.22,00:00,229.50,230.25,225.90,227.65,686
2014.01.23,00:00,225.55,230.65,225.55,228.45,731
2014.01.24,00:00,226.35,227.90,223.45,225.70,826
2014.01.27,00:00,224.10,226.55,221.75,225.20,851
2014.01.28,00:00,221.35,226.50,218.35,226.15,1151
2014.01.29,00:00,223.60,227.95,221.90,223.00,1151
2014.01.30,00:00,215.35,218.60,208.65,210.60,1516
2014.01.31,00:00,212.25,213.75,208.70,210.80,866
2014.02.03,00:00,208.50,212.00,206.05,208.85,1156
2014.02.04,00:00,206.65,208.65,204.05,207.10,876
2014.02.05,00:00,205.20,209.00,203.15,207.20,971
2014.02.06,00:00,204.15,206.90,200.30,206.75,1061
2014.02.07,00:00,206.75,211.60,205.35,210.80,846
2014.02.10,00:00,208.70,212.05,208.15,209.65,686
2014.02.11,00:00,208.35,214.40,208.35,212.80,766
2014.02.12,00:00,210.45,214.20,209.45,212.70,726
2014.02.13,00:00,203.60,211.65,203.60,210.00,971
2014.02.14,00:00,208.05,214.10,208.05,213.25,691
2014.02.17,00:00,210.00,214.05,209.90,213.80,451
2014.02.18,00:00,211.65,214.10,210.25,211.90,746
2014.02.19,00:00,207.95,210.60,205.00,206.95,1021
2014.02.20,00:00,204.80,206.70,198.00,202.50,1511
2014.02.21,00:00,200.75,211.35,199.80,207.65,1621
2014.02.24,00:00,205.45,209.35,203.95,206.65,961
2014.02.25,00:00,205.10,208.60,202.20,205.20,1271
2014.02.26,00:00,204.85,207.15,203.45,205.65,661
2014.02.27,00:00,203.40,207.25,203.35,205.50,571
2014.02.28,00:00,206.20,206.60,202.85,204.95,626
2014.03.03,00:00,201.55,203.75,197.95,201.20,1126
2014.03.04,00:00,198.85,205.40,198.55,203.85,871
2014.03.05,00:00,200.60,205.05,200.45,203.05,676
2014.03.06,00:00,200.00,207.35,199.85,205.55,946
2014.03.07,00:00,203.10,206.50,199.90,202.60,1271
2014.03.10,00:00,200.40,203.65,200.35,201.75,526
2014.03.11,00:00,201.40,203.05,199.45,201.85,676
2014.03.12,00:00,199.40,202.10,198.40,200.05,676
2014.03.13,00:00,198.45,200.80,194.30,196.20,1076
2014.03.14,00:00,196.80,196.80,191.05,194.70,941
2014.03.17,00:00,194.45,198.95,193.90,198.25,631
2014.03.18,00:00,198.60,203.75,195.95,201.40,1281
2014.03.19,00:00,199.20,202.60,198.75,200.75,616
2014.03.20,00:00,197.15,199.75,195.75,197.10,796
2014.03.21,00:00,195.30,198.15,192.15,196.05,1126
2014.03.24,00:00,194.50,197.10,190.90,194.70,1221
2014.03.25,00:00,195.45,197.45,190.95,196.80,1166
2014.03.26,00:00,195.30,200.60,194.65,197.15,1006
2014.03.27,00:00,195.95,198.05,194.90,196.35,591
2014.03.28,00:00,194.50,202.05,194.50,200.40,921
2014.03.31,00:00,200.70,205.20,200.40,203.55,676
2014.04.01,00:00,204.00,204.35,199.25,203.75,996
2014.04.02,00:00,204.60,205.30,201.70,203.40,601
2014.04.03,00:00,202.15,207.45,201.90,206.00,726
2014.04.04,00:00,207.35,207.35,201.65,204.30,836
2014.04.07,00:00,201.50,205.30,201.50,203.75,536
2014.04.08,00:00,204.15,205.95,201.45,205.25,791
2014.04.09,00:00,202.15,209.20,202.00,206.90,966
2014.04.10,00:00,205.15,211.10,205.05,208.50,876
2014.04.11,00:00,205.10,208.00,202.55,205.50,1051
2014.04.14,00:00,203.85,212.00,201.60,210.60,1406
2014.04.15,00:00,208.75,212.65,206.30,208.50,1246
2014.04.16,00:00,205.95,209.40,203.80,206.55,1061
2014.04.17,00:00,204.25,207.65,203.60,205.65,671
2014.04.22,00:00,204.25,209.60,204.25,208.10,686
2014.04.23,00:00,207.10,209.00,202.35,207.90,1251
2014.04.24,00:00,206.55,210.50,205.05,207.00,1046
2014.04.25,00:00,204.90,209.40,204.80,208.45,566
2014.04.28,00:00,206.75,211.45,206.70,209.90,636
2014.04.29,00:00,209.95,211.00,205.65,210.60,1006
2014.04.30,00:00,207.75,211.95,204.70,210.50,1176
2014.05.02,00:00,212.05,216.65,208.40,213.50,1506
2014.05.05,00:00,212.55,216.30,208.55,213.25,1481
2014.05.06,00:00,211.10,213.75,209.40,211.40,841
2014.05.07,00:00,212.35,212.85,205.55,210.70,1296
2014.05.08,00:00,208.20,215.20,208.15,212.85,946
2014.05.09,00:00,212.10,217.70,212.00,213.90,961
2014.05.12,00:00,214.00,218.15,213.25,215.85,796
2014.05.13,00:00,213.35,216.60,211.35,215.30,856
2014.05.14,00:00,212.95,215.90,207.30,213.40,1676
2014.05.15,00:00,212.15,214.80,209.85,212.45,961
2014.05.16,00:00,209.25,214.00,209.25,211.95,681
2014.05.19,00:00,210.25,213.65,207.25,212.60,1046
2014.05.20,00:00,210.00,213.35,206.35,211.85,1216
2014.05.21,00:00,208.65,212.05,206.25,212.00,826
2014.05.22,00:00,210.95,212.55,206.65,208.35,921
2014.05.23,00:00,206.90,210.90,206.85,208.80,621
2014.05.26,00:00,210.10,212.85,208.55,211.80,691
2014.05.27,00:00,209.25,215.50,208.60,213.45,961
2014.05.28,00:00,210.95,213.95,210.65,212.60,496
2014.05.29,00:00,210.20,214.20,208.70,213.30,791
2014.05.30,00:00,211.90,214.55,208.85,213.45,986
2014.06.02,00:00,211.35,214.60,208.05,212.55,1191
2014.06.03,00:00,209.20,213.10,207.05,211.55,976
2014.06.04,00:00,209.15,212.50,205.30,211.55,1201
2014.06.05,00:00,209.35,212.20,202.75,207.75,1731
2014.06.06,00:00,205.95,212.00,203.90,208.00,1416
2014.06.09,00:00,205.55,211.10,204.40,208.55,1041
2014.06.10,00:00,208.10,210.80,203.90,208.95,1296
2014.06.11,00:00,209.60,212.45,208.45,210.60,701
2014.06.12,00:00,208.35,210.45,205.00,209.40,986
2014.06.13,00:00,208.00,210.45,203.75,208.60,1281
2014.06.16,00:00,202.15,211.35,202.15,210.00,1056
2014.06.17,00:00,209.50,210.95,204.50,208.65,1206
2014.06.18,00:00,206.25,209.75,206.20,208.75,461
2014.06.19,00:00,206.60,209.90,206.60,209.60,361
2014.06.20,00:00,208.30,209.80,204.00,209.15,1076
2014.06.23,00:00,208.10,208.65,203.10,207.15,1016
2014.06.24,00:00,204.40,209.25,204.40,208.10,601
2014.06.25,00:00,205.40,208.25,202.70,207.60,891
2014.06.26,00:00,205.25,208.25,202.70,207.50,886
2014.06.27,00:00,207.00,209.55,205.45,208.65,656
2014.06.30,00:00,206.85,209.25,205.95,208.65,481
2014.07.01,00:00,206.10,208.50,202.85,206.10,1131
2014.07.02,00:00,206.05,208.70,202.70,206.45,1161
2014.07.03,00:00,204.85,211.55,204.75,210.30,816
2014.07.04,00:00,207.75,211.40,207.75,209.90,516
2014.07.07,00:00,206.05,209.60,206.05,208.20,496
2014.07.08,00:00,205.50,208.65,205.50,207.60,421
2014.07.09,00:00,205.05,207.45,203.00,205.75,821
2014.07.10,00:00,203.10,206.60,202.60,204.55,656
2014.07.11,00:00,202.15,205.70,202.15,202.95,631
2014.07.14,00:00,201.20,205.95,201.20,205.05,566
2014.07.15,00:00,202.60,205.95,199.55,204.25,1116
2014.07.16,00:00,202.55,206.05,202.30,202.75,731
2014.07.17,00:00,201.70,206.70,201.70,204.45,726
2014.07.18,00:00,201.10,206.25,201.00,205.00,661
2014.07.21,00:00,202.55,205.55,202.45,204.40,436
2014.07.22,00:00,202.50,205.55,202.15,202.95,636
2014.07.23,00:00,202.15,206.80,199.85,205.65,1041
2014.07.24,00:00,203.05,205.45,202.85,204.95,331
2014.07.25,00:00,202.60,205.90,200.80,202.50,1011
2014.07.28,00:00,200.25,202.35,197.40,197.80,746
2014.07.29,00:00,202.45,203.60,198.95,201.60,846
2014.07.30,00:00,199.50,201.70,196.60,196.95,766
2014.07.31,00:00,196.35,197.60,186.70,190.00,1546
2014.08.01,00:00,190.45,190.45,182.30,183.85,971
2014.08.04,00:00,184.80,189.05,184.80,187.50,581
2014.08.05,00:00,186.20,190.65,185.05,189.50,791
2014.08.06,00:00,187.65,191.45,187.05,189.75,671
2014.08.07,00:00,186.75,192.05,185.25,189.35,1101
2014.08.08,00:00,187.15,190.05,184.25,189.55,921
2014.08.11,00:00,187.20,192.30,187.20,189.55,786
2014.08.12,00:00,187.35,190.75,185.60,188.45,921
2014.08.13,00:00,189.10,190.55,185.05,185.15,706
2014.08.14,00:00,186.10,191.80,185.70,185.70,1181
2014.08.15,00:00,188.35,192.35,186.20,188.05,1201
2014.08.18,00:00,188.85,191.10,188.05,190.50,446
2014.08.19,00:00,188.05,194.10,187.95,193.95,641
2014.08.20,00:00,191.45,193.80,190.80,192.80,466
2014.08.21,00:00,189.80,193.20,186.85,190.50,1201
2014.08.22,00:00,190.05,193.60,186.10,189.40,1436
2014.08.25,00:00,188.20,192.00,185.60,190.70,1031
2014.08.26,00:00,187.95,190.55,185.40,187.90,1026
2014.08.27,00:00,186.10,190.35,186.10,190.00,461
2014.08.28,00:00,187.25,189.95,185.35,187.50,896
2014.08.29,00:00,185.80,189.35,185.80,189.05,386
2014.09.01,00:00,186.65,190.25,184.90,188.80,856
2014.09.02,00:00,186.90,189.15,183.90,187.05,1036
2014.09.03,00:00,186.00,191.90,182.95,191.10,1281
2014.09.04,00:00,187.15,193.00,185.10,192.35,1061
2014.09.05,00:00,189.90,193.70,187.80,191.30,1041
2014.09.08,00:00,188.90,192.85,188.90,191.15,566
2014.09.09,00:00,188.95,191.60,188.95,189.55,471
2014.09.10,00:00,187.20,190.60,187.20,189.00,501
2014.09.11,00:00,187.55,190.15,184.70,185.10,846
2014.09.12,00:00,187.25,189.15,184.75,187.85,821
2014.09.15,00:00,185.80,190.30,185.80,187.55,726
2014.09.16,00:00,185.50,188.65,185.50,187.40,441
2014.09.17,00:00,186.25,188.65,183.90,186.45,931
2014.09.18,00:00,185.75,188.90,185.70,188.80,336
2014.09.19,00:00,186.75,195.50,186.75,189.70,1456
2014.09.22,00:00,188.55,193.75,188.55,193.10,586
2014.09.23,00:00,190.45,193.65,189.00,190.75,901
2014.09.24,00:00,187.95,191.75,187.70,189.25,681
2014.09.25,00:00,187.45,192.05,184.00,188.25,1531
2014.09.26,00:00,185.55,189.50,182.95,187.40,1126
2014.09.29,00:00,185.40,186.80,182.95,183.85,616
2014.09.30,00:00,183.60,185.65,182.95,182.95,476
2014.10.01,00:00,182.95,185.00,178.65,179.75,951
2014.10.02,00:00,179.85,179.85,174.10,175.95,761
2014.10.06,00:00,173.85,177.30,169.85,170.90,1196
2014.10.07,00:00,169.00,172.15,167.20,169.65,926
2014.10.08,00:00,166.25,169.35,164.30,165.95,981
2014.10.09,00:00,163.40,167.35,160.25,163.10,1391
2014.10.10,00:00,160.85,161.85,157.00,158.40,726
2014.10.13,00:00,154.65,160.05,154.65,158.00,746
2014.10.14,00:00,154.60,159.00,152.10,157.95,1046
2014.10.15,00:00,156.30,162.90,155.20,157.75,1396
2014.10.16,00:00,156.50,159.55,150.80,156.85,1716
2014.10.17,00:00,155.25,160.25,154.70,158.10,826
2014.10.20,00:00,157.10,162.80,154.10,157.80,1671
2014.10.21,00:00,156.20,163.55,153.95,163.20,1221
2014.10.22,00:00,161.65,169.70,161.55,169.60,836
2014.10.23,00:00,167.50,170.10,163.55,168.55,1206
2014.10.24,00:00,168.60,171.00,164.55,167.45,1176
2014.10.27,00:00,167.45,169.15,162.65,162.65,821
2014.10.28,00:00,161.40,165.95,161.40,165.10,541
2014.10.29,00:00,165.95,166.85,164.05,165.75,541
2014.10.30,00:00,166.15,167.55,161.70,166.90,1096
2014.10.31,00:00,166.60,168.55,164.25,165.40,741
2014.11.03,00:00,165.20,192.95,164.85,181.45,3996
2014.11.04,00:00,182.95,184.75,170.15,171.30,1756
2014.11.05,00:00,172.30,176.75,170.95,174.00,991
2014.11.06,00:00,174.55,177.00,172.05,174.30,966
2014.11.07,00:00,173.40,186.35,171.35,185.50,1791
2014.11.10,00:00,183.60,187.05,178.05,181.60,1601
2014.11.11,00:00,181.50,183.05,178.00,180.90,951
2014.11.12,00:00,180.35,182.05,176.95,179.30,916
2014.11.13,00:00,179.30,182.15,176.80,181.60,841
2014.11.14,00:00,182.00,182.45,178.35,181.20,741
2015.04.29,00:00,193.86,193.86,189.06,189.61,378
2015.04.30,00:00,186.11,186.71,181.61,182.41,823
2015.05.04,00:00,182.31,185.71,182.26,184.83,809
2015.05.05,00:00,184.21,185.08,180.81,180.86,696
2015.05.06,00:00,177.66,179.28,169.18,169.28,591
2015.05.07,00:00,166.85,166.95,160.00,161.25,1175
2015.05.08,00:00,162.20,164.10,156.65,159.35,639
2015.05.11,00:00,161.05,161.30,155.95,158.65,475
2015.05.12,00:00,156.40,157.40,154.25,156.20,421
2015.05.13,00:00,155.50,159.00,154.55,157.00,1278
2015.05.14,00:00,155.20,157.15,153.60,155.55,10361
2015.05.15,00:00,154.00,159.20,152.95,155.90,10403
2015.05.18,00:00,155.90,158.35,154.40,156.25,7569
2015.05.19,00:00,156.40,162.95,154.95,159.25,7157
2015.05.20,00:00,159.90,160.80,154.15,154.15,11637
2015.05.21,00:00,154.15,156.85,152.80,155.20,1234
2015.05.22,00:00,152.65,156.10,152.65,153.30,1101
2015.05.26,00:00,153.30,155.30,150.50,152.90,1274
2015.05.27,00:00,150.50,153.50,149.70,152.25,864
2015.05.28,00:00,154.25,154.25,149.40,150.55,1032
2015.05.29,00:00,151.50,151.85,144.35,145.95,1101
2015.06.01,00:00,147.50,147.90,143.00,143.80,1515
2015.06.02,00:00,146.50,147.20,143.60,145.95,1406
2015.06.03,00:00,147.70,152.45,143.95,152.45,1765
2015.06.04,00:00,149.65,149.85,145.90,146.80,1249
2015.06.05,00:00,144.50,147.30,143.75,145.25,1151
2015.06.08,00:00,146.60,146.60,140.15,141.00,944
2015.06.09,00:00,141.60,144.45,141.00,143.40,723
2015.06.10,00:00,143.20,144.35,141.65,143.85,5955
2015.06.11,00:00,142.80,148.65,142.80,146.85,3937
2015.06.12,00:00,145.20,149.45,145.20,146.60,7927
2015.06.15,00:00,147.65,148.70,143.05,145.95,902
2015.06.16,00:00,144.80,148.10,142.80,146.60,978
2015.06.17,00:00,146.45,147.45,141.50,141.95,1105
2015.06.18,00:00,141.80,148.60,141.10,148.55,1284
2015.06.19,00:00,148.25,148.30,140.95,141.15,1033
2015.06.22,00:00,145.00,145.00,140.10,143.30,1258
2015.06.23,00:00,143.30,145.15,142.10,144.30,769
2015.06.24,00:00,144.45,145.80,140.70,143.30,965
2015.06.25,00:00,143.55,145.05,141.85,143.80,564
2015.06.26,00:00,144.10,146.80,142.50,146.60,1205
2015.06.29,00:00,142.70,146.70,141.30,145.15,1088
2015.06.30,00:00,145.55,145.65,142.45,142.90,1900
2015.07.01,00:00,144.50,148.30,141.65,147.40,1197
2015.07.02,00:00,147.00,149.50,147.00,149.10,772
2015.07.03,00:00,146.20,152.15,146.20,151.40,695
2015.07.06,00:00,151.05,152.45,146.75,150.60,5087
2015.07.07,00:00,151.60,151.90,149.70,151.20,4286
2015.07.08,00:00,149.85,152.45,149.85,152.40,2076
2015.07.09,00:00,150.40,155.40,148.50,154.50,2363
2015.07.10,00:00,155.25,158.10,153.40,157.50,5010
2015.07.13,00:00,157.00,159.05,155.25,158.30,5224
2015.07.14,00:00,157.20,158.60,156.75,158.35,6398
2015.07.15,00:00,158.35,158.50,153.95,155.85,825
2015.07.16,00:00,155.85,159.00,155.75,157.85,1219
2015.07.17,00:00,157.65,158.45,156.15,157.50,5260
2015.07.20,00:00,157.60,159.65,154.85,155.45,5092
2015.07.21,00:00,155.25,156.75,154.10,155.10,5915
2015.07.22,00:00,153.00,153.60,151.85,152.50,3652
2015.07.23,00:00,154.00,154.70,152.60,153.55,4390
2015.07.24,00:00,155.45,164.50,155.15,160.55,2227
2015.07.27,00:00,159.90,162.85,159.90,161.50,6561
2015.07.28,00:00,161.50,163.85,160.75,163.50,3130
2015.07.29,00:00,163.05,166.15,163.05,165.70,3132
2015.07.30,00:00,166.45,169.20,164.85,169.15,2158
2015.07.31,00:00,168.50,173.00,167.60,172.90,2118
2015.08.03,00:00,174.70,175.00,170.75,172.00,2300
2015.08.04,00:00,171.90,174.15,171.10,173.75,1694
2015.08.05,00:00,173.50,179.25,173.25,177.00,6295
2015.08.06,00:00,176.30,178.45,176.25,177.40,5747
2015.08.07,00:00,175.25,178.30,175.05,177.50,5328
2015.08.10,00:00,176.65,178.50,176.25,177.05,7403
2015.08.11,00:00,177.15,178.00,174.00,175.40,5279
2015.08.12,00:00,174.30,178.10,173.30,175.50,8502
2015.08.13,00:00,175.70,177.90,174.90,176.40,8414
2015.08.14,00:00,176.10,182.50,175.35,180.65,5210
2015.08.17,00:00,181.75,183.00,179.60,182.00,4058
2015.08.18,00:00,180.50,181.45,178.80,180.80,4499
2015.08.19,00:00,180.55,182.00,178.55,179.20,6101
2015.08.20,00:00,174.20,177.00,173.60,175.00,9129
2015.08.21,00:00,173.60,182.10,165.30,176.40,10589
2015.08.24,00:00,168.10,172.65,167.80,169.90,8404
2015.08.25,00:00,170.50,178.90,170.50,174.55,5561
2015.08.26,00:00,172.25,172.70,168.65,169.50,6642
2015.08.27,00:00,173.60,179.60,172.00,176.55,7117
2015.08.28,00:00,177.55,178.90,172.35,173.95,4462
2015.08.31,00:00,173.40,178.40,173.20,178.25,5273
2015.09.01,00:00,176.25,177.65,172.35,174.10,7804
2015.09.02,00:00,177.25,179.65,174.00,178.80,7463
2015.09.03,00:00,179.40,183.80,177.80,182.25,4554
2015.09.04,00:00,181.05,181.10,175.30,175.50,6647
2015.09.07,00:00,177.25,177.35,174.35,175.70,7590
2015.09.08,00:00,175.85,179.60,175.70,177.80,6044
2015.09.09,00:00,180.65,181.35,178.35,178.55,7914
2015.09.10,00:00,178.00,178.80,174.05,175.65,6119
2015.09.11,00:00,175.80,176.20,170.35,173.30,6626
2015.09.14,00:00,173.55,179.25,172.15,177.80,9288
2015.09.15,00:00,178.10,182.95,175.50,182.65,8140
2015.09.16,00:00,180.60,187.20,180.55,185.40,9000
2015.09.17,00:00,185.70,186.30,183.10,184.60,7655
2015.09.18,00:00,183.20,186.75,180.40,180.40,2274
2015.09.21,00:00,179.25,183.80,179.25,182.35,2302
2015.09.22,00:00,182.45,182.65,177.25,177.30,9058
2015.09.23,00:00,177.75,181.45,173.05,181.20,2068
2015.09.24,00:00,180.05,180.15,173.55,174.20,2660
2015.09.25,00:00,173.20,177.90,172.95,176.40,4699
2015.09.28,00:00,176.40,177.60,173.25,174.25,3490
2015.09.29,00:00,172.40,182.30,171.70,181.65,4569
2015.09.30,00:00,183.50,186.05,180.85,184.50,3076
2015.10.01,00:00,184.65,186.55,179.40,181.25,2797
2015.10.02,00:00,180.80,184.70,178.90,180.95,3680
2015.10.05,00:00,183.75,187.05,182.70,185.60,1879
2015.10.06,00:00,185.65,190.55,185.45,190.05,1782
2015.10.07,00:00,189.50,193.00,188.00,192.35,2441
2015.10.08,00:00,192.95,193.30,191.10,192.65,2639
2015.10.09,00:00,192.55,193.95,191.75,193.10,2256
2015.10.12,00:00,192.60,193.90,190.95,192.70,1010
2015.10.13,00:00,192.65,193.10,184.55,184.75,2284
2015.10.14,00:00,184.65,188.10,184.15,187.35,1775
2015.10.15,00:00,186.55,192.40,186.55,191.25,1269
