2010.06.10,00:00,35.50,35.78,35.48,35.77,175
2010.06.11,00:00,35.32,35.98,35.28,35.98,7737
2010.06.14,00:00,36.88,36.91,36.65,36.78,6650
2010.06.15,00:00,36.73,37.24,36.59,37.24,3525
2010.06.16,00:00,37.47,38.12,37.33,37.90,11966
2010.06.17,00:00,38.06,38.07,37.21,37.34,13680
2010.06.23,00:00,36.53,36.53,35.75,36.10,16242
2010.06.24,00:00,35.88,35.97,34.92,35.02,12656
2010.06.25,00:00,35.52,35.59,35.37,35.45,3218
2010.06.28,00:00,35.43,35.52,34.93,35.33,10098
2010.06.29,00:00,34.12,34.14,33.23,33.51,3236
2010.06.30,00:00,33.12,33.20,33.12,33.16,628
2010.07.01,00:00,32.03,32.17,31.99,32.08,1628
2010.07.06,00:00,31.88,31.89,31.56,31.74,2854
2010.07.07,00:00,32.21,33.66,32.17,33.65,10056
2010.07.08,00:00,34.63,34.83,34.08,34.18,10404
2010.07.09,00:00,34.75,35.23,34.61,35.23,7760
2010.07.12,00:00,35.03,35.42,34.75,35.22,8440
2010.07.13,00:00,36.07,36.56,35.97,36.55,8502
2010.07.14,00:00,36.17,36.56,35.94,36.07,10470
2010.07.15,00:00,36.36,36.40,35.53,35.77,12158
2010.07.16,00:00,36.00,36.05,34.45,34.52,11998
2010.07.19,00:00,34.66,35.00,34.24,34.95,7146
2010.07.20,00:00,34.14,35.56,33.98,35.52,3520
2010.07.21,00:00,35.93,35.96,34.38,34.71,14500
2010.07.22,00:00,35.46,36.41,35.46,36.35,9720
2010.07.23,00:00,36.05,36.91,35.85,36.72,15298
2010.07.26,00:00,36.95,37.53,36.75,37.42,8250
2010.07.28,00:00,37.47,37.48,36.84,36.92,3654
2010.07.29,00:00,37.55,37.75,36.15,37.09,11770
2010.07.30,00:00,35.98,36.88,35.86,36.78,12694
2010.08.04,00:00,38.15,38.60,37.96,38.50,5014
2010.08.05,00:00,38.02,38.45,37.91,38.39,5270
2010.08.06,00:00,37.66,38.23,37.11,38.10,11282
2010.08.09,00:00,38.47,38.64,38.06,38.53,4834
2010.08.10,00:00,37.85,38.50,37.41,38.10,12408
2010.08.11,00:00,36.93,36.93,35.90,36.01,9656
2010.08.12,00:00,34.91,35.81,34.89,35.57,9424
2010.08.13,00:00,35.32,35.77,35.27,35.32,7056
2010.08.16,00:00,34.87,35.53,34.61,35.31,7546
2010.08.17,00:00,35.92,36.69,35.72,36.18,5776
2010.08.18,00:00,36.14,36.69,35.74,36.30,7390
2010.08.19,00:00,35.92,36.10,34.76,35.07,9346
2010.08.20,00:00,34.81,34.93,34.31,34.80,7072
2010.08.23,00:00,34.87,35.07,34.52,34.55,2476
2010.08.24,00:00,33.79,34.07,33.17,33.51,11642
2010.08.25,00:00,33.14,34.01,32.73,33.77,10506
2010.08.26,00:00,34.07,34.17,33.10,33.24,9672
2010.08.27,00:00,33.72,34.40,32.73,34.34,13352
2010.08.30,00:00,34.16,34.38,33.35,33.35,7148
2010.08.31,00:00,33.10,33.77,32.84,33.33,12456
2010.09.01,00:00,34.25,35.43,34.21,35.34,8182
2010.09.02,00:00,35.50,35.99,35.36,35.97,5922
2010.09.03,00:00,36.71,37.01,36.32,36.97,7054
2010.09.07,00:00,36.59,36.67,36.05,36.12,9261
2010.09.08,00:00,36.16,36.89,35.80,36.69,9300
2010.09.09,00:00,36.72,37.49,36.53,36.76,10594
2010.09.10,00:00,36.81,37.40,36.75,37.35,7209
2010.09.13,00:00,38.06,38.29,37.76,38.14,4246
2010.09.14,00:00,37.99,38.53,37.72,38.09,7032
2010.09.15,00:00,37.89,38.47,37.65,38.38,6844
2010.09.16,00:00,38.14,38.40,37.89,38.37,6708
2010.09.17,00:00,38.77,38.84,38.20,38.41,6824
2010.09.20,00:00,38.67,39.73,38.48,39.56,5088
2010.09.21,00:00,39.53,39.89,39.01,39.30,9860
2010.09.22,00:00,39.17,39.61,38.71,38.92,9026
2010.09.23,00:00,38.26,39.07,38.06,38.25,8200
2010.09.24,00:00,39.12,39.88,39.05,39.84,6356
2010.09.27,00:00,39.82,39.95,39.39,39.46,6540
2010.09.28,00:00,39.51,39.98,38.72,39.77,10838
2010.09.29,00:00,39.52,39.90,39.28,39.57,8508
2010.09.30,00:00,40.07,40.50,38.99,39.34,15866
2010.10.01,00:00,39.95,40.03,39.22,39.67,10696
2010.10.04,00:00,39.55,39.84,38.70,39.07,8636
2010.10.05,00:00,39.84,40.85,39.71,40.63,8720
2010.10.06,00:00,40.63,40.86,40.33,40.66,7652
2010.10.07,00:00,40.97,40.99,40.07,40.55,7426
2010.10.08,00:00,40.57,41.23,40.36,41.01,7458
2010.10.11,00:00,41.18,41.30,40.80,41.07,5372
2010.10.12,00:00,40.79,41.57,40.39,41.35,8340
2010.10.13,00:00,41.79,42.42,41.61,41.96,7594
2010.10.14,00:00,41.87,42.03,41.13,41.67,11142
2010.10.15,00:00,42.26,42.28,41.16,41.83,13754
2010.10.18,00:00,41.85,42.49,41.68,42.42,7258
2010.10.19,00:00,41.31,41.91,40.61,41.10,15998
2010.10.20,00:00,41.23,42.30,41.22,41.91,10378
2010.10.21,00:00,42.23,42.75,41.44,42.08,12602
2010.10.22,00:00,42.15,42.37,42.00,42.28,5488
2010.10.25,00:00,42.80,43.25,42.43,42.49,7952
2010.10.26,00:00,42.01,42.60,41.90,42.48,7520
2010.10.27,00:00,41.88,42.35,41.47,42.26,8980
2010.10.28,00:00,42.72,42.79,41.88,42.32,9274
2010.10.29,00:00,42.16,42.50,42.04,42.32,7076
2010.11.01,00:00,42.80,43.23,41.89,42.38,6422
2010.11.02,00:00,43.11,43.22,42.77,43.03,4172
2010.11.03,00:00,43.16,43.43,42.30,43.38,15094
2010.11.04,00:00,44.28,45.09,44.24,45.05,7648
2010.11.05,00:00,45.08,45.54,45.00,45.41,5021
2010.11.08,00:00,45.09,45.36,44.81,45.24,6470
2010.11.09,00:00,45.43,45.55,44.20,44.57,8434
2010.11.10,00:00,44.55,44.97,43.88,44.92,10348
2010.11.11,00:00,44.15,44.72,43.89,44.58,8040
2010.11.12,00:00,43.96,44.37,43.12,43.52,12624
2010.11.15,00:00,43.85,44.13,43.36,43.40,6908
2010.11.16,00:00,42.87,43.00,41.64,42.05,15236
2010.11.17,00:00,42.10,42.42,41.83,42.07,8002
2010.11.18,00:00,42.92,43.62,42.89,43.33,6022
2010.11.19,00:00,43.24,43.59,42.81,43.57,5214
2010.11.22,00:00,43.12,43.51,42.46,43.44,9026
2010.11.23,00:00,42.46,42.63,41.89,42.21,11190
2010.11.24,00:00,42.81,43.48,42.79,43.46,5948
2010.11.26,00:00,42.73,43.19,42.63,42.81,3198
2010.11.29,00:00,42.25,42.93,41.70,42.73,10010
2010.11.30,00:00,41.88,42.72,41.75,42.21,10448
2010.12.01,00:00,43.47,44.16,43.44,44.01,8430
2010.12.02,00:00,44.16,45.21,44.12,45.14,7488
2010.12.03,00:00,44.82,45.48,44.81,45.39,6824
2010.12.06,00:00,45.20,45.50,45.10,45.28,5198
2010.12.07,00:00,46.22,46.22,45.30,45.34,10306
2010.12.08,00:00,45.44,45.76,45.05,45.66,6912
2010.12.09,00:00,46.14,46.22,45.60,46.05,5956
2010.12.10,00:00,46.29,46.66,46.01,46.58,5194
2010.12.13,00:00,46.97,47.12,46.60,46.62,5994
2010.12.14,00:00,46.78,47.13,46.43,46.70,6290
2010.12.15,00:00,46.57,46.91,46.13,46.27,6340
2010.12.16,00:00,46.37,46.88,46.03,46.79,5648
2010.12.17,00:00,46.75,47.03,46.56,46.92,4086
2010.12.20,00:00,47.16,47.35,46.68,47.12,4890
2010.12.21,00:00,47.44,47.78,47.34,47.69,3460
2010.12.22,00:00,47.77,48.05,47.74,48.02,2852
2010.12.23,00:00,47.92,48.01,47.64,47.87,2494
2010.12.27,00:00,47.51,48.00,47.45,47.93,2284
2010.12.28,00:00,48.11,48.12,47.81,48.00,2102
2010.12.29,00:00,48.16,48.32,48.09,48.11,1840
2010.12.30,00:00,48.03,48.21,47.82,47.99,2768
2010.12.31,00:00,47.79,48.06,47.66,47.94,1374
2011.01.03,00:00,48.72,49.37,48.69,48.95,4488
2011.01.04,00:00,49.18,49.21,48.30,48.86,5438
2011.01.05,00:00,48.58,49.48,48.49,49.38,5046
2011.01.06,00:00,49.43,49.54,48.93,49.18,5564
2011.01.07,00:00,49.31,49.51,48.27,49.01,8434
2011.01.10,00:00,48.60,49.03,48.29,48.89,7746
2011.01.11,00:00,49.27,49.48,48.87,49.24,5848
2011.01.12,00:00,49.86,50.24,49.66,50.14,5516
2011.01.13,00:00,50.15,50.21,49.72,49.99,5370
2011.01.14,00:00,49.83,50.71,49.80,50.67,5474
2011.01.18,00:00,50.61,50.94,50.48,50.87,4976
2011.01.19,00:00,50.79,50.83,49.60,49.85,8310
2011.01.20,00:00,49.66,49.95,48.98,49.72,10506
2011.01.21,00:00,50.31,50.56,49.83,49.94,6160
2011.01.24,00:00,49.91,50.63,49.86,50.53,5870
2011.01.25,00:00,50.22,50.59,49.74,50.54,8676
2011.01.26,00:00,50.82,51.24,50.61,50.96,8414
2011.01.27,00:00,50.97,51.36,50.79,51.20,5922
2011.01.28,00:00,51.31,51.47,49.25,49.39,15866
2011.01.31,00:00,49.71,50.22,49.44,50.12,8612
2011.02.01,00:00,50.76,51.93,50.70,51.76,7654
2011.02.02,00:00,51.50,51.83,51.43,51.54,6100
2011.02.03,00:00,51.38,51.93,50.82,51.78,8118
2011.02.04,00:00,51.81,52.11,51.35,52.06,6744
2011.02.07,00:00,52.33,53.06,52.29,52.72,5690
2011.02.08,00:00,52.80,53.26,52.57,53.21,5770
2011.02.09,00:00,52.93,53.25,52.44,52.95,7142
2011.02.10,00:00,52.40,53.01,52.19,52.95,7708
2011.02.11,00:00,52.65,53.77,52.55,53.63,7446
2011.02.14,00:00,53.57,53.96,53.45,53.87,4314
2011.02.15,00:00,53.57,53.71,53.27,53.55,5500
2011.02.16,00:00,53.93,54.34,53.69,54.20,7890
2011.02.17,00:00,53.87,54.67,53.81,54.54,5582
2011.02.18,00:00,54.61,54.88,54.37,54.78,5378
2011.02.22,00:00,53.61,54.21,52.27,52.55,13184
2011.02.23,00:00,52.46,52.74,51.24,51.94,15344
2011.02.24,00:00,51.80,52.24,50.85,51.82,16304
2011.02.25,00:00,52.26,53.01,52.21,52.93,8004
2011.02.28,00:00,53.30,53.73,52.99,53.60,8546
2011.03.01,00:00,53.97,54.00,51.80,51.80,15762
2011.03.02,00:00,51.67,52.51,51.53,52.01,13708
2011.03.03,00:00,52.97,53.93,52.96,53.79,9612
2011.03.04,00:00,53.75,53.75,52.31,53.00,14150
2011.03.07,00:00,53.29,53.56,51.61,52.16,17422
2011.03.08,00:00,52.31,53.40,51.87,53.06,10314
2011.03.09,00:00,52.83,53.23,52.28,52.92,12924
2011.03.10,00:00,51.75,51.80,50.85,50.96,18788
2011.03.11,00:00,50.65,52.02,50.64,51.68,14768
2011.03.14,00:00,51.02,51.36,50.27,51.06,17102
2011.03.15,00:00,48.34,50.46,48.25,49.93,24509
2011.03.16,00:00,49.54,49.87,47.33,48.02,39005
2011.03.17,00:00,49.33,49.66,48.69,49.21,17450
2011.03.18,00:00,50.44,50.46,49.44,49.64,16682
2011.03.21,00:00,50.89,51.36,50.73,51.15,8418
2011.03.22,00:00,51.19,51.25,50.70,50.80,8564
2011.03.23,00:00,50.41,51.23,49.92,50.97,9286
2011.03.24,00:00,51.56,52.09,50.98,51.94,8526
2011.03.25,00:00,52.18,52.71,51.99,52.25,8492
2011.03.28,00:00,52.48,52.76,51.98,52.01,6424
2011.03.29,00:00,51.94,52.72,51.59,52.69,6832
2011.03.30,00:00,53.22,53.72,53.10,53.42,6782
2011.03.31,00:00,53.34,53.57,53.17,53.27,6186
2011.04.01,00:00,53.95,54.22,53.48,53.72,7620
2011.04.04,00:00,53.97,54.14,53.51,53.80,5880
2011.04.05,00:00,53.60,54.26,53.55,53.79,7152
2011.04.06,00:00,54.30,54.39,53.70,54.09,6956
2011.04.07,00:00,53.92,54.35,53.34,53.89,12024
2011.04.08,00:00,54.29,54.39,53.04,53.48,8956
2011.04.11,00:00,53.61,53.93,52.89,53.16,8660
2011.04.12,00:00,52.53,52.75,51.97,52.35,11436
2011.04.13,00:00,52.86,52.92,51.94,52.33,10506
2011.04.14,00:00,51.75,52.57,51.39,52.42,10620
2011.04.15,00:00,52.59,53.05,52.30,52.81,7296
2011.04.18,00:00,51.63,51.81,50.77,51.62,17074
2011.04.19,00:00,51.77,52.23,51.51,52.18,8190
2011.04.20,00:00,53.43,53.84,53.37,53.63,8788
2011.04.21,00:00,54.12,54.21,53.81,54.16,5842
2011.04.22,00:00,54.29,54.29,54.29,54.29,1
2011.04.25,00:00,54.08,54.21,53.70,54.03,5320
2011.04.26,00:00,54.37,55.18,54.26,54.97,6410
2011.04.27,00:00,55.20,55.85,54.74,55.68,8760
2011.04.28,00:00,55.50,56.22,55.48,56.05,6378
2011.04.29,00:00,56.09,56.43,55.96,56.32,5274
2011.05.02,00:00,56.86,56.93,55.91,56.14,4386
2011.05.03,00:00,55.92,56.11,55.16,55.73,4733
2011.05.04,00:00,55.69,55.73,54.50,55.00,5773
2011.05.05,00:00,54.39,55.08,53.50,54.02,8239
2011.05.06,00:00,55.12,55.61,54.05,54.43,14729
2011.05.09,00:00,54.48,55.21,54.29,54.92,4003
2011.05.10,00:00,55.26,56.02,55.13,55.84,3713
2011.05.11,00:00,55.65,55.66,54.14,54.66,6699
2011.05.12,00:00,54.37,55.39,53.80,55.18,6308
2011.05.13,00:00,55.28,55.37,53.93,54.31,6677
2011.05.16,00:00,53.93,54.75,53.44,53.63,6328
2011.05.17,00:00,53.23,53.74,52.75,53.62,10415
2011.05.18,00:00,53.67,54.67,53.43,54.55,4910
2011.05.19,00:00,54.90,55.09,54.22,54.81,4858
2011.05.20,00:00,54.54,54.68,53.74,53.95,5973
2011.05.23,00:00,52.59,53.01,52.32,52.69,5959
2011.05.24,00:00,52.94,53.21,52.39,52.60,4835
2011.05.25,00:00,52.23,53.38,52.17,52.94,4700
2011.05.26,00:00,52.64,53.61,52.45,53.40,5104
2011.05.27,00:00,53.73,54.11,53.57,53.83,3296
2011.05.31,00:00,54.83,54.95,54.10,54.95,3908
2011.06.01,00:00,54.63,54.70,52.39,52.46,7240
2011.06.02,00:00,52.54,52.76,51.74,52.34,7189
2011.06.03,00:00,51.10,52.11,51.06,51.33,6458
2011.06.06,00:00,51.11,51.26,50.10,50.23,5571
2011.06.07,00:00,50.65,51.02,50.08,50.15,4839
2011.06.08,00:00,50.00,50.32,49.54,49.71,6835
2011.06.09,00:00,49.99,50.88,49.76,50.46,4179
2011.06.10,00:00,50.05,50.11,48.82,49.04,7634
2011.06.13,00:00,49.29,49.56,48.65,49.14,5694
2011.06.14,00:00,50.05,50.75,50.02,50.39,4390
2011.06.15,00:00,49.57,49.87,48.35,48.61,8910
2011.06.16,00:00,48.67,49.33,48.07,48.80,8763
2011.06.17,00:00,49.76,49.79,48.77,49.12,6071
2011.06.20,00:00,48.77,49.81,48.75,49.62,4478
2011.06.21,00:00,50.08,51.16,49.98,50.95,4747
2011.06.22,00:00,50.60,51.20,50.25,50.31,5105
2011.06.23,00:00,49.08,50.07,48.36,50.04,10719
2011.06.24,00:00,50.03,50.07,48.72,48.88,7026
2011.06.27,00:00,48.94,50.11,48.74,49.73,4997
2011.06.28,00:00,50.10,51.01,49.98,51.00,4150
2011.06.29,00:00,51.43,52.04,51.08,51.89,5914
2011.06.30,00:00,52.21,53.03,52.09,52.87,4413
2011.07.01,00:00,52.88,54.56,52.71,54.41,5253
2011.07.05,00:00,54.32,54.56,54.00,54.33,4458
2011.07.06,00:00,54.09,54.60,53.77,54.47,4638
2011.07.07,00:00,55.40,55.87,55.21,55.61,3684
2011.07.08,00:00,54.34,54.84,54.00,54.82,5211
2011.07.11,00:00,53.46,53.81,52.59,52.85,5945
2011.07.12,00:00,52.61,53.47,52.33,52.38,6867
2011.07.13,00:00,52.95,53.81,52.47,52.71,6290
2011.07.14,00:00,52.98,53.46,51.79,51.99,8945
2011.07.15,00:00,52.55,52.73,51.87,52.59,6861
2011.07.18,00:00,52.08,52.24,50.95,51.73,6754
2011.07.19,00:00,52.30,53.51,52.28,53.38,5500
2011.07.20,00:00,53.67,53.74,53.15,53.35,4151
2011.07.21,00:00,53.91,55.07,53.72,54.79,6477
2011.07.22,00:00,54.80,55.00,54.22,54.87,4089
2011.07.25,00:00,53.83,54.80,53.72,54.26,4715
2011.07.26,00:00,54.19,54.37,53.62,53.87,4880
2011.07.27,00:00,53.26,53.27,51.52,51.68,7944
2011.07.28,00:00,51.64,52.57,51.19,51.33,6254
2011.07.29,00:00,50.28,51.61,49.88,50.66,9887
2011.08.01,00:00,51.83,51.92,49.24,50.21,12485
2011.08.02,00:00,49.49,49.99,47.65,47.67,12308
2011.08.03,00:00,47.75,48.26,46.14,48.18,16056
2011.08.04,00:00,46.84,46.97,43.49,43.58,23838
2011.08.05,00:00,44.65,44.94,41.18,43.47,32577
2011.08.08,00:00,41.14,42.23,37.71,37.84,34266
2011.08.09,00:00,39.04,41.34,36.45,41.29,23758
2011.08.10,00:00,39.74,40.47,37.43,37.68,34039
2011.08.11,00:00,38.31,42.11,38.03,41.01,24998
2011.08.12,00:00,41.81,42.36,41.01,41.60,15326
2011.08.15,00:00,42.33,43.42,42.21,43.38,10405
2011.08.16,00:00,42.47,43.40,41.68,42.58,15206
2011.08.17,00:00,43.08,43.75,41.99,42.67,10685
2011.08.18,00:00,40.41,40.50,38.19,39.01,17079
2011.08.19,00:00,37.91,39.90,37.59,37.73,13320
2011.08.22,00:00,39.39,39.41,37.54,37.76,14539
2011.08.23,00:00,38.04,40.30,37.65,40.27,15102
2011.08.24,00:00,40.07,41.47,39.88,41.38,14605
2011.08.25,00:00,41.85,42.30,39.81,40.13,17209
2011.08.26,00:00,39.69,41.63,38.43,41.28,16625
2011.08.29,00:00,42.37,43.70,42.32,43.66,7987
2011.08.30,00:00,43.28,44.43,42.63,43.85,12436
2011.08.31,00:00,44.43,45.19,43.60,44.31,12239
2011.09.01,00:00,44.32,45.10,43.23,43.32,11948
2011.09.02,00:00,41.56,41.99,40.81,41.09,10792
2011.09.06,00:00,38.70,40.63,38.70,40.50,12273
2011.09.07,00:00,41.76,42.83,41.46,42.78,7597
2011.09.08,00:00,42.25,43.25,41.70,41.89,10689
2011.09.09,00:00,40.95,41.24,39.24,39.68,16399
2011.09.12,00:00,38.70,40.27,38.41,40.23,14361
2011.09.13,00:00,40.42,41.25,39.89,40.93,13487
2011.09.14,00:00,41.36,43.05,40.23,42.09,13016
2011.09.15,00:00,42.95,43.56,42.23,43.56,10630
2011.09.16,00:00,43.89,44.36,43.19,44.04,9627
2011.09.19,00:00,42.60,43.62,42.02,43.18,11252
2011.09.20,00:00,43.55,44.38,42.96,43.07,9937
2011.09.21,00:00,43.04,43.29,40.39,40.39,15745
2011.09.22,00:00,38.13,38.77,36.78,37.87,24180
2011.09.23,00:00,37.36,38.72,37.28,38.25,16185
2011.09.26,00:00,39.03,40.21,37.92,40.09,15254
2011.09.27,00:00,41.70,42.39,40.52,40.99,12155
2011.09.28,00:00,41.17,41.66,39.21,39.24,13580
2011.09.29,00:00,40.66,41.02,38.51,39.93,16384
2011.09.30,00:00,38.86,39.53,37.90,37.90,14841
2011.10.03,00:00,37.50,38.47,35.74,35.75,19402
2011.10.04,00:00,34.75,37.50,34.16,37.35,24868
2011.10.05,00:00,37.51,38.92,36.84,38.72,15991
2011.10.06,00:00,38.69,40.23,38.11,40.12,14931
2011.10.07,00:00,40.59,40.64,39.14,39.55,16207
2011.10.10,00:00,40.92,42.24,40.92,42.23,7360
2011.10.11,00:00,41.74,42.56,41.66,42.30,9366
2011.10.12,00:00,42.99,44.04,42.77,43.06,10421
2011.10.13,00:00,42.54,43.15,41.89,42.85,10387
2011.10.14,00:00,43.91,44.38,43.41,44.37,7412
2011.10.17,00:00,43.93,44.00,42.45,42.64,8796
2011.10.18,00:00,42.61,44.98,41.94,44.36,12345
2011.10.19,00:00,44.19,44.68,42.99,43.26,10909
2011.10.20,00:00,43.52,43.97,42.34,43.61,14302
2011.10.21,00:00,44.67,45.42,44.42,45.30,8602
2011.10.24,00:00,45.43,46.66,45.38,46.46,7666
2011.10.25,00:00,46.01,46.01,44.43,44.65,11548
2011.10.26,00:00,45.59,45.87,44.02,45.51,12858
2011.10.27,00:00,47.99,49.27,47.23,48.67,11434
2011.10.28,00:00,48.26,48.87,48.07,48.67,7990
2011.10.31,00:00,47.58,47.66,46.25,46.25,18088
2011.11.01,00:00,43.75,44.85,43.40,43.72,38536
2011.11.02,00:00,45.08,45.46,44.30,45.12,22428
2011.11.03,00:00,46.17,46.98,44.87,46.79,25398
2011.11.04,00:00,46.06,46.39,45.15,46.24,19154
2011.11.07,00:00,46.17,46.89,45.30,46.81,10014
2011.11.08,00:00,47.29,48.10,46.40,47.94,10382
2011.11.09,00:00,45.78,46.20,44.26,44.50,13541
2011.11.10,00:00,45.65,45.73,44.35,45.23,11044
2011.11.11,00:00,46.38,47.23,46.36,47.00,6105
2011.11.14,00:00,46.65,46.77,45.71,46.13,7456
2011.11.15,00:00,45.92,47.05,45.56,46.58,7508
2011.11.16,00:00,45.64,46.75,44.94,45.10,9092
2011.11.17,00:00,44.94,45.14,43.01,43.66,13272
2011.11.18,00:00,43.89,44.09,43.18,43.55,7957
2011.11.21,00:00,42.26,42.36,41.17,41.89,9259
2011.11.22,00:00,41.70,42.17,41.07,41.53,8289
2011.11.23,00:00,40.75,40.84,39.71,39.73,8809
2011.11.25,00:00,39.56,40.47,39.53,39.53,4455
2011.11.28,00:00,41.69,42.16,41.22,41.83,5803
2011.11.29,00:00,42.05,42.64,41.76,42.04,6767
2011.11.30,00:00,44.48,45.69,44.29,45.59,6868
2011.12.01,00:00,45.44,46.02,45.13,45.51,6003
2011.12.02,00:00,46.39,46.65,45.38,45.44,6844
2011.12.05,00:00,46.88,47.13,45.88,46.41,6909
2011.12.06,00:00,46.43,47.09,46.12,46.50,6034
2011.12.07,00:00,46.15,47.19,45.52,46.75,6916
2011.12.08,00:00,46.21,46.40,44.54,44.81,9559
2011.12.09,00:00,45.16,46.51,45.08,46.24,6305
2011.12.12,00:00,45.45,45.47,44.16,44.92,6632
2011.12.13,00:00,45.41,45.90,43.64,44.09,8054
2011.12.14,00:00,43.72,44.04,42.92,43.13,7828
2011.12.15,00:00,44.03,44.16,43.31,43.45,5618
2011.12.16,00:00,44.02,44.52,43.35,43.61,6279
2011.12.19,00:00,43.88,44.07,42.44,42.66,5569
2011.12.20,00:00,43.97,45.34,43.97,45.20,4892
2011.12.21,00:00,45.16,45.51,44.34,45.39,5739
2011.12.22,00:00,45.68,46.26,45.50,46.19,4112
2011.12.23,00:00,46.47,47.01,46.28,46.98,2613
2011.12.27,00:00,46.82,47.31,46.74,47.02,2559
2011.12.28,00:00,47.08,47.08,45.74,45.91,4040
2011.12.29,00:00,46.13,46.86,46.08,46.78,2920
2011.12.30,00:00,46.71,46.91,46.36,46.36,1882
2012.01.03,00:00,47.96,48.43,47.72,47.83,4125
2012.01.04,00:00,47.56,48.02,47.19,47.90,3659
2012.01.05,00:00,47.45,48.33,46.98,48.20,4715
2012.01.06,00:00,48.31,48.31,47.62,47.99,4464
2012.01.09,00:00,48.15,48.28,47.71,48.14,3300
2012.01.10,00:00,49.19,49.38,48.86,49.01,3563
2012.01.11,00:00,48.68,49.17,48.52,49.07,3046
2012.01.12,00:00,49.29,49.42,48.54,49.27,3417
2012.01.13,00:00,48.60,48.84,47.91,48.84,4715
2012.01.17,00:00,49.69,49.87,48.92,49.12,3094
2012.01.18,00:00,49.09,50.27,48.94,50.21,3350
2012.01.19,00:00,50.54,50.84,50.25,50.77,2754
2012.01.20,00:00,50.58,50.82,50.33,50.82,2380
2012.01.23,00:00,50.80,51.36,50.38,50.86,3244
2012.01.24,00:00,50.24,50.78,50.08,50.76,2707
2012.01.25,00:00,50.59,51.84,50.21,51.62,4458
2012.01.26,00:00,52.07,52.24,50.66,51.07,4003
2012.01.27,00:00,50.54,51.20,50.52,50.93,3665
2012.01.30,00:00,50.02,50.72,49.64,50.62,3318
2012.01.31,00:00,51.18,51.29,50.13,50.58,3687
2012.02.01,00:00,51.40,52.01,51.24,51.45,3545
2012.02.02,00:00,51.70,51.93,51.31,51.63,2539
2012.02.03,00:00,52.72,53.17,52.51,53.12,2619
2012.02.06,00:00,52.69,53.08,52.56,53.05,2141
2012.02.07,00:00,52.83,53.49,52.41,53.29,2904
2012.02.08,00:00,53.38,53.64,52.92,53.58,3004
2012.02.09,00:00,53.79,53.94,53.13,53.75,3356
2012.02.10,00:00,52.77,53.05,52.55,52.95,4116
2012.02.13,00:00,53.71,53.87,53.26,53.72,2489
2012.02.14,00:00,53.42,53.68,52.87,53.67,3669
2012.02.15,00:00,53.99,54.13,52.90,53.12,4344
2012.02.16,00:00,53.13,54.37,52.94,54.28,3334
2012.02.17,00:00,54.68,54.70,54.21,54.53,2163
2012.02.21,00:00,54.83,55.08,54.29,54.61,2380
2012.02.22,00:00,54.44,54.68,54.07,54.25,2859
2012.02.23,00:00,54.19,54.81,53.83,54.74,3004
2012.02.24,00:00,54.98,55.19,54.74,54.93,2119
2012.02.27,00:00,54.25,55.45,54.07,55.11,2998
2012.02.28,00:00,55.20,55.56,54.98,55.47,3095
2012.02.29,00:00,55.63,55.98,54.81,54.93,4397
2012.03.01,00:00,55.26,55.83,55.13,55.64,4232
2012.03.02,00:00,55.58,55.69,55.03,55.27,3059
2012.03.05,00:00,55.12,55.18,54.45,54.84,3368
2012.03.06,00:00,53.70,53.76,52.89,53.17,4626
2012.03.07,00:00,53.47,54.12,53.34,53.97,2708
2012.03.08,00:00,54.59,55.24,54.37,55.00,2288
2012.03.09,00:00,55.25,55.73,55.09,55.43,2410
2012.03.12,00:00,55.42,55.59,55.06,55.43,4538
2012.03.13,00:00,56.05,57.50,55.85,57.47,6634
2012.03.14,00:00,57.49,57.77,56.98,57.35,5930
2012.03.15,00:00,57.51,58.04,57.20,57.97,5992
2012.03.16,00:00,58.20,58.29,57.92,58.16,4750
2012.03.19,00:00,58.09,58.97,58.00,58.62,4260
2012.03.20,00:00,57.92,58.41,57.60,58.25,5704
2012.03.21,00:00,58.16,58.30,57.71,57.93,4818
2012.03.22,00:00,57.06,57.38,56.72,57.09,7350
2012.03.23,00:00,57.21,57.59,56.56,57.45,5688
2012.03.26,00:00,58.26,59.03,58.23,59.03,2233
2012.03.27,00:00,59.19,59.26,58.63,58.69,3006
2012.03.28,00:00,58.65,58.82,57.42,58.13,4019
2012.03.29,00:00,57.42,58.07,56.97,57.91,4019
2012.03.30,00:00,58.52,58.59,57.77,58.34,2933
2012.04.02,00:00,58.24,59.55,58.02,59.21,3273
2012.04.03,00:00,59.06,59.27,58.06,58.76,5262
2012.04.04,00:00,57.83,57.99,57.16,57.59,4912
2012.04.05,00:00,57.20,57.87,57.10,57.53,2789
2012.04.09,00:00,56.06,56.69,55.92,56.26,3019
2012.04.10,00:00,55.94,56.33,54.23,54.34,6311
2012.04.11,00:00,55.44,55.64,55.02,55.15,3721
2012.04.12,00:00,55.32,56.73,55.24,56.68,3009
2012.04.13,00:00,56.39,56.41,55.20,55.28,4082
2012.04.16,00:00,55.87,56.01,54.86,55.17,4483
2012.04.17,00:00,55.87,57.08,55.74,56.90,3143
2012.04.18,00:00,56.36,56.85,56.28,56.46,3474
2012.04.19,00:00,56.47,56.91,55.22,55.78,6473
2012.04.20,00:00,56.23,56.64,55.88,55.90,3712
2012.04.23,00:00,54.75,55.08,54.30,54.95,4023
2012.04.24,00:00,55.10,55.68,54.99,55.40,3285
2012.04.25,00:00,56.49,56.96,56.39,56.91,4135
2012.04.26,00:00,56.67,57.84,56.61,57.69,3112
2012.04.27,00:00,58.06,58.22,57.42,57.92,2744
2012.04.30,00:00,57.66,57.75,57.15,57.43,2763
2012.05.01,00:00,57.42,58.93,57.27,58.16,3230
2012.05.02,00:00,57.47,57.93,57.10,57.82,3445
2012.05.03,00:00,57.85,57.93,56.72,56.97,3620
2012.05.04,00:00,56.36,56.44,55.04,55.12,4963
2012.05.07,00:00,54.68,55.54,54.67,55.22,3316
2012.05.08,00:00,54.50,54.90,53.42,54.71,5646
2012.05.09,00:00,53.56,54.76,53.07,54.05,6886
2012.05.10,00:00,54.86,54.96,54.05,54.32,3636
2012.05.11,00:00,53.62,54.98,53.57,53.91,3875
2012.05.14,00:00,52.92,53.50,52.61,52.79,3959
2012.05.15,00:00,52.69,53.31,51.99,52.20,4688
2012.05.16,00:00,52.65,53.10,51.74,51.77,4676
2012.05.17,00:00,51.79,51.90,50.18,50.19,5983
2012.05.18,00:00,50.60,50.78,49.20,49.44,5102
2012.05.21,00:00,49.67,51.08,49.51,51.03,3834
2012.05.22,00:00,51.32,52.02,50.56,51.12,3936
2012.05.23,00:00,50.49,51.42,49.51,51.25,5543
2012.05.24,00:00,51.59,51.71,50.61,51.44,4732
2012.05.25,00:00,51.42,51.72,50.89,51.17,3101
2012.05.28,00:00,51.03,51.03,51.03,51.03,1
2012.05.29,00:00,51.99,52.54,51.62,52.37,4153
2012.05.30,00:00,51.47,51.53,50.63,50.85,3654
2012.05.31,00:00,50.80,51.39,49.74,50.68,4684
2012.06.01,00:00,49.04,49.37,48.08,48.11,6513
2012.06.04,00:00,48.24,48.50,47.30,48.11,4809
2012.06.05,00:00,47.83,48.88,47.78,48.70,3929
2012.06.06,00:00,49.43,50.98,49.40,50.95,3728
2012.06.07,00:00,52.09,52.14,50.78,50.97,4694
2012.06.08,00:00,50.74,51.82,50.40,51.79,3556
2012.06.11,00:00,52.65,52.71,50.39,50.51,5086
2012.06.12,00:00,50.78,51.70,50.29,51.65,4667
2012.06.13,00:00,51.34,51.99,50.63,50.98,3734
2012.06.14,00:00,51.17,52.47,50.92,52.10,4648
2012.06.15,00:00,52.55,53.21,52.33,53.09,2898
2012.06.18,00:00,52.68,53.60,52.46,53.33,3587
2012.06.19,00:00,53.89,54.80,53.76,54.38,3372
2012.06.20,00:00,54.31,54.60,53.32,54.13,5243
2012.06.21,00:00,54.26,54.36,51.61,51.71,5743
2012.06.22,00:00,52.24,52.69,51.84,52.50,2970
2012.06.25,00:00,51.39,51.41,50.44,50.80,3959
2012.06.26,00:00,51.10,51.63,50.51,51.31,3592
2012.06.27,00:00,51.66,52.43,51.57,52.23,2844
2012.06.28,00:00,51.53,52.09,50.77,51.96,4534
2012.06.29,00:00,53.86,54.59,53.56,54.59,3586
2012.07.02,00:00,54.82,54.96,54.05,54.82,3683
2012.07.03,00:00,54.83,55.66,54.72,55.59,1952
2012.07.05,00:00,55.22,55.58,54.67,55.09,2845
2012.07.06,00:00,54.02,54.25,53.51,54.04,3761
2012.07.09,00:00,53.95,54.07,53.39,53.87,2910
2012.07.10,00:00,54.47,54.61,52.57,52.97,3786
2012.07.11,00:00,53.01,53.30,52.35,52.96,5025
2012.07.12,00:00,52.34,52.90,51.72,52.49,4219
2012.07.13,00:00,52.72,54.30,52.70,54.15,2739
2012.07.16,00:00,53.93,54.26,53.52,53.93,2911
2012.07.17,00:00,54.41,54.90,53.24,54.71,4265
2012.07.18,00:00,54.45,55.70,54.36,55.46,3316
2012.07.19,00:00,55.72,56.13,55.35,55.77,3349
2012.07.20,00:00,55.14,55.30,54.63,54.74,3016
2012.07.23,00:00,53.13,53.91,52.65,53.67,3548
2012.07.24,00:00,53.74,53.74,52.01,52.75,5050
2012.07.25,00:00,52.94,53.21,52.18,52.75,4187
2012.07.26,00:00,54.28,54.69,53.74,54.43,4618
2012.07.27,00:00,55.04,56.77,54.86,56.50,6130
2012.07.30,00:00,56.37,57.01,56.14,56.47,3176
2012.07.31,00:00,56.34,56.63,55.96,55.96,3158
2012.08.01,00:00,56.48,56.51,55.45,55.64,3891
2012.08.02,00:00,54.76,55.57,53.96,54.82,4759
2012.08.03,00:00,56.37,57.22,56.31,56.98,3151
2012.08.06,00:00,57.29,57.65,57.15,57.21,1913
2012.08.07,00:00,57.66,58.27,57.66,57.75,2058
2012.08.08,00:00,57.38,58.04,57.35,57.88,2038
2012.08.09,00:00,57.73,58.24,57.64,57.98,1815
2012.08.10,00:00,57.57,58.25,57.37,58.19,1620
2012.08.13,00:00,58.02,58.21,57.54,58.13,1691
2012.08.14,00:00,58.59,58.66,57.82,58.14,1972
2012.08.15,00:00,58.04,58.49,57.97,58.25,1369
2012.08.16,00:00,58.41,59.29,58.16,59.11,1783
2012.08.17,00:00,59.34,59.40,59.04,59.29,1587
2012.08.20,00:00,59.14,59.34,58.80,59.32,1450
2012.08.21,00:00,59.60,60.07,58.69,58.94,2792
2012.08.22,00:00,58.66,59.19,58.38,58.96,3045
2012.08.23,00:00,58.72,58.72,57.84,58.05,2790
2012.08.24,00:00,57.76,58.98,57.66,58.74,2110
2012.08.27,00:00,59.03,59.20,58.58,58.72,1624
2012.08.28,00:00,58.43,58.99,58.28,58.64,1906
2012.08.29,00:00,58.73,59.04,58.40,58.77,1488
2012.08.30,00:00,58.20,58.24,57.62,57.85,2032
2012.08.31,00:00,58.52,58.97,57.75,58.31,3422
2012.09.04,00:00,58.33,58.66,57.55,58.22,2534
2012.09.05,00:00,58.36,58.66,57.96,58.16,2374
2012.09.06,00:00,58.98,60.55,58.93,60.51,2918
2012.09.07,00:00,60.75,61.05,60.65,61.03,2042
2012.09.10,00:00,60.91,61.13,60.30,60.33,1911
2012.09.11,00:00,60.42,61.06,60.38,60.67,1803
2012.09.12,00:00,61.07,61.21,60.67,61.02,2329
2012.09.13,00:00,61.07,63.33,60.88,63.00,4471
2012.09.14,00:00,63.18,64.26,63.09,63.50,4091
2012.09.17,00:00,63.25,63.46,62.75,63.09,2271
2012.09.18,00:00,62.88,63.13,62.66,62.98,2340
2012.09.19,00:00,63.11,63.45,62.79,63.05,1999
2012.09.20,00:00,62.42,63.11,62.12,63.05,2530
2012.09.21,00:00,63.68,63.68,62.95,62.98,1988
2012.09.24,00:00,62.36,63.08,62.27,62.75,2127
2012.09.25,00:00,62.94,63.17,61.31,61.34,3038
2012.09.26,00:00,61.32,61.34,60.36,60.66,3455
2012.09.27,00:00,61.17,62.06,60.83,61.83,2442
2012.09.28,00:00,61.29,61.71,60.79,61.15,3226
2012.10.01,00:00,61.70,62.68,61.26,61.57,3904
2012.10.02,00:00,62.03,62.22,61.09,61.64,3000
2012.10.03,00:00,61.96,62.45,61.34,62.14,2342
2012.10.04,00:00,62.63,63.22,62.46,63.07,2436
2012.10.05,00:00,63.74,63.93,62.69,63.04,2927
2012.10.08,00:00,62.58,62.83,62.34,62.60,1789
2012.10.09,00:00,62.50,62.62,61.34,61.38,3319
2012.10.10,00:00,61.37,61.47,60.45,60.63,3646
2012.10.11,00:00,61.43,61.61,60.66,60.68,2563
2012.10.12,00:00,60.75,61.14,60.00,60.26,2304
2012.10.15,00:00,60.57,61.37,60.15,61.25,2611
2012.10.16,00:00,61.82,62.58,61.75,62.47,2723
2012.10.17,00:00,62.58,63.16,62.38,63.05,2537
2012.10.18,00:00,62.74,63.33,62.31,62.61,3308
2012.10.19,00:00,62.47,62.47,60.35,60.63,4566
2012.10.22,00:00,60.44,60.87,59.69,60.67,3718
2012.10.23,00:00,59.34,59.50,58.47,58.96,5337
2012.10.24,00:00,59.39,59.53,58.44,58.63,3416
2012.10.25,00:00,59.46,59.68,58.27,58.96,3805
2012.10.26,00:00,58.85,59.30,58.09,58.83,3448
2012.10.31,00:00,59.31,59.45,58.33,58.86,3333
2012.11.01,00:00,59.17,60.26,59.04,60.13,3475
2012.11.02,00:00,60.81,60.83,58.91,59.00,3385
2012.11.05,00:00,58.84,59.52,58.51,59.27,2573
2012.11.06,00:00,59.62,60.66,59.51,60.20,2665
2012.11.07,00:00,59.10,59.11,56.91,57.47,6348
2012.11.08,00:00,57.45,58.03,56.05,56.08,4879
2012.11.09,00:00,55.74,57.21,55.69,56.27,5072
2012.11.12,00:00,56.54,56.71,56.01,56.29,2201
2012.11.13,00:00,55.66,57.07,55.52,55.84,3546
2012.11.14,00:00,56.24,56.40,54.12,54.37,5332
2012.11.15,00:00,54.41,54.80,53.75,54.15,5019
2012.11.16,00:00,54.33,54.92,53.37,54.71,6296
2012.11.19,00:00,55.94,56.91,55.89,56.91,3720
2012.11.20,00:00,56.71,57.15,56.07,57.01,3042
2012.11.21,00:00,57.06,57.28,56.85,57.25,3503
2012.11.23,00:00,57.76,58.76,57.67,58.74,2110
2012.11.26,00:00,58.15,58.53,57.76,58.52,3304
2012.11.27,00:00,58.37,58.75,57.80,57.92,4134
2012.11.28,00:00,57.39,58.88,56.78,58.82,5728
2012.11.29,00:00,59.28,59.69,58.74,59.35,5444
2012.11.30,00:00,59.38,59.60,58.98,59.29,3646
2012.12.03,00:00,59.96,60.03,58.70,58.79,4196
2012.12.04,00:00,58.78,59.13,58.29,58.59,4512
2012.12.05,00:00,58.73,59.37,57.88,58.81,5318
2012.12.06,00:00,58.71,59.26,58.54,59.26,4333
2012.12.07,00:00,59.68,59.83,58.98,59.58,6076
2012.12.10,00:00,59.42,59.92,59.37,59.64,2990
2012.12.11,00:00,60.11,61.01,60.07,60.45,3943
2012.12.12,00:00,60.91,61.38,60.35,60.52,5198
2012.12.13,00:00,60.45,60.78,59.46,59.79,4303
2012.12.14,00:00,59.49,59.73,59.13,59.33,3130
2012.12.17,00:00,59.63,60.76,59.60,60.76,3927
2012.12.18,00:00,60.90,62.21,60.73,62.08,3959
2012.12.19,00:00,62.23,62.25,61.13,61.13,3796
2012.12.20,00:00,61.22,61.87,60.90,61.84,3516
2012.12.21,00:00,60.15,60.99,59.99,60.73,6379
2012.12.24,00:00,60.47,60.52,60.23,60.34,870
2012.12.26,00:00,60.51,60.54,59.37,59.68,2762
2012.12.27,00:00,59.76,60.00,58.16,59.58,5697
2012.12.28,00:00,58.80,59.42,58.16,58.17,4188
2012.12.31,00:00,57.98,58.85,57.86,58.54,3316
2013.01.02,00:00,62.55,63.34,62.19,63.34,4739
2013.01.03,00:00,63.23,63.58,62.67,63.02,3650
2013.01.04,00:00,63.21,63.80,62.98,63.60,3131
2013.01.07,00:00,63.14,63.35,62.76,63.22,2585
2013.01.08,00:00,63.02,63.17,62.38,62.86,2838
2013.01.09,00:00,63.14,63.53,62.95,63.21,2876
2013.01.10,00:00,63.91,64.19,63.22,64.16,3369
2013.01.11,00:00,64.15,64.24,63.78,64.17,2225
2013.01.14,00:00,64.01,64.16,63.61,64.05,2418
2013.01.15,00:00,63.47,64.22,63.40,64.15,2032
2013.01.16,00:00,63.93,64.35,63.76,64.13,2381
2013.01.17,00:00,64.69,65.33,64.47,64.94,2636
2013.01.18,00:00,64.98,65.32,64.48,65.28,2262
2013.01.21,00:00,65.28,65.28,65.28,65.28,1
2013.01.22,00:00,65.27,65.94,64.95,65.94,2262
2013.01.23,00:00,65.98,66.28,65.72,66.16,2034
2013.01.24,00:00,65.97,66.85,65.84,66.18,3071
2013.01.25,00:00,66.60,66.94,66.25,66.89,2696
2013.01.28,00:00,67.00,67.00,66.28,66.65,2887
2013.01.29,00:00,66.52,67.47,66.43,67.35,2802
2013.01.30,00:00,67.28,67.56,66.70,66.80,3429
2013.01.31,00:00,66.61,67.04,66.35,66.53,2918
2013.02.01,00:00,67.24,67.96,67.06,67.80,3212
2013.02.04,00:00,66.99,67.22,66.20,66.31,4599
2013.02.05,00:00,67.03,67.99,66.96,67.63,3641
2013.02.06,00:00,67.13,67.81,67.06,67.72,4422
2013.02.07,00:00,67.76,67.88,66.56,67.55,4869
2013.02.08,00:00,67.81,68.36,67.79,68.25,3068
2013.02.11,00:00,68.21,68.36,67.91,68.22,2901
2013.02.12,00:00,68.24,68.73,68.11,68.45,2530
2013.02.13,00:00,68.74,69.01,68.20,68.59,3735
2013.02.14,00:00,68.17,68.87,68.01,68.72,2626
2013.02.15,00:00,68.85,68.98,68.04,68.55,3295
2013.02.18,00:00,68.57,68.57,68.57,68.57,1
2013.02.19,00:00,68.80,69.60,68.79,69.55,2975
2013.02.20,00:00,69.46,69.51,67.80,67.83,5232
2013.02.21,00:00,67.45,67.45,66.57,66.99,6704
2013.02.22,00:00,67.70,68.24,67.36,68.23,3574
2013.02.25,00:00,68.95,69.17,65.73,65.75,7452
2013.02.26,00:00,66.35,66.76,65.47,66.58,7645
2013.02.27,00:00,66.33,68.65,66.33,68.27,4539
2013.02.28,00:00,68.22,69.14,68.13,68.15,3793
2013.03.01,00:00,67.52,68.66,66.93,68.52,6098
2013.03.04,00:00,68.13,69.13,67.94,69.13,3898
2013.03.05,00:00,69.88,70.81,69.84,70.44,4759
2013.03.06,00:00,70.93,71.01,70.30,70.62,3765
2013.03.07,00:00,70.69,71.06,70.65,70.90,3197
2013.03.08,00:00,71.50,71.66,70.77,71.63,3978
2013.03.11,00:00,71.35,72.02,71.20,71.99,2454
2013.03.12,00:00,71.92,72.06,71.25,71.62,3339
2013.03.13,00:00,71.79,72.08,71.28,71.88,3108
2013.03.14,00:00,72.27,72.70,72.18,72.63,2657
2013.03.15,00:00,72.50,72.65,71.96,72.45,3313
2013.03.18,00:00,71.07,72.27,70.93,71.65,3910
2013.03.19,00:00,71.94,72.13,70.37,71.33,6113
2013.03.20,00:00,72.09,72.49,71.88,72.25,2807
2013.03.21,00:00,71.39,71.91,70.80,71.01,4436
2013.03.22,00:00,71.49,72.13,71.37,72.04,2236
2013.03.25,00:00,72.54,72.78,71.02,71.57,5696
2013.03.26,00:00,72.24,72.72,72.01,72.71,3051
2013.03.27,00:00,71.82,72.74,71.58,72.60,3536
2013.03.28,00:00,72.66,73.29,72.38,73.12,2957
2013.04.01,00:00,73.04,73.36,72.20,72.54,3166
2013.04.02,00:00,73.05,73.64,72.87,73.27,2995
2013.04.03,00:00,73.34,73.47,71.40,71.79,5593
2013.04.04,00:00,71.95,72.64,71.66,72.36,4656
2013.04.05,00:00,70.59,71.88,70.41,71.70,4659
2013.04.08,00:00,71.81,72.68,71.33,72.68,3302
2013.04.09,00:00,72.97,73.70,72.45,73.15,3614
2013.04.10,00:00,73.58,75.13,73.53,74.96,3620
2013.04.11,00:00,74.98,75.93,74.83,75.49,4433
2013.04.12,00:00,74.97,75.31,74.23,75.08,4221
2013.04.15,00:00,74.33,74.44,71.63,71.66,6340
2013.04.16,00:00,72.70,73.77,72.31,73.70,4599
2013.04.17,00:00,72.66,72.68,70.78,71.53,9342
2013.04.18,00:00,71.77,71.82,70.10,70.67,6930
2013.04.19,00:00,70.91,71.93,70.65,71.82,4827
2013.04.22,00:00,72.14,72.84,71.20,72.52,4527
2013.04.23,00:00,73.24,74.13,72.50,74.04,4649
2013.04.24,00:00,74.08,74.47,73.77,74.08,3518
2013.04.25,00:00,74.48,75.38,74.31,74.69,3531
2013.04.26,00:00,74.50,74.75,73.95,74.43,3782
2013.04.29,00:00,74.84,75.75,74.60,75.45,2720
2013.04.30,00:00,75.40,75.82,74.76,75.75,2994
2013.05.01,00:00,75.43,75.52,74.25,74.43,5466
2013.05.02,00:00,74.86,75.94,74.68,75.82,3308
2013.05.03,00:00,77.11,77.83,77.04,77.39,2904
2013.05.06,00:00,77.46,77.97,77.39,77.74,2263
2013.05.07,00:00,78.09,78.57,77.64,78.52,2751
2013.05.08,00:00,78.38,79.28,78.26,79.24,1819
2013.05.09,00:00,79.16,79.59,78.39,78.77,3128
2013.05.10,00:00,78.91,79.38,78.44,79.34,3429
2013.05.13,00:00,79.08,79.67,78.73,79.43,2595
2013.05.14,00:00,79.52,81.17,79.52,81.11,2867
2013.05.15,00:00,80.86,82.27,80.75,81.95,3889
2013.05.16,00:00,81.61,82.17,80.93,81.12,3665
2013.05.17,00:00,81.73,82.83,81.56,82.80,3770
2013.05.20,00:00,82.60,83.38,82.41,82.72,3166
2013.05.21,00:00,82.85,83.58,82.31,82.99,3436
2013.05.22,00:00,83.14,84.83,80.97,81.61,10522
2013.05.23,00:00,79.98,81.70,79.76,81.24,6459
2013.05.24,00:00,80.27,81.10,79.79,81.08,4750
2013.05.28,00:00,82.84,83.52,81.59,82.11,5577
2013.05.29,00:00,81.24,81.55,80.12,81.01,5198
2013.05.30,00:00,81.14,82.32,81.00,81.63,2872
2013.05.31,00:00,81.10,82.06,79.20,79.20,5537
2013.06.03,00:00,79.62,80.19,78.45,80.14,7630
2013.06.04,00:00,80.22,80.83,78.53,79.30,6229
2013.06.05,00:00,78.92,79.20,76.98,77.12,8017
2013.06.06,00:00,77.05,78.47,76.14,78.47,9190
2013.06.07,00:00,79.56,80.60,78.89,80.45,6851
2013.06.10,00:00,80.99,81.07,80.06,80.43,6366
2013.06.11,00:00,78.95,80.23,78.47,78.81,6260
2013.06.12,00:00,79.93,80.05,77.36,77.53,7537
2013.06.13,00:00,77.43,80.13,77.08,79.85,4970
2013.06.14,00:00,79.71,80.30,78.59,78.87,6397
2013.06.17,00:00,79.97,80.82,79.21,80.06,5161
2013.06.18,00:00,80.19,81.57,80.16,81.31,4125
2013.06.19,00:00,81.18,81.47,79.01,79.09,9389
2013.06.20,00:00,77.53,77.76,74.76,75.19,14012
2013.06.21,00:00,76.13,76.27,74.10,75.50,9829
2013.06.24,00:00,74.06,75.00,72.44,73.71,12766
2013.06.25,00:00,75.05,75.67,74.06,75.13,6722
2013.06.26,00:00,76.32,76.87,75.69,76.50,4670
2013.06.27,00:00,77.46,78.13,77.29,77.46,4429
2013.06.28,00:00,76.99,77.73,76.27,76.61,5217
2013.07.01,00:00,77.59,78.73,77.35,77.57,8270
2013.07.02,00:00,77.37,78.54,76.82,77.49,5114
2013.07.03,00:00,76.83,78.05,76.55,77.80,3728
2013.07.05,00:00,78.76,79.32,77.59,79.27,4676
2013.07.08,00:00,80.08,80.60,79.80,80.14,4301
2013.07.09,00:00,81.18,81.53,80.49,81.30,3728
2013.07.10,00:00,81.19,81.93,80.84,81.38,4176
2013.07.11,00:00,83.28,83.75,82.70,83.54,4159
2013.07.12,00:00,83.55,84.00,83.29,83.86,3356
2013.07.15,00:00,84.10,84.53,83.82,84.31,2400
2013.07.16,00:00,84.39,84.49,83.22,83.68,4148
2013.07.17,00:00,84.32,84.60,83.88,84.12,3417
2013.07.18,00:00,84.43,85.40,84.36,85.05,4173
2013.07.19,00:00,84.64,85.30,84.44,85.29,2887
2013.07.22,00:00,85.58,85.89,85.16,85.62,2371
2013.07.23,00:00,85.98,85.98,85.18,85.34,2286
2013.07.24,00:00,85.95,85.99,84.30,84.66,4088
2013.07.25,00:00,84.29,85.19,84.05,85.11,3736
2013.07.26,00:00,84.32,85.27,83.63,85.22,3500
2013.07.29,00:00,84.81,85.18,84.22,84.64,3205
2013.07.30,00:00,85.21,85.38,84.29,84.70,3839
2013.07.31,00:00,85.04,85.94,84.58,84.69,5268
2013.08.01,00:00,86.07,86.90,86.02,86.77,3916
2013.08.02,00:00,86.40,87.06,86.14,87.03,3362
2013.08.05,00:00,86.68,87.06,86.45,86.80,2486
2013.08.06,00:00,86.43,86.61,85.43,85.85,2749
2013.08.07,00:00,85.25,85.48,84.60,85.23,3890
2013.08.08,00:00,86.05,86.23,84.98,85.89,3350
2013.08.09,00:00,85.64,86.14,84.77,85.32,4809
2013.08.12,00:00,84.50,85.35,84.42,85.17,3264
2013.08.13,00:00,85.45,85.93,84.46,85.65,3328
2013.08.14,00:00,85.56,85.83,84.73,84.77,3489
2013.08.15,00:00,83.34,83.39,82.09,82.38,5858
2013.08.16,00:00,82.08,82.64,81.51,81.86,4914
2013.08.19,00:00,81.66,82.21,80.82,80.82,3869
2013.08.20,00:00,81.06,82.18,80.89,81.57,3705
2013.08.21,00:00,81.14,82.02,80.22,80.61,6412
2013.08.22,00:00,80.91,82.25,80.91,81.96,3524
2013.08.23,00:00,82.49,82.77,81.74,82.56,3408
2013.08.26,00:00,82.75,83.26,81.87,81.96,3941
2013.08.27,00:00,80.39,80.96,79.20,79.33,7815
2013.08.28,00:00,79.26,80.42,79.05,79.82,4378
2013.08.29,00:00,79.49,80.96,79.37,80.08,4536
2013.08.30,00:00,80.44,80.44,79.14,79.50,5370
2013.09.03,00:00,81.11,81.47,79.65,80.30,6180
2013.09.04,00:00,80.36,81.91,80.07,81.66,3818
2013.09.05,00:00,81.74,82.27,81.62,81.80,3189
2013.09.06,00:00,82.36,82.84,80.39,81.83,6949
2013.09.09,00:00,82.32,83.59,82.32,83.48,4005
2013.09.10,00:00,84.48,84.76,84.13,84.73,4520
2013.09.11,00:00,84.50,85.25,84.20,85.19,4047
2013.09.12,00:00,85.21,85.42,84.57,84.82,3415
2013.09.13,00:00,85.01,85.31,84.60,85.18,3154
2013.09.16,00:00,86.99,87.09,85.89,86.13,4208
2013.09.17,00:00,86.33,86.96,86.33,86.89,2214
2013.09.18,00:00,86.86,89.43,86.44,89.00,5370
2013.09.19,00:00,89.44,89.53,88.48,88.69,3680
2013.09.20,00:00,89.05,89.06,87.28,87.41,4238
2013.09.23,00:00,87.19,87.32,86.05,86.59,4463
2013.09.24,00:00,86.55,87.20,85.86,86.19,3738
2013.09.25,00:00,86.21,86.49,85.46,85.64,5600
2013.09.26,00:00,85.90,86.74,85.61,86.20,3775
2013.09.27,00:00,85.39,85.68,85.02,85.47,4497
2013.09.30,00:00,84.07,85.07,83.73,84.54,6337
2013.10.01,00:00,84.69,86.02,84.54,85.92,4463
2013.10.02,00:00,84.85,85.73,84.34,85.68,5306
2013.10.03,00:00,85.33,85.45,83.34,84.19,8076
2013.10.04,00:00,84.25,85.56,84.02,85.37,4565
2013.10.07,00:00,83.89,84.94,83.73,83.90,4555
2013.10.08,00:00,83.89,84.09,81.85,81.97,9405
2013.10.09,00:00,82.24,82.66,81.00,82.05,8607
2013.10.10,00:00,83.74,85.66,83.69,85.56,6652
2013.10.11,00:00,85.33,86.76,85.20,86.70,4948
2013.10.14,00:00,85.68,87.53,85.49,87.39,5693
2013.10.15,00:00,86.91,87.60,85.89,86.15,6250
2013.10.16,00:00,87.21,88.60,87.06,88.52,4666
2013.10.17,00:00,87.80,89.79,87.78,89.69,4210
2013.10.18,00:00,90.35,91.03,90.00,90.89,3793
2013.10.21,00:00,91.01,91.28,90.50,90.91,3319
2013.10.22,00:00,91.44,92.51,91.19,91.97,5958
2013.10.23,00:00,91.31,91.42,90.44,91.11,5091
2013.10.24,00:00,91.42,91.91,91.01,91.67,4210
2013.10.25,00:00,92.04,92.51,91.71,92.51,3806
2013.10.28,00:00,92.42,93.05,92.24,92.76,3643
2013.10.29,00:00,93.19,93.83,92.96,93.83,3911
2013.10.30,00:00,94.02,94.15,92.17,92.86,6732
2013.10.31,00:00,92.72,93.47,92.05,92.22,5384
2013.11.01,00:00,92.57,93.16,91.73,92.73,6465
2013.11.04,00:00,93.05,93.38,92.69,93.17,2280
2013.11.05,00:00,92.68,93.30,92.07,92.81,4089
2013.11.06,00:00,93.63,94.09,93.08,93.73,4049
2013.11.07,00:00,94.10,94.24,91.19,91.42,7325
2013.11.08,00:00,91.30,93.78,91.29,93.74,6123
2013.11.11,00:00,93.68,94.06,93.42,93.81,3211
2013.11.12,00:00,93.48,93.88,92.85,93.43,4148
2013.11.13,00:00,92.57,94.99,92.56,94.96,3922
2013.11.14,00:00,95.15,96.08,94.82,95.97,4886
2013.11.15,00:00,96.25,96.76,95.99,96.74,3240
2013.11.18,00:00,97.10,97.23,95.65,96.09,4261
2013.11.19,00:00,95.97,96.54,95.32,95.66,5528
2013.11.20,00:00,96.01,96.59,94.51,95.02,6461
2013.11.21,00:00,95.57,96.71,95.44,96.54,3893
2013.11.22,00:00,96.63,97.55,96.42,97.48,3389
2013.11.25,00:00,97.86,97.90,97.06,97.35,3091
2013.11.26,00:00,97.42,97.94,97.08,97.38,3053
2013.11.27,00:00,97.58,97.97,97.31,97.84,3269
2013.11.29,00:00,98.05,98.52,97.50,97.64,2249
2013.12.02,00:00,97.80,98.16,96.91,97.19,3863
2013.12.03,00:00,96.58,97.07,95.73,96.47,4633
2013.12.04,00:00,95.63,97.11,94.84,96.29,7003
2013.12.05,00:00,96.00,96.32,95.30,95.54,5573
2013.12.06,00:00,97.36,97.78,96.76,97.59,5042
2013.12.09,00:00,98.15,98.37,97.84,98.07,3206
2013.12.10,00:00,97.64,98.03,97.26,97.38,4107
2013.12.11,00:00,97.45,97.48,94.97,95.20,6116
2013.12.12,00:00,95.09,95.34,94.17,94.57,5659
2013.12.13,00:00,94.97,95.12,94.18,94.51,4903
2013.12.16,00:00,95.42,96.32,95.38,95.71,5247
2013.12.17,00:00,95.86,95.90,94.68,95.08,4818
2013.12.18,00:00,95.39,98.35,93.60,98.34,8582
2013.12.19,00:00,97.80,98.34,97.28,98.15,5067
2013.12.20,00:00,98.30,99.70,98.28,99.31,4258
2013.12.23,00:00,100.18,100.41,99.80,100.24,3114
2013.12.24,00:00,100.21,100.70,100.20,100.66,1046
2013.12.26,00:00,101.07,101.77,101.06,101.66,2445
2013.12.27,00:00,101.94,102.01,101.42,101.63,2682
2013.12.30,00:00,101.66,101.81,101.33,101.57,2455
2013.12.31,00:00,101.89,102.45,101.76,102.25,929
2014.01.02,00:00,101.74,101.86,100.11,100.60,6200
2014.01.03,00:00,100.91,101.32,100.27,100.46,3894
2014.01.06,00:00,101.18,101.27,99.63,99.97,6032
2014.01.07,00:00,100.78,101.48,100.59,101.13,4029
2014.01.08,00:00,101.12,101.53,100.51,101.20,5928
2014.01.09,00:00,101.82,101.87,100.40,101.30,5423
2014.01.10,00:00,101.70,101.95,100.62,101.78,4659
2014.01.13,00:00,101.34,101.90,98.77,99.16,7561
2014.01.14,00:00,99.80,101.41,99.43,101.29,5439
2014.01.15,00:00,101.76,102.69,101.67,102.40,5047
2014.01.16,00:00,101.97,102.20,101.49,102.11,3861
2014.01.17,00:00,101.79,102.15,100.90,101.23,4149
2014.01.21,00:00,102.40,102.49,100.60,101.82,5076
2014.01.22,00:00,102.21,102.29,101.53,102.00,4075
2014.01.23,00:00,100.95,100.98,99.24,100.27,7002
2014.01.24,00:00,99.06,99.06,96.04,96.09,12282
2014.01.27,00:00,96.19,96.67,94.10,95.05,13082
2014.01.28,00:00,95.26,96.43,95.16,96.23,6787
2014.01.29,00:00,94.60,95.63,93.83,94.34,12035
2014.01.30,00:00,95.88,96.93,95.30,96.40,7253
2014.01.31,00:00,93.99,96.38,93.85,95.11,8360
2014.02.03,00:00,94.92,95.38,90.48,90.75,24633
2014.02.04,00:00,91.68,92.58,91.05,92.14,10169
2014.02.05,00:00,91.48,92.29,90.35,91.86,10290
2014.02.06,00:00,92.31,94.29,92.30,94.21,6720
2014.02.07,00:00,95.22,96.83,94.59,96.65,7514
2014.02.10,00:00,96.67,97.06,96.14,96.98,5007
2014.02.11,00:00,97.21,99.61,97.06,99.09,7281
2014.02.12,00:00,99.42,100.04,98.82,99.24,5642
2014.02.13,00:00,97.93,100.44,97.89,100.32,5402
2014.02.14,00:00,100.08,101.71,99.86,101.33,4304
2014.02.17,00:00,101.32,101.32,101.32,101.32,1
2014.02.18,00:00,101.50,101.87,100.94,101.58,3641
2014.02.19,00:00,101.06,102.38,100.07,100.30,7466
2014.02.20,00:00,100.52,101.87,99.80,101.51,6461
2014.02.21,00:00,101.83,102.27,101.07,101.15,5399
2014.02.24,00:00,101.56,103.65,101.50,102.40,4685
2014.02.25,00:00,102.43,103.03,101.55,102.16,7189
2014.02.26,00:00,102.51,103.05,101.65,102.17,7026
2014.02.27,00:00,101.92,103.30,101.69,103.30,5787
2014.02.28,00:00,103.23,104.75,102.42,103.69,7398
2014.03.03,00:00,101.99,102.86,100.96,102.26,9823
2014.03.04,00:00,104.34,105.71,104.30,105.38,7422
2014.03.05,00:00,105.40,105.76,105.09,105.40,4080
2014.03.06,00:00,105.92,106.38,105.58,105.89,3542
2014.03.07,00:00,106.68,106.76,105.03,105.89,5807
2014.03.10,00:00,105.60,105.93,104.65,105.85,3807
2014.03.11,00:00,106.17,106.47,104.32,104.79,5113
2014.03.12,00:00,103.80,104.91,103.30,104.84,4031
2014.03.13,00:00,105.49,105.63,101.90,102.47,7380
2014.03.14,00:00,102.04,103.15,101.66,101.88,8866
2014.03.17,00:00,102.93,104.22,102.84,103.74,5701
2014.03.18,00:00,104.16,105.50,103.94,105.29,4891
2014.03.19,00:00,105.25,105.53,102.77,104.03,7727
2014.03.20,00:00,103.64,105.44,103.27,105.27,5685
2014.03.21,00:00,106.17,106.69,104.30,104.50,6154
2014.03.24,00:00,105.19,105.45,102.71,103.61,7771
2014.03.25,00:00,104.71,105.29,103.44,104.60,5365
2014.03.26,00:00,105.41,105.70,103.03,103.05,5540
2014.03.27,00:00,102.82,103.46,101.86,102.67,6271
2014.03.28,00:00,103.21,104.66,103.08,103.61,4788
2014.03.31,00:00,104.86,105.61,104.72,105.32,3513
2014.04.01,00:00,105.98,106.82,105.79,106.70,2951
2014.04.02,00:00,106.95,107.69,106.57,107.42,3211
2014.04.03,00:00,107.76,107.78,106.47,107.13,3333
2014.04.04,00:00,108.28,108.34,104.26,104.60,7424
2014.04.07,00:00,104.04,104.42,101.87,102.29,7074
2014.04.08,00:00,102.13,103.43,101.46,103.09,4431
2014.04.09,00:00,103.64,105.37,103.09,105.34,2648
2014.04.10,00:00,105.30,105.40,100.64,100.88,7406
2014.04.11,00:00,99.76,101.15,98.83,99.03,6775
2014.04.14,00:00,100.59,101.06,98.99,100.60,5854
2014.04.15,00:00,100.99,102.12,99.05,101.98,8883
2014.04.16,00:00,103.36,104.13,102.48,104.10,5401
2014.04.17,00:00,103.84,104.98,103.50,104.40,6792
2014.04.21,00:00,104.47,105.18,104.20,105.15,4304
2014.04.22,00:00,105.34,106.65,105.24,106.03,4280
2014.04.23,00:00,105.97,106.09,105.42,105.58,3753
2014.04.24,00:00,106.61,106.61,104.99,106.01,6995
2014.04.25,00:00,105.30,105.43,103.79,104.29,6386
2014.04.28,00:00,105.16,105.81,102.78,104.91,9689
2014.04.29,00:00,105.59,106.19,105.12,105.90,4802
2014.04.30,00:00,105.54,106.72,105.24,106.58,4672
2014.05.01,00:00,106.43,107.09,105.85,106.52,5049
2014.05.02,00:00,106.50,107.42,105.91,106.19,7121
2014.05.05,00:00,105.18,106.74,104.59,106.60,4192
2014.05.06,00:00,106.14,106.28,104.72,104.76,5172
2014.05.07,00:00,105.48,106.06,103.89,105.98,8382
2014.05.08,00:00,105.79,107.27,105.09,105.78,5964
2014.05.09,00:00,105.76,106.14,104.79,106.12,6165
2014.05.12,00:00,106.96,108.21,106.95,108.13,3673
2014.05.13,00:00,108.37,108.85,108.10,108.29,3898
2014.05.14,00:00,108.14,108.23,106.97,107.27,4031
2014.05.15,00:00,106.83,106.88,104.35,105.38,7447
2014.05.16,00:00,105.53,106.20,104.66,106.13,5089
2014.05.19,00:00,105.73,107.06,105.52,106.90,3203
2014.05.20,00:00,106.80,106.81,104.95,105.47,6937
2014.05.21,00:00,106.10,107.38,106.09,107.26,4673
2014.05.22,00:00,107.34,108.26,106.98,107.83,3022
2014.05.23,00:00,107.99,108.83,107.93,108.72,2575
2014.05.27,00:00,109.49,110.09,109.38,110.02,2576
2014.05.28,00:00,110.01,110.36,109.50,109.82,3214
2014.05.29,00:00,110.37,111.01,109.80,110.98,2697
2014.05.30,00:00,110.81,111.48,110.62,111.31,2722
2014.06.02,00:00,111.66,111.70,110.53,111.58,3197
2014.06.03,00:00,111.04,111.60,110.86,111.47,2629
2014.06.04,00:00,111.06,112.05,110.85,111.90,2234
2014.06.05,00:00,112.16,113.62,111.38,113.37,4376
2014.06.06,00:00,113.87,114.52,113.78,114.45,2880
2014.06.09,00:00,114.39,115.26,114.25,114.70,2812
2014.06.10,00:00,114.41,114.71,113.93,114.71,2120
2014.06.11,00:00,113.92,114.16,113.40,113.94,2868
2014.06.12,00:00,113.61,113.78,111.80,112.29,3979
2014.06.13,00:00,112.74,113.18,112.00,112.96,2783
2014.06.16,00:00,112.70,113.63,112.41,113.18,2551
2014.06.17,00:00,112.80,113.93,112.59,113.76,2696
2014.06.18,00:00,113.79,115.56,113.29,115.44,3445
2014.06.19,00:00,115.61,115.84,114.90,115.69,3428
2014.06.20,00:00,116.25,116.31,115.90,116.19,2284
2014.06.23,00:00,116.18,116.28,115.67,116.10,2112
2014.06.24,00:00,115.65,116.81,114.42,114.68,3901
2014.06.25,00:00,114.07,115.84,114.07,115.62,3413
2014.06.26,00:00,115.69,115.69,113.91,115.46,4399
2014.06.27,00:00,114.93,115.96,114.80,115.89,2545
2014.06.30,00:00,115.77,116.29,115.56,115.75,2564
2014.07.01,00:00,116.34,118.01,116.27,117.28,3935
2014.07.02,00:00,117.29,117.80,117.22,117.52,2002
2014.07.03,00:00,118.18,118.78,118.03,118.72,1647
2014.07.07,00:00,118.23,118.41,117.52,117.85,3039
2014.07.08,00:00,117.42,117.49,115.75,116.33,4091
2014.07.09,00:00,116.89,117.56,116.42,117.40,3125
2014.07.10,00:00,115.07,117.05,114.90,116.42,3931
2014.07.11,00:00,116.30,116.91,115.79,116.71,2343
2014.07.14,00:00,117.90,118.23,117.73,117.91,2159
2014.07.15,00:00,118.07,118.53,116.45,117.46,4069
2014.07.16,00:00,118.51,118.70,117.68,118.39,3730
2014.07.17,00:00,117.65,118.50,115.32,115.65,6317
2014.07.18,00:00,116.43,118.23,116.25,117.99,3526
2014.07.21,00:00,117.24,117.74,116.48,117.49,3249
2014.07.22,00:00,118.39,118.98,118.16,118.58,2491
2014.07.23,00:00,118.89,119.33,118.46,119.08,2114
2014.07.24,00:00,119.35,119.57,118.88,119.10,2368
2014.07.25,00:00,118.44,118.62,117.51,117.99,3450
2014.07.28,00:00,118.05,118.40,116.67,118.05,3716
2014.07.29,00:00,118.52,118.81,117.05,117.06,3717
2014.07.30,00:00,117.87,118.17,116.12,117.08,4655
2014.07.31,00:00,115.41,115.66,112.41,112.43,8634
2014.08.01,00:00,111.81,113.20,110.66,111.76,11015
2014.08.04,00:00,112.16,113.80,111.20,113.34,4815
2014.08.05,00:00,112.42,112.98,110.33,111.09,9058
2014.08.06,00:00,110.09,112.12,110.04,111.17,5117
2014.08.07,00:00,112.22,112.40,109.44,109.99,7489
2014.08.08,00:00,110.49,112.65,109.90,112.49,5171
2014.08.11,00:00,113.32,114.16,113.07,113.18,3959
2014.08.12,00:00,112.91,113.58,112.17,112.85,5685
2014.08.13,00:00,113.70,114.65,113.36,114.42,4449
2014.08.14,00:00,114.74,115.45,114.54,115.41,2692
2014.08.15,00:00,116.29,116.51,113.76,115.44,7733
2014.08.18,00:00,116.69,117.44,116.54,117.31,3527
2014.08.19,00:00,117.85,118.72,117.67,118.57,2433
2014.08.20,00:00,118.23,119.45,118.19,119.16,3930
2014.08.21,00:00,119.41,120.18,119.21,119.87,2949
2014.08.22,00:00,119.69,120.12,118.97,119.43,4634
2014.08.25,00:00,120.63,121.10,120.32,120.68,3165
2014.08.26,00:00,120.86,121.47,120.79,120.88,2465
2014.08.27,00:00,120.97,121.14,120.41,120.82,2361
2014.08.28,00:00,119.93,120.76,119.73,120.59,3538
2014.08.29,00:00,121.02,121.32,120.24,121.31,3143
2014.09.01,00:00,121.29,121.29,121.29,121.29,1
2014.09.02,00:00,121.65,121.65,120.28,121.13,4307
2014.09.03,00:00,122.08,122.13,120.71,121.03,3891
2014.09.04,00:00,121.42,122.32,120.03,120.66,4946
2014.09.05,00:00,120.60,121.85,119.72,121.80,4660
2014.09.08,00:00,121.54,121.86,120.43,121.16,4145
2014.09.09,00:00,120.88,121.07,119.10,119.60,5246
2014.09.10,00:00,119.75,120.62,118.91,120.51,4284
2014.09.11,00:00,119.49,120.77,119.32,120.73,3789
2014.09.12,00:00,120.52,120.52,118.65,119.31,5676
2014.09.15,00:00,119.32,119.53,118.41,119.13,4617
2014.09.16,00:00,118.71,121.34,118.55,120.96,5449
2014.09.17,00:00,121.33,122.38,120.08,121.25,6591
2014.09.18,00:00,122.01,122.61,121.71,122.50,3735
2014.09.19,00:00,123.33,123.58,121.85,122.38,4771
2014.09.22,00:00,121.92,121.94,119.96,120.42,5617
2014.09.23,00:00,119.55,120.58,119.00,119.04,5489
2014.09.24,00:00,119.07,121.01,118.43,120.86,4503
2014.09.25,00:00,120.24,120.24,116.94,116.96,9387
2014.09.26,00:00,117.38,119.37,117.07,118.85,3777
2014.09.29,00:00,116.73,118.77,116.56,118.35,4115
2014.09.30,00:00,118.58,119.26,117.27,117.74,4998
2014.10.01,00:00,117.32,117.42,114.04,114.55,7491
2014.10.02,00:00,114.30,115.36,112.19,114.56,7812
2014.10.03,00:00,116.14,117.58,115.41,117.10,4161
2014.10.06,00:00,118.06,118.39,115.99,116.80,7766
2014.10.07,00:00,115.67,116.09,113.20,113.20,9104
2014.10.08,00:00,113.29,117.47,112.14,117.17,10252
2014.10.09,00:00,116.75,117.08,112.31,112.48,14585
2014.10.10,00:00,112.43,113.55,109.89,109.90,14609
2014.10.13,00:00,109.84,110.59,106.16,106.29,13923
2014.10.14,00:00,107.38,108.98,105.86,106.65,16044
2014.10.15,00:00,103.76,105.65,100.03,104.91,23320
2014.10.16,00:00,101.34,106.44,101.19,104.78,23290
2014.10.17,00:00,107.40,108.89,106.47,107.50,11432
2014.10.20,00:00,107.08,109.69,106.99,109.57,7849
2014.10.21,00:00,111.17,114.03,110.90,113.85,8502
2014.10.22,00:00,114.33,114.86,112.17,112.26,8810
2014.10.23,00:00,114.54,116.28,114.08,114.88,8140
2014.10.24,00:00,115.20,116.67,114.37,116.54,7627
2014.10.27,00:00,115.79,116.64,114.97,116.23,6531
2014.10.28,00:00,117.10,118.96,116.97,118.92,4582
2014.10.29,00:00,119.14,119.80,117.02,118.61,8471
2014.10.30,00:00,117.89,120.74,117.73,120.14,6688
2014.10.31,00:00,123.02,123.05,121.81,122.84,6213
2014.11.03,00:00,123.16,123.77,122.43,122.92,5219
2014.11.04,00:00,122.33,122.76,120.91,122.19,7038
2014.11.05,00:00,123.96,123.96,122.58,123.71,5940
2014.11.06,00:00,123.74,124.78,122.81,124.67,5567
2014.11.07,00:00,124.69,125.19,124.00,124.87,4956
2014.11.10,00:00,124.98,125.73,124.62,125.65,1788
2014.11.11,00:00,125.78,126.06,125.25,125.89,2143
2014.11.12,00:00,124.90,125.96,124.83,125.67,3050
2014.11.13,00:00,125.89,126.69,124.70,125.82,4407
2014.11.14,00:00,125.78,126.26,125.32,125.95,2182
2014.11.17,00:00,125.44,126.36,125.23,126.11,3341
2014.11.18,00:00,126.18,128.03,126.18,127.54,3105
2014.11.19,00:00,127.25,127.57,126.03,127.08,4420
2014.11.20,00:00,125.95,127.76,125.87,127.60,2726
2014.11.21,00:00,130.23,130.27,128.10,128.91,3927
2014.11.24,00:00,129.57,129.87,129.27,129.73,2809
2014.11.25,00:00,130.00,130.36,129.12,129.56,3068
2014.11.26,00:00,129.69,130.29,129.41,130.18,1656
2014.11.28,00:00,129.95,130.42,129.23,129.63,1512
2014.12.01,00:00,128.54,128.75,127.32,127.81,4956
2014.12.02,00:00,127.82,129.71,127.81,129.40,3217
2014.12.03,00:00,129.65,130.73,129.41,130.41,2858
2014.12.04,00:00,129.94,130.88,128.93,130.10,3990
2014.12.05,00:00,130.37,131.12,129.97,130.49,2653
2014.12.08,00:00,129.97,130.67,127.94,128.78,4196
2014.12.09,00:00,126.02,128.77,125.41,128.60,6859
2014.12.10,00:00,127.93,127.98,124.19,124.48,8051
2014.12.11,00:00,125.32,128.16,125.12,125.72,6092
2014.12.12,00:00,123.82,125.25,121.62,121.65,8817
2014.12.15,00:00,122.96,123.63,119.10,119.89,9608
2014.12.16,00:00,118.88,123.42,117.93,118.04,13436
2014.12.17,00:00,118.68,123.31,118.46,122.76,11932
2014.12.18,00:00,126.44,128.74,125.26,128.74,12053
2014.12.19,00:00,129.71,130.85,128.73,129.86,9583
2014.12.22,00:00,129.89,130.76,129.55,130.74,7098
2014.12.23,00:00,131.58,131.77,130.87,131.20,5299
2014.12.24,00:00,131.58,131.87,131.14,131.18,1727
2014.12.26,00:00,131.83,132.51,131.75,131.99,1943
2014.12.29,00:00,131.71,132.64,131.62,132.27,4096
2014.12.30,00:00,131.66,131.85,130.78,130.91,5275
2014.12.31,00:00,131.40,131.60,130.07,130.30,2142
2015.01.02,00:00,129.32,129.93,126.57,128.11,10067
2015.01.05,00:00,126.63,126.80,123.03,123.57,12591
2015.01.06,00:00,123.97,124.69,119.98,121.21,16202
2015.01.07,00:00,123.14,124.66,122.46,124.17,12354
2015.01.08,00:00,126.32,128.87,126.25,128.60,8515
2015.01.09,00:00,129.19,129.19,125.60,126.47,12869
2015.01.12,00:00,126.72,126.92,123.63,124.48,10238
2015.01.13,00:00,126.39,127.95,121.90,123.79,14703
2015.01.14,00:00,120.88,122.58,119.51,122.35,13049
2015.01.15,00:00,123.25,123.69,119.91,120.04,16090
2015.01.16,00:00,119.77,123.40,119.49,123.13,10240
2015.01.20,00:00,124.14,124.49,121.42,123.68,13233
2015.01.21,00:00,123.01,125.65,122.34,124.89,11453
2015.01.22,00:00,126.08,128.84,124.05,128.68,10958
2015.01.23,00:00,128.26,128.65,127.07,127.21,8902
2015.01.26,00:00,126.95,127.99,125.86,127.84,7890
2015.01.27,00:00,124.76,126.17,123.25,124.51,11623
2015.01.28,00:00,126.20,126.34,120.99,121.19,13869
2015.01.29,00:00,121.52,123.85,119.48,123.47,9229
2015.01.30,00:00,121.88,123.68,120.02,120.17,15888
2015.02.02,00:00,121.14,123.45,118.45,123.31,14730
2015.02.03,00:00,124.54,126.88,124.12,126.81,10634
2015.02.04,00:00,125.80,127.56,125.28,125.86,10780
2015.02.05,00:00,127.00,128.67,126.80,128.50,9626
2015.02.06,00:00,129.01,129.85,126.99,127.74,10369
2015.02.09,00:00,126.80,127.83,126.00,126.58,12234
2015.02.10,00:00,128.16,129.64,126.84,129.27,9987
2015.02.11,00:00,129.04,130.06,128.05,129.41,10121
2015.02.12,00:00,130.63,131.98,130.39,131.89,7320
2015.02.13,00:00,132.10,133.05,131.72,133.01,6279
2015.02.17,00:00,132.53,133.67,132.14,133.41,7441
2015.02.18,00:00,132.80,133.53,132.43,133.44,6881
2015.02.19,00:00,132.53,133.78,132.31,133.25,7165
2015.02.20,00:00,132.60,134.94,131.66,134.84,10791
2015.02.23,00:00,134.49,134.77,133.86,134.77,6094
2015.02.24,00:00,134.69,135.85,134.25,135.54,7154
2015.02.25,00:00,135.33,136.07,134.79,135.27,7091
2015.02.26,00:00,135.17,135.39,134.06,134.99,7687
2015.02.27,00:00,134.86,135.24,134.04,134.07,7449
2015.03.02,00:00,134.06,135.75,134.03,135.75,10809
2015.03.03,00:00,135.04,135.24,133.38,134.48,17273
2015.03.04,00:00,133.66,133.82,132.06,133.47,18225
2015.03.05,00:00,133.91,134.21,133.05,133.84,10499
2015.03.06,00:00,132.77,133.11,129.51,129.58,20603
2015.03.09,00:00,130.30,131.60,130.13,131.05,15667
2015.03.10,00:00,128.90,129.04,126.81,126.87,21562
2015.03.11,00:00,127.10,127.45,126.10,126.22,18216
2015.03.12,00:00,127.15,129.52,127.15,129.42,13508
2015.03.13,00:00,128.91,129.21,126.31,127.84,21175
2015.03.16,00:00,128.88,131.35,128.88,131.26,15096
2015.03.17,00:00,130.09,130.99,129.23,130.41,17133
2015.03.18,00:00,129.70,134.56,128.77,133.59,16287
2015.03.19,00:00,132.90,133.36,131.78,132.37,14457
2015.03.20,00:00,133.74,135.44,133.70,134.72,8795
2015.03.23,00:00,134.63,135.54,134.15,134.17,9783
2015.03.24,00:00,133.96,134.63,132.53,132.55,14570
2015.03.25,00:00,132.71,133.04,128.47,128.52,6953
2015.03.26,00:00,127.27,129.26,126.47,127.91,8728
2015.03.27,00:00,127.74,128.74,127.46,128.45,5750
2015.03.30,00:00,130.02,132.03,130.01,131.59,4293
2015.03.31,00:00,130.31,131.38,129.21,129.28,5024
2015.04.01,00:00,129.21,129.21,126.89,128.37,8234
2015.04.02,00:00,128.25,129.94,127.98,129.19,5385
2015.04.06,00:00,127.91,131.76,127.73,130.98,3805
2015.04.07,00:00,130.97,132.15,130.30,130.30,4086
2015.04.08,00:00,130.72,131.83,130.05,131.16,6221
2015.04.09,00:00,131.01,132.66,130.19,132.35,5380
2015.04.10,00:00,132.69,133.82,132.42,133.75,3115
2015.04.13,00:00,133.56,134.49,132.49,132.54,4047
2015.04.14,00:00,132.30,133.32,131.32,133.03,4462
2015.04.15,00:00,133.76,135.00,133.63,134.24,3883
2015.04.16,00:00,133.86,134.94,133.44,134.16,3927
2015.04.17,00:00,132.24,132.71,129.90,130.98,6829
2015.04.20,00:00,132.48,133.95,132.36,133.44,3608
2015.04.21,00:00,134.56,134.71,132.71,133.12,4087
2015.04.22,00:00,133.63,134.71,132.25,134.42,4408
2015.04.23,00:00,133.82,136.09,133.65,135.13,4238
2015.04.24,00:00,135.77,136.14,135.05,135.74,3395
2015.04.27,00:00,136.59,136.78,134.30,134.59,4715
2015.04.28,00:00,134.55,135.53,132.77,135.40,6222
2015.04.29,00:00,134.06,135.26,133.11,134.28,8604
2015.04.30,00:00,133.44,134.04,130.58,131.63,8631
2015.05.01,00:00,132.82,134.53,132.68,134.42,4293
2015.05.04,00:00,135.13,136.11,134.95,135.28,4324
2015.05.05,00:00,134.86,135.39,131.94,132.10,7083
2015.05.06,00:00,132.95,133.43,129.43,131.10,8709
2015.05.07,00:00,130.90,132.72,130.39,132.09,6140
2015.05.08,00:00,134.76,135.86,134.51,135.57,3892
2015.05.11,00:00,135.45,135.89,134.15,134.25,4050
2015.05.12,00:00,132.96,134.26,131.72,133.47,6408
2015.05.13,00:00,134.11,135.02,133.14,133.49,5165
2015.05.14,00:00,135.14,136.39,134.62,136.26,2762
2015.05.15,00:00,136.55,136.78,135.83,136.59,2850
2015.05.18,00:00,136.33,137.80,136.21,137.36,1829
2015.05.19,00:00,137.60,137.99,136.87,137.22,1854
2015.05.20,00:00,68.72,69.12,68.30,68.52,2579
2015.05.21,00:00,68.44,69.10,68.32,68.90,1929
2015.05.22,00:00,68.63,68.98,68.56,68.59,1420
2015.05.26,00:00,68.23,68.28,66.81,67.16,2746
2015.05.27,00:00,67.52,68.58,67.23,68.39,1718
2015.05.28,00:00,68.20,68.33,67.71,68.26,3107
2015.05.29,00:00,68.19,68.23,67.20,67.37,3057
2015.06.01,00:00,67.89,68.15,67.06,67.66,3535
2015.06.02,00:00,67.25,68.06,66.84,67.52,2937
2015.06.03,00:00,67.98,68.35,67.51,67.89,3465
2015.06.04,00:00,67.34,67.78,66.50,66.75,4866
2015.06.05,00:00,66.61,67.02,66.01,66.49,3607
2015.06.08,00:00,66.41,66.53,65.63,65.66,3837
2015.06.09,00:00,65.65,66.06,65.18,65.65,2983
2015.06.10,00:00,66.24,67.50,66.20,67.21,3081
2015.06.11,00:00,67.56,67.94,67.38,67.60,3136
2015.06.12,00:00,67.04,67.13,66.41,66.60,4275
2015.06.15,00:00,65.73,66.25,65.21,66.01,4847
2015.06.16,00:00,65.93,66.81,65.79,66.75,3123
2015.06.17,00:00,66.95,67.41,66.19,66.97,4925
2015.06.18,00:00,67.40,68.70,67.34,68.30,3583
2015.06.19,00:00,68.15,68.22,67.53,67.53,2371
2015.06.22,00:00,68.45,68.89,68.28,68.44,2578
2015.06.23,00:00,68.61,68.79,68.24,68.55,2140
2015.06.24,00:00,68.18,68.53,67.47,67.47,2592
2015.06.25,00:00,67.85,67.94,67.01,67.06,2706
2015.06.26,00:00,67.31,67.51,66.61,67.05,3242
2015.06.29,00:00,65.86,66.37,64.16,64.24,5551
2015.06.30,00:00,65.32,65.32,64.14,64.53,5740
2015.07.01,00:00,65.69,65.83,64.92,65.51,3872
2015.07.02,00:00,65.86,65.98,65.07,65.39,2485
2015.07.06,00:00,64.38,65.57,64.25,64.95,3570
2015.07.07,00:00,65.14,65.89,63.36,65.77,6032
2015.07.08,00:00,64.76,65.01,63.43,63.61,5194
2015.07.09,00:00,65.17,65.34,63.82,63.85,3981
2015.07.10,00:00,65.30,65.74,64.82,65.43,3002
2015.07.13,00:00,66.39,66.96,66.36,66.87,2194
2015.07.14,00:00,66.84,67.69,66.82,67.47,1890
2015.07.15,00:00,67.50,67.83,67.06,67.42,2728
2015.07.16,00:00,68.20,68.48,68.04,68.46,2250
2015.07.17,00:00,68.48,68.64,68.17,68.59,1856
2015.07.20,00:00,68.75,69.02,68.43,68.67,1621
2015.07.21,00:00,68.55,68.74,67.88,68.10,2134
2015.07.22,00:00,67.57,68.11,67.55,67.81,1894
2015.07.23,00:00,67.96,68.02,66.83,67.08,2116
2015.07.24,00:00,67.16,67.20,65.45,65.68,2684
2015.07.27,00:00,65.02,65.41,64.61,64.90,4429
2015.07.28,00:00,65.57,66.64,64.94,66.46,3851
2015.07.29,00:00,66.61,67.60,66.50,67.42,3417
2015.07.30,00:00,67.05,67.58,66.57,67.43,3061
2015.07.31,00:00,67.75,67.82,67.04,67.22,3012
2015.08.03,00:00,67.23,67.26,66.08,66.77,4308
2015.08.04,00:00,66.74,67.08,66.17,66.50,2997
2015.08.05,00:00,67.23,67.76,66.75,66.96,2970
2015.08.06,00:00,67.10,67.17,65.43,65.96,2782
2015.08.07,00:00,65.77,65.86,64.94,65.61,3300
2015.08.10,00:00,66.46,67.32,66.46,67.23,2464
2015.08.11,00:00,66.18,66.55,65.47,66.04,4698
2015.08.12,00:00,64.99,66.34,63.96,66.16,6845
2015.08.13,00:00,66.11,66.60,65.63,66.01,3865
2015.08.14,00:00,65.89,66.55,65.78,66.51,2398
2015.08.17,00:00,66.05,67.23,65.70,67.21,2278
2015.08.18,00:00,67.03,67.30,66.68,66.87,2525
2015.08.19,00:00,66.24,66.86,65.19,65.80,5426
2015.08.20,00:00,64.69,65.06,63.00,63.03,6906
2015.08.21,00:00,61.66,62.38,59.05,59.08,9518
2015.08.24,00:00,53.04,58.00,50.10,54.25,9971
2015.08.25,00:00,57.59,57.66,52.84,52.93,11012
2015.08.26,00:00,55.66,57.18,53.57,57.04,8469
2015.08.27,00:00,58.54,59.90,57.45,59.84,7901
2015.08.28,00:00,59.35,60.15,59.02,59.80,5654
2015.08.31,00:00,59.12,59.72,58.47,58.88,4789
2015.09.01,00:00,56.23,57.09,54.71,55.36,9249
2015.09.02,00:00,56.97,57.43,55.71,57.42,6159
2015.09.03,00:00,57.92,58.98,57.17,57.53,5422
2015.09.04,00:00,55.99,56.51,55.19,55.76,5275
2015.09.08,00:00,57.73,58.65,57.28,58.58,3087
2015.09.09,00:00,59.69,59.78,56.73,56.97,4253
2015.09.10,00:00,56.85,58.39,56.67,57.61,4896
2015.09.11,00:00,57.29,58.15,56.85,58.10,3485
2015.09.14,00:00,58.24,58.28,57.37,57.67,3116
2015.09.15,00:00,58.11,59.46,57.75,59.14,2676
2015.09.16,00:00,59.38,60.30,59.12,60.15,2853
2015.09.17,00:00,60.06,61.77,59.65,59.90,5865
2015.09.18,00:00,58.18,59.22,57.66,57.95,6060
2015.09.21,00:00,58.53,59.25,57.80,58.52,4208
2015.09.22,00:00,57.01,57.35,56.22,57.01,4075
2015.09.23,00:00,57.12,57.46,56.43,56.80,3578
2015.09.24,00:00,55.96,56.74,55.06,56.44,5836
2015.09.25,00:00,57.51,57.64,55.78,56.36,5741
2015.09.28,00:00,55.76,55.82,53.34,53.53,5335
2015.09.29,00:00,53.72,54.53,52.95,53.62,7838
2015.09.30,00:00,54.89,55.71,54.37,55.59,6163
2015.10.01,00:00,55.86,56.10,54.56,55.90,6449
2015.10.02,00:00,54.53,57.51,54.16,57.51,6279
2015.10.05,00:00,58.42,59.75,58.34,59.61,2748
2015.10.06,00:00,59.50,59.90,58.73,59.20,4293
2015.10.07,00:00,59.87,60.41,59.02,60.20,3843
2015.10.08,00:00,59.91,61.45,59.67,61.23,3556
2015.10.09,00:00,61.38,61.66,60.87,61.31,2365
2015.10.12,00:00,61.36,61.57,61.07,61.47,1167
2015.10.13,00:00,60.88,61.81,60.55,60.66,1695
2015.10.14,00:00,60.61,61.02,59.86,60.06,2431
