2010.06.10,00:00,28.76,28.76,28.74,28.74,8
2010.06.11,00:00,28.65,29.03,28.64,28.89,3018
2010.06.14,00:00,29.43,29.64,29.26,29.34,3913
2010.06.15,00:00,29.40,29.89,29.37,29.87,1959
2010.06.16,00:00,29.82,30.16,29.79,30.00,2931
2010.06.17,00:00,30.07,30.11,29.60,29.75,3662
2010.06.23,00:00,29.31,29.39,28.95,29.21,5351
2010.06.24,00:00,29.05,29.17,28.65,28.70,3802
2010.06.25,00:00,28.89,28.92,28.82,28.86,1148
2010.06.28,00:00,28.90,29.05,28.64,28.86,3458
2010.06.29,00:00,28.25,28.25,27.71,27.82,1140
2010.06.30,00:00,27.83,27.87,27.83,27.85,200
2010.07.01,00:00,27.32,27.37,27.26,27.31,534
2010.07.06,00:00,27.00,27.00,26.84,26.93,1280
2010.07.07,00:00,27.08,27.82,27.06,27.81,3611
2010.07.08,00:00,28.27,28.48,28.05,28.11,3946
2010.07.09,00:00,28.40,28.60,28.34,28.59,2473
2010.07.12,00:00,28.47,28.63,28.25,28.42,2710
2010.07.13,00:00,28.82,29.07,28.81,29.06,2519
2010.07.14,00:00,28.85,29.18,28.81,28.96,3156
2010.07.15,00:00,29.09,29.11,28.64,28.74,4564
2010.07.16,00:00,28.81,28.85,28.06,28.11,4137
2010.07.19,00:00,28.16,28.32,27.99,28.30,2772
2010.07.20,00:00,27.90,28.16,27.81,28.08,1254
2010.07.21,00:00,28.89,29.01,28.37,28.56,5347
2010.07.22,00:00,28.92,29.60,28.92,29.57,3256
2010.07.23,00:00,29.44,30.15,29.42,30.07,5267
2010.07.26,00:00,30.14,30.59,30.12,30.57,2236
2010.07.28,00:00,30.35,30.38,30.16,30.28,1180
2010.07.29,00:00,30.39,30.57,29.91,30.22,4232
2010.07.30,00:00,29.85,30.40,29.76,30.27,4495
2010.08.04,00:00,30.85,31.02,30.77,30.97,1447
2010.08.05,00:00,30.59,31.05,30.59,31.00,1427
2010.08.06,00:00,30.71,30.95,30.37,30.83,2995
2010.08.09,00:00,30.88,31.06,30.84,31.03,1037
2010.08.10,00:00,30.74,30.94,30.46,30.79,3164
2010.08.11,00:00,30.21,30.28,29.47,29.66,2561
2010.08.12,00:00,29.17,29.53,29.15,29.42,2433
2010.08.13,00:00,29.23,29.54,29.23,29.36,2277
2010.08.16,00:00,28.97,29.45,28.94,29.34,2357
2010.08.17,00:00,29.46,30.18,29.46,29.89,1706
2010.08.18,00:00,29.83,30.10,29.64,29.96,1999
2010.08.19,00:00,29.73,29.88,29.14,29.33,2930
2010.08.20,00:00,29.21,29.21,28.84,29.15,2149
2010.08.23,00:00,28.96,29.11,28.81,28.83,738
2010.08.24,00:00,28.40,28.46,27.99,28.25,3619
2010.08.25,00:00,28.01,28.34,27.67,28.21,3040
2010.08.26,00:00,28.33,28.62,28.05,28.13,2818
2010.08.27,00:00,28.37,28.80,27.97,28.75,4006
2010.08.30,00:00,28.59,28.76,28.28,28.28,2130
2010.08.31,00:00,28.12,28.43,27.98,28.17,3728
2010.09.01,00:00,28.62,29.39,28.59,29.31,2556
2010.09.02,00:00,29.36,29.72,29.34,29.70,1686
2010.09.03,00:00,30.06,30.34,29.92,30.00,1826
2010.09.07,00:00,29.67,30.00,28.14,29.69,1964
2010.09.08,00:00,29.71,30.33,28.86,30.04,1991
2010.09.09,00:00,30.08,30.57,29.28,29.69,1734
2010.09.10,00:00,29.69,30.45,29.69,30.29,1493
2010.09.13,00:00,30.73,30.82,30.53,30.69,1091
2010.09.14,00:00,30.60,30.78,30.50,30.61,1465
2010.09.15,00:00,30.35,30.67,30.34,30.61,1785
2010.09.16,00:00,30.54,30.61,30.40,30.56,1596
2010.09.17,00:00,30.44,30.74,30.32,30.68,1561
2010.09.20,00:00,30.74,31.20,30.66,31.15,1244
2010.09.21,00:00,31.14,31.45,31.09,31.21,2867
2010.09.22,00:00,31.13,31.36,30.92,31.05,2478
2010.09.23,00:00,30.71,31.01,30.51,30.60,2139
2010.09.24,00:00,30.84,31.47,30.84,31.45,1490
2010.09.27,00:00,31.44,31.44,31.18,31.22,3781
2010.09.28,00:00,31.26,31.47,30.83,31.40,4465
2010.09.29,00:00,31.25,31.50,31.20,31.40,3926
2010.09.30,00:00,31.62,31.90,31.14,31.27,5200
2010.10.01,00:00,31.52,31.60,31.19,31.32,4042
2010.10.04,00:00,31.24,31.43,30.79,30.95,3641
2010.10.05,00:00,31.33,31.93,31.27,31.80,4075
2010.10.06,00:00,31.77,32.07,31.77,31.98,3882
2010.10.07,00:00,32.11,32.11,31.72,31.93,2929
2010.10.08,00:00,31.97,32.31,31.85,32.18,3710
2010.10.11,00:00,32.23,32.25,32.02,32.11,2382
2010.10.12,00:00,32.02,32.19,31.63,32.05,3415
2010.10.13,00:00,32.32,32.76,32.31,32.56,5065
2010.10.14,00:00,32.53,32.61,32.20,32.44,3894
2010.10.15,00:00,32.55,32.56,32.04,32.22,5185
2010.10.18,00:00,32.24,32.34,32.12,32.27,3240
2010.10.19,00:00,31.85,32.05,31.57,31.77,4884
2010.10.20,00:00,31.87,32.35,31.86,32.22,5000
2010.10.21,00:00,32.35,32.66,32.19,32.48,4295
2010.10.22,00:00,32.46,32.49,32.30,32.49,3971
2010.10.25,00:00,32.71,32.94,32.54,32.58,4540
2010.10.26,00:00,32.30,32.56,32.20,32.46,4275
2010.10.27,00:00,32.11,32.26,31.86,32.21,4322
2010.10.28,00:00,32.35,32.45,31.85,32.11,3602
2010.10.29,00:00,32.00,32.22,31.97,32.17,3097
2010.11.01,00:00,32.31,32.61,32.01,32.19,2506
2010.11.02,00:00,32.49,32.55,32.34,32.49,2194
2010.11.03,00:00,32.52,32.58,32.12,32.54,4844
2010.11.04,00:00,32.92,33.28,32.86,33.24,3398
2010.11.05,00:00,33.26,33.52,33.20,33.41,3438
2010.11.08,00:00,33.23,33.36,33.13,33.28,3204
2010.11.09,00:00,33.41,33.41,32.85,33.00,3171
2010.11.10,00:00,32.96,33.04,32.67,32.97,3642
2010.11.11,00:00,32.73,32.84,32.57,32.80,3978
2010.11.12,00:00,32.54,32.71,32.24,32.41,4723
2010.11.15,00:00,32.51,32.77,32.44,32.50,3747
2010.11.16,00:00,32.31,32.38,31.81,31.97,7218
2010.11.17,00:00,31.93,32.08,31.84,32.00,3490
2010.11.18,00:00,32.38,32.73,32.38,32.60,2571
2010.11.19,00:00,32.61,32.75,32.42,32.75,3071
2010.11.22,00:00,32.57,32.74,32.24,32.65,3017
2010.11.23,00:00,32.28,32.37,32.07,32.27,3902
2010.11.24,00:00,32.52,33.00,32.49,32.95,2662
2010.11.26,00:00,32.66,32.87,32.60,32.72,1496
2010.11.29,00:00,32.50,32.77,32.23,32.70,3036
2010.11.30,00:00,32.37,32.77,32.30,32.60,2968
2010.12.01,00:00,33.11,33.51,33.11,33.45,3548
2010.12.02,00:00,33.48,34.03,33.48,33.95,3378
2010.12.03,00:00,33.78,34.08,33.74,34.02,2977
2010.12.06,00:00,33.99,34.12,33.81,34.00,2882
2010.12.07,00:00,34.32,34.42,34.09,34.12,3604
2010.12.08,00:00,34.10,34.24,33.89,34.00,3540
2010.12.09,00:00,34.24,34.24,33.96,34.10,3778
2010.12.10,00:00,34.21,34.45,34.08,34.38,2542
2010.12.13,00:00,34.65,34.65,34.39,34.43,3453
2010.12.14,00:00,34.51,34.70,34.45,34.56,2940
2010.12.15,00:00,34.50,34.73,34.37,34.42,2796
2010.12.16,00:00,34.48,34.81,34.38,34.81,3270
2010.12.17,00:00,34.61,34.64,34.38,34.53,3252
2010.12.20,00:00,34.61,34.65,34.35,34.53,2166
2010.12.21,00:00,34.64,34.83,34.61,34.78,2356
2010.12.22,00:00,34.81,34.89,34.77,34.88,1820
2010.12.23,00:00,34.84,34.88,34.70,34.81,2151
2010.12.27,00:00,34.70,34.89,34.59,34.86,1824
2010.12.28,00:00,34.92,34.94,34.70,34.87,1728
2010.12.29,00:00,34.92,34.99,34.87,34.88,2117
2010.12.30,00:00,34.87,34.94,34.78,34.83,2331
2010.12.31,00:00,34.80,34.91,34.70,34.86,892
2011.01.03,00:00,35.15,35.31,35.11,35.11,2692
2011.01.04,00:00,35.23,35.23,34.72,35.04,2987
2011.01.05,00:00,34.95,35.34,34.88,35.24,2751
2011.01.06,00:00,35.25,35.38,35.07,35.18,2622
2011.01.07,00:00,35.30,35.49,35.03,35.24,2927
2011.01.10,00:00,35.16,35.38,35.02,35.31,3005
2011.01.11,00:00,35.49,35.60,35.24,35.41,3001
2011.01.12,00:00,35.70,35.83,35.62,35.73,2473
2011.01.13,00:00,35.81,35.87,35.66,35.77,2352
2011.01.14,00:00,35.76,35.93,35.66,35.90,2994
2011.01.18,00:00,35.99,36.17,35.96,36.15,3093
2011.01.19,00:00,36.11,36.13,35.65,35.79,2864
2011.01.20,00:00,35.70,35.77,35.37,35.60,3462
2011.01.21,00:00,36.03,36.17,35.78,35.89,3708
2011.01.24,00:00,35.90,36.25,35.85,36.23,4076
2011.01.25,00:00,36.14,36.22,35.86,36.18,3654
2011.01.26,00:00,36.30,36.51,36.17,36.38,4186
2011.01.27,00:00,36.44,36.64,36.37,36.53,3494
2011.01.28,00:00,36.62,36.81,35.77,35.83,5123
2011.01.31,00:00,35.98,36.26,35.90,36.23,4693
2011.02.01,00:00,36.46,36.79,36.37,36.73,4390
2011.02.02,00:00,36.63,36.81,36.59,36.62,2750
2011.02.03,00:00,36.57,36.68,36.39,36.63,3193
2011.02.04,00:00,36.65,36.78,36.50,36.76,3018
2011.02.07,00:00,36.92,37.21,36.88,37.11,3303
2011.02.08,00:00,37.20,37.38,37.08,37.37,3293
2011.02.09,00:00,37.28,37.37,37.17,37.37,3306
2011.02.10,00:00,37.21,37.57,37.12,37.55,2532
2011.02.11,00:00,37.42,37.91,37.37,37.83,3362
2011.02.14,00:00,37.89,37.89,37.68,37.80,2762
2011.02.15,00:00,37.72,37.72,37.47,37.66,2765
2011.02.16,00:00,37.82,37.99,37.60,37.84,3808
2011.02.17,00:00,37.76,37.97,37.68,37.92,2865
2011.02.18,00:00,37.96,38.08,37.89,38.03,3488
2011.02.22,00:00,37.54,37.68,36.81,36.93,4994
2011.02.23,00:00,36.87,36.89,35.90,36.29,8683
2011.02.24,00:00,36.21,36.72,36.10,36.48,6546
2011.02.25,00:00,36.73,36.87,36.59,36.82,4438
2011.02.28,00:00,37.03,37.19,36.81,37.02,4119
2011.03.01,00:00,37.20,37.20,36.13,36.21,5572
2011.03.02,00:00,36.16,36.64,36.12,36.38,4826
2011.03.03,00:00,36.82,37.37,36.80,37.26,4972
2011.03.04,00:00,37.23,37.24,36.53,36.83,5724
2011.03.07,00:00,36.94,37.13,36.24,36.52,5317
2011.03.08,00:00,36.58,37.22,36.42,37.06,4885
2011.03.09,00:00,36.93,37.12,36.64,36.97,5387
2011.03.10,00:00,36.47,36.67,36.12,36.23,6862
2011.03.11,00:00,36.15,36.82,36.11,36.65,5968
2011.03.14,00:00,36.39,36.51,35.95,36.38,7686
2011.03.15,00:00,35.25,36.26,35.20,36.02,8786
2011.03.16,00:00,35.86,36.05,35.07,35.34,11008
2011.03.17,00:00,35.99,36.27,35.68,35.87,7970
2011.03.18,00:00,36.29,36.37,35.86,35.99,6874
2011.03.21,00:00,36.67,36.86,36.51,36.74,4052
2011.03.22,00:00,36.65,36.72,36.39,36.45,4758
2011.03.23,00:00,36.40,36.68,36.17,36.59,4018
2011.03.24,00:00,36.82,36.99,36.57,36.96,4392
2011.03.25,00:00,37.03,37.27,36.92,37.08,4575
2011.03.28,00:00,37.20,37.32,37.05,37.05,3298
2011.03.29,00:00,37.06,37.36,36.84,37.35,3414
2011.03.30,00:00,37.54,37.64,37.41,37.50,4310
2011.03.31,00:00,37.49,37.76,37.48,37.65,4044
2011.04.01,00:00,37.90,38.20,37.88,37.98,4198
2011.04.04,00:00,38.09,38.12,37.86,38.03,3420
2011.04.05,00:00,37.97,38.14,37.80,37.87,3576
2011.04.06,00:00,38.12,38.14,37.72,37.92,4058
2011.04.07,00:00,37.85,38.01,37.57,37.74,4410
2011.04.08,00:00,37.91,37.97,37.19,37.42,3946
2011.04.11,00:00,37.50,37.64,37.24,37.39,3382
2011.04.12,00:00,37.17,37.30,36.90,37.08,4320
2011.04.13,00:00,37.27,37.29,36.78,36.99,3476
2011.04.14,00:00,36.77,37.05,36.46,36.99,3642
2011.04.15,00:00,37.12,37.25,36.97,37.13,4652
2011.04.18,00:00,36.65,36.67,36.23,36.59,7506
2011.04.19,00:00,36.72,36.97,36.70,36.93,3580
2011.04.20,00:00,37.44,37.69,37.38,37.50,4406
2011.04.21,00:00,37.77,37.78,37.44,37.62,3288
2011.04.22,00:00,37.60,37.60,37.60,37.60,1
2011.04.25,00:00,37.64,37.66,37.40,37.51,3416
2011.04.26,00:00,37.83,38.34,37.83,38.21,4798
2011.04.27,00:00,38.29,38.48,37.98,38.40,4600
2011.04.28,00:00,38.41,38.62,38.38,38.53,3496
2011.04.29,00:00,38.64,38.86,38.63,38.68,3294
2011.05.02,00:00,38.89,38.97,38.56,38.62,2229
2011.05.03,00:00,38.50,38.64,38.28,38.46,2535
2011.05.04,00:00,38.43,38.51,37.81,37.92,3016
2011.05.05,00:00,37.73,38.21,37.52,37.74,3215
2011.05.06,00:00,38.30,38.51,37.92,38.05,3833
2011.05.09,00:00,38.04,38.38,37.96,38.22,1772
2011.05.10,00:00,38.37,38.58,38.36,38.52,2219
2011.05.11,00:00,38.51,38.51,37.92,38.08,2930
2011.05.12,00:00,37.98,38.25,37.69,38.12,2567
2011.05.13,00:00,38.17,38.27,37.57,37.68,2729
2011.05.16,00:00,37.49,37.87,37.44,37.54,2303
2011.05.17,00:00,37.37,37.39,36.87,37.03,3984
2011.05.18,00:00,37.06,37.57,36.90,37.51,2510
2011.05.19,00:00,37.71,37.97,37.58,37.76,2194
2011.05.20,00:00,37.65,37.70,37.24,37.37,2334
2011.05.23,00:00,36.80,37.04,36.64,36.85,2712
2011.05.24,00:00,36.96,37.04,36.57,36.65,2333
2011.05.25,00:00,36.48,37.13,36.41,36.95,2277
2011.05.26,00:00,36.81,37.17,36.71,37.10,1790
2011.05.27,00:00,37.23,37.38,37.15,37.25,1816
2011.05.31,00:00,37.69,37.73,37.28,37.61,2596
2011.06.01,00:00,37.48,37.55,36.38,36.40,3299
2011.06.02,00:00,36.49,36.82,36.29,36.57,3128
2011.06.03,00:00,36.01,36.38,35.97,36.09,2712
2011.06.06,00:00,35.95,36.15,35.76,35.82,3079
2011.06.07,00:00,35.97,36.11,35.79,35.81,2359
2011.06.08,00:00,35.73,35.78,35.44,35.50,3040
2011.06.09,00:00,35.57,35.92,35.54,35.76,2034
2011.06.10,00:00,35.61,35.65,35.15,35.20,2700
2011.06.13,00:00,35.37,35.44,35.04,35.22,2367
2011.06.14,00:00,35.60,36.03,35.57,35.88,2065
2011.06.15,00:00,35.55,35.77,35.25,35.33,3188
2011.06.16,00:00,35.36,35.70,35.17,35.46,3234
2011.06.17,00:00,35.64,35.73,35.32,35.44,3169
2011.06.20,00:00,35.32,35.81,35.29,35.75,2149
2011.06.21,00:00,35.96,36.39,35.96,36.31,2707
2011.06.22,00:00,36.23,36.52,36.08,36.11,2280
2011.06.23,00:00,35.60,36.06,35.32,36.03,3543
2011.06.24,00:00,36.04,36.09,35.56,35.62,2733
2011.06.27,00:00,35.65,36.05,35.49,35.91,1798
2011.06.28,00:00,36.05,36.47,35.94,36.46,1959
2011.06.29,00:00,36.71,36.77,36.36,36.64,2420
2011.06.30,00:00,36.72,37.33,36.69,37.24,2540
2011.07.01,00:00,37.28,37.98,37.19,37.90,3152
2011.07.05,00:00,37.85,37.85,37.57,37.68,2710
2011.07.06,00:00,37.62,37.99,37.59,37.88,2483
2011.07.07,00:00,38.28,38.42,38.10,38.27,2205
2011.07.08,00:00,37.76,37.83,37.56,37.81,2913
2011.07.11,00:00,37.31,37.45,36.97,37.12,2218
2011.07.12,00:00,36.99,37.11,36.71,36.74,2928
2011.07.13,00:00,37.00,37.33,36.80,36.89,2284
2011.07.14,00:00,36.92,37.14,36.39,36.50,2625
2011.07.15,00:00,36.63,36.66,36.18,36.54,2395
2011.07.18,00:00,36.44,36.44,35.90,36.12,2958
2011.07.19,00:00,36.33,36.68,36.26,36.60,1949
2011.07.20,00:00,36.74,36.80,36.52,36.67,1982
2011.07.21,00:00,36.91,37.34,36.83,37.22,2721
2011.07.22,00:00,37.05,37.08,36.69,36.83,2498
2011.07.25,00:00,36.48,37.02,36.44,36.80,1876
2011.07.26,00:00,36.65,36.66,36.04,36.12,3132
2011.07.27,00:00,35.90,35.90,35.04,35.14,3752
2011.07.28,00:00,35.23,35.50,34.76,34.83,3223
2011.07.29,00:00,34.40,35.01,34.18,34.66,3766
2011.08.01,00:00,35.19,35.19,34.05,34.46,4922
2011.08.02,00:00,34.11,34.42,33.28,33.28,4581
2011.08.03,00:00,33.33,33.57,32.67,33.53,7345
2011.08.04,00:00,32.98,33.06,31.69,31.72,7828
2011.08.05,00:00,32.26,32.40,30.96,31.72,12394
2011.08.08,00:00,30.67,31.17,29.53,29.55,15005
2011.08.09,00:00,29.90,30.95,29.02,30.94,12254
2011.08.10,00:00,30.36,30.54,29.37,29.46,11843
2011.08.11,00:00,29.67,31.25,29.44,30.78,7921
2011.08.12,00:00,31.18,31.56,30.85,31.38,6437
2011.08.15,00:00,31.58,31.93,31.52,31.90,3931
2011.08.16,00:00,31.52,31.77,31.14,31.42,4995
2011.08.17,00:00,31.60,31.86,31.07,31.32,3292
2011.08.18,00:00,30.35,30.41,29.29,29.58,6925
2011.08.19,00:00,29.11,30.05,29.08,29.13,5510
2011.08.22,00:00,29.89,29.89,29.13,29.22,4771
2011.08.23,00:00,29.34,30.26,29.16,30.25,5020
2011.08.24,00:00,30.17,30.92,30.08,30.87,3814
2011.08.25,00:00,31.08,31.24,30.19,30.31,5183
2011.08.26,00:00,30.07,31.04,29.58,30.91,5418
2011.08.29,00:00,31.27,31.93,31.27,31.90,2989
2011.08.30,00:00,31.80,32.40,31.55,32.16,4206
2011.08.31,00:00,32.45,32.88,32.11,32.39,3931
2011.09.01,00:00,32.41,32.77,31.83,31.87,5067
2011.09.02,00:00,31.12,31.29,30.72,30.88,4140
2011.09.06,00:00,29.98,30.59,29.74,30.54,4232
2011.09.07,00:00,31.08,31.50,30.94,31.46,2867
2011.09.08,00:00,31.21,31.55,30.87,31.00,3569
2011.09.09,00:00,30.57,30.78,29.98,30.19,5154
2011.09.12,00:00,29.73,30.26,29.48,30.23,4613
2011.09.13,00:00,30.30,31.00,30.16,30.80,5342
2011.09.14,00:00,30.97,31.78,30.33,31.33,4832
2011.09.15,00:00,31.73,31.99,31.51,31.97,4061
2011.09.16,00:00,31.92,32.19,31.63,31.94,3826
2011.09.19,00:00,31.48,31.80,31.15,31.65,3539
2011.09.20,00:00,31.81,32.03,31.40,31.43,2943
2011.09.21,00:00,31.35,31.39,30.15,30.16,5803
2011.09.22,00:00,29.28,29.45,28.64,29.03,7030
2011.09.23,00:00,28.89,29.58,28.86,29.30,5594
2011.09.26,00:00,29.61,30.10,29.14,30.05,4973
2011.09.27,00:00,30.79,31.11,30.37,30.55,4020
2011.09.28,00:00,30.62,30.90,29.75,29.80,4580
2011.09.29,00:00,30.41,30.61,29.58,30.20,5159
2011.09.30,00:00,29.66,29.88,29.20,29.21,5453
2011.10.03,00:00,28.99,29.50,28.35,28.35,6053
2011.10.04,00:00,27.98,29.18,27.67,29.13,6923
2011.10.05,00:00,29.16,29.88,29.00,29.78,4929
2011.10.06,00:00,29.79,30.44,29.48,30.41,4058
2011.10.07,00:00,30.62,30.72,30.03,30.26,5196
2011.10.10,00:00,30.89,31.38,30.75,31.38,3350
2011.10.11,00:00,31.10,31.60,31.10,31.50,3244
2011.10.12,00:00,31.70,32.24,31.63,31.88,3840
2011.10.13,00:00,31.68,31.72,31.21,31.59,3644
2011.10.14,00:00,32.00,32.21,31.78,32.18,2078
2011.10.17,00:00,32.09,32.09,31.21,31.28,2871
2011.10.18,00:00,31.29,32.50,31.14,32.20,3899
2011.10.19,00:00,32.17,32.35,31.66,31.79,3101
2011.10.20,00:00,31.86,32.17,31.54,32.01,3319
2011.10.21,00:00,32.35,32.70,32.23,32.69,2876
2011.10.24,00:00,32.89,33.38,32.79,33.26,2983
2011.10.25,00:00,32.87,32.98,32.33,32.58,4312
2011.10.26,00:00,33.01,33.09,32.39,32.82,3868
2011.10.27,00:00,33.89,34.57,33.68,34.26,4085
2011.10.28,00:00,34.21,34.34,34.04,34.25,2453
2011.10.31,00:00,33.90,33.95,33.40,33.41,6066
2011.11.01,00:00,32.39,32.90,32.15,32.42,13498
2011.11.02,00:00,33.04,33.24,32.72,33.02,7650
2011.11.03,00:00,33.44,33.90,33.08,33.83,9104
2011.11.04,00:00,33.53,33.65,33.05,33.60,6628
2011.11.07,00:00,33.52,33.78,33.07,33.64,3929
2011.11.08,00:00,33.77,34.08,33.40,34.03,3095
2011.11.09,00:00,33.35,33.35,32.60,32.75,4570
2011.11.10,00:00,33.21,33.36,32.90,33.10,3670
2011.11.11,00:00,33.54,34.04,33.54,33.89,2770
2011.11.14,00:00,33.83,33.96,33.52,33.70,2726
2011.11.15,00:00,33.55,34.06,33.46,33.89,2723
2011.11.16,00:00,33.51,34.00,33.35,33.39,2879
2011.11.17,00:00,33.34,33.41,32.55,32.81,4631
2011.11.18,00:00,33.06,33.10,32.73,32.92,2524
2011.11.21,00:00,32.41,32.41,31.79,32.17,3738
2011.11.22,00:00,32.14,32.18,31.71,31.95,3103
2011.11.23,00:00,31.68,31.69,31.18,31.21,2656
2011.11.25,00:00,31.07,31.57,31.07,31.15,1515
2011.11.28,00:00,32.10,32.40,31.96,32.21,2357
2011.11.29,00:00,32.31,32.62,32.14,32.21,3083
2011.11.30,00:00,33.14,33.85,33.14,33.82,3578
2011.12.01,00:00,33.69,33.96,33.63,33.76,2751
2011.12.02,00:00,34.03,34.23,33.66,33.69,2813
2011.12.05,00:00,34.25,34.33,33.82,34.06,2832
2011.12.06,00:00,34.13,34.31,33.92,34.07,2469
2011.12.07,00:00,33.93,34.16,33.59,34.02,2979
2011.12.08,00:00,33.79,33.89,33.12,33.23,2916
2011.12.09,00:00,33.41,34.04,33.38,33.94,2777
2011.12.12,00:00,33.68,33.68,33.07,33.35,3199
2011.12.13,00:00,33.60,33.77,32.75,32.92,4000
2011.12.14,00:00,32.70,32.89,32.44,32.53,3367
2011.12.15,00:00,33.01,33.01,32.61,32.74,2361
2011.12.16,00:00,32.80,33.12,32.53,32.64,2992
2011.12.19,00:00,32.73,32.99,32.21,32.31,2285
2011.12.20,00:00,32.84,33.49,32.83,33.42,2351
2011.12.21,00:00,33.39,33.53,32.97,33.45,2678
2011.12.22,00:00,33.48,33.82,33.48,33.77,1895
2011.12.23,00:00,33.90,34.07,33.75,34.05,1132
2011.12.27,00:00,33.95,34.14,33.88,34.01,1219
2011.12.28,00:00,34.11,34.11,33.45,33.54,1597
2011.12.29,00:00,33.55,33.98,33.54,33.93,1613
2011.12.30,00:00,33.88,34.01,33.75,33.76,1375
2012.01.03,00:00,34.40,34.80,34.40,34.47,2399
2012.01.04,00:00,34.37,34.68,34.29,34.63,1968
2012.01.05,00:00,34.45,34.67,34.14,34.63,1416
2012.01.06,00:00,34.73,34.73,34.47,34.59,1872
2012.01.09,00:00,34.68,34.89,34.54,34.83,1975
2012.01.10,00:00,35.30,35.41,35.24,35.36,2324
2012.01.11,00:00,35.21,35.52,35.19,35.46,2942
2012.01.12,00:00,35.56,35.83,35.38,35.78,2142
2012.01.13,00:00,35.48,35.53,35.15,35.50,2089
2012.01.17,00:00,35.96,36.02,35.61,35.65,2041
2012.01.18,00:00,35.54,36.00,35.50,35.99,2318
2012.01.19,00:00,36.14,36.37,36.08,36.35,1721
2012.01.20,00:00,36.10,36.24,36.01,36.19,1637
2012.01.23,00:00,36.09,36.44,35.99,36.11,1962
2012.01.24,00:00,35.84,36.16,35.76,36.13,1547
2012.01.25,00:00,36.01,36.65,35.85,36.58,2713
2012.01.26,00:00,36.75,36.89,36.37,36.50,2220
2012.01.27,00:00,36.31,36.58,36.28,36.46,1682
2012.01.30,00:00,36.12,36.35,35.99,36.30,2158
2012.01.31,00:00,36.52,36.61,36.03,36.18,2390
2012.02.01,00:00,36.51,36.81,36.49,36.59,2422
2012.02.02,00:00,36.68,36.74,36.51,36.61,1670
2012.02.03,00:00,37.03,37.31,36.97,37.25,1938
2012.02.06,00:00,36.99,37.25,36.97,37.16,1434
2012.02.07,00:00,37.01,37.20,36.77,37.13,1826
2012.02.08,00:00,37.20,37.26,37.02,37.22,1578
2012.02.09,00:00,37.34,37.37,37.09,37.29,1727
2012.02.10,00:00,36.94,36.97,36.72,36.96,1872
2012.02.13,00:00,37.28,37.44,37.02,37.41,2621
2012.02.14,00:00,37.30,37.31,37.01,37.30,2190
2012.02.15,00:00,37.41,37.41,36.70,36.81,3120
2012.02.16,00:00,36.79,37.15,36.78,37.13,2664
2012.02.17,00:00,37.24,37.38,37.14,37.29,1803
2012.02.21,00:00,37.46,37.56,37.26,37.40,2219
2012.02.22,00:00,37.36,37.46,37.22,37.36,1425
2012.02.23,00:00,37.32,37.52,37.16,37.48,1889
2012.02.24,00:00,37.57,37.65,37.41,37.46,1873
2012.02.27,00:00,37.25,37.65,37.10,37.48,2066
2012.02.28,00:00,37.47,37.54,37.29,37.44,1757
2012.02.29,00:00,37.55,37.61,37.15,37.21,2279
2012.03.01,00:00,37.28,37.50,37.19,37.34,2446
2012.03.02,00:00,37.38,37.38,37.01,37.12,1971
2012.03.05,00:00,37.04,37.08,36.74,36.88,2287
2012.03.06,00:00,36.40,36.43,35.95,36.04,3664
2012.03.07,00:00,36.17,36.47,36.14,36.41,2234
2012.03.08,00:00,36.73,37.01,36.58,36.93,2096
2012.03.09,00:00,37.01,37.16,36.80,36.99,1950
2012.03.12,00:00,37.06,37.12,36.89,37.01,4138
2012.03.13,00:00,37.19,37.79,37.06,37.78,5770
2012.03.14,00:00,37.76,37.87,37.57,37.70,3990
2012.03.15,00:00,37.69,38.16,37.60,38.13,5600
2012.03.16,00:00,38.08,38.09,37.84,37.95,5110
2012.03.19,00:00,37.96,38.10,37.82,37.95,3392
2012.03.20,00:00,37.69,37.73,37.38,37.52,3798
2012.03.21,00:00,37.61,37.66,37.42,37.53,3116
2012.03.22,00:00,37.18,37.24,36.79,37.09,4856
2012.03.23,00:00,37.05,37.21,36.84,37.16,4028
2012.03.26,00:00,37.44,37.70,37.44,37.68,2232
2012.03.27,00:00,37.72,37.78,37.57,37.59,1480
2012.03.28,00:00,37.53,37.62,36.90,37.17,2896
2012.03.29,00:00,36.88,37.29,36.74,37.23,2662
2012.03.30,00:00,37.42,37.51,37.22,37.40,2040
2012.04.02,00:00,37.33,37.78,37.15,37.64,2464
2012.04.03,00:00,37.55,37.65,37.21,37.39,2317
2012.04.04,00:00,37.02,37.18,36.94,37.11,2440
2012.04.05,00:00,36.99,37.16,36.91,36.95,1593
2012.04.09,00:00,36.36,36.52,36.26,36.39,2738
2012.04.10,00:00,36.32,36.32,35.55,35.62,3429
2012.04.11,00:00,36.03,36.18,35.90,36.02,2344
2012.04.12,00:00,36.09,36.81,36.02,36.77,2530
2012.04.13,00:00,36.60,36.62,36.31,36.34,2113
2012.04.16,00:00,36.54,36.70,36.27,36.42,2662
2012.04.17,00:00,36.68,37.11,36.52,36.98,2878
2012.04.18,00:00,36.84,37.01,36.76,36.87,1895
2012.04.19,00:00,36.88,36.96,36.24,36.46,3134
2012.04.20,00:00,36.65,36.93,36.61,36.74,2194
2012.04.23,00:00,36.30,36.39,36.07,36.37,2141
2012.04.24,00:00,36.56,36.86,36.49,36.81,2472
2012.04.25,00:00,37.12,37.16,36.79,36.91,2531
2012.04.26,00:00,36.82,37.16,36.75,37.13,2294
2012.04.27,00:00,37.26,37.44,37.09,37.34,2089
2012.04.30,00:00,37.21,37.27,36.86,37.00,2162
2012.05.01,00:00,36.92,37.39,36.64,37.10,2422
2012.05.02,00:00,36.86,37.15,36.77,37.10,1643
2012.05.03,00:00,37.13,37.19,36.72,36.80,2128
2012.05.04,00:00,36.65,36.68,36.19,36.28,3024
2012.05.07,00:00,36.11,36.37,36.09,36.22,1800
2012.05.08,00:00,35.97,36.17,35.61,36.11,2936
2012.05.09,00:00,35.65,36.02,35.45,35.70,4064
2012.05.10,00:00,36.01,36.12,35.65,35.74,2147
2012.05.11,00:00,35.52,36.04,35.50,35.67,1983
2012.05.14,00:00,35.28,35.55,35.10,35.26,4297
2012.05.15,00:00,35.19,35.46,34.97,35.06,3268
2012.05.16,00:00,35.33,35.52,34.99,35.02,2776
2012.05.17,00:00,35.00,35.06,34.26,34.27,3636
2012.05.18,00:00,34.39,34.61,34.01,34.09,3508
2012.05.21,00:00,34.32,34.90,34.30,34.87,2633
2012.05.22,00:00,35.00,35.22,34.76,34.97,2405
2012.05.23,00:00,34.69,35.26,34.37,35.19,3112
2012.05.24,00:00,35.28,35.32,34.76,35.15,2734
2012.05.25,00:00,35.16,35.23,34.83,34.92,2122
2012.05.29,00:00,35.20,35.49,35.16,35.38,2532
2012.05.30,00:00,35.06,35.06,34.72,34.77,2557
2012.05.31,00:00,34.69,34.91,34.26,34.65,2831
2012.06.01,00:00,33.91,34.14,33.66,33.69,3991
2012.06.04,00:00,33.72,33.76,33.07,33.35,2992
2012.06.05,00:00,33.26,33.50,33.13,33.42,2178
2012.06.06,00:00,33.84,34.35,33.69,34.33,2736
2012.06.07,00:00,34.95,35.05,34.47,34.54,3181
2012.06.08,00:00,34.52,34.82,34.31,34.81,2387
2012.06.11,00:00,35.15,35.17,34.30,34.35,3283
2012.06.12,00:00,34.50,34.93,34.32,34.89,3479
2012.06.13,00:00,34.74,34.89,34.38,34.54,2751
2012.06.14,00:00,34.63,34.95,34.42,34.82,2780
2012.06.15,00:00,34.81,34.96,34.75,34.93,2720
2012.06.18,00:00,34.80,35.16,34.69,35.05,2096
2012.06.19,00:00,35.19,35.69,35.19,35.50,2213
2012.06.20,00:00,35.39,35.50,35.06,35.32,2930
2012.06.21,00:00,35.43,35.52,34.58,34.61,2329
2012.06.22,00:00,34.72,34.82,34.48,34.74,2033
2012.06.25,00:00,34.33,34.39,33.96,34.09,2762
2012.06.26,00:00,34.16,34.26,33.83,34.14,1949
2012.06.27,00:00,34.29,34.57,34.25,34.51,2506
2012.06.28,00:00,34.22,34.50,34.05,34.46,2476
2012.06.29,00:00,35.15,35.63,35.07,35.63,2440
2012.07.02,00:00,35.75,35.81,35.11,35.35,2193
2012.07.03,00:00,35.32,35.73,35.29,35.72,2550
2012.07.05,00:00,35.59,35.83,35.46,35.68,1839
2012.07.06,00:00,35.26,35.33,34.98,35.19,1754
2012.07.09,00:00,34.92,35.25,34.88,35.16,1458
2012.07.10,00:00,35.32,35.48,34.40,34.59,2894
2012.07.11,00:00,34.58,34.65,34.16,34.33,3418
2012.07.12,00:00,34.10,34.37,33.86,34.20,2755
2012.07.13,00:00,34.27,34.88,34.22,34.83,2958
2012.07.16,00:00,34.70,34.73,34.37,34.62,1746
2012.07.17,00:00,34.55,34.91,34.31,34.79,2665
2012.07.18,00:00,34.73,35.51,34.66,35.41,3138
2012.07.19,00:00,35.51,35.71,35.33,35.59,1994
2012.07.20,00:00,35.35,35.49,35.11,35.15,2835
2012.07.23,00:00,34.61,35.07,34.49,34.98,2331
2012.07.24,00:00,35.00,35.04,34.31,34.58,2417
2012.07.25,00:00,34.88,35.00,34.47,34.69,2183
2012.07.26,00:00,35.16,35.38,34.96,35.24,3035
2012.07.27,00:00,35.28,36.18,35.28,36.01,3198
2012.07.30,00:00,35.95,36.16,35.79,35.91,2206
2012.07.31,00:00,35.89,36.08,35.79,35.79,1950
2012.08.01,00:00,36.02,36.04,35.54,35.57,2794
2012.08.02,00:00,35.43,35.58,34.99,35.39,3283
2012.08.03,00:00,35.82,36.31,35.82,36.17,2099
2012.08.06,00:00,36.31,36.46,36.16,36.17,1462
2012.08.07,00:00,36.30,36.69,36.30,36.51,1848
2012.08.08,00:00,36.38,36.52,36.29,36.48,1316
2012.08.09,00:00,36.45,36.58,36.36,36.50,1452
2012.08.10,00:00,36.36,36.69,36.27,36.65,1224
2012.08.13,00:00,36.60,36.63,36.34,36.60,1230
2012.08.14,00:00,36.74,36.77,36.46,36.54,1510
2012.08.15,00:00,36.35,36.68,36.34,36.60,1416
2012.08.16,00:00,36.62,37.06,36.55,36.99,1921
2012.08.17,00:00,37.00,37.20,37.00,37.17,1472
2012.08.20,00:00,37.07,37.16,36.92,37.10,1414
2012.08.21,00:00,37.22,37.38,36.91,37.00,1421
2012.08.22,00:00,36.87,36.99,36.68,36.83,2063
2012.08.23,00:00,36.78,36.78,36.45,36.54,2313
2012.08.24,00:00,36.40,36.80,36.40,36.71,1615
2012.08.27,00:00,36.77,36.82,36.56,36.60,1404
2012.08.28,00:00,36.55,36.64,36.44,36.46,2028
2012.08.29,00:00,36.45,36.58,36.31,36.48,1573
2012.08.30,00:00,36.24,36.33,36.04,36.14,1831
2012.08.31,00:00,36.37,36.52,36.12,36.33,1870
2012.09.04,00:00,36.23,36.31,35.81,35.99,1998
2012.09.05,00:00,35.98,36.05,35.74,35.85,2649
2012.09.06,00:00,36.13,36.68,36.11,36.67,2831
2012.09.07,00:00,36.79,37.03,36.78,37.00,2048
2012.09.10,00:00,36.88,36.97,36.74,36.76,1984
2012.09.11,00:00,36.74,37.05,36.72,36.95,1972
2012.09.12,00:00,37.08,37.17,36.93,37.10,1813
2012.09.13,00:00,37.00,37.68,36.84,37.48,2538
2012.09.14,00:00,37.37,38.06,37.37,37.76,2823
2012.09.17,00:00,37.61,37.70,37.48,37.57,1947
2012.09.18,00:00,37.44,37.58,37.41,37.57,2222
2012.09.19,00:00,37.51,37.73,37.40,37.66,1536
2012.09.20,00:00,37.34,37.35,37.14,37.31,1774
2012.09.21,00:00,37.24,37.27,36.94,36.98,2957
2012.09.24,00:00,36.73,37.05,36.70,36.95,2487
2012.09.25,00:00,36.87,37.01,36.46,36.47,2103
2012.09.26,00:00,36.49,36.50,36.20,36.32,1892
2012.09.27,00:00,36.47,36.72,36.29,36.65,2168
2012.09.28,00:00,36.51,36.67,36.25,36.52,2525
2012.10.01,00:00,36.71,37.01,36.57,36.69,2466
2012.10.02,00:00,36.82,36.86,36.49,36.65,2272
2012.10.03,00:00,36.79,36.89,36.53,36.80,1809
2012.10.04,00:00,37.01,37.11,36.89,37.02,1521
2012.10.05,00:00,37.26,37.38,36.99,37.14,1740
2012.10.08,00:00,36.93,37.12,36.88,37.04,1235
2012.10.09,00:00,37.06,37.09,36.61,36.62,1924
2012.10.10,00:00,36.49,36.61,36.25,36.30,1863
2012.10.11,00:00,36.57,36.70,36.40,36.41,1789
2012.10.12,00:00,36.55,36.72,36.30,36.44,1972
2012.10.15,00:00,36.47,36.71,36.38,36.68,1851
2012.10.16,00:00,36.78,37.11,36.78,37.08,1886
2012.10.17,00:00,37.15,37.35,37.08,37.31,1333
2012.10.18,00:00,37.15,37.53,37.12,37.41,2211
2012.10.19,00:00,37.21,37.21,36.64,36.76,2432
2012.10.22,00:00,36.67,36.94,36.36,36.69,2505
2012.10.23,00:00,36.33,36.43,36.10,36.32,2827
2012.10.24,00:00,36.50,36.50,36.03,36.09,2369
2012.10.25,00:00,36.42,36.49,35.98,36.29,2534
2012.10.26,00:00,36.22,36.48,36.10,36.30,1860
2012.10.31,00:00,36.48,36.77,36.35,36.47,2346
2012.11.01,00:00,36.58,37.20,36.44,37.16,2451
2012.11.02,00:00,37.32,37.43,36.80,36.84,2125
2012.11.05,00:00,36.68,37.08,36.66,37.01,1750
2012.11.06,00:00,37.19,37.60,37.13,37.42,1936
2012.11.07,00:00,37.11,37.11,36.34,36.55,3430
2012.11.08,00:00,36.54,36.65,36.15,36.15,2497
2012.11.09,00:00,36.00,36.57,35.99,36.25,2750
2012.11.12,00:00,36.36,36.54,36.23,36.39,1673
2012.11.13,00:00,36.05,36.63,36.05,36.26,2195
2012.11.14,00:00,36.38,36.38,35.31,35.40,3407
2012.11.15,00:00,35.25,35.60,35.24,35.39,2799
2012.11.16,00:00,35.32,35.60,35.18,35.50,2758
2012.11.19,00:00,35.95,36.18,35.85,36.18,2358
2012.11.20,00:00,36.20,36.25,35.92,36.22,1669
2012.11.21,00:00,36.13,36.34,36.12,36.26,1570
2012.11.23,00:00,36.34,36.73,36.34,36.73,965
2012.11.26,00:00,36.59,36.76,36.51,36.76,1584
2012.11.27,00:00,36.80,37.00,36.64,36.66,2259
2012.11.28,00:00,36.51,37.02,36.34,37.00,2417
2012.11.29,00:00,37.18,37.32,36.96,37.22,2430
2012.11.30,00:00,37.16,37.27,37.04,37.12,1743
2012.12.03,00:00,37.31,37.38,36.72,36.74,1936
2012.12.04,00:00,36.81,37.02,36.70,36.86,1710
2012.12.05,00:00,36.94,37.39,36.75,37.24,2369
2012.12.06,00:00,37.23,37.28,37.00,37.27,1723
2012.12.07,00:00,37.40,37.51,37.24,37.48,1779
2012.12.10,00:00,37.47,37.71,37.38,37.66,1675
2012.12.11,00:00,37.79,37.96,37.67,37.75,1635
2012.12.12,00:00,37.94,38.11,37.77,37.82,1713
2012.12.13,00:00,37.74,37.97,37.57,37.66,1895
2012.12.14,00:00,37.60,37.82,37.59,37.64,1521
2012.12.17,00:00,37.79,37.97,37.71,37.95,2817
2012.12.18,00:00,38.01,38.49,37.90,38.46,2394
2012.12.19,00:00,38.51,38.51,38.22,38.24,2869
2012.12.20,00:00,38.29,38.44,38.20,38.44,1909
2012.12.21,00:00,37.62,37.98,37.49,37.93,2594
2012.12.24,00:00,37.83,37.92,37.74,37.79,374
2012.12.26,00:00,37.92,37.95,37.63,37.68,1402
2012.12.27,00:00,37.73,37.76,37.22,37.64,1847
2012.12.28,00:00,37.33,37.61,37.17,37.20,2250
2012.12.31,00:00,37.11,37.42,37.03,37.32,935
2013.01.02,00:00,38.73,38.90,38.54,38.78,3293
2013.01.03,00:00,38.76,39.08,38.72,38.83,1879
2013.01.04,00:00,38.97,39.14,38.88,39.10,1763
2013.01.07,00:00,38.99,39.02,38.80,38.94,1470
2013.01.08,00:00,38.82,38.91,38.51,38.64,1421
2013.01.09,00:00,38.77,39.11,38.76,39.02,1795
2013.01.10,00:00,39.23,39.25,38.94,39.25,1783
2013.01.11,00:00,39.11,39.18,39.00,39.11,1293
2013.01.14,00:00,39.18,39.23,39.06,39.19,1222
2013.01.15,00:00,39.03,39.36,39.00,39.34,1306
2013.01.16,00:00,39.19,39.20,39.08,39.19,1234
2013.01.17,00:00,39.32,39.67,39.27,39.59,1542
2013.01.18,00:00,39.76,39.93,39.58,39.92,1841
2013.01.21,00:00,39.86,39.86,39.86,39.86,1
2013.01.22,00:00,39.83,40.07,39.79,40.07,1812
2013.01.23,00:00,39.99,40.15,39.89,40.10,1492
2013.01.24,00:00,40.11,40.46,40.06,40.31,1574
2013.01.25,00:00,40.46,40.51,40.28,40.47,1467
2013.01.28,00:00,40.57,40.64,40.31,40.44,1881
2013.01.29,00:00,40.40,40.59,40.34,40.57,1564
2013.01.30,00:00,40.54,40.63,40.19,40.23,1981
2013.01.31,00:00,40.08,40.26,39.98,40.06,1929
2013.02.01,00:00,40.36,40.51,40.23,40.47,2001
2013.02.04,00:00,40.26,40.34,40.06,40.10,2004
2013.02.05,00:00,40.31,40.57,40.27,40.47,1969
2013.02.06,00:00,40.34,40.52,40.25,40.51,2079
2013.02.07,00:00,40.55,40.60,40.14,40.44,2019
2013.02.08,00:00,40.50,40.63,40.43,40.59,1726
2013.02.11,00:00,40.52,40.63,40.48,40.58,1363
2013.02.12,00:00,40.65,40.82,40.64,40.76,1182
2013.02.13,00:00,40.94,41.11,40.85,40.96,1553
2013.02.14,00:00,40.83,41.05,40.72,41.01,1899
2013.02.15,00:00,41.09,41.16,40.92,41.03,1671
2013.02.19,00:00,41.21,41.38,41.09,41.37,1418
2013.02.20,00:00,41.40,41.40,40.78,40.80,1836
2013.02.21,00:00,40.65,40.72,40.33,40.50,2385
2013.02.22,00:00,40.69,40.88,40.66,40.83,1862
2013.02.25,00:00,41.08,41.09,39.97,39.97,2764
2013.02.26,00:00,40.10,40.32,39.96,40.24,2795
2013.02.27,00:00,40.19,41.11,40.19,41.00,1997
2013.02.28,00:00,40.97,41.28,40.92,40.98,2369
2013.03.01,00:00,40.78,41.04,40.46,40.88,2123
2013.03.04,00:00,40.81,40.82,40.41,40.82,2599
2013.03.05,00:00,41.08,41.51,41.07,41.39,2090
2013.03.06,00:00,41.59,41.66,41.32,41.41,1640
2013.03.07,00:00,41.50,41.58,41.36,41.42,1400
2013.03.08,00:00,41.69,41.85,41.52,41.84,1697
2013.03.11,00:00,41.74,41.97,41.68,41.94,1721
2013.03.12,00:00,41.81,41.92,41.53,41.71,1678
2013.03.13,00:00,41.77,41.94,41.62,41.91,1465
2013.03.14,00:00,41.99,42.15,41.95,42.13,1408
2013.03.15,00:00,41.89,42.03,41.79,41.95,1902
2013.03.18,00:00,41.59,41.94,41.48,41.73,1645
2013.03.19,00:00,41.75,41.88,41.38,41.67,2158
2013.03.20,00:00,41.88,41.90,41.57,41.70,2067
2013.03.21,00:00,41.54,41.65,41.21,41.29,1772
2013.03.22,00:00,41.61,41.62,41.38,41.59,1560
2013.03.25,00:00,41.73,41.75,41.06,41.23,2195
2013.03.26,00:00,41.41,41.48,41.30,41.47,1494
2013.03.27,00:00,41.20,41.48,41.04,41.45,1794
2013.03.28,00:00,41.48,41.76,41.41,41.73,1806
2013.04.01,00:00,41.69,41.70,41.16,41.24,2526
2013.04.02,00:00,41.38,41.43,41.03,41.15,2048
2013.04.03,00:00,41.19,41.25,40.80,40.87,2795
2013.04.04,00:00,40.90,41.10,40.86,41.05,1967
2013.04.05,00:00,40.51,40.99,40.43,40.94,1780
2013.04.08,00:00,40.93,41.19,40.80,41.18,2229
2013.04.09,00:00,41.32,41.48,41.05,41.32,1541
2013.04.10,00:00,41.47,41.91,41.36,41.88,1810
2013.04.11,00:00,41.93,42.12,41.77,41.99,1797
2013.04.12,00:00,41.84,41.91,41.59,41.76,1564
2013.04.15,00:00,41.47,41.52,40.45,40.45,2663
2013.04.16,00:00,40.86,41.06,40.72,41.04,1590
2013.04.17,00:00,40.77,40.77,40.12,40.34,3405
2013.04.18,00:00,40.44,40.48,40.01,40.17,2922
2013.04.19,00:00,40.21,40.41,40.01,40.37,2868
2013.04.22,00:00,40.40,40.54,40.02,40.41,2391
2013.04.23,00:00,40.61,40.78,40.32,40.71,2298
2013.04.24,00:00,40.92,41.20,40.90,41.11,2152
2013.04.25,00:00,41.25,41.53,41.15,41.33,1913
2013.04.26,00:00,41.29,41.44,41.13,41.24,1646
2013.04.29,00:00,41.39,41.53,41.15,41.42,1564
2013.04.30,00:00,41.49,41.49,41.12,41.42,1401
2013.05.01,00:00,41.19,41.33,40.89,40.91,2388
2013.05.02,00:00,41.04,41.46,41.04,41.40,1663
2013.05.03,00:00,41.85,42.36,41.82,42.11,2645
2013.05.06,00:00,42.10,42.43,42.07,42.38,2561
2013.05.07,00:00,42.50,42.79,42.44,42.79,2431
2013.05.08,00:00,42.72,43.06,42.63,43.05,2359
2013.05.09,00:00,43.07,43.29,42.93,43.04,1804
2013.05.10,00:00,43.12,43.20,42.87,43.15,1830
2013.05.13,00:00,43.13,43.15,42.88,43.02,1547
2013.05.14,00:00,43.15,43.54,43.03,43.54,2543
2013.05.15,00:00,43.37,43.73,43.28,43.71,1722
2013.05.16,00:00,43.60,43.79,43.43,43.50,2286
2013.05.17,00:00,43.69,44.17,43.68,44.17,2233
2013.05.20,00:00,44.03,44.43,44.03,44.30,3497
2013.05.21,00:00,44.32,44.54,44.22,44.35,1939
2013.05.22,00:00,44.42,44.69,43.81,43.95,3384
2013.05.23,00:00,43.42,43.94,43.42,43.82,3035
2013.05.24,00:00,43.56,43.77,43.37,43.71,1756
2013.05.28,00:00,44.24,44.34,43.85,43.94,2162
2013.05.29,00:00,43.72,43.88,43.54,43.69,2555
2013.05.30,00:00,43.81,44.15,43.70,43.94,1785
2013.05.31,00:00,43.83,44.26,43.51,43.51,2159
2013.06.03,00:00,43.70,43.79,43.22,43.72,2941
2013.06.04,00:00,43.71,43.96,43.19,43.45,2736
2013.06.05,00:00,43.32,43.37,42.66,42.73,3100
2013.06.06,00:00,42.76,43.01,42.54,43.00,2444
2013.06.07,00:00,43.30,43.80,43.16,43.77,2486
2013.06.10,00:00,43.93,43.93,43.51,43.64,2297
2013.06.11,00:00,43.21,43.62,43.10,43.26,2286
2013.06.12,00:00,43.58,43.61,42.88,42.92,2854
2013.06.13,00:00,42.91,43.65,42.82,43.54,2279
2013.06.14,00:00,43.52,43.75,43.24,43.33,2407
2013.06.17,00:00,43.65,43.78,43.37,43.61,2536
2013.06.18,00:00,43.65,44.24,43.64,44.14,2141
2013.06.19,00:00,44.05,44.16,43.51,43.52,3395
2013.06.20,00:00,43.05,43.07,42.43,42.52,4601
2013.06.21,00:00,42.62,42.66,41.99,42.32,3702
2013.06.24,00:00,41.84,41.95,41.36,41.58,4463
2013.06.25,00:00,42.03,42.18,41.78,42.05,2477
2013.06.26,00:00,42.40,42.64,42.22,42.50,2556
2013.06.27,00:00,42.85,43.00,42.68,42.89,2340
2013.06.28,00:00,42.79,42.95,42.58,42.61,2221
2013.07.01,00:00,42.98,43.33,42.81,43.03,2873
2013.07.02,00:00,42.91,43.11,42.46,42.59,2668
2013.07.03,00:00,42.43,42.76,42.34,42.73,1568
2013.07.05,00:00,43.04,43.29,42.77,43.27,2204
2013.07.08,00:00,43.37,43.59,43.34,43.40,1938
2013.07.09,00:00,43.73,44.23,43.72,44.05,2201
2013.07.10,00:00,44.04,44.23,43.86,44.01,1998
2013.07.11,00:00,44.69,44.74,44.46,44.71,3070
2013.07.12,00:00,44.58,44.65,44.21,44.44,1931
2013.07.15,00:00,44.57,44.68,44.50,44.60,1877
2013.07.16,00:00,44.67,44.73,44.30,44.36,1730
2013.07.17,00:00,44.58,44.68,44.41,44.51,1539
2013.07.18,00:00,44.59,45.07,44.53,44.93,2124
2013.07.19,00:00,45.10,45.42,45.04,45.40,2431
2013.07.22,00:00,45.48,45.56,45.35,45.41,1596
2013.07.23,00:00,45.58,45.63,45.26,45.38,1718
2013.07.24,00:00,45.55,45.57,44.98,45.06,1711
2013.07.25,00:00,44.93,45.07,44.66,45.07,1766
2013.07.26,00:00,44.85,44.95,44.66,44.93,1311
2013.07.29,00:00,44.73,44.97,44.72,44.80,1636
2013.07.30,00:00,45.10,45.23,44.87,45.01,1771
2013.07.31,00:00,45.06,45.49,45.06,45.12,2180
2013.08.01,00:00,45.41,45.98,45.41,45.90,2367
2013.08.02,00:00,45.76,46.01,45.64,46.00,1583
2013.08.05,00:00,45.82,45.96,45.76,45.83,989
2013.08.06,00:00,45.75,45.75,45.41,45.50,1872
2013.08.07,00:00,45.29,45.44,45.18,45.40,1891
2013.08.08,00:00,45.67,45.77,45.44,45.62,1409
2013.08.09,00:00,45.66,45.66,45.30,45.48,1742
2013.08.12,00:00,45.20,45.59,45.18,45.53,1432
2013.08.13,00:00,45.56,45.86,45.39,45.75,1665
2013.08.14,00:00,45.70,45.77,45.41,45.42,1944
2013.08.15,00:00,45.02,45.05,44.76,44.90,2295
2013.08.16,00:00,44.80,45.10,44.78,44.97,2752
2013.08.19,00:00,44.84,45.04,44.74,44.75,1672
2013.08.20,00:00,44.78,45.00,44.61,44.79,1665
2013.08.21,00:00,44.74,44.85,44.45,44.51,2420
2013.08.22,00:00,44.60,45.18,44.60,45.10,2711
2013.08.23,00:00,45.22,45.22,44.90,45.12,1547
2013.08.26,00:00,45.21,45.39,44.97,45.01,1693
2013.08.27,00:00,44.61,44.66,44.06,44.09,3017
2013.08.28,00:00,44.00,44.33,43.96,44.16,1935
2013.08.29,00:00,44.04,44.51,44.02,44.27,1692
2013.08.30,00:00,44.38,44.46,43.92,44.03,2006
2013.09.03,00:00,44.45,44.74,44.12,44.28,2676
2013.09.04,00:00,44.26,44.84,44.23,44.76,2749
2013.09.05,00:00,44.82,45.01,44.66,44.89,1720
2013.09.06,00:00,45.10,45.22,44.44,44.85,2763
2013.09.09,00:00,45.01,45.52,45.00,45.41,2178
2013.09.10,00:00,45.78,46.15,45.71,46.06,2568
2013.09.11,00:00,46.09,46.27,45.93,46.27,2309
2013.09.12,00:00,46.22,46.34,46.03,46.08,1842
2013.09.13,00:00,46.16,46.21,45.92,46.19,1558
2013.09.16,00:00,46.79,46.94,46.63,46.77,3208
2013.09.17,00:00,46.75,47.06,46.73,47.00,1434
2013.09.18,00:00,47.04,47.69,46.88,47.58,2614
2013.09.19,00:00,47.76,48.00,47.71,47.77,2967
2013.09.20,00:00,47.65,47.65,46.92,46.94,2424
2013.09.23,00:00,46.87,47.00,46.58,46.81,1967
2013.09.24,00:00,46.77,47.24,46.75,46.97,2183
2013.09.25,00:00,47.02,47.12,46.76,46.78,2125
2013.09.26,00:00,46.92,47.07,46.74,46.95,1561
2013.09.27,00:00,46.66,46.72,46.48,46.65,2043
2013.09.30,00:00,46.18,46.58,46.14,46.39,1961
2013.10.01,00:00,46.38,46.80,46.37,46.71,2508
2013.10.02,00:00,46.43,46.54,46.19,46.51,2449
2013.10.03,00:00,46.46,46.46,45.66,45.99,3649
2013.10.04,00:00,46.00,46.29,45.86,46.23,2294
2013.10.07,00:00,45.67,46.25,45.67,45.97,2557
2013.10.08,00:00,45.98,46.10,45.40,45.44,4604
2013.10.09,00:00,45.61,45.61,45.08,45.37,3077
2013.10.10,00:00,45.89,46.58,45.85,46.58,3391
2013.10.11,00:00,46.49,46.87,46.46,46.83,2430
2013.10.14,00:00,46.57,47.00,46.44,46.95,1968
2013.10.15,00:00,46.87,46.98,46.45,46.50,3753
2013.10.16,00:00,46.72,46.91,46.46,46.81,3206
2013.10.17,00:00,46.63,47.18,46.62,47.16,2608
2013.10.18,00:00,47.46,47.78,47.36,47.69,2758
2013.10.21,00:00,47.75,47.85,47.71,47.82,1796
2013.10.22,00:00,47.97,48.40,47.97,48.12,2126
2013.10.23,00:00,48.05,48.17,47.82,48.14,2242
2013.10.24,00:00,48.23,48.55,48.19,48.50,1989
2013.10.25,00:00,48.61,48.76,48.33,48.75,2027
2013.10.28,00:00,48.59,48.81,48.57,48.68,1809
2013.10.29,00:00,48.75,48.81,48.50,48.81,2099
2013.10.30,00:00,48.83,48.98,48.46,48.57,2781
2013.10.31,00:00,48.52,48.94,48.41,48.60,2249
2013.11.01,00:00,48.72,49.07,48.56,48.94,2563
2013.11.04,00:00,49.16,49.16,48.97,49.06,1202
2013.11.05,00:00,48.95,49.20,48.68,49.06,2031
2013.11.06,00:00,49.30,49.36,48.98,49.25,1725
2013.11.07,00:00,49.37,49.51,48.65,48.68,2711
2013.11.08,00:00,48.67,49.36,48.64,49.34,2213
2013.11.11,00:00,49.36,49.39,49.22,49.33,1723
2013.11.12,00:00,49.16,49.44,49.11,49.33,1621
2013.11.13,00:00,49.09,49.64,49.05,49.62,2367
2013.11.14,00:00,49.57,49.94,49.57,49.85,2711
2013.11.15,00:00,49.97,50.05,49.78,50.01,1971
2013.11.18,00:00,50.24,50.39,49.96,50.09,2090
2013.11.19,00:00,50.05,50.16,49.66,49.75,2502
2013.11.20,00:00,49.90,49.90,49.39,49.50,2214
2013.11.21,00:00,49.71,49.95,49.55,49.92,1950
2013.11.22,00:00,50.05,50.34,49.87,50.31,1954
2013.11.25,00:00,50.44,50.50,50.11,50.18,2369
2013.11.26,00:00,50.24,50.45,50.18,50.33,2024
2013.11.27,00:00,50.45,50.61,50.40,50.55,1469
2013.11.29,00:00,50.72,50.76,50.33,50.39,1171
2013.12.02,00:00,50.32,50.47,50.06,50.14,2486
2013.12.03,00:00,50.10,50.10,49.57,49.76,2293
2013.12.04,00:00,49.51,49.91,49.12,49.56,2234
2013.12.05,00:00,49.51,49.80,49.45,49.60,2145
2013.12.06,00:00,50.12,50.35,50.07,50.30,2066
2013.12.09,00:00,50.37,50.53,50.35,50.44,1949
2013.12.10,00:00,50.37,50.63,50.19,50.31,1826
2013.12.11,00:00,50.37,50.37,49.51,49.56,2790
2013.12.12,00:00,49.44,49.76,49.42,49.58,1761
2013.12.13,00:00,49.69,49.87,49.53,49.75,2001
2013.12.16,00:00,49.92,50.40,49.92,50.26,2548
2013.12.17,00:00,50.40,50.46,50.13,50.23,2168
2013.12.18,00:00,50.35,51.08,49.90,51.07,4531
2013.12.19,00:00,50.98,51.13,50.76,51.09,3111
2013.12.20,00:00,50.93,51.41,50.82,51.26,3226
2013.12.23,00:00,51.52,51.57,51.34,51.42,2685
2013.12.24,00:00,51.44,51.69,51.44,51.68,745
2013.12.26,00:00,51.86,52.10,51.69,52.02,3218
2013.12.27,00:00,52.28,52.28,51.92,51.99,1639
2013.12.30,00:00,52.01,52.05,51.88,51.96,2473
2013.12.31,00:00,52.11,52.20,52.02,52.15,910
2014.01.02,00:00,51.97,52.03,51.45,51.55,2831
2014.01.03,00:00,51.66,51.89,51.57,51.68,1784
2014.01.06,00:00,51.91,52.06,51.36,51.39,2652
2014.01.07,00:00,51.63,51.80,51.50,51.65,1926
2014.01.08,00:00,51.69,51.71,51.39,51.60,2110
2014.01.09,00:00,52.04,52.04,51.51,51.81,2695
2014.01.10,00:00,51.93,51.96,51.57,51.93,2062
2014.01.13,00:00,51.79,52.09,51.23,51.31,2252
2014.01.14,00:00,51.55,51.87,51.35,51.86,1936
2014.01.15,00:00,51.96,52.31,51.91,52.21,2137
2014.01.16,00:00,52.01,52.14,51.90,52.06,1833
2014.01.17,00:00,51.88,51.95,51.69,51.81,2386
2014.01.21,00:00,52.06,52.30,51.57,51.86,2213
2014.01.22,00:00,52.05,52.09,51.84,52.01,1958
2014.01.23,00:00,51.71,51.83,51.23,51.41,2726
2014.01.24,00:00,51.05,51.05,49.80,49.80,4466
2014.01.27,00:00,50.05,50.23,49.51,49.89,4049
2014.01.28,00:00,50.00,50.46,50.00,50.32,2335
2014.01.29,00:00,49.87,50.20,49.65,49.81,4584
2014.01.30,00:00,50.23,50.39,49.93,50.24,2655
2014.01.31,00:00,49.66,50.37,49.43,50.00,3178
2014.02.03,00:00,49.90,50.22,48.61,48.68,5327
2014.02.04,00:00,48.81,49.11,48.37,48.97,3811
2014.02.05,00:00,48.74,49.11,48.38,48.94,3210
2014.02.06,00:00,49.13,49.66,49.03,49.62,2566
2014.02.07,00:00,49.85,50.50,49.85,50.44,3243
2014.02.10,00:00,50.52,50.52,50.03,50.15,2243
2014.02.11,00:00,50.32,50.90,50.23,50.71,2325
2014.02.12,00:00,50.76,51.04,50.76,50.94,2420
2014.02.13,00:00,50.65,51.10,50.48,51.03,2155
2014.02.14,00:00,50.97,51.50,50.89,51.40,2732
2014.02.17,00:00,51.36,51.36,51.36,51.36,1
2014.02.18,00:00,51.52,51.52,51.14,51.30,1816
2014.02.19,00:00,51.26,51.56,50.81,50.87,3044
2014.02.20,00:00,51.02,51.49,50.77,51.35,2754
2014.02.21,00:00,51.52,51.62,51.31,51.38,1912
2014.02.24,00:00,51.57,52.22,51.51,51.79,2005
2014.02.25,00:00,51.69,51.89,51.46,51.58,2081
2014.02.26,00:00,51.71,51.86,51.45,51.61,2255
2014.02.27,00:00,51.58,51.94,51.50,51.92,2179
2014.02.28,00:00,51.97,52.33,51.79,52.06,2332
2014.03.03,00:00,51.49,51.87,51.32,51.70,4032
2014.03.04,00:00,52.18,52.61,52.18,52.48,2503
2014.03.05,00:00,52.56,52.70,52.45,52.56,2391
2014.03.06,00:00,52.75,52.94,52.66,52.87,2282
2014.03.07,00:00,53.17,53.24,52.86,53.01,2811
2014.03.10,00:00,52.84,52.91,52.43,52.74,2296
2014.03.11,00:00,52.97,52.97,52.25,52.39,2420
2014.03.12,00:00,52.07,52.29,51.89,52.28,2380
2014.03.13,00:00,52.49,52.61,51.32,51.51,3164
2014.03.14,00:00,51.46,51.72,51.26,51.33,3328
2014.03.17,00:00,51.55,52.15,51.55,51.98,2644
2014.03.18,00:00,52.06,52.37,52.05,52.24,1854
2014.03.19,00:00,52.26,52.31,51.42,51.75,2672
2014.03.20,00:00,51.68,51.91,51.47,51.86,2986
2014.03.21,00:00,51.95,52.11,51.60,51.65,2908
2014.03.24,00:00,51.88,51.92,51.18,51.49,2652
2014.03.25,00:00,51.74,52.08,51.67,51.94,2648
2014.03.26,00:00,52.27,52.27,51.42,51.42,2763
2014.03.27,00:00,51.34,51.49,51.01,51.33,2412
2014.03.28,00:00,51.45,51.93,51.44,51.73,1975
2014.03.31,00:00,51.99,52.41,51.99,52.31,2478
2014.04.01,00:00,52.54,52.72,52.34,52.68,2326
2014.04.02,00:00,52.73,53.10,52.71,53.04,3382
2014.04.03,00:00,53.14,53.17,52.89,53.10,1893
2014.04.04,00:00,53.39,53.48,52.40,52.51,3058
2014.04.07,00:00,52.39,52.56,51.67,51.77,3405
2014.04.08,00:00,51.70,51.96,51.45,51.80,2684
2014.04.09,00:00,52.06,52.48,51.84,52.47,2261
2014.04.10,00:00,52.36,52.56,51.41,51.43,3334
2014.04.11,00:00,51.25,51.47,50.88,50.91,3192
2014.04.14,00:00,51.23,51.46,50.77,51.20,2249
2014.04.15,00:00,51.27,51.61,50.73,51.53,4612
2014.04.16,00:00,51.70,52.34,51.70,52.32,2779
2014.04.17,00:00,52.44,52.89,52.36,52.72,3173
2014.04.21,00:00,52.83,52.94,52.56,52.89,2084
2014.04.22,00:00,53.05,53.23,52.90,52.91,2819
2014.04.23,00:00,52.94,53.23,52.90,53.11,2037
2014.04.24,00:00,53.38,53.38,52.78,53.00,2617
2014.04.25,00:00,52.78,52.94,52.37,52.49,1903
2014.04.28,00:00,52.76,52.88,52.00,52.52,2762
2014.04.29,00:00,52.69,52.73,52.30,52.67,2484
2014.04.30,00:00,52.68,53.09,52.57,53.01,2725
2014.05.01,00:00,52.98,53.15,52.70,52.88,2388
2014.05.02,00:00,52.82,53.16,52.80,52.82,2174
2014.05.05,00:00,52.66,52.98,52.39,52.88,1548
2014.05.06,00:00,52.84,52.84,52.47,52.50,1781
2014.05.07,00:00,52.59,52.99,52.37,52.97,2412
2014.05.08,00:00,52.90,53.30,52.80,52.96,1858
2014.05.09,00:00,52.87,53.03,52.64,52.99,1755
2014.05.12,00:00,53.18,53.81,53.16,53.77,2119
2014.05.13,00:00,53.87,54.06,53.79,53.91,1752
2014.05.14,00:00,53.93,53.93,53.38,53.47,1622
2014.05.15,00:00,53.25,53.35,52.66,52.99,2704
2014.05.16,00:00,53.00,53.08,52.77,53.06,2118
2014.05.19,00:00,52.96,53.33,52.84,53.28,1501
2014.05.20,00:00,53.19,53.25,52.40,52.58,2361
2014.05.21,00:00,52.73,53.12,52.73,53.08,2045
2014.05.22,00:00,53.20,53.36,52.98,53.20,1326
2014.05.23,00:00,53.28,53.57,53.20,53.54,1246
2014.05.27,00:00,53.70,53.90,53.67,53.81,2253
2014.05.28,00:00,53.93,54.08,53.84,53.87,1944
2014.05.29,00:00,53.99,54.07,53.75,54.07,1701
2014.05.30,00:00,54.04,54.11,53.87,54.07,1760
2014.06.02,00:00,54.09,54.35,53.86,54.28,1996
2014.06.03,00:00,54.13,54.31,54.00,54.20,1438
2014.06.04,00:00,54.09,54.25,54.05,54.18,1444
2014.06.05,00:00,54.31,54.83,54.23,54.76,1797
2014.06.06,00:00,54.84,55.29,54.82,55.28,2158
2014.06.09,00:00,55.27,55.81,55.21,55.59,2427
2014.06.10,00:00,55.45,55.53,55.22,55.46,1432
2014.06.11,00:00,55.27,55.27,54.94,55.03,1797
2014.06.12,00:00,54.97,54.97,54.20,54.32,2298
2014.06.13,00:00,54.33,54.63,54.26,54.51,1447
2014.06.16,00:00,54.47,54.56,54.24,54.46,2042
2014.06.17,00:00,54.40,54.68,54.24,54.59,1650
2014.06.18,00:00,54.76,54.95,54.36,54.88,2607
2014.06.19,00:00,54.94,55.05,54.74,55.00,1867
2014.06.20,00:00,54.89,55.04,54.83,55.02,1451
2014.06.23,00:00,55.15,55.15,54.59,54.68,1619
2014.06.24,00:00,54.60,54.81,54.08,54.12,2032
2014.06.25,00:00,53.98,54.30,53.96,54.20,2053
2014.06.26,00:00,54.25,54.30,53.78,54.13,1978
2014.06.27,00:00,53.97,54.28,53.77,54.27,1967
2014.06.30,00:00,54.26,54.29,54.00,54.05,2391
2014.07.01,00:00,54.11,54.58,54.11,54.37,1801
2014.07.02,00:00,54.27,54.45,54.19,54.28,2072
2014.07.03,00:00,54.52,54.80,54.51,54.73,1249
2014.07.07,00:00,54.72,54.72,54.28,54.36,1714
2014.07.08,00:00,54.27,54.28,53.83,53.98,2450
2014.07.09,00:00,54.22,54.25,53.92,54.06,2088
2014.07.10,00:00,53.47,53.97,53.40,53.76,2266
2014.07.11,00:00,53.82,54.08,53.63,54.04,1819
2014.07.14,00:00,54.37,54.55,54.26,54.35,1895
2014.07.15,00:00,54.45,54.65,54.18,54.40,1745
2014.07.16,00:00,54.57,54.71,54.40,54.64,2386
2014.07.17,00:00,54.43,54.49,53.76,53.80,2398
2014.07.18,00:00,53.97,54.28,53.91,54.24,1605
2014.07.21,00:00,54.16,54.26,53.83,54.17,1658
2014.07.22,00:00,54.45,54.53,54.31,54.40,1700
2014.07.23,00:00,54.41,54.51,54.16,54.19,1887
2014.07.24,00:00,54.23,54.24,53.85,53.92,2445
2014.07.25,00:00,53.83,54.01,53.69,53.78,1814
2014.07.28,00:00,53.77,53.79,53.23,53.51,2505
2014.07.29,00:00,53.29,53.56,52.84,52.85,2170
2014.07.30,00:00,52.99,53.11,52.56,52.88,3136
2014.07.31,00:00,52.48,52.86,51.82,51.82,4527
2014.08.01,00:00,51.69,52.08,51.40,51.76,3264
2014.08.04,00:00,51.88,52.02,51.50,51.94,2350
2014.08.05,00:00,51.68,52.19,51.49,51.66,3245
2014.08.06,00:00,51.43,51.61,51.19,51.38,5589
2014.08.07,00:00,51.66,51.85,51.33,51.44,2716
2014.08.08,00:00,51.56,52.20,51.38,52.16,2529
2014.08.11,00:00,52.19,52.67,52.19,52.39,2073
2014.08.12,00:00,52.32,52.58,52.15,52.27,2177
2014.08.13,00:00,52.45,52.79,52.44,52.75,1813
2014.08.14,00:00,52.77,53.01,52.76,52.99,1888
2014.08.15,00:00,53.21,53.27,52.50,52.86,2950
2014.08.18,00:00,53.23,53.67,53.21,53.67,1704
2014.08.19,00:00,53.79,53.89,53.72,53.83,1498
2014.08.20,00:00,53.85,54.47,53.83,54.38,4945
2014.08.21,00:00,54.44,54.49,54.18,54.34,2283
2014.08.22,00:00,54.27,54.36,54.01,54.13,1637
2014.08.25,00:00,54.39,54.44,54.26,54.34,1256
2014.08.26,00:00,54.43,54.45,54.15,54.16,1322
2014.08.27,00:00,54.29,54.31,54.03,54.14,1102
2014.08.28,00:00,54.04,54.07,53.79,54.03,1246
2014.08.29,00:00,54.09,54.15,53.80,54.02,1781
2014.09.01,00:00,54.01,54.01,54.01,54.01,1
2014.09.02,00:00,54.14,54.35,53.95,54.16,2442
2014.09.03,00:00,54.31,54.37,54.02,54.12,1762
2014.09.04,00:00,54.32,54.54,54.04,54.15,1604
2014.09.05,00:00,54.09,54.33,53.86,54.31,2067
2014.09.08,00:00,54.23,54.46,54.22,54.28,1872
2014.09.09,00:00,54.34,54.36,54.01,54.08,1553
2014.09.10,00:00,54.07,54.21,53.85,54.13,1780
2014.09.11,00:00,53.90,54.22,53.90,54.18,1519
2014.09.12,00:00,54.05,54.14,53.83,53.96,1984
2014.09.15,00:00,53.91,54.04,53.70,53.96,2003
2014.09.16,00:00,53.90,54.33,53.70,54.25,1802
2014.09.17,00:00,54.42,54.74,54.23,54.48,2439
2014.09.18,00:00,54.60,54.81,54.57,54.75,1845
2014.09.19,00:00,54.79,54.82,54.33,54.42,2067
2014.09.22,00:00,54.32,54.35,53.75,53.83,2226
2014.09.23,00:00,53.61,53.73,53.35,53.36,1963
2014.09.24,00:00,53.44,53.71,53.18,53.65,1919
2014.09.25,00:00,53.46,53.50,52.80,52.85,2283
2014.09.26,00:00,52.96,53.43,52.82,53.33,1536
2014.09.29,00:00,52.89,53.31,52.74,53.19,1979
2014.09.30,00:00,53.29,53.53,53.05,53.14,2719
2014.10.01,00:00,52.97,52.97,52.02,52.12,4047
2014.10.02,00:00,52.10,52.31,51.61,52.09,2566
2014.10.03,00:00,52.47,52.88,52.39,52.79,2339
2014.10.06,00:00,53.10,53.18,52.48,52.66,2427
2014.10.07,00:00,52.23,52.34,51.35,51.35,3230
2014.10.08,00:00,51.37,52.32,51.00,52.27,4592
2014.10.09,00:00,52.16,52.25,50.97,51.07,6152
2014.10.10,00:00,51.02,51.16,50.30,50.32,5046
2014.10.13,00:00,50.54,50.92,49.49,49.53,5952
2014.10.14,00:00,49.92,50.84,49.81,50.23,5805
2014.10.15,00:00,49.39,50.34,48.82,50.10,9005
2014.10.16,00:00,49.25,50.89,49.14,50.48,8758
2014.10.17,00:00,51.22,51.79,51.22,51.46,5833
2014.10.20,00:00,51.36,51.63,51.20,51.60,4020
2014.10.21,00:00,51.97,52.83,51.95,52.76,3113
2014.10.22,00:00,52.98,52.98,52.03,52.05,3472
2014.10.23,00:00,52.83,53.59,52.76,53.22,3706
2014.10.24,00:00,53.38,53.73,53.08,53.70,2564
2014.10.27,00:00,53.58,53.73,53.22,53.69,2852
2014.10.28,00:00,54.05,54.68,54.02,54.64,2422
2014.10.29,00:00,54.82,54.82,54.03,54.42,3135
2014.10.30,00:00,54.21,54.85,54.04,54.66,2498
2014.10.31,00:00,55.25,55.43,55.04,55.21,3072
2014.11.03,00:00,55.00,55.29,54.89,55.08,2909
2014.11.04,00:00,55.06,55.35,54.91,55.09,2581
2014.11.05,00:00,55.58,55.58,55.13,55.45,2242
2014.11.06,00:00,55.54,56.09,55.46,56.05,2183
2014.11.07,00:00,56.04,56.14,55.84,56.10,2091
2014.11.10,00:00,56.15,56.38,56.08,56.38,1763
2014.11.11,00:00,56.45,56.53,56.16,56.31,2168
2014.11.12,00:00,56.07,56.48,56.07,56.39,2143
2014.11.13,00:00,56.35,56.61,56.05,56.24,2205
2014.11.14,00:00,56.19,56.43,56.12,56.29,2196
2014.11.17,00:00,56.14,56.36,56.05,56.21,2208
2014.11.18,00:00,56.19,56.78,56.19,56.65,1844
2014.11.19,00:00,56.61,56.62,56.26,56.48,2036
2014.11.20,00:00,56.30,56.69,56.11,56.61,2080
2014.11.21,00:00,57.26,57.33,57.04,57.18,2669
2014.11.24,00:00,57.33,57.51,57.19,57.36,2239
2014.11.25,00:00,57.46,57.61,57.28,57.48,2219
2014.11.26,00:00,57.43,57.51,57.27,57.38,2059
2014.11.28,00:00,57.53,57.54,56.82,56.90,1503
2014.12.01,00:00,56.72,56.72,56.04,56.19,4253
2014.12.02,00:00,56.39,56.71,56.19,56.64,2343
2014.12.03,00:00,56.69,57.49,56.69,57.40,3346
2014.12.04,00:00,57.29,57.37,56.87,57.11,2741
2014.12.05,00:00,57.21,57.47,57.08,57.23,2031
2014.12.08,00:00,57.16,57.25,56.44,56.61,2292
2014.12.09,00:00,56.03,56.70,55.83,56.66,2698
2014.12.10,00:00,56.47,56.57,55.49,55.58,3548
2014.12.11,00:00,55.38,56.29,55.38,55.84,2605
2014.12.12,00:00,55.45,55.60,54.78,54.81,4040
2014.12.15,00:00,55.27,55.30,54.34,54.66,4138
2014.12.16,00:00,54.54,55.76,54.54,54.68,4995
2014.12.17,00:00,54.52,55.33,54.13,55.19,5447
2014.12.18,00:00,56.01,56.62,55.87,56.62,2444
2014.12.19,00:00,56.37,56.80,56.31,56.58,1988
2014.12.22,00:00,56.77,57.14,56.74,57.12,1400
2014.12.23,00:00,57.33,57.56,57.27,57.37,1193
2014.12.24,00:00,57.49,57.56,57.38,57.40,498
2014.12.26,00:00,57.55,57.59,57.40,57.40,557
2014.12.29,00:00,57.26,57.53,57.15,57.45,832
2014.12.30,00:00,57.30,57.38,57.06,57.16,726
2014.12.31,00:00,57.28,57.32,56.99,57.05,517
2015.01.02,00:00,56.80,56.93,56.02,56.51,2468
2015.01.05,00:00,56.26,56.26,55.06,55.20,2976
2015.01.06,00:00,55.19,55.30,54.16,54.55,3865
2015.01.07,00:00,54.95,55.16,54.65,54.92,2866
2015.01.08,00:00,55.38,56.04,55.36,56.04,1493
2015.01.09,00:00,56.18,56.18,55.33,55.43,2760
2015.01.12,00:00,55.47,55.50,54.78,55.05,2791
2015.01.13,00:00,55.50,55.92,54.41,54.93,4023
2015.01.14,00:00,54.31,54.70,54.04,54.63,4439
2015.01.15,00:00,54.91,55.04,54.33,54.34,4654
2015.01.16,00:00,54.11,54.76,53.89,54.72,3352
2015.01.20,00:00,55.08,55.24,54.52,55.12,2988
2015.01.21,00:00,54.98,55.68,54.92,55.55,3067
2015.01.22,00:00,55.91,56.57,55.58,56.46,3052
2015.01.23,00:00,56.19,56.38,55.93,55.97,2103
2015.01.26,00:00,55.90,56.08,55.60,56.06,1681
2015.01.27,00:00,55.13,55.64,54.87,55.33,2481
2015.01.28,00:00,55.69,55.81,54.77,54.84,3445
2015.01.29,00:00,54.85,55.56,54.53,55.48,3300
2015.01.30,00:00,54.93,55.23,54.52,54.55,3732
2015.02.02,00:00,54.67,55.44,54.21,55.39,4340
2015.02.03,00:00,55.73,56.32,55.66,56.28,2599
2015.02.04,00:00,56.02,56.20,55.67,55.84,2782
2015.02.05,00:00,55.99,56.39,55.87,56.34,2088
2015.02.06,00:00,56.40,56.67,56.06,56.22,2596
2015.02.09,00:00,55.93,56.30,55.87,56.05,2073
2015.02.10,00:00,56.36,56.46,55.89,56.37,1617
2015.02.11,00:00,56.34,56.59,56.13,56.39,2045
2015.02.12,00:00,56.50,56.96,56.50,56.91,1406
2015.02.13,00:00,56.92,57.27,56.91,57.17,1128
2015.02.17,00:00,56.89,57.35,56.89,57.24,1103
2015.02.18,00:00,57.25,57.60,57.20,57.56,1157
2015.02.19,00:00,57.45,57.80,57.40,57.65,882
2015.02.20,00:00,57.55,58.21,57.23,58.16,1579
2015.02.23,00:00,58.05,58.05,57.80,57.92,736
2015.02.24,00:00,57.82,58.19,57.76,58.11,926
2015.02.25,00:00,58.10,58.22,57.94,58.04,750
2015.02.26,00:00,58.07,58.07,57.63,57.78,926
2015.02.27,00:00,57.76,57.84,57.51,57.51,842
2015.03.02,00:00,57.60,58.00,57.49,58.00,786
2015.03.03,00:00,57.72,57.89,57.42,57.64,1158
2015.03.04,00:00,57.55,57.56,56.93,57.19,1525
2015.03.05,00:00,57.13,57.28,57.03,57.24,880
2015.03.06,00:00,57.15,57.15,56.38,56.40,1395
2015.03.09,00:00,56.52,57.08,56.51,56.98,861
2015.03.10,00:00,56.47,56.49,55.94,55.96,1185
2015.03.11,00:00,56.06,56.15,55.84,55.89,1150
2015.03.12,00:00,55.98,56.64,55.98,56.60,808
2015.03.13,00:00,56.51,56.54,55.74,56.10,1334
2015.03.16,00:00,56.29,57.03,56.29,57.01,875
2015.03.17,00:00,56.78,56.92,56.58,56.79,1055
2015.03.18,00:00,56.54,57.62,56.25,57.44,1138
2015.03.19,00:00,57.26,57.34,56.84,57.06,977
2015.03.20,00:00,56.98,57.30,56.95,57.11,707
2015.03.23,00:00,57.06,57.16,56.65,56.65,853
2015.03.24,00:00,56.56,56.75,56.35,56.46,780
2015.03.25,00:00,56.51,56.55,55.49,55.49,1831
2015.03.26,00:00,55.16,55.53,54.94,55.34,2299
2015.03.27,00:00,55.35,55.62,55.19,55.56,1331
2015.03.30,00:00,55.86,56.48,55.84,56.35,1212
2015.03.31,00:00,56.04,56.16,55.75,55.82,1010
2015.04.01,00:00,55.64,55.64,55.06,55.36,2313
2015.04.02,00:00,55.37,55.75,55.25,55.42,1378
2015.04.06,00:00,55.16,56.06,55.02,55.84,1157
2015.04.07,00:00,55.89,56.14,55.74,55.76,1039
2015.04.08,00:00,55.77,55.97,55.58,55.89,1819
2015.04.09,00:00,55.86,56.27,55.63,56.18,1689
2015.04.10,00:00,56.60,57.05,56.53,56.97,1082
2015.04.13,00:00,56.82,56.98,56.39,56.42,1041
2015.04.14,00:00,56.17,56.52,55.89,56.48,1309
2015.04.15,00:00,56.67,56.82,56.54,56.59,1085
2015.04.16,00:00,56.42,56.67,56.26,56.46,1112
2015.04.17,00:00,56.07,56.16,55.59,55.79,1746
2015.04.20,00:00,56.06,56.57,56.05,56.45,916
2015.04.21,00:00,56.63,56.71,56.13,56.37,1579
2015.04.22,00:00,56.33,56.67,56.02,56.61,1258
2015.04.23,00:00,56.30,56.79,56.30,56.55,1320
2015.04.24,00:00,56.53,56.53,56.16,56.31,954
2015.04.27,00:00,56.42,56.53,56.22,56.29,1338
2015.04.28,00:00,56.15,56.41,55.78,56.41,1669
2015.04.29,00:00,56.21,56.34,55.88,56.12,2628
2015.04.30,00:00,55.98,56.10,55.43,55.64,2636
2015.05.01,00:00,55.86,56.35,55.83,56.30,1329
2015.05.04,00:00,56.36,56.73,56.34,56.41,1148
2015.05.05,00:00,56.28,56.50,55.60,55.68,1868
2015.05.06,00:00,55.86,55.97,55.31,55.63,2217
2015.05.07,00:00,55.53,56.04,55.53,55.92,1814
2015.05.08,00:00,56.39,56.73,56.39,56.58,940
2015.05.11,00:00,56.49,56.76,56.48,56.52,1094
2015.05.12,00:00,56.34,56.65,56.10,56.48,2094
2015.05.13,00:00,56.70,56.96,56.51,56.60,1507
2015.05.14,00:00,56.85,57.22,56.78,57.13,898
2015.05.15,00:00,57.18,57.26,56.93,57.10,918
2015.05.18,00:00,56.98,57.28,56.98,57.21,728
2015.05.19,00:00,57.15,57.29,56.98,57.06,1027
2015.05.20,00:00,57.09,57.09,56.75,56.85,1225
2015.05.21,00:00,56.84,57.27,56.79,57.15,754
2015.05.22,00:00,57.10,57.19,56.88,56.90,667
2015.05.26,00:00,56.80,56.80,56.14,56.28,1056
2015.05.27,00:00,56.45,56.70,56.29,56.62,844
2015.05.28,00:00,56.52,56.52,56.15,56.38,957
2015.05.29,00:00,56.24,56.32,55.70,55.82,1335
2015.06.01,00:00,55.95,56.24,55.66,56.05,1368
2015.06.02,00:00,55.82,56.40,55.73,56.15,1276
2015.06.03,00:00,56.27,56.63,56.13,56.44,1259
2015.06.04,00:00,56.30,56.33,55.73,55.81,1674
2015.06.05,00:00,55.76,55.92,55.50,55.86,1624
2015.06.08,00:00,55.76,55.85,55.44,55.45,1152
2015.06.09,00:00,55.42,55.68,55.30,55.43,1344
2015.06.10,00:00,55.61,56.13,55.57,55.99,1004
2015.06.11,00:00,56.04,56.33,56.04,56.29,966
2015.06.12,00:00,56.09,56.17,55.83,55.97,1293
2015.06.15,00:00,55.57,55.72,55.25,55.52,1462
2015.06.16,00:00,55.46,55.65,55.33,55.56,937
2015.06.17,00:00,55.59,55.82,55.26,55.68,1628
2015.06.18,00:00,55.86,56.46,55.79,56.27,1068
2015.06.19,00:00,55.90,56.08,55.74,55.74,685
2015.06.22,00:00,56.13,56.19,55.94,56.05,685
2015.06.23,00:00,56.10,56.16,55.84,55.92,604
2015.06.24,00:00,55.80,55.88,55.38,55.40,722
2015.06.25,00:00,55.50,55.55,54.97,54.97,900
2015.06.26,00:00,55.14,55.24,54.95,55.09,1089
2015.06.29,00:00,54.62,54.83,54.00,54.03,1710
2015.06.30,00:00,54.47,54.55,53.97,54.10,1949
2015.07.01,00:00,54.54,54.63,54.06,54.32,1499
2015.07.02,00:00,54.41,54.52,54.12,54.26,1023
2015.07.06,00:00,53.88,54.37,53.76,53.99,1436
2015.07.07,00:00,54.05,54.48,53.44,54.44,2644
2015.07.08,00:00,53.92,54.08,53.35,53.47,2295
2015.07.09,00:00,54.11,54.25,53.64,53.64,1753
2015.07.10,00:00,54.19,54.36,53.95,54.18,1231
2015.07.13,00:00,54.61,54.79,54.54,54.74,754
2015.07.14,00:00,54.72,55.00,54.61,54.90,609
2015.07.15,00:00,54.95,54.95,54.58,54.70,917
2015.07.16,00:00,55.05,55.11,54.84,54.94,679
2015.07.17,00:00,55.04,55.04,54.77,54.91,714
2015.07.20,00:00,54.95,55.04,54.84,54.94,620
2015.07.21,00:00,54.63,54.69,54.27,54.37,780
2015.07.22,00:00,54.33,54.50,53.96,54.07,800
2015.07.23,00:00,54.06,54.19,53.46,53.59,995
2015.07.24,00:00,53.62,53.62,52.81,52.90,1007
2015.07.27,00:00,52.60,52.79,52.45,52.65,1221
2015.07.28,00:00,52.93,53.73,52.88,53.63,1256
2015.07.29,00:00,53.78,54.35,53.64,54.31,1353
2015.07.30,00:00,54.10,54.31,53.97,54.27,930
2015.07.31,00:00,54.45,54.49,54.15,54.23,925
2015.08.03,00:00,54.19,54.21,53.69,53.98,1176
2015.08.04,00:00,54.00,54.25,53.80,53.91,1325
2015.08.05,00:00,54.31,54.57,54.14,54.19,1151
2015.08.06,00:00,54.30,54.30,53.83,53.97,1302
2015.08.07,00:00,53.81,53.95,53.52,53.70,1633
2015.08.10,00:00,54.16,54.76,54.16,54.71,717
2015.08.11,00:00,54.21,54.32,53.85,54.07,1557
2015.08.12,00:00,53.74,54.17,53.23,54.08,1940
2015.08.13,00:00,54.00,54.22,53.81,54.04,1335
2015.08.14,00:00,53.99,54.40,53.98,54.37,926
2015.08.17,00:00,54.16,54.63,53.86,54.61,722
2015.08.18,00:00,54.55,54.63,54.45,54.55,810
2015.08.19,00:00,54.25,54.52,53.85,54.06,1912
2015.08.20,00:00,53.63,53.68,52.91,52.92,2171
2015.08.21,00:00,52.36,52.57,51.47,51.49,4496
2015.08.24,00:00,47.92,51.05,47.71,49.65,13140
2015.08.25,00:00,51.08,51.19,48.96,48.99,7441
2015.08.26,00:00,49.97,50.57,49.14,50.50,9631
2015.08.27,00:00,51.04,51.76,50.80,51.70,5889
2015.08.28,00:00,51.45,51.81,51.42,51.74,3586
2015.08.31,00:00,51.40,51.72,51.11,51.30,2942
2015.09.01,00:00,50.29,50.58,49.72,49.98,5128
2015.09.02,00:00,50.60,51.04,50.21,51.04,3478
2015.09.03,00:00,51.21,51.58,50.93,51.07,3288
2015.09.04,00:00,50.43,50.66,50.17,50.37,3027
2015.09.08,00:00,51.19,51.77,51.13,51.74,1634
2015.09.09,00:00,52.19,52.27,51.12,51.21,2657
2015.09.10,00:00,51.12,51.59,50.99,51.24,2997
2015.09.11,00:00,51.20,51.50,50.99,51.48,1981
2015.09.14,00:00,51.53,51.53,51.13,51.26,1384
2015.09.15,00:00,51.45,52.23,51.34,52.12,1412
2015.09.16,00:00,52.13,52.61,52.06,52.52,1396
2015.09.17,00:00,52.44,53.11,52.16,52.27,3897
2015.09.18,00:00,51.31,51.46,50.77,50.89,2581
2015.09.21,00:00,51.10,51.45,50.87,51.12,1968
2015.09.22,00:00,50.42,50.54,50.04,50.38,2149
2015.09.23,00:00,50.46,50.49,49.83,50.03,1679
2015.09.24,00:00,49.49,49.83,49.04,49.70,2468
2015.09.25,00:00,50.15,50.17,49.60,49.82,2300
2015.09.28,00:00,49.59,49.59,48.83,48.85,2508
2015.09.29,00:00,48.96,49.32,48.80,49.15,3054
2015.09.30,00:00,49.54,49.94,49.27,49.89,2285
2015.10.01,00:00,49.97,50.10,49.30,49.79,2853
2015.10.02,00:00,49.11,50.39,48.98,50.39,2797
2015.10.05,00:00,50.80,51.95,50.79,51.83,1494
2015.10.06,00:00,51.89,52.11,51.74,51.78,1960
2015.10.07,00:00,52.03,52.71,51.95,52.45,2486
2015.10.08,00:00,52.26,53.35,52.23,53.22,2213
2015.10.09,00:00,53.32,53.66,53.20,53.36,1443
2015.10.12,00:00,53.45,53.45,53.12,53.40,965
2015.10.13,00:00,53.07,53.30,52.80,52.81,1146
2015.10.14,00:00,52.77,52.91,52.17,52.27,1598
