2016.04.08,11:00,14.05,14.13,13.91,14.03,362
2016.04.08,12:00,14.04,14.13,13.95,14.04,224
2016.04.08,13:00,14.03,14.13,13.93,14.03,214
2016.04.08,14:00,14.04,14.09,13.98,14.06,158
2016.04.08,15:00,14.05,14.13,14.02,14.12,126
2016.04.08,16:00,14.11,14.12,13.96,14.04,245
2016.04.08,17:00,14.05,14.12,13.97,14.03,258
2016.04.08,18:00,14.02,14.04,13.95,13.96,122
2016.04.11,10:00,13.97,14.34,13.81,14.29,502
2016.04.11,11:00,14.30,14.35,14.12,14.13,523
2016.04.11,12:00,14.12,14.21,14.06,14.10,323
2016.04.11,13:00,14.11,14.25,14.07,14.18,185
2016.04.11,14:00,14.17,14.19,14.10,14.13,147
2016.04.11,15:00,14.14,14.15,14.03,14.14,158
2016.04.11,16:00,14.13,14.19,14.06,14.14,274
2016.04.11,17:00,14.15,14.19,14.00,14.01,245
2016.04.11,18:00,14.00,14.05,13.97,14.02,119
2016.04.12,10:00,14.10,14.20,13.82,13.87,562
2016.04.12,11:00,13.88,14.03,13.77,13.97,429
2016.04.12,12:00,13.96,14.15,13.95,14.09,322
2016.04.12,13:00,14.10,14.15,14.05,14.13,173
2016.04.12,14:00,14.14,14.14,14.00,14.04,187
2016.04.12,15:00,14.03,14.09,13.95,13.95,184
2016.04.12,16:00,13.94,13.97,13.76,13.93,355
2016.04.12,17:00,13.92,13.93,13.62,13.80,445
2016.04.12,18:00,13.81,13.98,13.78,13.97,188
2016.04.13,10:00,14.24,14.59,14.20,14.59,438
2016.04.13,11:00,14.60,14.87,14.56,14.86,326
2016.04.13,12:00,14.85,14.99,14.81,14.90,281
2016.04.13,13:00,14.91,15.02,14.89,14.99,140
2016.04.13,14:00,15.00,15.06,14.90,15.00,202
2016.04.13,15:00,14.99,15.03,14.94,14.99,254
2016.04.13,16:00,15.00,15.20,14.96,15.13,307
2016.04.13,17:00,15.14,15.28,15.12,15.24,238
2016.04.13,18:00,15.25,15.31,15.25,15.31,56
2016.04.14,10:00,15.38,15.61,15.27,15.29,680
2016.04.14,11:00,15.30,15.39,15.16,15.36,520
2016.04.14,12:00,15.35,15.40,15.23,15.34,386
2016.04.14,13:00,15.33,15.40,15.21,15.24,268
2016.04.14,14:00,15.26,15.27,15.08,15.11,334
2016.04.14,15:00,15.12,15.46,15.12,15.46,289
2016.04.14,16:00,15.45,15.51,15.21,15.27,368
2016.04.14,17:00,15.26,15.37,15.22,15.31,367
2016.04.14,18:00,15.30,15.40,15.30,15.38,98
2016.04.15,10:00,15.27,15.29,15.05,15.20,508
2016.04.15,11:00,15.21,15.23,15.10,15.20,298
2016.04.15,12:00,15.21,15.36,15.19,15.31,250
2016.04.15,13:00,15.30,15.33,15.21,15.23,255
2016.04.15,14:00,15.24,15.28,15.20,15.22,159
2016.04.15,15:00,15.21,15.34,15.21,15.30,170
2016.04.15,16:00,15.31,15.37,15.26,15.33,264
2016.04.15,17:00,15.32,15.35,15.25,15.33,172
2016.04.15,18:00,15.32,15.37,15.31,15.36,58
2016.04.18,10:00,15.01,15.31,14.90,15.29,423
2016.04.18,11:00,15.30,15.48,15.20,15.38,468
2016.04.18,12:00,15.39,15.40,15.31,15.37,205
2016.04.18,13:00,15.36,15.39,15.31,15.39,142
2016.04.18,14:00,15.38,15.48,15.37,15.46,134
2016.04.18,15:00,15.45,15.55,15.42,15.48,172
2016.04.18,16:00,15.47,15.55,15.39,15.54,326
2016.04.18,17:00,15.55,15.69,15.51,15.65,257
2016.04.18,18:00,15.64,15.66,15.62,15.64,88
2016.04.19,10:00,15.72,15.98,15.66,15.97,346
2016.04.19,11:00,15.96,16.02,15.80,15.81,349
2016.04.19,12:00,15.81,15.89,15.72,15.83,333
2016.04.19,13:00,15.84,15.87,15.80,15.86,191
2016.04.19,14:00,15.87,15.92,15.84,15.87,103
2016.04.19,15:00,15.85,15.85,15.71,15.72,188
2016.04.19,16:00,15.73,15.76,15.64,15.74,234
2016.04.19,17:00,15.75,15.77,15.58,15.62,250
2016.04.19,18:00,15.60,15.67,15.58,15.63,86
2016.04.20,10:00,15.61,15.81,15.53,15.72,428
2016.04.20,11:00,15.73,15.96,15.57,15.59,517
2016.04.20,12:00,15.60,15.85,15.60,15.84,345
2016.04.20,13:00,15.83,16.07,15.78,16.05,250
2016.04.20,14:00,16.04,16.25,15.95,16.17,320
2016.04.20,15:00,16.18,16.23,16.13,16.18,216
2016.04.20,16:00,16.17,16.33,16.17,16.27,291
2016.04.20,17:00,16.28,16.49,16.24,16.46,288
2016.04.20,18:00,16.47,16.48,16.40,16.46,129
2016.04.21,10:00,16.51,17.00,16.45,16.77,625
2016.04.21,11:00,16.76,16.99,16.73,16.96,446
2016.04.21,12:00,16.97,16.99,16.91,16.95,269
2016.04.21,13:00,16.96,16.96,16.72,16.92,325
2016.04.21,14:00,16.91,16.91,16.77,16.79,276
2016.04.21,15:00,16.78,16.98,16.75,16.83,485
2016.04.21,16:00,16.84,16.88,16.71,16.76,537
2016.04.21,17:00,16.77,16.79,16.66,16.73,510
2016.04.21,18:00,16.74,16.74,16.66,16.73,113
2016.04.22,10:00,16.66,16.94,16.64,16.90,507
2016.04.22,11:00,16.89,16.95,16.58,16.64,305
2016.04.22,12:00,16.63,16.89,16.61,16.67,334
2016.04.22,13:00,16.68,16.80,16.67,16.73,241
2016.04.22,14:00,16.72,16.74,16.66,16.67,174
2016.04.22,15:00,16.68,16.72,16.65,16.68,164
2016.04.22,16:00,16.67,16.79,16.60,16.79,226
2016.04.22,17:00,16.78,16.83,16.72,16.79,273
2016.04.22,18:00,16.80,16.83,16.77,16.80,151
2016.04.25,10:00,16.81,16.89,16.38,16.42,498
2016.04.25,11:00,16.42,16.47,16.17,16.20,621
2016.04.25,12:00,16.19,16.34,16.11,16.34,318
2016.04.25,13:00,16.35,16.47,16.27,16.41,235
2016.04.25,14:00,16.42,16.49,16.34,16.38,194
2016.04.25,15:00,16.39,16.39,16.16,16.18,197
2016.04.25,16:00,16.19,16.31,16.07,16.11,300
2016.04.25,17:00,16.10,16.16,15.95,15.98,322
2016.04.25,18:00,15.99,16.08,15.99,16.06,98
2016.04.26,10:00,16.11,16.45,15.98,16.39,527
2016.04.26,11:00,16.38,16.52,16.27,16.46,440
2016.04.26,12:00,16.45,16.59,16.36,16.48,305
2016.04.26,13:00,16.47,16.61,16.38,16.60,297
2016.04.26,14:00,16.59,16.61,16.54,16.58,176
2016.04.26,15:00,16.59,16.63,16.51,16.54,141
2016.04.26,16:00,16.55,16.56,16.36,16.38,248
2016.04.26,17:00,16.39,16.42,16.29,16.40,287
2016.04.26,18:00,16.41,16.47,16.36,16.43,73
2016.04.27,10:00,16.46,16.82,16.45,16.68,516
2016.04.27,11:00,16.68,16.71,16.51,16.70,452
2016.04.27,12:00,16.68,16.70,16.54,16.56,313
2016.04.27,13:00,16.57,16.58,16.48,16.55,209
2016.04.27,14:00,16.56,16.62,16.54,16.61,168
2016.04.27,15:00,16.62,16.71,16.62,16.66,162
2016.04.27,16:00,16.67,16.77,16.59,16.76,196
2016.04.27,17:00,16.77,16.84,16.65,16.70,233
2016.04.27,18:00,16.69,16.70,16.65,16.69,111
2016.04.28,10:00,16.86,17.52,16.72,17.30,1081
2016.04.28,11:00,17.29,17.29,17.01,17.01,587
2016.04.28,12:00,17.02,17.43,17.00,17.31,486
2016.04.28,13:00,17.32,17.37,17.01,17.10,321
2016.04.28,14:00,17.09,17.17,17.01,17.05,162
2016.04.28,15:00,17.06,17.11,17.01,17.08,176
2016.04.28,16:00,17.07,17.29,17.06,17.29,237
2016.04.28,17:00,17.30,17.38,17.27,17.38,205
2016.04.28,18:00,17.39,17.40,17.32,17.34,127
2016.04.29,10:00,17.13,17.18,16.80,16.88,651
2016.04.29,11:00,16.89,16.92,16.78,16.80,314
2016.04.29,12:00,16.81,16.99,16.79,16.83,327
2016.04.29,13:00,16.82,16.90,16.74,16.80,312
2016.04.29,14:00,16.79,16.87,16.76,16.78,235
2016.04.29,15:00,16.79,16.85,16.65,16.68,313
2016.04.29,16:00,16.67,16.83,16.60,16.60,374
2016.04.29,17:00,16.60,16.63,16.50,16.51,450
2016.04.29,18:00,16.52,16.59,16.48,16.51,164
2016.05.02,10:00,16.55,16.55,15.85,16.05,482
2016.05.02,11:00,16.06,16.20,16.03,16.05,270
2016.05.02,12:00,16.04,16.16,15.96,15.98,218
2016.05.02,13:00,15.99,16.05,15.96,15.96,150
2016.05.02,14:00,15.97,16.12,15.97,16.02,126
2016.05.02,15:00,16.01,16.04,15.96,16.02,133
2016.05.02,16:00,16.03,16.05,15.85,15.87,238
2016.05.02,17:00,15.85,16.06,15.84,15.99,301
2016.05.02,18:00,16.00,16.08,15.93,15.98,107
2016.05.03,10:00,15.88,15.88,15.48,15.50,576
2016.05.03,11:00,15.49,15.57,15.31,15.45,422
2016.05.03,12:00,15.46,15.51,15.24,15.27,310
2016.05.03,13:00,15.26,15.27,15.13,15.24,266
2016.05.03,14:00,15.23,15.32,15.18,15.22,191
2016.05.03,15:00,15.21,15.27,15.20,15.23,192
2016.05.03,16:00,15.22,15.25,15.07,15.09,226
2016.05.03,17:00,15.08,15.13,15.00,15.09,311
2016.05.03,18:00,15.08,15.09,15.04,15.04,119
2016.05.04,10:00,15.06,15.13,15.00,15.01,519
2016.05.04,11:00,15.00,15.03,14.77,15.00,570
2016.05.04,12:00,14.99,15.09,14.96,15.03,267
2016.05.04,13:00,15.02,15.10,14.99,15.02,232
2016.05.04,14:00,15.03,15.19,15.03,15.14,230
2016.05.04,15:00,15.13,15.17,15.05,15.13,206
2016.05.04,16:00,15.14,15.27,15.04,15.24,315
2016.05.04,17:00,15.25,15.29,15.00,15.02,447
2016.05.04,18:00,15.01,15.03,14.91,14.91,99
2016.05.05,10:00,15.01,15.04,14.78,14.82,424
2016.05.05,11:00,14.83,14.97,14.80,14.87,404
2016.05.05,12:00,14.88,14.92,14.75,14.77,190
2016.05.05,13:00,14.78,14.81,14.66,14.77,199
2016.05.05,14:00,14.78,14.80,14.65,14.73,133
2016.05.05,15:00,14.74,14.77,14.68,14.72,125
2016.05.05,16:00,14.71,14.73,14.59,14.70,275
2016.05.05,17:00,14.69,14.79,14.62,14.66,353
2016.05.05,18:00,14.67,14.69,14.54,14.57,144
2016.05.06,10:00,14.48,14.70,14.34,14.52,555
2016.05.06,11:00,14.51,14.69,14.41,14.67,371
2016.05.06,12:00,14.68,14.71,14.53,14.56,227
2016.05.06,13:00,14.57,14.59,14.49,14.51,184
2016.05.06,14:00,14.50,14.57,14.43,14.53,165
2016.05.06,15:00,14.52,14.54,14.23,14.34,377
2016.05.06,16:00,14.35,14.68,14.32,14.62,466
2016.05.06,17:00,14.63,14.88,14.57,14.63,508
2016.05.06,18:00,14.64,14.75,14.63,14.73,227
2016.05.09,10:00,14.89,14.89,14.60,14.65,360
2016.05.09,11:00,14.66,15.09,14.59,15.07,527
2016.05.09,12:00,15.08,15.09,14.98,15.05,325
2016.05.09,13:00,15.04,15.05,14.95,14.96,203
2016.05.09,14:00,14.95,15.03,14.89,14.93,165
2016.05.09,15:00,14.92,14.95,14.85,14.87,210
2016.05.09,16:00,14.86,14.94,14.76,14.82,263
2016.05.09,17:00,14.83,14.86,14.67,14.70,345
2016.05.09,18:00,14.71,14.73,14.61,14.65,149
2016.05.10,10:00,14.84,15.10,14.81,15.03,536
2016.05.10,11:00,15.02,15.26,14.94,15.20,368
2016.05.10,12:00,15.21,15.28,15.06,15.19,276
2016.05.10,13:00,15.18,15.27,15.12,15.14,211
2016.05.10,14:00,15.10,15.15,15.01,15.06,329
2016.05.10,15:00,15.07,15.12,14.96,14.99,242
2016.05.10,16:00,14.99,15.07,14.88,14.97,377
2016.05.10,17:00,14.98,15.03,14.89,14.98,246
2016.05.10,18:00,14.97,15.03,14.96,14.99,94
2016.05.11,10:00,14.91,15.02,14.64,14.72,648
2016.05.11,11:00,14.71,14.72,14.55,14.65,422
2016.05.11,12:00,14.66,14.68,14.55,14.65,208
2016.05.11,13:00,14.64,14.64,14.54,14.59,206
2016.05.11,14:00,14.58,14.68,14.56,14.64,120
2016.05.11,15:00,14.63,14.65,14.59,14.64,109
2016.05.11,16:00,14.63,14.67,14.56,14.60,162
2016.05.11,17:00,14.59,14.71,14.53,14.66,334
2016.05.11,18:00,14.66,14.71,14.62,14.69,87
2016.05.12,10:00,14.56,14.76,14.50,14.74,506
2016.05.12,11:00,14.73,14.83,14.55,14.82,367
2016.05.12,12:00,14.83,14.96,14.77,14.95,341
2016.05.12,13:00,14.96,14.96,14.82,14.90,227
2016.05.12,14:00,14.89,15.02,14.83,14.99,189
2016.05.12,15:00,14.98,14.99,14.88,14.90,183
2016.05.12,16:00,14.89,14.92,14.63,14.63,399
2016.05.12,17:00,14.64,14.71,14.51,14.53,411
2016.05.12,18:00,14.54,14.55,14.45,14.53,168
2016.05.13,10:00,14.45,14.53,14.27,14.41,617
2016.05.13,11:00,14.43,14.47,14.30,14.42,452
2016.05.13,12:00,14.41,14.54,14.37,14.47,316
2016.05.13,13:00,14.46,14.60,14.46,14.55,295
2016.05.13,14:00,14.56,14.59,14.47,14.47,196
2016.05.13,15:00,14.46,14.68,14.45,14.59,343
2016.05.13,16:00,14.58,14.80,14.54,14.72,317
2016.05.13,17:00,14.72,14.76,14.55,14.62,451
2016.05.13,18:00,14.63,14.68,14.59,14.66,160
2016.05.17,10:00,14.44,14.96,14.36,14.79,699
2016.05.17,11:00,14.80,14.85,14.71,14.76,368
2016.05.17,12:00,14.76,14.76,14.61,14.65,320
2016.05.17,13:00,14.66,14.78,14.51,14.55,309
2016.05.17,14:00,14.54,14.57,14.40,14.53,196
2016.05.17,15:00,14.52,14.52,14.34,14.38,148
2016.05.17,16:00,14.39,14.44,14.26,14.39,353
2016.05.17,17:00,14.38,14.49,14.29,14.47,367
2016.05.17,18:00,14.48,14.49,14.37,14.38,141
2016.05.18,10:00,14.30,14.36,14.17,14.29,600
2016.05.18,11:00,14.30,14.38,14.17,14.38,345
2016.05.18,12:00,14.37,14.40,14.27,14.36,238
2016.05.18,13:00,14.37,14.42,14.30,14.37,216
2016.05.18,14:00,14.38,14.43,14.28,14.29,182
2016.05.18,15:00,14.30,14.38,14.27,14.33,223
2016.05.18,16:00,14.34,14.59,14.27,14.56,373
2016.05.18,17:00,14.57,14.77,14.53,14.62,350
2016.05.18,18:00,14.63,14.75,14.63,14.75,131
2016.05.19,10:00,14.95,15.15,14.84,15.15,610
2016.05.19,11:00,15.16,15.34,15.06,15.14,534
2016.05.19,12:00,15.13,15.15,15.06,15.07,168
2016.05.19,13:00,15.08,15.19,15.06,15.13,218
2016.05.19,14:00,15.14,15.29,15.13,15.22,172
2016.05.19,15:00,15.23,15.27,15.14,15.18,204
2016.05.19,16:00,15.19,15.22,15.05,15.07,414
2016.05.19,17:00,15.06,15.07,14.87,14.87,441
2016.05.19,18:00,14.88,15.01,14.88,14.99,199
2016.05.20,10:00,15.07,15.21,15.03,15.09,475
2016.05.20,11:00,15.10,15.25,15.10,15.21,349
2016.05.20,12:00,15.22,15.22,15.04,15.10,375
2016.05.20,13:00,15.09,15.10,15.02,15.04,278
2016.05.20,14:00,15.05,15.10,14.99,15.00,178
2016.05.20,15:00,14.99,15.02,14.96,14.97,181
2016.05.20,16:00,14.98,15.17,14.98,15.14,261
2016.05.20,17:00,15.13,15.15,15.03,15.09,308
2016.05.20,18:00,15.10,15.13,15.09,15.12,40
2016.05.23,10:00,15.18,15.18,14.87,14.98,489
2016.05.23,11:00,14.98,15.33,14.98,15.24,532
2016.05.23,12:00,15.23,15.29,15.07,15.10,308
2016.05.23,13:00,15.09,15.12,15.02,15.07,337
2016.05.23,14:00,15.06,15.19,15.05,15.14,195
2016.05.23,15:00,15.15,15.20,15.12,15.12,263
2016.05.23,16:00,15.13,15.18,15.11,15.13,235
2016.05.23,17:00,15.14,15.29,15.13,15.26,401
2016.05.23,18:00,15.25,15.27,15.15,15.19,135
2016.05.24,10:00,14.92,15.26,14.85,15.19,512
2016.05.24,11:00,15.19,15.35,15.19,15.23,411
2016.05.24,12:00,15.22,15.28,15.17,15.19,232
2016.05.24,13:00,15.20,15.22,15.11,15.21,130
2016.05.24,14:00,15.22,15.22,15.17,15.17,83
2016.05.24,15:00,15.16,15.32,15.16,15.29,186
2016.05.24,16:00,15.30,15.42,15.28,15.38,305
2016.05.24,17:00,15.39,15.56,15.39,15.55,305
2016.05.24,18:00,15.56,15.59,15.53,15.55,117
2016.05.25,10:00,15.73,16.14,15.71,16.09,466
2016.05.25,11:00,16.10,16.24,16.06,16.17,393
2016.05.25,12:00,16.16,16.18,16.08,16.10,226
2016.05.25,13:00,16.09,16.14,16.08,16.13,143
2016.05.25,14:00,16.11,16.17,16.09,16.10,132
2016.05.25,15:00,16.09,16.11,16.04,16.08,157
2016.05.25,16:00,16.07,16.16,16.02,16.13,221
2016.05.25,17:00,16.14,16.23,16.13,16.17,210
2016.05.25,18:00,16.16,16.18,16.09,16.12,72
2016.05.26,10:00,16.01,16.08,15.73,15.97,536
2016.05.26,11:00,15.96,16.03,15.90,15.97,341
2016.05.26,12:00,15.96,16.06,15.95,16.04,164
2016.05.26,13:00,16.05,16.20,16.04,16.17,131
2016.05.26,14:00,16.16,16.28,16.10,16.28,167
2016.05.26,15:00,16.27,16.29,16.15,16.17,192
2016.05.26,16:00,16.18,16.26,16.11,16.13,260
2016.05.26,17:00,16.12,16.25,16.12,16.13,294
2016.05.26,18:00,16.14,16.18,16.11,16.18,77
2016.05.27,10:00,16.10,16.22,16.06,16.13,360
2016.05.27,11:00,16.14,16.15,16.06,16.12,226
2016.05.27,12:00,16.11,16.21,16.07,16.17,196
2016.05.27,13:00,16.16,16.23,16.15,16.22,123
2016.05.27,14:00,16.23,16.35,16.22,16.34,125
2016.05.27,15:00,16.35,16.36,16.26,16.29,136
2016.05.27,16:00,16.28,16.32,16.26,16.29,140
2016.05.27,17:00,16.30,16.42,16.29,16.31,201
2016.05.27,18:00,16.32,16.33,16.23,16.27,72
2016.05.30,10:00,16.40,16.42,16.39,16.42,11
2016.05.30,11:00,16.41,16.43,16.32,16.36,165
2016.05.30,12:00,16.35,16.38,16.31,16.32,111
2016.05.30,13:00,16.33,16.36,16.31,16.35,101
2016.05.30,14:00,16.34,16.40,16.33,16.38,61
2016.05.30,15:00,16.39,16.41,16.38,16.40,46
2016.05.30,16:00,16.41,16.42,16.39,16.40,52
2016.05.30,17:00,16.39,16.42,16.38,16.41,61
2016.05.30,18:00,16.42,16.42,16.40,16.40,19
2016.05.31,10:00,16.39,16.46,16.27,16.32,301
2016.05.31,11:00,16.31,16.40,16.21,16.37,229
2016.05.31,12:00,16.36,16.38,16.31,16.32,200
2016.05.31,13:00,16.33,16.35,16.23,16.27,131
2016.05.31,14:00,16.29,16.33,16.24,16.32,142
2016.05.31,15:00,16.31,16.33,16.25,16.26,88
2016.05.31,16:00,16.27,16.42,16.26,16.29,191
2016.05.31,17:00,16.30,16.34,16.05,16.07,320
2016.05.31,18:00,16.06,16.11,16.02,16.09,148
2016.06.01,10:00,15.89,15.94,15.60,15.74,461
2016.06.01,11:00,15.75,15.89,15.59,15.60,320
2016.06.01,12:00,15.59,15.64,15.43,15.44,250
2016.06.01,13:00,15.45,15.51,15.38,15.47,186
2016.06.01,14:00,15.48,15.62,15.44,15.61,154
2016.06.01,15:00,15.60,15.65,15.54,15.56,138
2016.06.01,16:00,15.55,15.57,15.43,15.48,156
2016.06.01,17:00,15.49,15.68,15.48,15.63,362
2016.06.01,18:00,15.64,15.67,15.59,15.65,91
2016.06.02,10:00,15.56,15.82,15.52,15.79,445
2016.06.02,11:00,15.78,15.92,15.73,15.92,374
2016.06.02,12:00,15.91,15.97,15.90,15.93,168
2016.06.02,13:00,15.92,15.98,15.87,15.98,134
2016.06.02,14:00,15.97,16.12,15.92,16.05,194
2016.06.02,15:00,16.04,16.04,15.76,15.84,378
2016.06.02,16:00,15.83,15.88,15.54,15.63,483
2016.06.02,17:00,15.62,15.74,15.55,15.60,394
2016.06.02,18:00,15.61,15.69,15.60,15.63,123
2016.06.03,10:00,15.70,15.75,15.56,15.60,320
2016.06.03,11:00,15.61,15.74,15.46,15.61,409
2016.06.03,12:00,15.60,15.68,15.55,15.59,219
2016.06.03,13:00,15.60,15.67,15.56,15.64,148
2016.06.03,14:00,15.65,15.70,15.63,15.65,164
2016.06.03,15:00,15.66,15.68,15.21,15.29,478
2016.06.03,16:00,15.28,15.29,15.05,15.06,364
2016.06.03,17:00,15.05,15.05,14.90,14.96,288
2016.06.03,18:00,14.97,15.02,14.94,14.97,78
2016.06.06,10:00,14.96,15.18,14.91,15.10,404
2016.06.06,11:00,15.11,15.11,14.87,14.94,319
2016.06.06,12:00,14.95,15.01,14.88,14.92,181
2016.06.06,13:00,14.93,14.93,14.82,14.86,139
2016.06.06,14:00,14.87,14.88,14.80,14.85,80
2016.06.06,15:00,14.86,14.97,14.86,14.91,144
2016.06.06,16:00,14.90,15.06,14.85,15.03,191
2016.06.06,17:00,15.04,15.06,14.98,15.02,150
2016.06.06,18:00,15.03,15.07,15.01,15.07,63
2016.06.07,10:00,15.21,15.56,15.20,15.48,448
2016.06.07,11:00,15.49,15.63,15.45,15.58,317
2016.06.07,12:00,15.57,15.62,15.54,15.55,189
2016.06.07,13:00,15.56,15.59,15.46,15.46,183
2016.06.07,14:00,15.45,15.56,15.45,15.47,119
2016.06.07,15:00,15.46,15.50,15.30,15.31,186
2016.06.07,16:00,15.30,15.37,15.23,15.29,255
2016.06.07,17:00,15.30,15.37,15.29,15.34,195
2016.06.07,18:00,15.35,15.35,15.25,15.26,128
2016.06.08,10:00,15.22,15.25,15.10,15.13,310
2016.06.08,11:00,15.12,15.19,15.00,15.01,233
2016.06.08,12:00,15.02,15.06,14.96,14.98,156
2016.06.08,13:00,14.99,15.02,14.97,14.97,74
2016.06.08,14:00,14.96,15.12,14.95,15.12,121
2016.06.08,15:00,15.11,15.16,15.08,15.15,106
2016.06.08,16:00,15.14,15.21,15.12,15.14,129
2016.06.08,17:00,15.13,15.14,14.96,14.97,232
2016.06.08,18:00,14.98,14.98,14.93,14.97,74
2016.06.09,10:00,14.90,14.96,14.76,14.80,393
2016.06.09,11:00,14.79,14.90,14.71,14.88,248
2016.06.09,12:00,14.89,14.95,14.79,14.82,239
2016.06.09,13:00,14.81,14.89,14.77,14.88,133
2016.06.09,14:00,14.89,14.89,14.82,14.88,104
2016.06.09,15:00,14.89,14.89,14.71,14.75,158
2016.06.09,16:00,14.74,14.85,14.67,14.82,239
2016.06.09,17:00,14.81,14.82,14.69,14.72,143
2016.06.09,18:00,14.71,14.74,14.70,14.70,32
2016.06.10,10:00,14.61,14.61,14.37,14.42,333
2016.06.10,11:00,14.43,14.48,14.28,14.28,245
2016.06.10,12:00,14.29,14.32,14.20,14.22,280
2016.06.10,13:00,14.23,14.28,14.20,14.28,163
2016.06.10,14:00,14.29,14.31,14.22,14.26,122
2016.06.10,15:00,14.25,14.27,14.12,14.13,191
2016.06.10,16:00,14.14,14.18,13.97,14.12,199
2016.06.10,17:00,14.11,14.14,13.98,14.02,257
2016.06.10,18:00,14.03,14.06,14.01,14.05,99
2016.06.13,10:00,13.81,13.86,13.69,13.76,623
2016.06.13,11:00,13.75,13.89,13.68,13.68,331
2016.06.13,12:00,13.69,13.77,13.56,13.76,340
2016.06.13,13:00,13.77,13.80,13.70,13.76,213
2016.06.13,14:00,13.75,13.81,13.70,13.70,167
2016.06.13,15:00,13.71,13.72,13.53,13.53,158
2016.06.13,16:00,13.54,13.70,13.47,13.63,339
2016.06.13,17:00,13.64,13.74,13.61,13.66,307
2016.06.13,18:00,13.67,13.68,13.57,13.60,120
2016.06.14,10:00,13.37,13.61,13.31,13.42,601
2016.06.14,11:00,13.43,13.51,13.23,13.39,385
2016.06.14,12:00,13.38,13.39,13.28,13.37,234
2016.06.14,13:00,13.38,13.43,13.33,13.33,121
2016.06.14,14:00,13.34,13.44,13.29,13.40,203
2016.06.14,15:00,13.39,13.40,13.27,13.38,225
2016.06.14,16:00,13.39,13.51,13.31,13.44,298
2016.06.14,17:00,13.43,13.45,13.13,13.15,355
2016.06.14,18:00,13.16,13.16,13.12,13.13,108
2016.06.15,10:00,13.35,13.54,13.20,13.40,587
2016.06.15,11:00,13.41,13.61,13.38,13.59,459
2016.06.15,12:00,13.60,13.67,13.41,13.48,270
2016.06.15,13:00,13.49,13.49,13.37,13.44,256
2016.06.15,14:00,13.43,13.44,13.32,13.35,242
2016.06.15,15:00,13.34,13.35,13.18,13.18,194
2016.06.15,16:00,13.19,13.29,13.10,13.27,270
2016.06.15,17:00,13.26,13.40,13.22,13.37,249
2016.06.15,18:00,13.35,13.48,13.28,13.28,126
2016.06.16,10:00,12.91,13.04,12.83,12.88,540
2016.06.16,11:00,12.89,12.95,12.80,12.95,441
2016.06.16,12:00,12.94,13.00,12.88,12.97,322
2016.06.16,13:00,12.98,12.99,12.89,12.97,145
2016.06.16,14:00,12.94,12.96,12.81,12.91,168
2016.06.16,15:00,12.92,12.93,12.81,12.82,139
2016.06.16,16:00,12.83,12.86,12.75,12.77,187
2016.06.16,17:00,12.78,12.82,12.68,12.81,298
2016.06.16,18:00,12.82,13.04,12.81,13.03,151
2016.06.17,10:00,13.26,13.63,13.23,13.52,578
2016.06.17,11:00,13.51,13.64,13.47,13.62,402
2016.06.17,12:00,13.61,13.80,13.59,13.68,329
2016.06.17,13:00,13.69,13.71,13.58,13.62,260
2016.06.17,14:00,13.60,13.61,13.45,13.57,320
2016.06.17,15:00,13.56,13.74,13.56,13.70,259
2016.06.17,16:00,13.71,13.75,13.58,13.72,356
2016.06.17,17:00,13.71,13.76,13.60,13.74,272
2016.06.17,18:00,13.75,13.75,13.61,13.61,129
2016.06.20,10:00,14.23,14.61,14.20,14.31,589
2016.06.20,11:00,14.31,14.56,14.31,14.55,380
2016.06.20,12:00,14.54,14.56,14.37,14.46,217
2016.06.20,13:00,14.45,14.47,14.34,14.37,135
2016.06.20,14:00,14.38,14.40,14.33,14.38,131
2016.06.20,15:00,14.39,14.51,14.39,14.45,154
2016.06.20,16:00,14.46,14.47,14.39,14.43,179
2016.06.20,17:00,14.44,14.50,14.42,14.45,141
2016.06.20,18:00,14.46,14.48,14.41,14.48,67
2016.06.21,10:00,14.50,14.71,14.45,14.63,459
2016.06.21,11:00,14.62,14.71,14.54,14.65,343
2016.06.21,12:00,14.65,14.70,14.64,14.68,181
2016.06.21,13:00,14.67,14.78,14.66,14.71,204
2016.06.21,14:00,14.72,14.78,14.68,14.77,90
2016.06.21,15:00,14.76,14.87,14.69,14.71,313
2016.06.21,16:00,14.72,14.83,14.63,14.68,366
2016.06.21,17:00,14.69,14.76,14.57,14.74,326
2016.06.21,18:00,14.75,14.85,14.75,14.84,179
2016.06.22,10:00,14.91,15.09,14.84,14.84,483
2016.06.22,11:00,14.85,14.89,14.72,14.86,296
2016.06.22,12:00,14.87,14.95,14.87,14.94,211
2016.06.22,13:00,14.95,14.96,14.87,14.95,140
2016.06.22,14:00,14.96,15.08,14.95,15.06,174
2016.06.22,15:00,15.07,15.16,15.05,15.10,144
2016.06.22,16:00,15.09,15.22,15.05,15.14,242
2016.06.22,17:00,15.13,15.27,15.09,15.22,312
2016.06.22,18:00,15.21,15.24,15.18,15.22,129
2016.06.23,10:00,15.16,15.35,15.02,15.07,605
2016.06.23,11:00,15.08,15.31,15.08,15.29,300
2016.06.23,12:00,15.30,15.74,15.29,15.49,787
2016.06.23,13:00,15.48,15.73,15.48,15.63,523
2016.06.23,14:00,15.62,15.68,15.56,15.60,351
2016.06.23,15:00,15.59,15.63,15.46,15.51,360
2016.06.23,16:00,15.52,15.52,15.23,15.38,473
2016.06.23,17:00,15.37,15.45,15.23,15.45,597
2016.06.23,18:00,15.44,15.52,15.37,15.51,176
2016.06.24,10:00,13.11,13.58,12.80,13.58,2471
2016.06.24,11:00,13.59,13.92,13.34,13.45,1827
2016.06.24,12:00,13.46,13.73,13.39,13.52,837
2016.06.24,13:00,13.51,13.58,13.31,13.39,724
2016.06.24,14:00,13.41,13.46,13.14,13.15,519
2016.06.24,15:00,13.16,13.28,13.12,13.20,560
2016.06.24,16:00,13.19,13.72,13.12,13.72,609
2016.06.24,17:00,13.71,13.76,13.52,13.56,742
2016.06.24,18:00,13.55,13.57,13.39,13.42,381
2016.06.27,10:00,13.36,13.41,12.70,12.78,1128
2016.06.27,11:00,12.79,12.80,12.29,12.43,749
2016.06.27,12:00,12.44,12.61,12.36,12.43,683
2016.06.27,13:00,12.44,12.48,12.08,12.10,393
2016.06.27,14:00,12.10,12.26,12.05,12.21,531
2016.06.27,15:00,12.20,12.55,12.20,12.53,609
2016.06.27,16:00,12.54,12.70,12.37,12.44,684
2016.06.27,17:00,12.43,12.48,12.18,12.28,562
2016.06.27,18:00,12.26,12.56,12.24,12.52,336
2016.06.28,10:00,13.03,13.11,12.88,13.09,845
2016.06.28,11:00,13.08,13.19,12.98,12.99,459
2016.06.28,12:00,13.00,13.09,12.83,13.03,332
2016.06.28,13:00,13.04,13.05,12.71,12.79,390
2016.06.28,14:00,12.80,12.86,12.71,12.80,282
2016.06.28,15:00,12.81,13.03,12.81,12.96,354
2016.06.28,16:00,12.95,13.06,12.76,12.88,588
2016.06.28,17:00,12.87,12.98,12.73,12.77,478
2016.06.28,18:00,12.76,12.80,12.57,12.57,208
2016.06.29,10:00,12.82,13.03,12.70,12.86,701
2016.06.29,11:00,12.85,12.93,12.76,12.90,394
2016.06.29,12:00,12.91,12.93,12.77,12.80,324
2016.06.29,13:00,12.81,12.87,12.73,12.77,243
2016.06.29,14:00,12.78,12.82,12.47,12.57,330
2016.06.29,15:00,12.58,12.61,12.45,12.55,299
2016.06.29,16:00,12.56,12.69,12.45,12.59,378
2016.06.29,17:00,12.58,12.65,12.54,12.58,322
2016.06.29,18:00,12.59,12.69,12.56,12.68,174
2016.06.30,10:00,12.50,12.53,12.05,12.31,743
2016.06.30,11:00,12.32,12.43,12.12,12.23,443
2016.06.30,12:00,12.24,12.45,12.18,12.43,371
2016.06.30,13:00,12.44,12.47,12.29,12.43,283
2016.06.30,14:00,12.40,12.42,12.24,12.26,239
2016.06.30,15:00,12.25,12.28,12.20,12.26,238
2016.06.30,16:00,12.27,12.30,12.18,12.25,235
2016.06.30,17:00,12.24,12.30,12.12,12.18,320
2016.06.30,18:00,12.19,12.52,12.15,12.29,376
2016.07.01,10:00,12.46,12.82,12.32,12.46,840
2016.07.01,11:00,12.44,12.46,12.27,12.28,426
2016.07.01,12:00,12.27,12.35,12.20,12.24,339
2016.07.01,13:00,12.25,12.50,12.23,12.45,231
2016.07.01,14:00,12.46,12.82,12.45,12.66,422
2016.07.01,15:00,12.67,12.67,12.53,12.54,257
2016.07.01,16:00,12.55,12.58,12.50,12.55,250
2016.07.01,17:00,12.56,12.63,12.55,12.57,309
2016.07.01,18:00,12.56,12.61,12.54,12.55,97
2016.07.04,10:00,12.50,12.51,12.12,12.28,524
2016.07.04,11:00,12.29,12.45,12.21,12.41,500
2016.07.04,12:00,12.40,12.54,12.39,12.45,301
2016.07.04,13:00,12.46,12.50,12.42,12.43,139
2016.07.04,14:00,12.44,12.52,12.41,12.49,177
2016.07.04,15:00,12.48,12.48,12.40,12.48,177
2016.07.04,16:00,12.47,12.49,12.41,12.41,171
2016.07.04,17:00,12.41,12.41,12.32,12.33,124
2016.07.04,18:00,12.32,12.37,12.31,12.36,80
2016.07.05,10:00,12.21,12.43,12.12,12.22,700
2016.07.05,11:00,12.21,12.35,12.15,12.22,394
2016.07.05,12:00,12.23,12.42,12.20,12.36,241
2016.07.05,13:00,12.37,12.44,12.29,12.43,212
2016.07.05,14:00,12.42,12.46,12.28,12.30,204
2016.07.05,15:00,12.29,12.33,12.22,12.27,134
2016.07.05,16:00,12.26,12.34,12.14,12.21,239
2016.07.05,17:00,12.22,12.27,12.15,12.21,260
2016.07.05,18:00,12.22,12.24,12.16,12.23,94
2016.07.06,10:00,12.05,12.26,11.82,11.85,635
2016.07.06,11:00,11.86,12.05,11.64,11.76,696
2016.07.06,12:00,11.77,11.77,11.38,11.67,660
2016.07.06,13:00,11.66,11.66,11.37,11.39,367
2016.07.06,14:00,11.39,11.58,11.32,11.35,360
2016.07.06,15:00,11.36,11.45,11.35,11.41,275
2016.07.06,16:00,11.43,11.55,11.41,11.49,367
2016.07.06,17:00,11.48,11.53,11.30,11.46,474
2016.07.06,18:00,11.47,11.61,11.46,11.53,162
2016.07.07,10:00,11.63,11.81,11.61,11.78,442
2016.07.07,11:00,11.77,11.79,11.63,11.67,319
2016.07.07,12:00,11.68,11.68,11.48,11.59,253
2016.07.07,13:00,11.60,11.63,11.50,11.54,208
2016.07.07,14:00,11.55,11.57,11.37,11.37,190
2016.07.07,15:00,11.36,11.49,11.35,11.45,198
2016.07.07,16:00,11.46,11.62,11.43,11.57,222
2016.07.07,17:00,11.56,11.61,11.46,11.50,214
2016.07.07,18:00,11.49,11.50,11.40,11.45,135
2016.07.08,10:00,11.36,11.61,11.21,11.59,502
2016.07.08,11:00,11.58,11.71,11.55,11.70,295
2016.07.08,12:00,11.71,11.80,11.70,11.73,216
2016.07.08,13:00,11.74,11.91,11.73,11.84,202
2016.07.08,14:00,11.85,11.90,11.80,11.90,129
2016.07.08,15:00,11.89,12.03,11.80,11.90,403
2016.07.08,16:00,11.91,11.93,11.71,11.82,443
2016.07.08,17:00,11.81,11.87,11.66,11.77,278
2016.07.08,18:00,11.76,11.80,11.72,11.77,100
2016.07.11,10:00,11.93,12.02,11.76,11.77,423
2016.07.11,11:00,11.78,11.78,11.53,11.53,342
2016.07.11,12:00,11.52,11.77,11.48,11.69,311
2016.07.11,13:00,11.70,11.77,11.63,11.75,247
2016.07.11,14:00,11.76,11.89,11.75,11.87,216
2016.07.11,15:00,11.85,11.96,11.83,11.95,172
2016.07.11,16:00,11.96,11.97,11.88,11.90,201
2016.07.11,17:00,11.89,11.98,11.84,11.97,153
2016.07.11,18:00,11.98,12.03,11.97,12.00,107
2016.07.12,10:00,12.06,12.36,11.98,12.30,524
2016.07.12,11:00,12.29,12.67,12.28,12.63,322
2016.07.12,12:00,12.62,12.64,12.54,12.59,198
2016.07.12,13:00,12.58,12.65,12.56,12.61,167
2016.07.12,14:00,12.60,12.62,12.56,12.60,82
2016.07.12,15:00,12.61,12.76,12.54,12.72,172
2016.07.12,16:00,12.73,12.76,12.63,12.69,282
2016.07.12,17:00,12.70,12.73,12.63,12.72,169
2016.07.12,18:00,12.73,12.79,12.68,12.78,111
2016.07.13,10:00,12.79,12.97,12.51,12.72,728
2016.07.13,11:00,12.73,12.88,12.71,12.79,474
2016.07.13,12:00,12.78,12.90,12.73,12.89,173
2016.07.13,13:00,12.90,13.01,12.83,12.96,220
2016.07.13,14:00,12.95,12.99,12.95,12.97,154
2016.07.13,15:00,12.98,12.98,12.87,12.87,135
2016.07.13,16:00,12.85,12.87,12.63,12.66,247
2016.07.13,17:00,12.67,12.77,12.63,12.64,270
2016.07.13,18:00,12.65,12.65,12.57,12.62,89
2016.07.14,10:00,12.80,13.14,12.74,13.08,541
2016.07.14,11:00,13.09,13.12,12.96,12.96,266
2016.07.14,12:00,12.94,13.01,12.90,13.00,249
2016.07.14,13:00,13.01,13.02,12.92,12.96,236
2016.07.14,14:00,12.94,13.02,12.83,12.89,496
2016.07.14,15:00,12.88,12.94,12.87,12.93,201
2016.07.14,16:00,12.92,12.99,12.89,12.98,251
2016.07.14,17:00,12.99,13.11,12.98,13.04,297
2016.07.14,18:00,13.05,13.08,13.02,13.05,103
2016.07.15,10:00,12.96,13.37,12.93,13.28,508
2016.07.15,11:00,13.27,13.35,13.03,13.16,401
2016.07.15,12:00,13.15,13.18,12.93,12.96,357
2016.07.15,13:00,12.97,13.10,12.91,12.93,238
2016.07.15,14:00,12.94,13.14,12.94,13.10,252
2016.07.15,15:00,13.09,13.19,13.07,13.13,205
2016.07.15,16:00,13.14,13.22,13.06,13.08,254
2016.07.15,17:00,13.07,13.12,12.99,13.09,228
2016.07.15,18:00,13.08,13.10,13.00,13.03,70
2016.07.18,10:00,13.13,13.37,13.10,13.23,591
2016.07.18,11:00,13.22,13.24,12.98,13.07,363
2016.07.18,12:00,13.08,13.10,12.90,12.96,230
2016.07.18,13:00,12.95,13.07,12.94,13.06,158
2016.07.18,14:00,13.05,13.13,13.05,13.07,178
2016.07.18,15:00,13.06,13.07,12.95,12.95,147
2016.07.18,16:00,12.96,12.98,12.87,12.96,211
2016.07.18,17:00,12.97,13.12,12.96,13.12,234
2016.07.18,18:00,13.13,13.19,13.13,13.14,125
2016.07.19,10:00,13.09,13.27,12.81,12.82,583
2016.07.19,11:00,12.81,12.90,12.75,12.84,413
2016.07.19,12:00,12.82,12.84,12.62,12.62,235
2016.07.19,13:00,12.60,12.71,12.54,12.63,221
2016.07.19,14:00,12.62,12.74,12.60,12.67,214
2016.07.19,15:00,12.66,12.76,12.63,12.73,185
2016.07.19,16:00,12.72,12.73,12.64,12.69,211
2016.07.19,17:00,12.68,12.77,12.66,12.74,178
2016.07.19,18:00,12.75,12.78,12.72,12.75,79
2016.07.20,10:00,12.80,12.84,12.53,12.60,434
2016.07.20,11:00,12.61,12.77,12.60,12.71,256
2016.07.20,12:00,12.72,12.84,12.71,12.73,233
2016.07.20,13:00,12.74,12.79,12.71,12.79,130
2016.07.20,14:00,12.78,12.79,12.71,12.76,115
2016.07.20,15:00,12.75,12.79,12.70,12.77,129
2016.07.20,16:00,12.78,12.84,12.73,12.76,182
2016.07.20,17:00,12.77,12.93,12.76,12.92,175
2016.07.20,18:00,12.93,12.97,12.91,12.95,67
2016.07.21,10:00,12.98,13.18,12.91,13.07,485
2016.07.21,11:00,13.06,13.23,13.05,13.15,395
2016.07.21,12:00,13.16,13.19,13.10,13.13,276
2016.07.21,13:00,13.14,13.27,13.09,13.24,162
2016.07.21,14:00,13.25,13.29,13.23,13.24,167
2016.07.21,15:00,13.25,13.26,12.98,13.12,394
2016.07.21,16:00,13.13,13.42,13.13,13.31,353
2016.07.21,17:00,13.32,13.36,13.19,13.27,288
2016.07.21,18:00,13.26,13.26,13.19,13.21,71
2016.07.22,10:00,13.12,13.23,13.06,13.14,415
2016.07.22,11:00,13.15,13.21,13.03,13.12,326
2016.07.22,12:00,13.13,13.25,13.11,13.12,208
2016.07.22,13:00,13.13,13.19,13.12,13.15,155
2016.07.22,14:00,13.14,13.21,13.13,13.19,108
2016.07.22,15:00,13.20,13.20,13.14,13.20,165
2016.07.22,16:00,13.19,13.20,13.09,13.10,100
2016.07.22,17:00,13.09,13.11,13.04,13.10,162
2016.07.22,18:00,13.11,13.11,13.04,13.07,77
2016.07.25,10:00,13.11,13.19,13.03,13.16,476
2016.07.25,11:00,13.18,13.28,13.17,13.25,355
2016.07.25,12:00,13.24,13.26,13.18,13.23,194
2016.07.25,13:00,13.22,13.28,13.19,13.27,154
2016.07.25,14:00,13.28,13.29,13.23,13.27,125
2016.07.25,15:00,13.26,13.28,13.21,13.22,89
2016.07.25,16:00,13.23,13.25,13.19,13.19,185
2016.07.25,17:00,13.18,13.22,13.08,13.15,205
2016.07.25,18:00,13.14,13.15,13.09,13.13,64
2016.07.26,10:00,12.96,12.96,12.56,12.63,520
2016.07.26,11:00,12.64,12.70,12.54,12.62,392
2016.07.26,12:00,12.63,12.73,12.56,12.60,257
2016.07.26,13:00,12.59,12.67,12.57,12.66,139
2016.07.26,14:00,12.67,12.81,12.67,12.79,260
2016.07.26,15:00,12.80,12.86,12.79,12.81,155
2016.07.26,16:00,12.82,12.94,12.80,12.89,208
2016.07.26,17:00,12.90,12.91,12.80,12.80,192
2016.07.26,18:00,12.79,12.88,12.79,12.87,84
2016.07.27,10:00,12.88,12.88,12.17,12.18,691
2016.07.27,11:00,12.19,12.34,12.18,12.29,350
2016.07.27,12:00,12.27,12.34,12.22,12.26,155
2016.07.27,13:00,12.27,12.30,12.20,12.30,149
2016.07.27,14:00,12.31,12.46,12.27,12.46,178
2016.07.27,15:00,12.45,12.62,12.45,12.55,219
2016.07.27,16:00,12.56,12.56,12.46,12.52,171
2016.07.27,17:00,12.51,12.59,12.43,12.49,238
2016.07.27,18:00,12.50,12.51,12.37,12.39,93
2016.07.28,10:00,12.29,12.38,12.10,12.25,497
2016.07.28,11:00,12.24,12.30,12.13,12.19,263
2016.07.28,12:00,12.18,12.19,12.01,12.02,222
2016.07.28,13:00,12.03,12.03,11.95,11.99,117
2016.07.28,14:00,12.00,12.03,11.97,11.99,140
2016.07.28,15:00,12.00,12.06,11.98,11.99,145
2016.07.28,16:00,11.98,12.01,11.88,11.92,150
2016.07.28,17:00,11.93,11.96,11.88,11.90,161
2016.07.28,18:00,11.91,11.95,11.89,11.95,99
2016.07.29,10:00,11.85,12.11,11.80,12.10,556
2016.07.29,11:00,12.11,12.23,12.10,12.19,235
2016.07.29,12:00,12.20,12.24,12.17,12.19,144
2016.07.29,13:00,12.20,12.23,12.13,12.16,104
2016.07.29,14:00,12.17,12.19,12.09,12.10,120
2016.07.29,15:00,12.11,12.19,12.04,12.19,137
2016.07.29,16:00,12.18,12.22,12.04,12.07,172
2016.07.29,17:00,12.06,12.10,11.96,12.01,182
2016.07.29,18:00,12.00,12.02,11.96,12.00,59
2016.08.01,10:00,12.40,12.47,11.94,11.96,450
2016.08.01,11:00,11.97,12.14,11.81,11.85,345
2016.08.01,12:00,11.84,11.88,11.73,11.81,262
2016.08.01,13:00,11.80,11.85,11.73,11.74,122
2016.08.01,14:00,11.73,11.94,11.73,11.88,158
2016.08.01,15:00,11.87,11.90,11.81,11.81,100
2016.08.01,16:00,11.82,11.87,11.75,11.77,131
2016.08.01,17:00,11.76,11.80,11.73,11.73,122
2016.08.01,18:00,11.72,11.81,11.71,11.80,81
2016.08.02,10:00,11.71,11.72,11.34,11.37,418
2016.08.02,11:00,11.38,11.47,11.32,11.39,310
2016.08.02,12:00,11.40,11.44,11.32,11.42,147
2016.08.02,13:00,11.41,11.43,11.38,11.39,107
2016.08.02,14:00,11.40,11.41,11.29,11.34,109
2016.08.02,15:00,11.35,11.41,11.25,11.27,151
2016.08.02,16:00,11.26,11.39,11.24,11.29,198
2016.08.02,17:00,11.30,11.30,11.21,11.21,229
2016.08.02,18:00,11.22,11.30,11.21,11.23,69
2016.08.03,10:00,11.31,11.37,11.06,11.20,529
2016.08.03,11:00,11.19,11.36,11.12,11.32,408
2016.08.03,12:00,11.31,11.40,11.20,11.31,281
2016.08.03,13:00,11.32,11.34,11.17,11.22,238
2016.08.03,14:00,11.21,11.26,11.09,11.18,238
2016.08.03,15:00,11.17,11.19,11.09,11.12,174
2016.08.03,16:00,11.13,11.25,11.12,11.20,253
2016.08.03,17:00,11.21,11.27,11.16,11.18,323
2016.08.03,18:00,11.17,11.24,11.16,11.21,117
2016.08.04,10:00,11.43,11.59,11.43,11.55,430
2016.08.04,11:00,11.54,11.69,11.53,11.60,176
2016.08.04,12:00,11.59,11.61,11.54,11.60,142
2016.08.04,13:00,11.59,11.65,11.57,11.63,71
2016.08.04,14:00,11.64,11.66,11.49,11.56,285
2016.08.04,15:00,11.57,11.57,11.40,11.40,165
2016.08.04,16:00,11.41,11.47,11.37,11.37,228
2016.08.04,17:00,11.38,11.45,11.36,11.38,115
2016.08.04,18:00,11.37,11.39,11.33,11.36,46
2016.08.05,10:00,11.43,11.52,11.39,11.46,317
2016.08.05,11:00,11.47,11.54,11.43,11.48,179
2016.08.05,12:00,11.47,11.53,11.46,11.51,133
2016.08.05,13:00,11.50,11.52,11.45,11.47,81
2016.08.05,14:00,11.48,11.48,11.40,11.40,116
2016.08.05,15:00,11.41,11.62,11.40,11.53,273
2016.08.05,16:00,11.52,11.70,11.50,11.67,211
2016.08.05,17:00,11.66,11.76,11.64,11.70,160
2016.08.05,18:00,11.69,11.76,11.69,11.74,82
2016.08.08,10:00,11.90,12.14,11.90,12.14,267
2016.08.08,11:00,12.13,12.21,12.10,12.20,183
2016.08.08,12:00,12.19,12.23,12.16,12.21,95
2016.08.08,13:00,12.19,12.20,12.13,12.17,114
2016.08.08,14:00,12.16,12.20,12.13,12.13,79
2016.08.08,15:00,12.12,12.12,12.02,12.07,91
2016.08.08,16:00,12.06,12.15,12.05,12.13,111
2016.08.08,17:00,12.12,12.14,12.05,12.13,71
2016.08.08,18:00,12.14,12.15,12.12,12.14,41
2016.08.09,10:00,12.11,12.24,12.01,12.11,318
2016.08.09,11:00,12.10,12.22,12.08,12.16,171
2016.08.09,12:00,12.15,12.19,12.14,12.15,129
2016.08.09,13:00,12.16,12.21,12.15,12.19,100
2016.08.09,14:00,12.20,12.22,12.18,12.20,40
2016.08.09,15:00,12.21,12.22,12.16,12.19,44
2016.08.09,16:00,12.18,12.23,12.16,12.23,92
2016.08.09,17:00,12.22,12.30,12.21,12.29,120
2016.08.09,18:00,12.30,12.39,12.29,12.39,128
2016.08.10,10:00,12.27,12.59,12.25,12.52,329
2016.08.10,11:00,12.53,12.53,12.40,12.43,166
2016.08.10,12:00,12.44,12.46,12.36,12.39,93
2016.08.10,13:00,12.38,12.39,12.33,12.37,49
2016.08.10,14:00,12.35,12.48,12.35,12.48,64
2016.08.10,15:00,12.47,12.58,12.47,12.58,64
2016.08.10,16:00,12.59,12.71,12.55,12.70,173
2016.08.10,17:00,12.71,12.81,12.69,12.80,159
2016.08.10,18:00,12.81,12.81,12.78,12.81,33
2016.08.11,10:00,12.80,12.82,12.58,12.65,314
2016.08.11,11:00,12.64,12.64,12.51,12.58,180
2016.08.11,12:00,12.59,12.69,12.56,12.66,151
2016.08.11,13:00,12.67,12.69,12.63,12.64,131
2016.08.11,14:00,12.65,12.69,12.63,12.65,119
2016.08.11,15:00,12.66,12.72,12.64,12.71,98
2016.08.11,16:00,12.72,12.80,12.70,12.73,135
2016.08.11,17:00,12.74,12.83,12.74,12.80,123
2016.08.11,18:00,12.81,12.81,12.73,12.77,77
2016.08.12,10:00,12.73,12.82,12.61,12.81,215
2016.08.12,11:00,12.80,12.85,12.74,12.80,212
2016.08.12,12:00,12.81,12.81,12.75,12.79,79
2016.08.12,13:00,12.77,12.78,12.74,12.75,39
2016.08.12,14:00,12.76,12.79,12.73,12.78,38
2016.08.12,15:00,12.79,12.79,12.70,12.75,110
2016.08.12,16:00,12.74,12.78,12.70,12.78,158
2016.08.12,17:00,12.77,12.78,12.74,12.75,58
2016.08.12,18:00,12.74,12.78,12.74,12.78,43
2016.08.15,10:00,12.79,12.85,12.71,12.79,236
2016.08.15,11:00,12.78,12.82,12.72,12.72,122
2016.08.15,12:00,12.71,12.77,12.69,12.77,132
2016.08.15,13:00,12.78,12.80,12.77,12.79,24
2016.08.15,14:00,12.77,12.84,12.76,12.79,31
2016.08.15,15:00,12.80,12.82,12.76,12.77,43
2016.08.15,16:00,12.76,12.82,12.76,12.77,100
2016.08.15,17:00,12.78,12.81,12.75,12.76,28
2016.08.15,18:00,12.77,12.79,12.76,12.78,36
2016.08.16,10:00,12.64,12.77,12.61,12.68,330
2016.08.16,11:00,12.67,12.67,12.55,12.64,124
2016.08.16,12:00,12.65,12.81,12.65,12.80,203
2016.08.16,13:00,12.79,12.80,12.69,12.73,141
2016.08.16,14:00,12.72,12.73,12.68,12.71,66
2016.08.16,15:00,12.72,12.75,12.66,12.66,125
2016.08.16,16:00,12.67,12.74,12.65,12.70,166
2016.08.16,17:00,12.69,12.74,12.68,12.68,115
2016.08.16,18:00,12.69,12.75,12.68,12.71,47
2016.08.17,10:00,12.66,12.76,12.56,12.59,357
2016.08.17,11:00,12.58,12.58,12.47,12.52,200
2016.08.17,12:00,12.51,12.55,12.47,12.50,75
2016.08.17,13:00,12.51,12.52,12.39,12.40,113
2016.08.17,14:00,12.39,12.39,12.33,12.38,31
2016.08.17,15:00,12.39,12.41,12.31,12.31,53
2016.08.17,16:00,12.30,12.35,12.23,12.26,155
2016.08.17,17:00,12.24,12.29,12.23,12.29,133
2016.08.17,18:00,12.30,12.33,12.29,12.29,44
2016.08.18,10:00,12.39,12.43,12.24,12.28,269
2016.08.18,11:00,12.27,12.32,12.19,12.25,202
2016.08.18,12:00,12.24,12.31,12.23,12.26,126
2016.08.18,13:00,12.25,12.28,12.21,12.23,63
2016.08.18,14:00,12.22,12.23,12.18,12.18,52
2016.08.18,15:00,12.19,12.25,12.18,12.22,71
2016.08.18,16:00,12.21,12.25,12.18,12.22,92
2016.08.18,17:00,12.23,12.34,12.21,12.34,173
2016.08.18,18:00,12.33,12.35,12.31,12.32,50
2016.08.19,10:00,12.35,12.36,12.07,12.11,321
2016.08.19,11:00,12.10,12.11,11.90,11.98,244
2016.08.19,12:00,11.99,12.05,11.98,12.02,153
2016.08.19,13:00,12.01,12.09,11.95,11.95,123
2016.08.19,14:00,11.96,11.96,11.86,11.86,61
2016.08.19,15:00,11.85,11.95,11.84,11.89,98
2016.08.19,16:00,11.88,11.94,11.88,11.89,127
2016.08.19,17:00,11.90,12.02,11.89,11.95,123
2016.08.19,18:00,11.96,11.97,11.95,11.96,17
2016.08.22,10:00,11.91,12.06,11.83,12.05,395
2016.08.22,11:00,12.06,12.21,12.04,12.16,322
2016.08.22,12:00,12.15,12.17,12.05,12.06,189
2016.08.22,13:00,12.05,12.06,11.94,11.95,175
2016.08.22,14:00,11.91,11.94,11.88,11.90,174
2016.08.22,15:00,11.91,11.96,11.88,11.90,163
2016.08.22,16:00,11.91,11.93,11.86,11.92,180
2016.08.22,17:00,11.91,12.00,11.88,11.95,163
2016.08.22,18:00,11.96,11.98,11.93,11.94,55
2016.08.23,10:00,12.04,12.14,11.96,11.97,317
2016.08.23,11:00,11.98,12.19,11.97,12.11,236
2016.08.23,12:00,12.12,12.17,12.09,12.16,105
2016.08.23,13:00,12.17,12.21,12.14,12.14,81
2016.08.23,14:00,12.14,12.23,12.14,12.22,65
2016.08.23,15:00,12.21,12.29,12.17,12.29,81
2016.08.23,16:00,12.28,12.38,12.28,12.37,185
2016.08.23,17:00,12.38,12.40,12.34,12.36,83
2016.08.23,18:00,12.35,12.42,12.34,12.40,62
2016.08.24,10:00,12.32,12.46,12.20,12.45,372
2016.08.24,11:00,12.46,12.60,12.45,12.60,273
2016.08.24,12:00,12.59,12.71,12.57,12.65,145
2016.08.24,13:00,12.66,12.71,12.65,12.68,118
2016.08.24,14:00,12.67,12.73,12.67,12.70,77
2016.08.24,15:00,12.69,12.79,12.68,12.79,79
2016.08.24,16:00,12.78,12.79,12.65,12.68,128
2016.08.24,17:00,12.67,12.75,12.67,12.68,146
2016.08.24,18:00,12.69,12.72,12.68,12.70,45
2016.08.25,10:00,12.56,12.66,12.47,12.56,346
2016.08.25,11:00,12.55,12.56,12.40,12.45,286
2016.08.25,12:00,12.44,12.62,12.43,12.52,221
2016.08.25,13:00,12.53,12.54,12.45,12.47,202
2016.08.25,14:00,12.48,12.54,12.44,12.53,141
2016.08.25,15:00,12.52,12.56,12.48,12.49,153
2016.08.25,16:00,12.50,12.54,12.47,12.51,216
2016.08.25,17:00,12.50,12.52,12.46,12.48,148
2016.08.25,18:00,12.49,12.52,12.48,12.50,55
2016.08.26,10:00,12.47,12.54,12.36,12.39,383
2016.08.26,11:00,12.38,12.44,12.31,12.43,164
2016.08.26,12:00,12.42,12.44,12.39,12.44,162
2016.08.26,13:00,12.43,12.45,12.40,12.43,75
2016.08.26,14:00,12.44,12.51,12.42,12.51,84
2016.08.26,15:00,12.50,12.55,12.48,12.54,73
2016.08.26,16:00,12.55,12.58,12.49,12.52,126
2016.08.26,17:00,12.53,12.67,12.50,12.57,482
2016.08.26,18:00,12.58,12.60,12.56,12.60,107
2016.08.29,10:00,12.52,12.65,12.42,12.42,373
2016.08.29,11:00,12.41,12.53,12.37,12.49,211
2016.08.29,12:00,12.48,12.50,12.42,12.45,76
2016.08.29,13:00,12.44,12.44,12.39,12.43,83
2016.08.29,14:00,12.44,12.47,12.42,12.42,46
2016.08.29,15:00,12.43,12.47,12.42,12.45,31
2016.08.29,16:00,12.44,12.47,12.40,12.46,81
2016.08.29,17:00,12.47,12.49,12.44,12.46,93
2016.08.29,18:00,12.45,12.45,12.42,12.43,17
2016.08.30,10:00,12.48,12.66,12.47,12.64,324
2016.08.30,11:00,12.63,12.77,12.60,12.74,187
2016.08.30,12:00,12.73,12.76,12.70,12.75,135
2016.08.30,13:00,12.76,12.76,12.68,12.72,82
2016.08.30,14:00,12.71,12.76,12.71,12.75,96
2016.08.30,15:00,12.76,12.79,12.75,12.77,46
2016.08.30,16:00,12.76,12.84,12.73,12.84,124
2016.08.30,17:00,12.85,12.89,12.79,12.84,145
2016.08.30,18:00,12.85,12.88,12.84,12.88,18
2016.08.31,10:00,12.87,13.17,12.81,13.17,419
2016.08.31,11:00,13.16,13.38,13.16,13.21,259
2016.08.31,12:00,13.22,13.25,13.13,13.24,234
2016.08.31,13:00,13.25,13.28,13.22,13.28,131
2016.08.31,14:00,13.27,13.33,13.26,13.32,75
2016.08.31,15:00,13.33,13.36,13.30,13.30,117
2016.08.31,16:00,13.31,13.39,13.30,13.38,128
2016.08.31,17:00,13.39,13.42,13.24,13.25,216
2016.08.31,18:00,13.24,13.25,13.18,13.22,69
2016.09.01,10:00,13.30,13.63,13.30,13.55,429
2016.09.01,11:00,13.54,13.73,13.52,13.68,293
2016.09.01,12:00,13.69,13.76,13.56,13.63,191
2016.09.01,13:00,13.64,13.73,13.64,13.73,124
2016.09.01,14:00,13.72,13.83,13.70,13.83,214
2016.09.01,15:00,13.82,13.83,13.66,13.67,258
2016.09.01,16:00,13.68,13.71,13.53,13.56,157
2016.09.01,17:00,13.54,13.57,13.02,13.07,534
2016.09.01,18:00,13.08,13.10,13.03,13.06,109
2016.09.02,10:00,13.15,13.23,12.90,13.04,684
2016.09.02,11:00,13.05,13.08,12.82,12.87,344
2016.09.02,12:00,12.88,12.98,12.87,12.90,250
2016.09.02,13:00,12.91,13.00,12.87,12.99,165
2016.09.02,14:00,12.98,13.17,12.98,13.04,155
2016.09.02,15:00,13.05,13.11,12.97,13.02,407
2016.09.02,16:00,13.03,13.29,13.03,13.28,350
2016.09.02,17:00,13.29,13.37,13.21,13.32,227
2016.09.02,18:00,13.31,13.35,13.27,13.32,105
2016.09.05,10:00,13.45,13.47,13.14,13.20,474
2016.09.05,11:00,13.21,13.41,13.20,13.37,380
2016.09.05,12:00,13.36,13.40,13.28,13.32,302
2016.09.05,13:00,13.33,13.35,13.23,13.27,168
2016.09.05,14:00,13.28,13.28,13.19,13.23,145
2016.09.05,15:00,13.24,13.25,13.19,13.20,101
2016.09.05,16:00,13.21,13.24,13.18,13.21,80
2016.09.05,17:00,13.19,13.25,13.16,13.24,102
2016.09.05,18:00,13.25,13.27,13.23,13.25,67
2016.09.06,10:00,13.14,13.23,13.12,13.15,321
2016.09.06,11:00,13.14,13.19,13.13,13.19,143
2016.09.06,12:00,13.20,13.32,13.18,13.29,183
2016.09.06,13:00,13.27,13.28,13.21,13.23,115
2016.09.06,14:00,13.24,13.25,13.18,13.20,76
2016.09.06,15:00,13.19,13.22,13.18,13.21,74
2016.09.06,16:00,13.22,13.26,13.19,13.21,89
2016.09.06,17:00,13.20,13.20,12.90,12.96,227
2016.09.06,18:00,12.95,12.97,12.90,12.91,78
2016.09.07,10:00,12.84,12.84,12.55,12.66,539
2016.09.07,11:00,12.65,12.71,12.54,12.65,264
2016.09.07,12:00,12.64,12.77,12.64,12.71,195
2016.09.07,13:00,12.70,12.91,12.70,12.82,162
2016.09.07,14:00,12.83,12.88,12.80,12.88,100
2016.09.07,15:00,12.89,12.94,12.87,12.91,93
2016.09.07,16:00,12.92,13.01,12.90,12.94,166
2016.09.07,17:00,12.93,12.99,12.91,12.93,140
2016.09.07,18:00,12.94,12.97,12.92,12.94,40
2016.09.08,10:00,12.93,13.13,12.93,12.99,358
2016.09.08,11:00,12.98,13.02,12.93,13.00,262
2016.09.08,12:00,12.99,13.02,12.97,13.01,124
2016.09.08,13:00,13.02,13.10,13.01,13.05,111
2016.09.08,14:00,13.06,13.08,12.92,12.98,216
2016.09.08,15:00,12.97,13.09,12.81,12.89,540
2016.09.08,16:00,12.88,12.94,12.71,12.85,576
2016.09.08,17:00,12.84,13.04,12.84,13.03,215
2016.09.08,18:00,13.04,13.11,13.03,13.10,110
2016.09.09,10:00,13.11,13.69,12.96,13.69,577
2016.09.09,11:00,13.68,13.69,13.47,13.65,344
2016.09.09,12:00,13.64,13.79,13.62,13.69,249
2016.09.09,13:00,13.70,13.76,13.59,13.71,147
2016.09.09,14:00,13.70,13.78,13.66,13.68,117
2016.09.09,15:00,13.67,13.70,13.59,13.66,185
2016.09.09,16:00,13.67,13.76,13.66,13.74,213
2016.09.09,17:00,13.73,13.74,13.54,13.63,259
2016.09.09,18:00,13.64,13.66,13.59,13.62,101
2016.09.12,10:00,13.44,13.55,13.15,13.22,705
2016.09.12,11:00,13.21,13.24,13.10,13.11,295
2016.09.12,12:00,13.10,13.15,13.09,13.09,82
2016.09.12,13:00,13.08,13.19,13.05,13.13,162
2016.09.12,14:00,13.14,13.18,13.07,13.14,120
2016.09.12,15:00,13.15,13.25,13.13,13.24,132
2016.09.12,16:00,13.23,13.26,13.12,13.20,209
2016.09.12,17:00,13.21,13.30,13.19,13.25,263
2016.09.12,18:00,13.26,13.32,13.26,13.31,58
2016.09.13,10:00,13.38,13.47,13.24,13.42,439
2016.09.13,11:00,13.40,13.41,13.16,13.21,220
2016.09.13,12:00,13.20,13.31,13.19,13.30,207
2016.09.13,13:00,13.29,13.37,13.28,13.36,181
2016.09.13,14:00,13.35,13.36,13.25,13.26,137
2016.09.13,15:00,13.25,13.30,13.21,13.24,118
2016.09.13,16:00,13.25,13.28,13.20,13.21,245
2016.09.13,17:00,13.22,13.22,13.12,13.18,339
2016.09.13,18:00,13.19,13.20,13.03,13.04,114
2016.09.14,10:00,13.03,13.04,12.81,12.84,464
2016.09.14,11:00,12.85,13.04,12.79,12.94,264
2016.09.14,12:00,12.93,12.94,12.87,12.94,218
2016.09.14,13:00,12.93,12.97,12.89,12.96,69
2016.09.14,14:00,12.97,13.07,12.96,13.01,123
2016.09.14,15:00,13.00,13.02,12.97,12.98,151
2016.09.14,16:00,12.99,12.99,12.84,12.91,238
2016.09.14,17:00,12.90,13.08,12.89,12.95,259
2016.09.14,18:00,12.96,13.00,12.91,12.95,64
2016.09.15,10:00,12.91,13.16,12.88,13.01,486
2016.09.15,11:00,13.00,13.11,13.00,13.11,273
2016.09.15,12:00,13.10,13.11,13.03,13.05,200
2016.09.15,13:00,13.04,13.06,13.01,13.04,52
2016.09.15,14:00,13.02,13.03,12.92,12.98,132
2016.09.15,15:00,12.99,13.06,12.94,12.97,198
2016.09.15,16:00,12.96,12.99,12.88,12.90,292
2016.09.15,17:00,12.91,13.05,12.91,13.03,291
2016.09.15,18:00,13.04,13.11,13.01,13.09,57
2016.09.16,10:00,12.18,12.35,12.02,12.18,839
2016.09.16,11:00,12.17,12.31,12.14,12.22,292
2016.09.16,12:00,12.23,12.24,12.11,12.11,214
2016.09.16,13:00,12.10,12.14,12.03,12.10,263
2016.09.16,14:00,12.05,12.11,12.03,12.04,96
2016.09.16,15:00,12.05,12.05,11.93,11.99,155
2016.09.16,16:00,11.98,12.04,11.97,12.01,282
2016.09.16,17:00,12.00,12.02,11.94,11.98,146
2016.09.16,18:00,11.99,12.01,11.97,11.98,66
2016.09.19,10:00,11.96,12.02,11.67,11.87,468
2016.09.19,11:00,11.86,11.86,11.73,11.79,198
2016.09.19,12:00,11.80,11.94,11.78,11.92,133
2016.09.19,13:00,11.93,11.99,11.92,11.96,78
2016.09.19,14:00,11.97,12.01,11.94,11.94,84
2016.09.19,15:00,11.93,11.96,11.87,11.89,88
2016.09.19,16:00,11.90,11.90,11.76,11.77,85
2016.09.19,17:00,11.76,11.77,11.62,11.63,73
2016.09.19,18:00,11.64,11.70,11.64,11.69,38
2016.09.20,10:00,11.61,11.69,11.42,11.52,405
2016.09.20,11:00,11.51,11.53,11.37,11.53,191
2016.09.20,12:00,11.52,11.53,11.42,11.46,156
2016.09.20,13:00,11.44,11.51,11.38,11.38,103
2016.09.20,14:00,11.39,11.46,11.37,11.41,145
2016.09.20,15:00,11.42,11.46,11.40,11.44,82
2016.09.20,16:00,11.43,11.44,11.36,11.36,97
2016.09.20,17:00,11.37,11.38,11.25,11.28,110
2016.09.20,18:00,11.27,11.32,11.26,11.27,45
2016.09.21,10:00,11.37,11.42,11.16,11.24,551
2016.09.21,11:00,11.25,11.26,11.13,11.21,250
2016.09.21,12:00,11.22,11.30,11.20,11.21,194
2016.09.21,13:00,11.22,11.28,11.18,11.26,152
2016.09.21,14:00,11.27,11.29,11.22,11.26,82
2016.09.21,15:00,11.27,11.28,11.18,11.21,85
2016.09.21,16:00,11.20,11.27,11.15,11.22,143
2016.09.21,17:00,11.23,11.30,11.23,11.24,143
2016.09.21,18:00,11.23,11.27,11.22,11.27,61
2016.09.22,10:00,11.30,11.49,11.30,11.49,348
2016.09.22,11:00,11.48,11.55,11.37,11.38,189
2016.09.22,12:00,11.39,11.50,11.39,11.49,137
2016.09.22,13:00,11.50,11.58,11.47,11.56,109
2016.09.22,14:00,11.57,11.70,11.56,11.68,52
2016.09.22,15:00,11.67,11.69,11.63,11.67,138
2016.09.22,16:00,11.68,11.73,11.66,11.67,116
2016.09.22,17:00,11.68,11.74,11.65,11.67,120
2016.09.22,18:00,11.66,11.67,11.62,11.63,58
2016.09.23,10:00,11.56,11.63,11.41,11.46,297
2016.09.23,11:00,11.47,11.50,11.40,11.40,139
2016.09.23,12:00,11.39,11.43,11.36,11.37,125
2016.09.23,13:00,11.38,11.39,11.31,11.35,66
2016.09.23,14:00,11.36,11.43,11.35,11.38,58
2016.09.23,15:00,11.39,11.40,11.38,11.38,68
2016.09.23,16:00,11.37,11.38,11.29,11.30,106
2016.09.23,17:00,11.31,11.35,11.29,11.34,84
2016.09.23,18:00,11.35,11.39,11.35,11.38,50
2016.09.26,10:00,11.26,11.26,10.63,10.71,671
2016.09.26,11:00,10.72,10.77,10.63,10.71,293
2016.09.26,12:00,10.69,10.76,10.65,10.75,148
2016.09.26,13:00,10.74,10.85,10.68,10.70,287
2016.09.26,14:00,10.71,10.76,10.70,10.74,178
2016.09.26,15:00,10.75,10.77,10.65,10.65,147
2016.09.26,16:00,10.64,10.70,10.62,10.66,238
2016.09.26,17:00,10.67,10.68,10.63,10.65,129
2016.09.26,18:00,10.64,10.64,10.54,10.54,33
2016.09.27,10:00,10.68,10.75,10.53,10.60,482
2016.09.27,11:00,10.59,10.61,10.40,10.40,241
2016.09.27,12:00,10.41,10.41,10.20,10.20,311
2016.09.27,13:00,10.21,10.27,10.19,10.20,124
2016.09.27,14:00,10.21,10.25,10.18,10.24,113
2016.09.27,15:00,10.25,10.33,10.21,10.33,111
2016.09.27,16:00,10.32,10.65,10.27,10.57,393
2016.09.27,17:00,10.58,10.63,10.38,10.40,221
2016.09.27,18:00,10.39,10.50,10.39,10.50,114
2016.09.28,10:00,10.87,10.96,10.74,10.92,499
2016.09.28,11:00,10.91,10.94,10.66,10.79,546
2016.09.28,12:00,10.80,10.82,10.65,10.78,284
2016.09.28,13:00,10.77,10.83,10.70,10.80,178
2016.09.28,14:00,10.79,10.90,10.79,10.89,163
2016.09.28,15:00,10.88,10.88,10.82,10.86,80
2016.09.28,16:00,10.87,11.01,10.87,10.90,177
2016.09.28,17:00,10.91,10.93,10.72,10.78,199
2016.09.28,18:00,10.77,10.78,10.72,10.77,101
2016.09.29,10:00,11.05,11.05,10.87,10.89,328
2016.09.29,11:00,10.90,10.96,10.87,10.87,189
2016.09.29,12:00,10.88,10.89,10.81,10.87,121
2016.09.29,13:00,10.86,10.87,10.80,10.82,160
2016.09.29,14:00,10.83,10.94,10.82,10.91,83
2016.09.29,15:00,10.92,10.93,10.80,10.80,71
2016.09.29,16:00,10.81,10.92,10.79,10.90,144
2016.09.29,17:00,10.91,10.98,10.81,10.92,233
2016.09.29,18:00,10.91,10.92,10.84,10.87,55
2016.09.30,10:00,10.01,10.22,9.89,10.11,880
2016.09.30,11:00,10.10,10.35,10.07,10.35,494
2016.09.30,12:00,10.36,10.45,10.33,10.43,363
2016.09.30,13:00,10.42,10.47,10.30,10.42,277
2016.09.30,14:00,10.43,10.43,10.31,10.37,95
2016.09.30,15:00,10.37,10.71,10.37,10.63,330
2016.09.30,16:00,10.62,10.94,10.57,10.84,497
2016.09.30,17:00,10.85,11.05,10.85,11.00,379
2016.09.30,18:00,11.01,11.70,10.98,11.70,533
2016.10.04,10:00,11.57,11.97,11.46,11.91,916
2016.10.04,11:00,11.90,11.94,11.67,11.68,370
2016.10.04,12:00,11.69,11.72,11.60,11.64,226
2016.10.04,13:00,11.65,11.65,11.59,11.61,74
2016.10.04,14:00,11.62,11.84,11.62,11.78,190
2016.10.04,15:00,11.77,11.88,11.76,11.85,199
2016.10.04,16:00,11.86,11.89,11.77,11.85,223
2016.10.04,17:00,11.86,11.86,11.69,11.84,265
2016.10.04,18:00,11.83,11.84,11.77,11.80,93
2016.10.05,10:00,11.83,11.95,11.66,11.83,651
2016.10.05,11:00,11.84,11.88,11.80,11.87,222
2016.10.05,12:00,11.86,11.91,11.71,11.77,185
2016.10.05,13:00,11.76,11.78,11.70,11.71,125
2016.10.05,14:00,11.72,11.81,11.70,11.81,104
2016.10.05,15:00,11.80,11.96,11.80,11.94,111
2016.10.05,16:00,11.95,12.06,11.89,12.00,174
2016.10.05,17:00,11.99,12.04,11.98,12.03,236
2016.10.05,18:00,12.04,12.09,12.03,12.09,74
2016.10.06,10:00,12.21,12.38,12.16,12.21,403
2016.10.06,11:00,12.22,12.27,12.18,12.24,298
2016.10.06,12:00,12.23,12.25,12.13,12.16,222
2016.10.06,13:00,12.15,12.19,12.04,12.06,149
2016.10.06,14:00,12.05,12.10,12.01,12.09,152
2016.10.06,15:00,12.10,12.21,12.07,12.14,196
2016.10.06,16:00,12.13,12.22,12.13,12.19,194
2016.10.06,17:00,12.18,12.18,12.01,12.03,214
2016.10.06,18:00,12.04,12.08,11.92,12.07,134
2016.10.07,10:00,12.10,12.27,12.04,12.13,490
2016.10.07,11:00,12.12,12.29,12.12,12.28,298
2016.10.07,12:00,12.29,12.29,12.16,12.16,191
2016.10.07,13:00,12.17,12.17,12.05,12.11,242
2016.10.07,14:00,12.12,12.14,12.03,12.05,179
2016.10.07,15:00,12.04,12.14,11.95,12.14,451
2016.10.07,16:00,12.15,12.22,12.03,12.04,328
2016.10.07,17:00,12.03,12.17,12.02,12.12,223
2016.10.07,18:00,12.10,12.14,12.09,12.12,43
2016.10.10,10:00,12.01,12.01,11.63,11.74,474
2016.10.10,11:00,11.73,11.80,11.66,11.76,267
2016.10.10,12:00,11.77,11.96,11.74,11.96,182
2016.10.10,13:00,11.97,12.02,11.93,11.98,225
2016.10.10,14:00,11.99,12.33,11.98,12.28,310
2016.10.10,15:00,12.27,12.43,12.24,12.35,185
2016.10.10,16:00,12.36,12.36,12.28,12.31,241
2016.10.10,17:00,12.30,12.48,12.30,12.48,136
2016.10.10,18:00,12.47,12.49,12.46,12.48,24
2016.10.11,10:00,12.46,12.47,12.26,12.38,380
2016.10.11,11:00,12.39,12.48,12.38,12.46,230
2016.10.11,12:00,12.45,12.52,12.43,12.49,169
2016.10.11,13:00,12.50,12.53,12.48,12.52,117
2016.10.11,14:00,12.51,12.56,12.48,12.52,108
2016.10.11,15:00,12.51,12.51,12.36,12.40,134
2016.10.11,16:00,12.39,12.46,12.37,12.41,149
2016.10.11,17:00,12.42,12.44,12.29,12.34,130
2016.10.11,18:00,12.33,12.34,12.28,12.30,141
2016.10.12,10:00,12.29,12.36,12.12,12.31,412
2016.10.12,11:00,12.32,12.38,12.29,12.37,190
2016.10.12,12:00,12.38,12.46,12.37,12.40,148
2016.10.12,13:00,12.39,12.44,12.38,12.43,101
2016.10.12,14:00,12.42,12.43,12.30,12.32,73
2016.10.12,15:00,12.33,12.42,12.33,12.35,105
2016.10.12,16:00,12.34,12.40,12.33,12.39,97
2016.10.12,17:00,12.40,12.43,12.36,12.37,116
2016.10.12,18:00,12.36,12.37,12.33,12.35,72
2016.10.13,10:00,12.26,12.26,12.01,12.05,475
2016.10.13,11:00,12.06,12.10,11.98,12.08,201
2016.10.13,12:00,12.07,12.11,12.01,12.03,132
2016.10.13,13:00,12.04,12.05,12.03,12.03,40
2016.10.13,14:00,12.04,12.04,11.99,12.03,45
2016.10.13,15:00,12.02,12.02,11.89,11.93,162
2016.10.13,16:00,11.94,11.99,11.87,11.87,218
2016.10.13,17:00,11.86,11.97,11.83,11.93,193
2016.10.13,18:00,11.92,11.96,11.87,11.96,106
2016.10.14,10:00,12.02,12.22,11.91,12.22,396
2016.10.14,11:00,12.23,12.34,12.21,12.33,274
2016.10.14,12:00,12.34,12.37,12.29,12.34,167
2016.10.14,13:00,12.35,12.44,12.35,12.39,108
2016.10.14,14:00,12.40,12.43,12.35,12.41,128
2016.10.14,15:00,12.40,12.42,12.36,12.38,128
2016.10.14,16:00,12.39,12.42,12.35,12.37,106
2016.10.14,17:00,12.36,12.41,12.27,12.31,108
2016.10.14,18:00,12.30,12.31,12.22,12.24,124
2016.10.17,10:00,12.17,12.37,12.12,12.32,331
2016.10.17,11:00,12.33,12.37,12.20,12.28,219
2016.10.17,12:00,12.29,12.31,12.22,12.31,143
2016.10.17,13:00,12.30,12.36,12.28,12.36,134
2016.10.17,14:00,12.35,12.37,12.31,12.31,73
2016.10.17,15:00,12.32,12.34,12.29,12.30,71
2016.10.17,16:00,12.29,12.31,12.22,12.24,139
2016.10.17,17:00,12.23,12.28,12.21,12.23,174
2016.10.17,18:00,12.24,12.25,12.18,12.18,45
2016.10.18,10:00,12.29,12.45,12.27,12.45,285
2016.10.18,11:00,12.44,12.49,12.44,12.48,151
2016.10.18,12:00,12.47,12.49,12.40,12.43,73
2016.10.18,13:00,12.44,12.44,12.28,12.28,80
2016.10.18,14:00,12.29,12.35,12.28,12.32,107
2016.10.18,15:00,12.31,12.38,12.30,12.37,59
2016.10.18,16:00,12.38,12.45,12.37,12.39,137
2016.10.18,17:00,12.40,12.43,12.35,12.43,95
2016.10.18,18:00,12.44,12.44,12.40,12.44,59
2016.10.19,10:00,12.54,12.59,12.43,12.45,292
2016.10.19,11:00,12.46,12.51,12.45,12.45,92
2016.10.19,12:00,12.46,12.47,12.41,12.46,68
2016.10.19,13:00,12.45,12.49,12.44,12.49,73
2016.10.19,14:00,12.50,12.51,12.44,12.46,29
2016.10.19,15:00,12.45,12.53,12.44,12.52,94
2016.10.19,16:00,12.51,12.54,12.51,12.52,89
2016.10.19,17:00,12.51,12.62,12.46,12.62,154
2016.10.19,18:00,12.60,12.61,12.55,12.57,74
2016.10.20,10:00,12.61,12.69,12.56,12.64,296
2016.10.20,11:00,12.63,12.65,12.60,12.63,89
2016.10.20,12:00,12.62,12.65,12.62,12.65,44
2016.10.20,13:00,12.66,12.68,12.65,12.68,46
2016.10.20,14:00,12.69,13.08,12.67,12.96,229
2016.10.20,15:00,12.95,12.97,12.69,12.75,468
2016.10.20,16:00,12.74,13.01,12.73,12.99,255
2016.10.20,17:00,13.00,13.05,12.87,13.00,326
2016.10.20,18:00,13.01,13.06,13.01,13.02,86
2016.10.21,10:00,13.15,13.26,13.11,13.23,373
2016.10.21,11:00,13.24,13.25,13.16,13.18,202
2016.10.21,12:00,13.17,13.18,13.07,13.10,135
2016.10.21,13:00,13.11,13.15,13.09,13.09,69
2016.10.21,14:00,13.10,13.13,13.08,13.09,47
2016.10.21,15:00,13.08,13.09,13.03,13.03,58
2016.10.21,16:00,13.02,13.06,12.98,13.04,148
2016.10.21,17:00,13.05,13.10,13.03,13.07,127
2016.10.21,18:00,13.06,13.09,13.06,13.07,78
2016.10.24,10:00,13.16,13.46,13.16,13.41,350
2016.10.24,11:00,13.42,13.42,13.32,13.36,106
2016.10.24,12:00,13.37,13.43,13.36,13.40,92
2016.10.24,13:00,13.39,13.42,13.39,13.42,98
2016.10.24,14:00,13.43,13.44,13.41,13.43,47
2016.10.24,15:00,13.44,13.45,13.43,13.45,26
2016.10.24,16:00,13.44,13.45,13.39,13.45,114
2016.10.24,17:00,13.44,13.45,13.37,13.40,107
2016.10.24,18:00,13.39,13.40,13.37,13.39,25
2016.10.25,10:00,13.41,13.44,13.31,13.33,256
2016.10.25,11:00,13.32,13.33,13.12,13.24,199
2016.10.25,12:00,13.23,13.27,12.97,12.97,152
2016.10.25,13:00,12.98,13.02,12.97,12.98,107
2016.10.25,14:00,12.99,13.01,12.95,12.95,101
2016.10.25,15:00,12.93,13.00,12.91,12.94,78
2016.10.25,16:00,12.93,13.13,12.93,13.12,158
2016.10.25,17:00,13.11,13.20,13.10,13.18,184
2016.10.25,18:00,13.17,13.19,13.09,13.10,44
2016.10.26,10:00,13.02,13.32,13.02,13.29,322
2016.10.26,11:00,13.30,13.33,13.20,13.25,211
2016.10.26,12:00,13.26,13.27,13.22,13.24,132
2016.10.26,13:00,13.25,13.28,13.23,13.28,74
2016.10.26,14:00,13.29,13.31,13.25,13.30,93
2016.10.26,15:00,13.31,13.34,13.28,13.30,82
2016.10.26,16:00,13.29,13.33,13.24,13.29,130
2016.10.26,17:00,13.28,13.31,13.22,13.30,186
2016.10.26,18:00,13.31,13.32,13.26,13.30,82
2016.10.27,10:00,13.70,13.72,13.17,13.30,617
2016.10.27,11:00,13.31,13.45,13.27,13.27,366
2016.10.27,12:00,13.26,13.31,13.21,13.29,165
2016.10.27,13:00,13.30,13.36,13.27,13.29,124
2016.10.27,14:00,13.30,13.38,13.29,13.38,96
2016.10.27,15:00,13.37,13.39,13.34,13.37,32
2016.10.27,16:00,13.38,13.38,13.35,13.38,40
2016.10.27,17:00,13.39,13.40,13.33,13.38,100
2016.10.27,18:00,13.39,13.42,13.36,13.37,106
2016.10.28,10:00,13.27,13.35,13.21,13.30,342
2016.10.28,11:00,13.29,13.33,13.20,13.30,211
2016.10.28,12:00,13.29,13.31,13.28,13.29,107
2016.10.28,13:00,13.30,13.31,13.29,13.30,63
2016.10.28,14:00,13.31,13.36,13.30,13.30,106
2016.10.28,15:00,13.29,13.32,13.29,13.30,79
2016.10.28,16:00,13.29,13.33,13.28,13.30,148
2016.10.28,17:00,13.28,13.33,13.27,13.32,151
2016.10.28,18:00,13.33,13.33,13.30,13.30,48
2016.10.31,11:00,13.32,13.44,13.30,13.36,185
2016.10.31,12:00,13.35,13.37,13.27,13.32,82
2016.10.31,13:00,13.33,13.34,13.27,13.28,96
2016.10.31,14:00,13.27,13.28,13.25,13.25,47
2016.10.31,15:00,13.26,13.27,13.25,13.26,29
2016.10.31,16:00,13.27,13.28,13.23,13.23,75
2016.10.31,17:00,13.24,13.24,13.05,13.05,87
2016.10.31,18:00,13.06,13.18,13.05,13.18,121
2016.10.31,19:00,13.17,13.19,13.15,13.19,63
2016.11.01,11:00,13.17,13.22,13.01,13.02,286
2016.11.01,12:00,13.03,13.13,12.96,13.12,169
2016.11.01,13:00,13.13,13.17,13.12,13.15,119
2016.11.01,14:00,13.14,13.15,13.08,13.10,57
2016.11.01,15:00,13.09,13.10,13.01,13.02,71
2016.11.01,16:00,13.03,13.04,12.88,12.89,134
2016.11.01,17:00,12.90,12.93,12.87,12.93,203
2016.11.01,18:00,12.94,12.94,12.76,12.76,104
2016.11.01,19:00,12.77,12.77,12.60,12.61,91
2016.11.02,11:00,12.55,12.56,12.31,12.46,319
2016.11.02,12:00,12.45,12.48,12.28,12.41,217
2016.11.02,13:00,12.42,12.44,12.31,12.33,83
2016.11.02,14:00,12.34,12.37,12.29,12.34,95
2016.11.02,15:00,12.35,12.38,12.31,12.34,74
2016.11.02,16:00,12.33,12.38,12.31,12.31,113
2016.11.02,17:00,12.30,12.33,12.20,12.22,121
2016.11.02,18:00,12.23,12.32,12.23,12.30,128
2016.11.02,19:00,12.31,12.34,12.29,12.29,92
2016.11.03,11:00,12.21,12.54,12.15,12.40,431
2016.11.03,12:00,12.39,12.41,12.29,12.38,205
2016.11.03,13:00,12.39,12.48,12.37,12.38,201
2016.11.03,14:00,12.39,12.53,12.38,12.45,124
2016.11.03,15:00,12.46,12.49,12.40,12.44,186
2016.11.03,16:00,12.45,12.45,12.35,12.37,81
2016.11.03,17:00,12.35,12.45,12.30,12.39,183
2016.11.03,18:00,12.38,12.40,12.31,12.35,118
2016.11.03,19:00,12.34,12.35,12.29,12.31,76
2016.11.04,11:00,12.28,12.28,12.07,12.14,210
2016.11.04,12:00,12.15,12.17,12.03,12.03,237
2016.11.04,13:00,12.04,12.09,12.02,12.04,124
2016.11.04,14:00,12.03,12.10,12.03,12.06,62
2016.11.04,15:00,12.07,12.14,12.04,12.10,132
2016.11.04,16:00,12.09,12.12,12.01,12.02,165
2016.11.04,17:00,12.01,12.17,12.00,12.15,141
2016.11.04,18:00,12.16,12.21,12.12,12.16,157
2016.11.04,19:00,12.17,12.22,12.17,12.22,45
2016.11.07,10:00,12.38,12.56,12.37,12.53,229
2016.11.07,11:00,12.52,12.71,12.51,12.69,200
2016.11.07,12:00,12.68,12.69,12.60,12.62,75
2016.11.07,13:00,12.63,12.68,12.61,12.68,46
2016.11.07,14:00,12.67,12.72,12.66,12.71,46
2016.11.07,15:00,12.72,12.82,12.71,12.80,69
2016.11.07,16:00,12.81,12.84,12.79,12.80,116
2016.11.07,17:00,12.81,12.84,12.78,12.81,117
2016.11.07,18:00,12.82,12.84,12.81,12.81,62
2016.11.08,10:00,12.75,12.89,12.71,12.76,321
2016.11.08,11:00,12.77,12.78,12.69,12.72,258
2016.11.08,12:00,12.73,12.73,12.60,12.62,115
2016.11.08,13:00,12.61,12.67,12.58,12.67,90
2016.11.08,14:00,12.68,12.81,12.65,12.80,87
2016.11.08,15:00,12.79,12.80,12.70,12.70,88
2016.11.08,16:00,12.69,12.74,12.64,12.66,91
2016.11.08,17:00,12.67,12.84,12.66,12.84,141
2016.11.08,18:00,12.85,12.93,12.84,12.89,128
2016.11.09,10:00,12.30,12.61,12.21,12.40,1001
2016.11.09,11:00,12.42,12.72,12.39,12.63,587
2016.11.09,12:00,12.64,12.64,12.46,12.56,299
2016.11.09,13:00,12.55,12.56,12.38,12.48,239
2016.11.09,14:00,12.49,12.70,12.49,12.70,294
2016.11.09,15:00,12.71,12.78,12.60,12.65,267
2016.11.09,16:00,12.64,13.09,12.63,13.07,482
2016.11.09,17:00,13.06,13.19,13.02,13.18,396
2016.11.09,18:00,13.19,13.34,13.14,13.32,224
2016.11.10,10:00,13.45,14.04,13.41,13.93,634
2016.11.10,11:00,13.92,14.07,13.88,13.90,528
2016.11.10,12:00,13.91,14.12,13.88,14.09,229
2016.11.10,13:00,14.10,14.49,14.03,14.36,425
2016.11.10,14:00,14.35,14.35,13.91,14.01,398
2016.11.10,15:00,14.00,14.04,13.89,14.01,423
2016.11.10,16:00,14.00,14.27,13.93,14.25,401
2016.11.10,17:00,14.26,14.31,13.96,13.96,565
2016.11.10,18:00,13.97,14.09,13.93,14.09,183
2016.11.11,10:00,14.45,14.56,14.33,14.47,754
2016.11.11,11:00,14.46,14.53,14.45,14.48,408
2016.11.11,12:00,14.49,14.49,14.30,14.42,327
2016.11.11,13:00,14.43,14.61,14.39,14.56,263
2016.11.11,14:00,14.55,14.65,14.54,14.62,153
2016.11.11,15:00,14.63,14.68,14.60,14.66,173
2016.11.11,16:00,14.67,14.73,14.65,14.70,170
2016.11.11,17:00,14.71,14.77,14.69,14.76,361
2016.11.11,18:00,14.75,14.76,14.69,14.71,112
2016.11.14,10:00,14.97,15.33,14.96,15.32,453
2016.11.14,11:00,15.32,15.46,15.21,15.28,468
2016.11.14,12:00,15.29,15.33,15.22,15.26,256
2016.11.14,13:00,15.27,15.32,15.15,15.21,321
2016.11.14,14:00,15.19,15.26,15.18,15.26,189
2016.11.14,15:00,15.25,15.26,15.01,15.01,264
2016.11.14,16:00,15.02,15.30,14.86,15.22,415
2016.11.14,17:00,15.21,15.37,15.21,15.36,346
2016.11.14,18:00,15.35,15.37,15.29,15.37,139
2016.11.15,10:00,15.44,15.44,14.81,15.03,573
2016.11.15,11:00,15.02,15.11,14.94,14.99,465
2016.11.15,12:00,15.00,15.27,14.99,15.23,245
2016.11.15,13:00,15.22,15.24,15.13,15.22,199
2016.11.15,14:00,15.19,15.20,15.06,15.13,141
2016.11.15,15:00,15.14,15.30,15.14,15.29,173
2016.11.15,16:00,15.27,15.27,15.06,15.10,206
2016.11.15,17:00,15.11,15.23,15.11,15.19,216
2016.11.15,18:00,15.18,15.29,15.17,15.28,90
2016.11.16,10:00,15.31,15.42,15.12,15.21,337
2016.11.16,11:00,15.20,15.24,15.09,15.11,337
2016.11.16,12:00,15.10,15.25,15.10,15.23,209
2016.11.16,13:00,15.22,15.23,15.12,15.14,121
2016.11.16,14:00,15.13,15.18,15.05,15.09,210
2016.11.16,15:00,15.08,15.10,14.96,15.01,257
2016.11.16,16:00,15.00,15.15,14.98,15.05,258
2016.11.16,17:00,15.06,15.18,15.04,15.09,357
2016.11.16,18:00,15.10,15.13,15.04,15.12,90
2016.11.17,10:00,14.90,15.11,14.86,14.91,404
2016.11.17,11:00,14.90,14.98,14.78,14.80,392
2016.11.17,12:00,14.79,14.86,14.62,14.82,231
2016.11.17,13:00,14.83,14.88,14.80,14.80,124
2016.11.17,14:00,14.79,14.84,14.77,14.80,155
2016.11.17,15:00,14.79,14.87,14.75,14.86,180
2016.11.17,16:00,14.85,14.97,14.85,14.95,264
2016.11.17,17:00,14.94,14.96,14.79,14.88,252
2016.11.17,18:00,14.89,15.01,14.88,15.01,75
2016.11.18,10:00,15.17,15.27,14.91,15.02,520
2016.11.18,11:00,15.01,15.10,14.90,15.09,409
2016.11.18,12:00,15.10,15.20,15.07,15.17,183
2016.11.18,13:00,15.18,15.20,15.13,15.20,191
2016.11.18,14:00,15.21,15.39,15.20,15.31,218
2016.11.18,15:00,15.30,15.30,15.18,15.24,199
2016.11.18,16:00,15.23,15.25,15.06,15.14,172
2016.11.18,17:00,15.15,15.18,14.98,15.04,246
2016.11.18,18:00,15.03,15.06,14.98,14.98,73
2016.11.21,10:00,15.06,15.09,14.87,15.02,339
2016.11.21,11:00,15.01,15.03,14.88,15.00,329
2016.11.21,12:00,15.01,15.12,14.97,14.99,349
2016.11.21,13:00,14.98,15.09,14.98,15.04,226
2016.11.21,14:00,15.02,15.04,14.95,14.95,145
2016.11.21,15:00,14.96,15.02,14.95,15.00,121
2016.11.21,16:00,15.01,15.07,14.99,15.04,144
2016.11.21,17:00,15.05,15.05,14.91,14.98,148
2016.11.21,18:00,14.99,15.02,14.97,15.00,93
2016.11.22,10:00,15.14,15.15,14.92,14.98,330
2016.11.22,11:00,14.97,14.98,14.85,14.87,192
2016.11.22,12:00,14.86,14.93,14.84,14.88,154
2016.11.22,13:00,14.87,14.94,14.85,14.94,72
2016.11.22,14:00,14.95,14.95,14.89,14.91,86
2016.11.22,15:00,14.90,14.93,14.87,14.88,104
2016.11.22,16:00,14.89,14.96,14.88,14.93,132
2016.11.22,17:00,14.92,15.01,14.89,14.98,163
2016.11.22,18:00,14.97,14.98,14.92,14.93,26
2016.11.23,10:00,14.94,14.95,14.78,14.81,321
2016.11.23,11:00,14.82,14.87,14.69,14.71,264
2016.11.23,12:00,14.70,14.77,14.65,14.75,264
2016.11.23,13:00,14.74,14.79,14.71,14.79,165
2016.11.23,14:00,14.78,14.81,14.78,14.79,76
2016.11.23,15:00,14.80,14.80,14.72,14.77,125
2016.11.23,16:00,14.78,14.81,14.68,14.76,259
2016.11.23,17:00,14.74,14.96,14.72,14.96,240
2016.11.23,18:00,14.97,14.97,14.91,14.95,78
2016.11.24,10:00,14.86,15.01,14.80,14.85,335
2016.11.24,11:00,14.86,14.92,14.82,14.87,246
2016.11.24,12:00,14.88,14.89,14.81,14.85,101
2016.11.24,13:00,14.84,14.86,14.80,14.81,96
2016.11.24,14:00,14.82,14.89,14.81,14.84,44
2016.11.24,15:00,14.85,14.86,14.81,14.82,82
2016.11.24,16:00,14.81,14.86,14.81,14.86,80
2016.11.24,17:00,14.87,14.87,14.84,14.86,20
2016.11.24,18:00,14.85,14.85,14.81,14.84,49
2016.11.25,10:00,14.86,14.86,14.65,14.68,152
2016.11.25,11:00,14.67,14.73,14.61,14.66,131
2016.11.25,12:00,14.67,14.69,14.63,14.64,81
2016.11.25,13:00,14.63,14.64,14.56,14.61,35
2016.11.25,14:00,14.60,14.66,14.59,14.66,29
2016.11.25,15:00,14.67,14.70,14.63,14.69,72
2016.11.25,16:00,14.68,14.75,14.65,14.74,126
2016.11.25,17:00,14.75,14.78,14.74,14.78,56
2016.11.25,18:00,14.79,14.86,14.79,14.84,64
2016.11.28,10:00,14.73,14.73,14.37,14.38,412
2016.11.28,11:00,14.39,14.59,14.36,14.56,286
2016.11.28,12:00,14.57,14.62,14.49,14.52,183
2016.11.28,13:00,14.51,14.55,14.47,14.53,99
2016.11.28,14:00,14.51,14.62,14.47,14.60,129
2016.11.28,15:00,14.61,14.70,14.53,14.70,126
2016.11.28,16:00,14.69,14.74,14.61,14.62,212
2016.11.28,17:00,14.60,14.65,14.47,14.49,204
2016.11.28,18:00,14.50,14.52,14.46,14.49,84
2016.11.29,10:00,14.21,14.52,14.21,14.49,412
2016.11.29,11:00,14.50,14.53,14.40,14.45,303
2016.11.29,12:00,14.46,14.46,14.35,14.38,153
2016.11.29,13:00,14.37,14.45,14.37,14.45,93
2016.11.29,14:00,14.39,14.66,14.39,14.62,175
2016.11.29,15:00,14.61,14.72,14.61,14.70,97
2016.11.29,16:00,14.68,14.69,14.50,14.55,286
2016.11.29,17:00,14.54,14.73,14.54,14.73,171
2016.11.29,18:00,14.72,14.73,14.62,14.64,80
2016.11.30,10:00,14.60,14.81,14.57,14.77,330
2016.11.30,11:00,14.76,14.77,14.43,14.48,209
2016.11.30,12:00,14.47,14.61,14.42,14.57,335
2016.11.30,13:00,14.58,14.61,14.48,14.60,155
2016.11.30,14:00,14.61,14.67,14.60,14.62,118
2016.11.30,15:00,14.61,14.67,14.59,14.67,136
2016.11.30,16:00,14.66,14.78,14.66,14.77,193
2016.11.30,17:00,14.75,14.90,14.75,14.87,228
2016.11.30,18:00,14.88,14.96,14.86,14.88,55
2016.12.01,10:00,14.79,15.24,14.74,15.10,438
2016.12.01,11:00,15.09,15.11,15.01,15.06,295
2016.12.01,12:00,15.05,15.18,15.05,15.13,228
2016.12.01,13:00,15.12,15.17,15.09,15.16,208
2016.12.01,14:00,15.17,15.17,15.03,15.04,189
2016.12.01,15:00,15.03,15.12,14.98,15.11,142
2016.12.01,16:00,15.10,15.14,15.03,15.07,210
2016.12.01,17:00,15.08,15.19,15.06,15.16,292
2016.12.01,18:00,15.15,15.19,15.12,15.12,103
2016.12.02,10:00,15.07,15.13,14.90,14.94,379
2016.12.02,11:00,14.93,15.01,14.87,14.88,354
2016.12.02,12:00,14.89,14.97,14.87,14.88,176
2016.12.02,13:00,14.89,14.96,14.79,14.82,162
2016.12.02,14:00,14.80,14.82,14.63,14.70,180
2016.12.02,15:00,14.68,14.79,14.66,14.79,212
2016.12.02,16:00,14.80,14.96,14.78,14.94,256
2016.12.02,17:00,14.95,14.98,14.81,14.96,198
2016.12.02,18:00,14.94,14.96,14.88,14.89,50
2016.12.05,10:00,14.54,15.02,14.41,15.02,841
2016.12.05,11:00,15.01,15.17,14.95,15.04,507
2016.12.05,12:00,15.03,15.11,14.98,15.00,380
2016.12.05,13:00,14.99,15.07,14.98,15.06,262
2016.12.05,14:00,15.05,15.07,15.00,15.01,170
2016.12.05,15:00,15.02,15.07,14.93,15.06,201
2016.12.05,16:00,15.05,15.24,15.01,15.23,186
2016.12.05,17:00,15.22,15.35,15.20,15.29,331
2016.12.05,18:00,15.27,15.28,15.26,15.26,37
2016.12.06,10:00,15.48,15.52,15.28,15.51,447
2016.12.06,11:00,15.52,15.73,15.51,15.71,300
2016.12.06,12:00,15.72,15.96,15.71,15.87,337
2016.12.06,13:00,15.85,15.97,15.84,15.90,263
2016.12.06,14:00,15.91,15.97,15.84,15.95,178
2016.12.06,15:00,15.96,16.24,15.95,16.18,284
2016.12.06,16:00,16.19,16.25,16.01,16.08,297
2016.12.06,17:00,16.09,16.38,16.07,16.34,304
2016.12.06,18:00,16.33,16.49,16.32,16.49,163
2016.12.07,10:00,16.91,17.46,16.80,17.41,750
2016.12.07,11:00,17.42,17.51,17.13,17.17,798
2016.12.07,12:00,17.18,17.18,16.97,16.99,426
2016.12.07,13:00,16.98,17.07,16.96,17.04,242
2016.12.07,14:00,17.03,17.04,16.90,16.95,174
2016.12.07,15:00,16.96,16.97,16.81,16.83,242
2016.12.07,16:00,16.82,17.14,16.81,17.11,296
2016.12.07,17:00,17.10,17.36,17.04,17.35,325
2016.12.07,18:00,17.36,17.44,17.32,17.34,140
2016.12.08,10:00,17.46,17.56,17.29,17.33,537
2016.12.08,11:00,17.34,17.41,17.18,17.32,550
2016.12.08,12:00,17.33,17.74,17.32,17.61,418
2016.12.08,13:00,17.62,17.64,17.46,17.55,289
2016.12.08,14:00,17.56,18.10,17.35,18.09,857
2016.12.08,15:00,18.09,18.25,17.65,17.97,1139
2016.12.08,16:00,17.96,17.96,17.73,17.82,770
2016.12.08,17:00,17.83,17.85,17.58,17.76,525
2016.12.08,18:00,17.77,17.92,17.77,17.91,212
2016.12.09,10:00,17.95,17.99,17.57,17.59,680
2016.12.09,11:00,17.58,17.65,17.35,17.37,452
2016.12.09,12:00,17.38,17.47,17.31,17.41,335
2016.12.09,13:00,17.40,17.64,17.39,17.64,220
2016.12.09,14:00,17.64,17.64,17.39,17.55,372
2016.12.09,15:00,17.56,17.56,17.32,17.42,386
2016.12.09,16:00,17.43,17.46,17.20,17.23,371
2016.12.09,17:00,17.24,17.53,17.21,17.50,382
2016.12.09,18:00,17.49,17.50,17.33,17.35,131
2016.12.12,10:00,17.09,17.49,16.88,17.24,713
2016.12.12,11:00,17.25,17.28,17.09,17.25,480
2016.12.12,12:00,17.24,17.33,17.11,17.32,286
2016.12.12,13:00,17.31,17.34,17.23,17.29,234
2016.12.12,14:00,17.30,17.37,17.28,17.28,163
2016.12.12,15:00,17.29,17.38,17.28,17.35,202
2016.12.12,16:00,17.34,17.41,17.28,17.39,312
2016.12.12,17:00,17.38,17.44,17.25,17.28,247
2016.12.12,18:00,17.29,17.32,17.20,17.24,127
2016.12.13,10:00,17.19,17.46,17.02,17.46,646
2016.12.13,11:00,17.45,17.88,17.45,17.78,604
2016.12.13,12:00,17.79,17.81,17.60,17.74,335
2016.12.13,13:00,17.75,17.75,17.66,17.74,243
2016.12.13,14:00,17.75,17.80,17.69,17.77,155
2016.12.13,15:00,17.76,17.77,17.59,17.59,162
2016.12.13,16:00,17.60,17.71,17.55,17.59,348
2016.12.13,17:00,17.58,17.65,17.39,17.51,358
2016.12.13,18:00,17.50,17.53,17.42,17.46,175
2016.12.14,10:00,17.47,17.75,17.44,17.60,390
2016.12.14,11:00,17.59,17.67,17.47,17.51,457
2016.12.14,12:00,17.50,17.53,17.45,17.49,302
2016.12.14,13:00,17.50,17.56,17.49,17.55,150
2016.12.14,14:00,17.54,17.58,17.51,17.55,79
2016.12.14,15:00,17.56,17.57,17.46,17.48,160
2016.12.14,16:00,17.49,17.50,17.35,17.39,377
2016.12.14,17:00,17.40,17.50,17.28,17.37,384
2016.12.14,18:00,17.38,17.38,17.24,17.28,123
2016.12.15,10:00,17.59,17.98,17.51,17.96,825
2016.12.15,11:00,17.94,18.00,17.69,17.90,676
2016.12.15,12:00,17.89,17.95,17.84,17.93,302
2016.12.15,13:00,17.92,17.98,17.91,17.95,270
2016.12.15,14:00,17.94,18.00,17.93,17.97,306
2016.12.15,15:00,17.96,18.00,17.90,17.95,313
2016.12.15,16:00,17.94,18.07,17.83,18.05,468
2016.12.15,17:00,18.06,18.19,18.00,18.14,452
2016.12.15,18:00,18.13,18.17,18.12,18.12,159
2016.12.16,10:00,18.21,18.32,18.09,18.30,426
2016.12.16,11:00,18.31,18.32,18.18,18.20,345
2016.12.16,12:00,18.21,18.41,18.19,18.35,498
2016.12.16,13:00,18.35,18.45,18.30,18.40,290
2016.12.16,14:00,18.39,18.43,18.37,18.41,126
2016.12.16,15:00,18.40,18.44,18.37,18.44,105
2016.12.16,16:00,18.45,18.50,18.36,18.48,237
2016.12.16,17:00,18.47,18.49,18.37,18.48,166
2016.12.16,18:00,18.47,18.47,18.28,18.29,136
2016.12.19,10:00,17.89,17.98,17.73,17.83,533
2016.12.19,11:00,17.84,17.87,17.79,17.84,410
2016.12.19,12:00,17.83,17.95,17.80,17.85,205
2016.12.19,13:00,17.84,17.87,17.82,17.85,150
2016.12.19,14:00,17.86,17.87,17.78,17.82,151
2016.12.19,15:00,17.81,17.85,17.80,17.84,144
2016.12.19,16:00,17.85,17.99,17.75,17.81,485
2016.12.19,17:00,17.80,17.84,17.50,17.54,395
2016.12.19,18:00,17.55,17.60,17.44,17.45,199
2016.12.20,10:00,17.55,17.86,17.51,17.83,381
2016.12.20,11:00,17.82,17.88,17.69,17.75,363
2016.12.20,12:00,17.74,17.88,17.74,17.84,251
2016.12.20,13:00,17.85,17.89,17.81,17.83,126
2016.12.20,14:00,17.84,17.93,17.82,17.93,173
2016.12.20,15:00,17.92,17.98,17.87,17.89,196
2016.12.20,16:00,17.88,17.94,17.84,17.92,228
2016.12.20,17:00,17.93,17.98,17.88,17.96,280
2016.12.20,18:00,17.95,18.10,17.94,18.08,115
2016.12.21,10:00,18.19,18.41,18.10,18.15,391
2016.12.21,11:00,18.16,18.32,18.09,18.26,493
2016.12.21,12:00,18.27,18.34,18.24,18.28,207
2016.12.21,13:00,18.27,18.30,18.13,18.16,181
2016.12.21,14:00,18.15,18.19,17.99,18.04,167
2016.12.21,15:00,18.03,18.11,18.00,18.01,183
2016.12.21,16:00,18.00,18.04,17.83,17.85,273
2016.12.21,17:00,17.86,18.04,17.85,17.91,314
2016.12.21,18:00,17.90,17.98,17.84,17.97,109
2016.12.22,10:00,17.94,18.07,17.84,17.95,288
2016.12.22,11:00,17.96,17.96,17.89,17.91,236
2016.12.22,12:00,17.90,17.96,17.88,17.94,97
2016.12.22,13:00,17.95,17.98,17.91,17.94,76
2016.12.22,14:00,17.95,17.98,17.89,17.89,87
2016.12.22,15:00,17.90,17.93,17.84,17.85,109
2016.12.22,16:00,17.86,17.92,17.82,17.83,172
2016.12.22,17:00,17.82,17.82,17.67,17.72,255
2016.12.22,18:00,17.71,17.76,17.68,17.72,123
2016.12.23,10:00,18.43,18.61,18.32,18.42,717
2016.12.23,11:00,18.43,18.43,18.02,18.24,365
2016.12.23,12:00,18.23,18.28,18.12,18.18,200
2016.12.23,13:00,18.19,18.23,18.00,18.01,157
2016.12.23,14:00,18.02,18.03,17.79,17.85,206
2016.12.23,15:00,17.84,17.98,17.84,17.87,171
2016.12.23,16:00,17.88,17.96,17.79,17.92,181
2016.12.23,17:00,17.91,17.96,17.84,17.85,186
2016.12.23,18:00,17.86,17.87,17.80,17.81,94
2016.12.27,10:00,17.90,17.96,17.81,17.82,157
2016.12.27,11:00,17.83,17.83,17.59,17.63,152
2016.12.27,12:00,17.62,17.66,17.50,17.56,137
2016.12.27,13:00,17.57,17.57,17.53,17.53,97
2016.12.27,14:00,17.51,17.51,17.44,17.47,83
2016.12.27,15:00,17.46,17.47,17.37,17.38,123
2016.12.27,16:00,17.39,17.50,17.37,17.44,152
2016.12.27,17:00,17.45,17.57,17.43,17.57,119
2016.12.27,18:00,17.56,17.61,17.54,17.56,53
2016.12.28,10:00,17.53,17.58,17.33,17.37,209
2016.12.28,11:00,17.38,17.38,17.16,17.16,204
2016.12.28,12:00,17.15,17.27,17.14,17.21,113
2016.12.28,13:00,17.20,17.24,17.19,17.19,95
2016.12.28,14:00,17.20,17.33,17.18,17.32,81
2016.12.28,15:00,17.33,17.44,17.30,17.39,111
2016.12.28,16:00,17.40,17.52,17.35,17.39,168
2016.12.28,17:00,17.38,17.50,17.37,17.47,172
2016.12.28,18:00,17.46,17.49,17.38,17.48,80
2016.12.29,10:00,17.19,17.38,17.18,17.27,217
2016.12.29,11:00,17.26,17.34,17.26,17.29,176
2016.12.29,12:00,17.28,17.31,17.24,17.30,89
2016.12.29,13:00,17.29,17.31,17.23,17.24,62
2016.12.29,14:00,17.22,17.35,17.22,17.29,55
2016.12.29,15:00,17.30,17.31,17.26,17.28,50
2016.12.29,16:00,17.29,17.30,17.11,17.12,122
2016.12.29,17:00,17.13,17.21,17.04,17.04,184
2016.12.29,18:00,17.05,17.11,17.01,17.08,91
2016.12.30,10:00,16.98,17.05,16.81,16.90,260
2016.12.30,11:00,16.89,16.98,16.89,16.95,134
2016.12.30,12:00,16.96,17.04,16.94,17.03,101
2016.12.30,13:00,17.02,17.16,17.01,17.10,87
2016.12.30,14:00,17.09,17.24,17.05,17.21,152
2016.12.30,15:00,17.20,17.20,17.20,17.20,1
2017.01.02,10:00,17.17,17.61,17.17,17.58,198
2017.01.02,11:00,17.59,17.72,17.57,17.61,226
2017.01.02,12:00,17.62,17.63,17.50,17.55,113
2017.01.02,13:00,17.54,17.55,17.48,17.49,65
2017.01.02,14:00,17.48,17.55,17.48,17.54,37
2017.01.02,15:00,17.55,17.57,17.50,17.53,70
2017.01.02,16:00,17.54,17.62,17.50,17.54,154
2017.01.02,17:00,17.55,17.57,17.48,17.48,77
2017.01.02,18:00,17.49,17.51,17.45,17.48,55
2017.01.03,10:00,17.56,17.61,17.09,17.22,492
2017.01.03,11:00,17.21,17.32,17.15,17.30,213
2017.01.03,12:00,17.31,17.42,17.28,17.40,189
2017.01.03,13:00,17.39,17.50,17.37,17.47,152
2017.01.03,14:00,17.46,17.65,17.44,17.64,159
2017.01.03,15:00,17.63,17.77,17.61,17.77,124
2017.01.03,16:00,17.76,17.85,17.63,17.64,371
2017.01.03,17:00,17.65,17.87,17.65,17.69,381
2017.01.03,18:00,17.70,17.70,17.59,17.67,160
2017.01.04,10:00,17.83,18.15,17.82,18.07,404
2017.01.04,11:00,18.08,18.13,17.94,17.99,269
2017.01.04,12:00,18.00,18.06,17.97,18.03,125
2017.01.04,13:00,18.04,18.08,17.98,18.07,151
2017.01.04,14:00,18.08,18.25,18.07,18.21,141
2017.01.04,15:00,18.20,18.25,18.15,18.23,131
2017.01.04,16:00,18.22,18.27,18.16,18.20,276
2017.01.04,17:00,18.21,18.25,18.09,18.15,262
2017.01.04,18:00,18.16,18.22,18.15,18.21,92
2017.01.05,10:00,18.39,18.47,18.19,18.37,556
2017.01.05,11:00,18.36,18.61,18.32,18.59,352
2017.01.05,12:00,18.60,18.62,18.53,18.62,283
2017.01.05,13:00,18.60,18.74,18.55,18.73,118
2017.01.05,14:00,18.72,18.73,18.44,18.48,211
2017.01.05,15:00,18.47,18.51,18.42,18.46,147
2017.01.05,16:00,18.45,18.54,18.40,18.54,221
2017.01.05,17:00,18.53,18.54,18.08,18.17,317
2017.01.05,18:00,18.16,18.20,17.93,18.08,252
2017.01.06,10:00,18.12,18.19,18.06,18.13,324
2017.01.06,11:00,18.14,18.14,17.98,18.06,292
2017.01.06,12:00,18.07,18.12,18.01,18.09,201
2017.01.06,13:00,18.10,18.12,18.00,18.05,160
2017.01.06,14:00,18.06,18.12,18.02,18.03,115
2017.01.06,15:00,18.01,18.25,17.96,18.24,330
2017.01.06,16:00,18.25,18.27,18.09,18.15,304
2017.01.06,17:00,18.14,18.20,18.12,18.18,227
2017.01.06,18:00,18.17,18.29,18.15,18.26,67
2017.01.09,10:00,18.17,18.32,18.12,18.17,434
2017.01.09,11:00,18.16,18.25,18.14,18.23,316
2017.01.09,12:00,18.22,18.29,18.09,18.09,169
2017.01.09,13:00,18.10,18.12,18.01,18.02,160
2017.01.09,14:00,18.03,18.05,17.96,17.96,137
2017.01.09,15:00,17.97,17.98,17.84,17.89,159
2017.01.09,16:00,17.90,17.99,17.87,17.99,226
2017.01.09,17:00,17.98,18.09,17.90,18.07,217
2017.01.09,18:00,18.08,18.12,18.05,18.09,69
2017.01.10,10:00,17.88,17.92,17.53,17.59,651
2017.01.10,11:00,17.60,17.74,17.57,17.59,436
2017.01.10,12:00,17.60,17.76,17.57,17.70,210
2017.01.10,13:00,17.69,17.69,17.59,17.60,118
2017.01.10,14:00,17.61,17.64,17.58,17.62,85
2017.01.10,15:00,17.63,17.64,17.53,17.55,125
2017.01.10,16:00,17.56,17.65,17.53,17.59,211
2017.01.10,17:00,17.58,17.71,17.58,17.67,198
2017.01.10,18:00,17.66,17.72,17.64,17.67,109
2017.01.11,10:00,17.69,17.83,17.65,17.76,447
2017.01.11,11:00,17.75,17.94,17.67,17.93,348
2017.01.11,12:00,17.92,18.03,17.89,18.00,214
2017.01.11,13:00,17.99,17.99,17.89,17.93,123
2017.01.11,14:00,17.94,17.97,17.87,17.90,163
2017.01.11,15:00,17.91,17.93,17.87,17.89,145
2017.01.11,16:00,17.90,17.99,17.80,17.97,235
2017.01.11,17:00,17.98,18.05,17.94,18.04,239
2017.01.11,18:00,18.03,18.12,18.00,18.01,135
2017.01.12,10:00,17.99,18.04,17.79,17.90,481
2017.01.12,11:00,17.91,17.96,17.84,17.87,351
2017.01.12,12:00,17.85,17.93,17.82,17.91,161
2017.01.12,13:00,17.90,17.95,17.88,17.92,123
2017.01.12,14:00,17.93,17.93,17.85,17.89,100
2017.01.12,15:00,17.90,17.93,17.87,17.90,111
2017.01.12,16:00,17.91,17.92,17.73,17.78,194
2017.01.12,17:00,17.79,17.79,17.55,17.56,381
2017.01.12,18:00,17.55,17.55,17.40,17.44,227
2017.01.13,10:00,17.64,17.78,17.62,17.72,364
2017.01.13,11:00,17.73,17.74,17.66,17.73,305
2017.01.13,12:00,17.72,17.84,17.69,17.84,119
2017.01.13,13:00,17.85,17.93,17.80,17.83,220
2017.01.13,14:00,17.82,17.91,17.80,17.91,209
2017.01.13,15:00,17.90,17.96,17.88,17.96,189
2017.01.13,16:00,17.97,18.25,17.94,18.16,374
2017.01.13,17:00,18.17,18.25,18.00,18.07,384
2017.01.13,18:00,18.06,18.10,18.00,18.08,118
2017.01.16,10:00,17.91,17.95,17.75,17.86,404
2017.01.16,11:00,17.85,17.89,17.75,17.77,281
2017.01.16,12:00,17.78,17.79,17.67,17.75,172
2017.01.16,13:00,17.76,17.76,17.67,17.71,157
2017.01.16,14:00,17.70,17.76,17.70,17.73,80
2017.01.16,15:00,17.74,17.75,17.70,17.70,131
2017.01.16,16:00,17.71,17.71,17.60,17.63,64
2017.01.16,17:00,17.61,17.69,17.58,17.63,131
2017.01.16,18:00,17.64,17.65,17.60,17.60,56
2017.01.17,10:00,17.58,17.70,17.46,17.64,397
2017.01.17,11:00,17.63,17.69,17.54,17.63,294
2017.01.17,12:00,17.64,17.67,17.54,17.54,221
2017.01.17,13:00,17.55,17.56,17.31,17.41,251
2017.01.17,14:00,17.42,17.82,17.41,17.78,329
2017.01.17,15:00,17.77,17.88,17.70,17.81,376
2017.01.17,16:00,17.80,17.85,17.54,17.61,510
2017.01.17,17:00,17.60,17.64,17.51,17.56,390
2017.01.17,18:00,17.57,17.61,17.45,17.50,122
2017.01.18,10:00,17.65,17.65,17.27,17.33,412
2017.01.18,11:00,17.32,17.54,17.31,17.45,349
2017.01.18,12:00,17.46,17.48,17.38,17.38,158
2017.01.18,13:00,17.39,17.43,17.35,17.36,186
2017.01.18,14:00,17.37,17.38,17.30,17.38,149
2017.01.18,15:00,17.39,17.43,17.38,17.38,184
2017.01.18,16:00,17.39,17.43,17.23,17.39,300
2017.01.18,17:00,17.40,17.53,17.38,17.45,382
2017.01.18,18:00,17.43,17.54,17.43,17.52,89
2017.01.19,10:00,17.61,17.76,17.54,17.58,390
2017.01.19,11:00,17.59,17.66,17.54,17.64,256
2017.01.19,12:00,17.65,17.67,17.61,17.64,166
2017.01.19,13:00,17.65,17.70,17.64,17.70,71
2017.01.19,14:00,17.68,17.79,17.64,17.72,185
2017.01.19,15:00,17.73,17.92,17.70,17.81,250
2017.01.19,16:00,17.80,17.91,17.75,17.82,397
2017.01.19,17:00,17.81,17.83,17.65,17.74,444
2017.01.19,18:00,17.73,17.74,17.63,17.68,200
2017.01.20,10:00,17.63,17.97,17.56,17.95,445
2017.01.20,11:00,17.96,17.98,17.80,17.93,335
2017.01.20,12:00,17.94,17.99,17.88,17.91,271
2017.01.20,13:00,17.92,17.99,17.90,17.90,211
2017.01.20,14:00,17.91,17.96,17.89,17.94,89
2017.01.20,15:00,17.93,17.98,17.86,17.96,105
2017.01.20,16:00,17.95,18.06,17.92,18.06,170
2017.01.20,17:00,18.07,18.07,17.99,18.01,163
2017.01.20,18:00,18.00,18.03,17.99,18.01,64
2017.01.23,10:00,17.85,17.93,17.66,17.81,455
2017.01.23,11:00,17.82,17.99,17.80,17.97,299
2017.01.23,12:00,17.96,18.02,17.93,17.95,184
2017.01.23,13:00,17.96,18.12,17.96,18.10,159
2017.01.23,14:00,18.09,18.15,18.06,18.08,163
2017.01.23,15:00,18.09,18.13,17.99,18.04,136
2017.01.23,16:00,18.05,18.10,17.98,17.99,305
2017.01.23,17:00,17.98,18.00,17.78,17.79,296
2017.01.23,18:00,17.80,17.90,17.79,17.88,141
2017.01.24,10:00,17.91,18.06,17.89,18.02,393
2017.01.24,11:00,18.03,18.10,17.97,18.05,372
2017.01.24,12:00,18.06,18.13,18.04,18.09,201
2017.01.24,13:00,18.08,18.12,18.05,18.10,117
2017.01.24,14:00,18.11,18.11,18.06,18.06,86
2017.01.24,15:00,18.05,18.09,18.04,18.08,100
2017.01.24,16:00,18.09,18.12,18.08,18.11,169
2017.01.24,17:00,18.10,18.24,18.06,18.19,175
2017.01.24,18:00,18.20,18.33,18.18,18.32,95
2017.01.25,10:00,18.54,18.95,18.52,18.92,552
2017.01.25,11:00,18.91,18.93,18.79,18.88,326
2017.01.25,12:00,18.87,18.97,18.85,18.95,189
2017.01.25,13:00,18.94,18.94,18.82,18.88,162
2017.01.25,14:00,18.89,18.95,18.85,18.94,134
2017.01.25,15:00,18.95,19.07,18.89,19.05,175
2017.01.25,16:00,19.06,19.36,19.05,19.35,457
2017.01.25,17:00,19.36,19.49,19.31,19.40,399
2017.01.25,18:00,19.39,19.44,19.29,19.39,242
2017.01.26,10:00,19.60,19.96,19.60,19.83,678
2017.01.26,11:00,19.84,19.86,19.73,19.80,289
2017.01.26,12:00,19.79,19.80,19.65,19.72,186
2017.01.26,13:00,19.71,19.73,19.63,19.65,167
2017.01.26,14:00,19.64,19.64,19.40,19.40,185
2017.01.26,15:00,19.39,19.49,19.35,19.42,288
2017.01.26,16:00,19.43,19.43,19.27,19.43,336
2017.01.26,17:00,19.42,19.54,19.40,19.43,354
2017.01.26,18:00,19.44,19.49,19.36,19.41,165
2017.01.27,10:00,19.48,19.48,19.24,19.35,528
2017.01.27,11:00,19.36,19.37,19.15,19.17,432
2017.01.27,12:00,19.16,19.21,19.13,19.16,287
2017.01.27,13:00,19.17,19.26,19.16,19.20,185
2017.01.27,14:00,19.18,19.26,19.18,19.25,92
2017.01.27,15:00,19.34,19.36,19.25,19.29,187
2017.01.27,16:00,19.27,19.31,19.18,19.18,286
2017.01.27,17:00,19.19,19.25,19.11,19.11,319
2017.01.27,18:00,19.12,19.16,19.08,19.14,128
2017.01.30,10:00,18.91,19.04,18.73,18.82,442
2017.01.30,11:00,18.83,18.86,18.72,18.76,328
2017.01.30,12:00,18.77,18.88,18.76,18.85,155
2017.01.30,13:00,18.86,18.87,18.78,18.80,131
2017.01.30,14:00,18.79,18.81,18.73,18.73,81
2017.01.30,15:00,18.72,18.83,18.67,18.80,142
2017.01.30,16:00,18.79,18.87,18.65,18.72,276
2017.01.30,17:00,18.71,18.75,18.56,18.60,339
2017.01.30,18:00,18.59,18.69,18.59,18.60,142
2017.01.31,10:00,18.96,19.00,18.63,18.82,537
2017.01.31,11:00,18.81,19.13,18.81,19.06,367
2017.01.31,12:00,19.05,19.13,18.91,19.00,329
2017.01.31,13:00,19.01,19.02,18.83,18.85,199
2017.01.31,14:00,18.84,18.86,18.69,18.75,226
2017.01.31,15:00,18.74,18.87,18.74,18.82,182
2017.01.31,16:00,18.83,18.84,18.63,18.65,293
2017.01.31,17:00,18.66,18.66,18.45,18.47,483
2017.01.31,18:00,18.46,18.54,18.38,18.43,222
2017.02.01,10:00,18.61,18.89,18.47,18.58,593
2017.02.01,11:00,18.59,18.82,18.59,18.80,341
2017.02.01,12:00,18.79,18.80,18.66,18.79,181
2017.02.01,13:00,18.78,18.86,18.76,18.80,92
2017.02.01,14:00,18.80,18.88,18.79,18.88,174
2017.02.01,15:00,18.86,19.03,18.84,18.99,182
2017.02.01,16:00,19.00,19.08,18.94,19.02,255
2017.02.01,17:00,19.03,19.15,18.97,19.05,367
2017.02.01,18:00,19.04,19.15,19.04,19.14,147
2017.02.02,10:00,18.61,18.74,17.83,17.91,1253
2017.02.02,11:00,17.92,18.32,17.92,18.13,789
2017.02.02,12:00,18.12,18.24,18.09,18.15,492
2017.02.02,13:00,18.16,18.34,18.16,18.26,294
2017.02.02,14:00,18.27,18.29,18.13,18.13,184
2017.02.02,15:00,18.14,18.18,18.01,18.04,253
2017.02.02,16:00,18.05,18.08,17.90,18.03,324
2017.02.02,17:00,18.04,18.14,17.99,18.12,263
2017.02.02,18:00,18.13,18.28,18.11,18.25,155
2017.02.03,10:00,18.24,18.49,18.14,18.46,504
2017.02.03,11:00,18.45,18.53,18.36,18.44,249
2017.02.03,12:00,18.45,18.45,18.35,18.39,143
2017.02.03,13:00,18.38,18.43,18.38,18.38,75
2017.02.03,14:00,18.39,18.40,18.36,18.39,67
2017.02.03,15:00,18.40,18.52,18.39,18.45,258
2017.02.03,16:00,18.44,18.76,18.44,18.66,305
2017.02.03,17:00,18.67,18.76,18.60,18.73,264
2017.02.03,18:00,18.74,18.83,18.73,18.83,161
2017.02.06,10:00,18.80,18.88,18.51,18.58,592
2017.02.06,11:00,18.59,18.75,18.56,18.70,424
2017.02.06,12:00,18.69,18.77,18.65,18.75,157
2017.02.06,13:00,18.76,18.78,18.60,18.67,191
2017.02.06,14:00,18.68,18.68,18.51,18.51,167
2017.02.06,15:00,18.52,18.58,18.47,18.50,285
2017.02.06,16:00,18.51,18.64,18.49,18.61,404
2017.02.06,17:00,18.60,18.67,18.58,18.58,322
2017.02.06,18:00,18.57,18.60,18.52,18.52,131
2017.02.07,10:00,18.40,18.41,18.23,18.37,515
2017.02.07,11:00,18.38,18.43,18.26,18.43,220
2017.02.07,12:00,18.44,18.49,18.38,18.40,120
2017.02.07,13:00,18.41,18.48,18.39,18.43,131
2017.02.07,14:00,18.42,18.43,18.33,18.34,115
2017.02.07,15:00,18.35,18.40,18.31,18.34,91
2017.02.07,16:00,18.35,18.60,18.35,18.51,212
2017.02.07,17:00,18.50,18.50,18.34,18.35,208
2017.02.07,18:00,18.36,18.39,18.30,18.32,85
2017.02.08,10:00,18.40,18.50,18.10,18.12,389
2017.02.08,11:00,18.13,18.31,18.13,18.24,268
2017.02.08,12:00,18.23,18.24,18.10,18.15,83
2017.02.08,13:00,18.14,18.18,18.11,18.16,101
2017.02.08,14:00,18.17,18.19,17.94,17.95,126
2017.02.08,15:00,17.94,17.99,17.87,17.90,224
2017.02.08,16:00,17.89,17.90,17.62,17.68,327
2017.02.08,17:00,17.69,17.95,17.67,17.92,472
2017.02.08,18:00,17.93,18.03,17.92,17.97,203
2017.02.09,10:00,18.05,18.14,17.76,17.82,563
2017.02.09,11:00,17.81,17.84,17.74,17.83,276
2017.02.09,12:00,17.84,17.84,17.79,17.81,174
2017.02.09,13:00,17.82,17.98,17.81,17.88,297
2017.02.09,14:00,17.89,17.91,17.81,17.88,153
2017.02.09,15:00,17.89,17.89,17.79,17.82,142
2017.02.09,16:00,17.81,17.88,17.80,17.85,216
2017.02.09,17:00,17.86,17.97,17.81,17.95,267
2017.02.09,18:00,17.96,18.01,17.95,17.99,109
2017.02.10,10:00,18.20,18.23,17.89,17.89,416
2017.02.10,11:00,17.90,18.05,17.90,17.97,268
2017.02.10,12:00,17.98,18.04,17.77,17.79,237
2017.02.10,13:00,17.80,17.88,17.76,17.83,248
2017.02.10,14:00,17.84,17.87,17.76,17.78,134
2017.02.10,15:00,17.77,17.81,17.69,17.75,164
2017.02.10,16:00,17.76,17.87,17.70,17.72,274
2017.02.10,17:00,17.71,17.82,17.68,17.80,262
2017.02.10,18:00,17.81,17.84,17.79,17.80,82
2017.02.13,10:00,17.84,17.97,17.76,17.79,379
2017.02.13,11:00,17.80,17.85,17.77,17.84,186
2017.02.13,12:00,17.85,17.85,17.77,17.85,138
2017.02.13,13:00,17.84,17.92,17.82,17.91,75
2017.02.13,14:00,17.92,17.97,17.90,17.94,178
2017.02.13,15:00,17.95,18.01,17.92,18.00,107
2017.02.13,16:00,17.99,18.18,17.98,18.13,269
2017.02.13,17:00,18.11,18.15,18.08,18.13,120
2017.02.13,18:00,18.14,18.15,18.08,18.09,86
2017.02.14,10:00,18.08,18.24,18.07,18.13,400
2017.02.14,11:00,18.14,18.21,18.06,18.19,217
2017.02.14,12:00,18.18,18.19,18.10,18.16,89
2017.02.14,13:00,18.15,18.20,18.13,18.19,133
2017.02.14,14:00,18.20,18.20,18.10,18.11,92
2017.02.14,15:00,18.10,18.13,18.08,18.10,133
2017.02.14,16:00,18.09,18.10,18.04,18.06,156
2017.02.14,17:00,18.05,18.33,18.05,18.29,339
2017.02.14,18:00,18.27,18.38,18.27,18.38,107
2017.02.15,10:00,18.48,19.18,18.46,19.15,400
2017.02.15,11:00,19.14,19.14,18.94,18.96,359
2017.02.15,12:00,18.97,18.99,18.80,18.83,184
2017.02.15,13:00,18.84,18.85,18.76,18.81,153
2017.02.15,14:00,18.82,18.94,18.78,18.79,167
2017.02.15,15:00,18.80,18.88,18.79,18.81,184
2017.02.15,16:00,18.80,18.91,18.76,18.86,269
2017.02.15,17:00,18.85,18.99,18.78,18.94,308
2017.02.15,18:00,18.93,18.94,18.90,18.91,117
2017.02.16,10:00,18.89,18.89,18.65,18.65,346
2017.02.16,11:00,18.64,18.74,18.60,18.74,373
2017.02.16,12:00,18.73,18.75,18.69,18.75,154
2017.02.16,13:00,18.76,18.79,18.70,18.73,164
2017.02.16,14:00,18.74,18.84,18.73,18.77,154
2017.02.16,15:00,18.78,18.85,18.74,18.85,131
2017.02.16,16:00,18.86,18.86,18.70,18.71,251
2017.02.16,17:00,18.70,18.72,18.55,18.56,253
2017.02.16,18:00,18.55,18.57,18.47,18.50,194
2017.02.17,10:00,18.53,18.61,18.17,18.25,532
2017.02.17,11:00,18.23,18.25,18.03,18.04,567
2017.02.17,12:00,18.05,18.09,17.92,18.08,293
2017.02.17,13:00,18.07,18.08,17.97,18.00,290
2017.02.17,14:00,18.02,18.05,17.93,17.98,308
2017.02.17,15:00,17.99,18.02,17.88,18.02,296
2017.02.17,16:00,18.00,18.13,17.99,18.07,294
2017.02.17,17:00,18.06,18.19,18.05,18.15,304
2017.02.17,18:00,18.14,18.17,18.07,18.12,185
2017.02.20,10:00,18.42,18.51,18.29,18.38,346
2017.02.20,11:00,18.36,18.45,18.32,18.37,227
2017.02.20,12:00,18.36,18.42,18.36,18.39,94
2017.02.20,13:00,18.38,18.39,18.34,18.37,99
2017.02.20,14:00,18.38,18.38,18.31,18.34,140
2017.02.20,15:00,18.33,18.37,18.31,18.32,70
2017.02.20,16:00,18.31,18.38,18.31,18.34,124
2017.02.20,17:00,18.33,18.40,18.33,18.38,90
2017.02.20,18:00,18.39,18.49,18.38,18.48,66
2017.02.21,10:00,18.42,18.48,18.15,18.30,482
2017.02.21,11:00,18.31,18.46,18.31,18.45,355
2017.02.21,12:00,18.43,18.45,18.38,18.40,192
2017.02.21,13:00,18.41,18.44,18.38,18.41,115
2017.02.21,14:00,18.42,18.54,18.40,18.51,125
2017.02.21,15:00,18.50,18.58,18.48,18.54,102
2017.02.21,16:00,18.55,18.67,18.54,18.59,304
2017.02.21,17:00,18.58,18.65,18.57,18.60,334
2017.02.21,18:00,18.61,18.61,18.55,18.59,137
2017.02.22,10:00,18.58,18.83,18.58,18.67,350
2017.02.22,11:00,18.66,18.71,18.47,18.50,371
2017.02.22,12:00,18.51,18.54,18.45,18.48,261
2017.02.22,13:00,18.47,18.55,18.47,18.48,186
2017.02.22,14:00,18.49,18.51,18.42,18.44,115
2017.02.22,15:00,18.45,18.46,18.38,18.40,110
2017.02.22,16:00,18.39,18.49,18.38,18.45,230
2017.02.22,17:00,18.46,18.65,18.43,18.59,292
2017.02.22,18:00,18.60,18.61,18.51,18.57,125
2017.02.23,10:00,18.62,18.82,18.55,18.65,354
2017.02.23,11:00,18.64,18.87,18.63,18.87,259
2017.02.23,12:00,18.86,18.86,18.74,18.76,185
2017.02.23,13:00,18.77,18.77,18.70,18.73,107
2017.02.23,14:00,18.74,18.76,18.65,18.66,168
2017.02.23,15:00,18.65,18.79,18.65,18.78,175
2017.02.23,16:00,18.79,18.81,18.66,18.68,254
2017.02.23,17:00,18.69,18.69,18.46,18.49,276
2017.02.23,18:00,18.50,18.56,18.44,18.55,221
2017.02.24,10:00,18.50,18.62,18.38,18.46,477
2017.02.24,11:00,18.47,18.50,18.43,18.45,406
2017.02.24,12:00,18.46,18.49,18.27,18.31,276
2017.02.24,13:00,18.32,18.32,18.07,18.07,299
2017.02.24,14:00,18.09,18.20,17.99,17.99,266
2017.02.24,15:00,17.98,18.03,17.93,17.95,233
2017.02.24,16:00,17.96,18.22,17.93,18.21,358
2017.02.24,17:00,18.22,18.23,18.06,18.15,393
2017.02.24,18:00,18.16,18.20,18.10,18.16,103
