2015.12.28,16:00,98.11,98.40,97.96,98.22,636
2015.12.28,17:00,98.21,98.26,97.80,97.85,1181
2015.12.28,18:00,97.85,98.12,97.80,98.03,904
2015.12.28,19:00,98.04,98.19,97.95,98.08,851
2015.12.28,20:00,98.06,98.55,98.04,98.26,1166
2015.12.28,21:00,98.25,98.49,98.23,98.45,899
2015.12.28,22:00,98.46,98.49,98.22,98.45,944
2015.12.29,16:00,99.15,99.82,99.08,99.66,832
2015.12.29,17:00,99.67,99.87,99.53,99.65,1035
2015.12.29,18:00,99.65,99.84,99.55,99.66,730
2015.12.29,19:00,99.65,99.75,99.46,99.55,735
2015.12.29,20:00,99.54,99.71,99.48,99.68,551
2015.12.29,21:00,99.66,99.90,99.62,99.88,596
2015.12.29,22:00,99.89,99.93,99.59,99.77,622
2015.12.30,16:00,99.32,99.59,99.27,99.42,560
2015.12.30,17:00,99.44,99.80,99.41,99.78,1274
2015.12.30,18:00,99.77,99.91,99.46,99.62,1007
2015.12.30,19:00,99.60,99.64,99.38,99.45,731
2015.12.30,20:00,99.46,99.56,99.34,99.51,697
2015.12.30,21:00,99.50,99.57,99.18,99.21,489
2015.12.30,22:00,99.20,99.30,98.66,98.91,871
2015.12.31,16:00,98.22,98.22,97.68,98.16,958
2015.12.31,17:00,98.16,98.24,97.46,97.74,1408
2015.12.31,18:00,97.74,98.41,97.71,98.34,1130
2015.12.31,19:00,98.33,98.79,98.31,98.58,1106
2015.12.31,20:00,98.56,98.60,98.19,98.41,1080
2015.12.31,21:00,98.40,98.43,97.77,97.97,1170
2015.12.31,22:00,97.95,98.07,97.79,97.89,1455
2016.01.04,16:00,95.05,95.44,94.27,94.53,1330
2016.01.04,17:00,94.52,94.69,93.95,94.00,2475
2016.01.04,18:00,93.99,94.33,93.75,94.09,2137
2016.01.04,19:00,94.08,94.35,93.85,94.14,1666
2016.01.04,20:00,94.13,94.48,94.06,94.10,1566
2016.01.04,21:00,94.08,94.34,93.71,93.96,1915
2016.01.04,22:00,93.96,94.79,93.66,94.70,2042
2016.01.05,16:00,95.32,95.76,94.98,95.03,1212
2016.01.05,17:00,95.03,95.56,94.66,95.21,2530
2016.01.05,18:00,95.19,95.26,94.53,94.75,1849
2016.01.05,19:00,94.76,94.80,94.31,94.75,1617
2016.01.05,20:00,94.76,95.13,94.54,94.96,1511
2016.01.05,21:00,94.97,95.44,94.88,95.15,1481
2016.01.05,22:00,95.16,95.16,94.48,94.73,2153
2016.01.06,16:00,93.10,94.31,93.10,94.03,1097
2016.01.06,17:00,94.03,94.18,93.68,93.85,2223
2016.01.06,18:00,93.85,94.07,93.65,93.70,1827
2016.01.06,19:00,93.71,94.08,93.55,93.70,1597
2016.01.06,20:00,93.71,93.80,93.51,93.57,1253
2016.01.06,21:00,93.57,93.76,92.93,93.09,2771
2016.01.06,22:00,93.09,93.35,92.97,93.19,1956
2016.01.07,16:00,91.43,91.54,90.60,91.46,1477
2016.01.07,17:00,91.46,92.30,90.96,92.26,3055
2016.01.07,18:00,92.26,92.31,91.76,91.78,2175
2016.01.07,19:00,91.79,92.15,91.72,91.89,1632
2016.01.07,20:00,91.90,91.93,91.13,91.45,2256
2016.01.07,21:00,91.43,92.13,91.20,91.85,2740
2016.01.07,22:00,91.84,92.27,91.48,92.07,3681
2016.01.08,16:00,92.15,92.16,91.54,92.06,1471
2016.01.08,17:00,92.05,92.11,91.25,91.41,2792
2016.01.08,18:00,91.39,91.59,90.56,90.98,2466
2016.01.08,19:00,90.99,91.41,90.92,91.27,2160
2016.01.08,20:00,91.26,91.48,90.96,91.07,2007
2016.01.08,21:00,91.08,91.26,90.47,90.59,2247
2016.01.08,22:00,90.60,90.71,89.80,89.81,2662
2016.01.11,16:00,90.20,90.92,90.00,90.12,1227
2016.01.11,17:00,90.13,90.57,89.75,89.84,2346
2016.01.11,18:00,89.84,90.73,89.64,90.48,2496
2016.01.11,19:00,90.47,90.51,90.01,90.13,2095
2016.01.11,20:00,90.15,90.30,89.22,89.51,2203
2016.01.11,21:00,89.52,90.18,89.45,89.85,2649
2016.01.11,22:00,89.86,91.03,89.53,90.72,3613
2016.01.12,16:00,91.43,91.80,91.10,91.36,1102
2016.01.12,17:00,91.35,91.49,90.70,91.04,2533
2016.01.12,18:00,91.03,91.08,90.32,90.84,2039
2016.01.12,19:00,90.86,91.05,90.25,90.53,2442
2016.01.12,20:00,90.54,90.87,90.33,90.48,2834
2016.01.12,21:00,90.47,91.15,90.05,91.13,3271
2016.01.12,22:00,91.11,91.58,90.66,91.45,3699
2016.01.13,16:00,91.82,92.08,91.26,91.57,1310
2016.01.13,17:00,91.56,91.68,91.16,91.45,2704
2016.01.13,18:00,91.43,91.56,90.61,90.66,2794
2016.01.13,19:00,90.64,90.86,90.04,90.13,2339
2016.01.13,20:00,90.12,90.42,89.48,89.49,2751
2016.01.13,21:00,89.49,89.84,88.68,89.14,4485
2016.01.13,22:00,89.15,89.80,89.04,89.36,3988
2016.01.14,16:00,89.44,89.71,89.08,89.29,1536
2016.01.14,17:00,89.26,91.62,89.20,90.99,4629
2016.01.14,18:00,90.99,91.07,90.18,90.68,3779
2016.01.14,19:00,90.67,90.96,90.33,90.56,2538
2016.01.14,20:00,90.56,91.28,90.49,91.18,2386
2016.01.14,21:00,91.19,91.46,90.80,91.43,2573
2016.01.14,22:00,91.44,91.62,90.42,90.57,2936
2016.01.15,16:00,88.08,89.07,87.81,88.59,1554
2016.01.15,17:00,88.59,89.21,88.35,88.57,4167
2016.01.15,18:00,88.56,89.16,88.36,88.57,3585
2016.01.15,19:00,88.57,88.79,87.96,88.49,3291
2016.01.15,20:00,88.49,88.75,88.06,88.30,3940
2016.01.15,21:00,88.30,88.70,87.75,88.61,3277
2016.01.15,22:00,88.62,88.80,88.09,88.57,5061
2016.01.19,16:00,89.53,89.62,88.51,88.80,1633
2016.01.19,17:00,88.82,88.93,87.48,87.50,3231
2016.01.19,18:00,87.51,87.65,86.99,87.12,3256
2016.01.19,19:00,87.13,87.20,86.32,86.49,2273
2016.01.19,20:00,86.51,86.57,86.14,86.29,2536
2016.01.19,21:00,86.30,86.36,85.43,85.53,2497
2016.01.19,22:00,85.52,86.79,85.45,86.58,3108
2016.01.20,16:00,84.81,85.46,84.03,85.06,1839
2016.01.20,17:00,85.07,85.36,83.70,83.98,4037
2016.01.20,18:00,83.96,84.38,83.80,83.89,3581
2016.01.20,19:00,83.88,84.56,83.44,84.54,3270
2016.01.20,20:00,84.54,85.02,83.95,84.99,3582
2016.01.20,21:00,85.00,85.37,84.55,85.01,4821
2016.01.20,22:00,84.99,85.90,84.82,85.34,5496
2016.01.21,16:00,85.13,85.50,84.46,84.70,1949
2016.01.21,17:00,84.72,86.38,84.62,86.06,4784
2016.01.21,18:00,86.07,86.66,85.95,86.59,4228
2016.01.21,19:00,86.60,87.39,86.60,87.28,2527
2016.01.21,20:00,87.27,87.46,86.58,86.67,3253
2016.01.21,21:00,86.70,86.77,85.83,86.50,3744
2016.01.21,22:00,86.51,86.57,85.86,86.32,4129
2016.01.22,16:00,87.85,88.25,87.25,88.23,1259
2016.01.22,17:00,88.25,88.76,88.10,88.40,2549
2016.01.22,18:00,88.41,88.53,87.74,87.89,2090
2016.01.22,19:00,87.89,88.17,87.80,87.99,1596
2016.01.22,20:00,87.98,88.16,87.80,88.02,1167
2016.01.22,21:00,88.00,88.06,87.49,87.70,1870
2016.01.22,22:00,87.71,87.94,87.42,87.94,1446
2016.01.25,16:00,87.73,88.00,87.34,87.44,1100
2016.01.25,17:00,87.44,87.70,87.38,87.63,2499
2016.01.25,18:00,87.62,87.64,87.18,87.51,1681
2016.01.25,19:00,87.50,87.75,87.38,87.73,1008
2016.01.25,20:00,87.72,88.07,87.71,87.93,1067
2016.01.25,21:00,87.94,88.06,87.46,87.54,1397
2016.01.25,22:00,87.53,87.67,86.71,86.87,2267
2016.01.26,16:00,87.07,87.07,86.33,86.65,1086
2016.01.26,17:00,86.65,87.43,86.65,87.09,1874
2016.01.26,18:00,87.07,87.29,86.59,86.85,1732
2016.01.26,19:00,86.85,87.10,86.85,86.92,1363
2016.01.26,20:00,86.95,87.02,86.81,86.91,964
2016.01.26,21:00,86.90,86.93,86.60,86.67,1420
2016.01.26,22:00,86.66,86.88,86.36,86.82,1846
2016.01.27,16:00,86.69,86.86,86.02,86.26,1521
2016.01.27,17:00,86.22,86.26,85.46,85.83,2743
2016.01.27,18:00,85.84,86.62,85.73,86.51,1707
2016.01.27,19:00,86.52,86.97,86.26,86.28,1347
2016.01.27,20:00,86.29,86.54,86.01,86.20,1246
2016.01.27,21:00,86.22,86.47,84.82,84.98,3746
2016.01.27,22:00,84.98,85.05,84.27,84.87,3785
2016.01.28,16:00,85.41,85.54,84.14,84.51,1810
2016.01.28,17:00,84.50,84.55,83.76,84.17,3168
2016.01.28,18:00,84.15,84.62,83.72,83.72,2174
2016.01.28,19:00,83.72,84.65,83.72,84.53,2010
2016.01.28,20:00,84.52,84.56,83.73,83.93,2395
2016.01.28,21:00,83.91,84.20,83.60,83.76,1990
2016.01.28,22:00,83.75,84.14,83.35,83.37,2451
2016.01.29,16:00,81.40,83.93,81.09,83.41,2789
2016.01.29,17:00,83.38,87.28,83.38,87.17,4626
2016.01.29,18:00,87.19,88.00,86.88,87.98,3290
2016.01.29,19:00,87.98,88.01,87.41,87.91,2028
2016.01.29,20:00,87.92,88.57,87.51,88.41,2178
2016.01.29,21:00,88.41,88.87,87.87,88.00,2024
2016.01.29,22:00,88.00,89.13,88.00,89.05,2102
2016.02.01,16:00,88.39,88.41,87.30,87.47,1403
2016.02.01,17:00,87.49,88.29,87.17,87.97,2473
2016.02.01,18:00,87.98,88.51,87.91,88.39,1631
2016.02.01,19:00,88.39,88.45,87.82,87.86,1144
2016.02.01,20:00,87.87,88.61,87.85,88.56,1384
2016.02.01,21:00,88.55,88.91,88.28,88.71,1164
2016.02.01,22:00,88.70,89.14,88.62,88.63,1596
2016.02.02,16:00,87.46,87.64,86.87,87.07,1023
2016.02.02,17:00,87.06,87.49,86.94,87.06,2154
2016.02.02,18:00,87.06,87.13,86.74,86.80,1769
2016.02.02,19:00,86.79,86.81,85.88,85.93,1538
2016.02.02,20:00,85.91,86.16,85.46,85.47,1792
2016.02.02,21:00,85.48,86.14,85.30,85.65,2001
2016.02.02,22:00,85.64,86.12,85.53,85.96,2592
2016.02.03,16:00,86.57,86.66,86.07,86.22,1470
2016.02.03,17:00,86.20,86.20,84.37,85.40,3817
2016.02.03,18:00,85.41,85.89,84.79,85.44,3851
2016.02.03,19:00,85.44,85.79,84.91,85.36,2930
2016.02.03,20:00,85.36,85.56,84.75,84.94,2602
2016.02.03,21:00,84.92,86.54,84.92,86.44,3885
2016.02.03,22:00,86.44,86.67,85.90,86.33,3457
2016.02.04,16:00,85.86,86.77,85.86,86.29,1625
2016.02.04,17:00,86.27,86.78,85.93,86.67,3355
2016.02.04,18:00,86.69,86.71,86.06,86.11,2709
2016.02.04,19:00,86.12,86.49,86.07,86.13,2503
2016.02.04,20:00,86.11,86.58,85.86,86.02,2176
2016.02.04,21:00,86.02,86.22,85.66,86.22,2482
2016.02.04,22:00,86.21,86.44,85.91,86.29,2851
2016.02.05,16:00,86.04,86.19,85.01,85.15,1389
2016.02.05,17:00,85.16,85.44,83.93,83.93,3132
2016.02.05,18:00,83.95,84.00,83.35,83.70,2818
2016.02.05,19:00,83.71,83.92,83.19,83.37,2467
2016.02.05,20:00,83.38,83.55,82.83,82.86,2326
2016.02.05,21:00,82.87,82.97,82.10,82.26,2185
2016.02.05,22:00,82.23,82.86,82.14,82.27,1886
2016.02.08,16:00,81.20,81.60,80.81,81.37,1819
2016.02.08,17:00,81.39,81.69,80.90,80.94,3906
2016.02.08,18:00,80.96,81.02,79.83,80.39,3132
2016.02.08,19:00,80.38,81.17,80.27,81.09,2419
2016.02.08,20:00,81.08,81.08,79.97,80.01,2223
2016.02.08,21:00,80.01,80.22,79.82,79.96,2542
2016.02.08,22:00,79.97,81.02,79.91,80.68,3358
2016.02.09,16:00,78.90,82.01,78.45,81.96,1908
2016.02.09,17:00,81.97,82.55,81.32,81.37,3620
2016.02.09,18:00,81.34,83.03,81.34,82.60,2876
2016.02.09,19:00,82.60,83.11,82.45,82.65,2747
2016.02.09,20:00,82.65,82.75,82.11,82.44,2535
2016.02.09,21:00,82.45,82.80,81.85,82.12,3109
2016.02.09,22:00,82.13,83.15,81.88,81.97,4132
2016.02.10,16:00,82.75,84.58,82.75,84.46,1952
2016.02.10,17:00,84.44,84.77,83.80,83.88,3915
2016.02.10,18:00,83.90,84.43,83.38,83.93,3016
2016.02.10,19:00,83.93,84.25,83.61,84.20,2464
2016.02.10,20:00,84.20,84.28,83.47,83.73,2030
2016.02.10,21:00,83.73,84.06,83.43,83.60,2207
2016.02.10,22:00,83.60,83.99,83.12,83.31,3407
2016.02.11,16:00,80.21,82.32,79.90,81.86,1808
2016.02.11,17:00,81.87,82.45,81.41,81.44,3891
2016.02.11,18:00,81.46,81.86,81.27,81.46,3025
2016.02.11,19:00,81.47,81.79,81.07,81.76,2583
2016.02.11,20:00,81.77,82.18,81.47,81.56,2781
2016.02.11,21:00,81.58,82.47,81.02,82.09,3643
2016.02.11,22:00,82.07,82.72,81.61,82.40,4274
2016.02.12,16:00,83.47,83.97,83.18,83.48,1666
2016.02.12,17:00,83.49,84.21,83.24,83.96,2808
2016.02.12,18:00,83.95,84.96,83.95,84.92,1930
2016.02.12,19:00,84.92,85.20,84.82,84.82,2058
2016.02.12,20:00,84.83,84.89,84.29,84.45,1913
2016.02.12,21:00,84.46,84.94,84.34,84.75,1818
2016.02.12,22:00,84.74,84.96,84.33,84.75,1904
2016.02.16,16:00,85.70,86.41,85.50,85.78,1350
2016.02.16,17:00,85.78,86.25,85.43,86.07,2611
2016.02.16,18:00,86.06,86.12,85.31,85.75,1820
2016.02.16,19:00,85.76,85.97,85.49,85.83,1571
2016.02.16,20:00,85.85,86.08,85.74,86.07,1413
2016.02.16,21:00,86.08,86.29,85.78,85.86,1656
2016.02.16,22:00,85.85,86.25,85.85,86.05,1607
2016.02.17,16:00,86.50,87.29,86.50,86.97,1264
2016.02.17,17:00,86.96,87.54,86.96,87.36,2182
2016.02.17,18:00,87.36,87.41,87.09,87.24,1625
2016.02.17,19:00,87.25,87.36,87.16,87.17,1327
2016.02.17,20:00,87.18,87.29,86.76,86.81,1086
2016.02.17,21:00,86.81,87.14,86.71,86.83,1508
2016.02.17,22:00,86.84,87.11,86.78,87.08,1446
2016.02.18,16:00,86.84,87.38,86.73,87.16,979
2016.02.18,17:00,87.16,87.31,86.70,86.72,1922
2016.02.18,18:00,86.71,86.87,86.32,86.77,1872
2016.02.18,19:00,86.75,86.83,86.33,86.34,1368
2016.02.18,20:00,86.33,86.42,85.77,86.12,1119
2016.02.18,21:00,86.13,86.59,86.09,86.44,1288
2016.02.18,22:00,86.43,86.49,85.86,85.97,1735
2016.02.19,16:00,85.39,86.28,85.30,85.50,1259
2016.02.19,17:00,85.48,86.59,85.16,86.33,2099
2016.02.19,18:00,86.34,86.74,86.10,86.10,1814
2016.02.19,19:00,86.12,86.54,86.11,86.38,1175
2016.02.19,20:00,86.38,86.66,86.29,86.63,929
2016.02.19,21:00,86.64,86.74,86.36,86.37,1150
2016.02.19,22:00,86.38,86.81,86.38,86.61,1152
2016.02.22,16:00,87.67,88.15,87.29,87.92,1107
2016.02.22,17:00,87.93,88.17,87.83,87.97,1448
2016.02.22,18:00,87.98,88.00,87.62,87.79,1150
2016.02.22,19:00,87.80,87.92,87.50,87.52,924
2016.02.22,20:00,87.51,87.92,87.49,87.78,1060
2016.02.22,21:00,87.77,87.78,87.53,87.61,820
2016.02.22,22:00,87.61,87.74,87.46,87.69,1061
2016.02.23,16:00,87.39,87.77,87.13,87.64,1025
2016.02.23,17:00,87.61,87.68,86.58,86.89,1752
2016.02.23,18:00,86.90,86.97,86.64,86.65,1440
2016.02.23,19:00,86.64,86.68,86.39,86.56,920
2016.02.23,20:00,86.57,86.65,86.12,86.18,917
2016.02.23,21:00,86.19,86.48,86.01,86.01,960
2016.02.23,22:00,86.02,86.49,85.86,86.27,1338
2016.02.24,16:00,84.90,85.26,84.66,84.97,1207
2016.02.24,17:00,84.97,85.21,84.52,84.98,2541
2016.02.24,18:00,84.99,85.50,84.73,85.41,2444
2016.02.24,19:00,85.41,85.75,85.17,85.39,1879
2016.02.24,20:00,85.38,85.68,85.19,85.61,1505
2016.02.24,21:00,85.62,86.36,85.56,86.11,2231
2016.02.24,22:00,86.12,86.70,86.12,86.44,2223
2016.02.25,16:00,86.49,86.75,86.06,86.18,1132
2016.02.25,17:00,86.19,86.19,85.57,85.60,1725
2016.02.25,18:00,85.59,86.01,85.46,85.88,1267
2016.02.25,19:00,85.87,86.05,85.57,85.87,978
2016.02.25,20:00,85.86,86.69,85.83,86.60,1209
2016.02.25,21:00,86.60,86.97,86.54,86.76,1062
2016.02.25,22:00,86.77,87.23,86.74,87.16,1083
2016.02.26,16:00,87.73,88.26,87.68,88.21,1093
2016.02.26,17:00,88.21,88.39,87.94,88.39,2000
2016.02.26,18:00,88.40,88.54,88.01,88.05,1761
2016.02.26,19:00,88.04,88.07,87.69,87.98,1700
2016.02.26,20:00,87.97,88.06,87.51,87.56,1491
2016.02.26,21:00,87.57,87.79,87.43,87.54,2129
2016.02.26,22:00,87.55,87.84,87.51,87.72,1522
2016.02.29,16:00,87.43,88.17,87.10,87.97,1438
2016.02.29,17:00,87.97,88.31,87.67,88.20,2955
2016.02.29,18:00,88.21,88.77,88.16,88.60,1552
2016.02.29,19:00,88.59,88.70,88.37,88.51,1035
2016.02.29,20:00,88.52,88.54,88.18,88.25,1010
2016.02.29,21:00,88.26,88.28,87.42,87.44,1561
2016.02.29,22:00,87.41,87.46,87.03,87.21,1986
2016.03.01,16:00,87.45,88.17,87.45,88.09,1186
2016.03.01,17:00,88.10,88.86,88.10,88.72,2164
2016.03.01,18:00,88.71,89.06,88.71,89.01,1536
2016.03.01,19:00,89.02,89.40,89.01,89.37,1399
2016.03.01,20:00,89.37,89.76,89.25,89.66,1150
2016.03.01,21:00,89.67,89.92,89.33,89.88,1346
2016.03.01,22:00,89.89,90.05,89.76,89.86,644
2016.03.02,16:00,89.73,89.98,89.37,89.53,1293
2016.03.02,17:00,89.54,89.97,89.28,89.87,2008
2016.03.02,18:00,89.87,90.03,89.04,89.04,1710
2016.03.02,19:00,89.03,89.39,88.99,89.36,1189
2016.03.02,20:00,89.37,89.59,89.15,89.16,1009
2016.03.02,21:00,89.17,89.51,88.92,89.43,1213
2016.03.02,22:00,89.42,89.70,89.20,89.67,1494
2016.03.03,16:00,89.41,90.04,89.41,90.02,969
2016.03.03,17:00,90.03,90.08,89.54,89.55,1614
2016.03.03,18:00,89.54,89.57,88.89,89.17,1367
2016.03.03,19:00,89.16,89.31,88.95,89.08,1020
2016.03.03,20:00,89.07,89.27,88.86,89.25,999
2016.03.03,21:00,89.26,89.47,89.17,89.36,850
2016.03.03,22:00,89.37,89.65,89.12,89.61,1002
2016.03.04,16:00,89.79,89.95,89.41,89.66,1294
2016.03.04,17:00,89.65,90.05,89.46,89.79,1955
2016.03.04,18:00,89.79,90.18,89.76,90.00,1508
2016.03.04,19:00,90.00,90.08,89.75,89.94,996
2016.03.04,20:00,89.95,90.44,89.87,90.42,1069
2016.03.04,21:00,90.41,90.50,89.90,89.93,1345
2016.03.04,22:00,89.94,90.27,89.82,89.98,1790
2016.03.07,16:00,89.42,89.60,89.03,89.33,957
2016.03.07,17:00,89.32,89.49,88.84,88.91,1941
2016.03.07,18:00,88.91,88.97,88.46,88.65,1614
2016.03.07,19:00,88.66,88.67,88.37,88.39,871
2016.03.07,20:00,88.40,88.51,88.01,88.08,920
2016.03.07,21:00,88.07,88.22,87.39,87.66,1449
2016.03.07,22:00,87.63,88.34,87.38,88.00,1298
2016.03.08,16:00,87.38,87.46,86.94,87.36,1360
2016.03.08,17:00,87.35,87.60,86.85,87.01,2019
2016.03.08,18:00,87.00,87.44,86.98,87.39,1613
2016.03.08,19:00,87.40,87.69,87.29,87.36,1116
2016.03.08,20:00,87.36,87.66,87.25,87.55,996
2016.03.08,21:00,87.54,87.71,87.20,87.26,1100
2016.03.08,22:00,87.25,87.31,86.86,86.93,1350
2016.03.09,16:00,87.24,87.53,86.84,87.44,952
2016.03.09,17:00,87.43,87.52,86.80,86.99,2025
2016.03.09,18:00,87.00,87.40,86.71,87.37,1458
2016.03.09,19:00,87.36,87.40,86.79,86.86,1082
2016.03.09,20:00,86.86,87.00,86.67,86.94,1083
2016.03.09,21:00,86.94,87.09,86.80,86.80,917
2016.03.09,22:00,86.81,87.02,86.64,87.00,1058
2016.03.10,16:00,87.55,88.06,87.41,88.01,1300
2016.03.10,17:00,88.03,88.14,87.02,87.04,2390
2016.03.10,18:00,87.08,87.18,86.40,86.76,2614
2016.03.10,19:00,86.75,87.03,86.20,86.30,1899
2016.03.10,20:00,86.29,86.37,85.87,86.17,1450
2016.03.10,21:00,86.18,86.77,86.05,86.59,1522
2016.03.10,22:00,86.59,87.12,86.43,86.71,2229
2016.03.11,16:00,87.64,88.60,87.64,88.49,1280
2016.03.11,17:00,88.49,88.96,88.26,88.76,1509
2016.03.11,18:00,88.75,89.11,88.74,88.85,1257
2016.03.11,19:00,88.86,88.87,88.54,88.59,1036
2016.03.11,20:00,88.60,88.60,88.11,88.34,940
2016.03.11,21:00,88.35,88.39,87.89,88.00,978
2016.03.11,22:00,87.99,88.46,87.95,88.42,1141
2016.03.14,16:00,88.45,88.57,87.94,87.96,1252
2016.03.14,17:00,87.97,88.51,87.96,88.36,1451
2016.03.14,18:00,88.35,88.65,88.34,88.39,794
2016.03.14,19:00,88.40,88.84,88.35,88.76,857
2016.03.14,20:00,88.77,88.77,88.52,88.53,500
2016.03.14,21:00,88.52,89.01,88.48,89.01,447
2016.03.14,22:00,89.02,89.07,88.82,88.99,612
2016.03.15,16:00,88.01,88.62,88.01,88.46,894
2016.03.15,17:00,88.47,89.09,88.28,88.93,1413
2016.03.15,18:00,88.94,89.65,88.94,89.46,1231
2016.03.15,19:00,89.47,89.48,89.16,89.18,898
2016.03.15,20:00,89.17,89.33,89.06,89.23,654
2016.03.15,21:00,89.22,89.51,89.17,89.31,843
2016.03.15,22:00,89.32,89.62,89.18,89.18,826
2016.03.16,16:00,89.05,89.44,88.96,89.24,785
2016.03.16,17:00,89.24,89.45,89.03,89.06,1005
2016.03.16,18:00,89.05,89.42,88.96,89.33,787
2016.03.16,19:00,89.32,89.49,89.17,89.29,856
2016.03.16,20:00,89.27,89.51,89.11,89.36,752
2016.03.16,21:00,89.37,90.26,89.37,89.83,3381
2016.03.16,22:00,89.82,90.12,89.65,90.01,2238
2016.03.17,16:00,89.62,90.60,89.62,90.38,959
2016.03.17,17:00,90.39,90.93,90.19,90.84,1705
2016.03.17,18:00,90.85,91.00,90.76,90.91,1133
2016.03.17,19:00,90.92,91.15,90.79,91.11,993
2016.03.17,20:00,91.10,91.28,90.95,91.28,1022
2016.03.17,21:00,91.29,91.57,91.20,91.22,1037
2016.03.17,22:00,91.21,91.60,91.21,91.32,1148
2016.03.18,16:00,91.75,92.07,91.50,92.05,1377
2016.03.18,17:00,92.05,92.30,91.87,91.94,1649
2016.03.18,18:00,91.93,92.37,91.92,92.20,1046
2016.03.18,19:00,92.21,92.25,91.85,91.86,939
2016.03.18,20:00,91.87,91.88,91.39,91.59,827
2016.03.18,21:00,91.60,91.81,91.53,91.74,926
2016.03.18,22:00,91.73,92.13,91.73,91.95,971
2016.03.21,16:00,91.64,92.57,91.46,92.44,889
2016.03.21,17:00,92.43,92.43,91.71,91.78,1318
2016.03.21,18:00,91.77,92.21,91.73,92.04,1020
2016.03.21,19:00,92.04,92.32,91.93,92.30,820
2016.03.21,20:00,92.28,92.46,92.16,92.20,800
2016.03.21,21:00,92.21,92.45,92.15,92.37,945
2016.03.21,22:00,92.38,92.38,92.15,92.17,795
2016.03.22,16:00,91.51,92.15,91.45,91.73,968
2016.03.22,17:00,91.73,92.09,91.70,91.95,1477
2016.03.22,18:00,91.94,91.96,91.60,91.67,899
2016.03.22,19:00,91.68,92.08,91.67,92.07,871
2016.03.22,20:00,92.05,92.13,91.92,91.97,621
2016.03.22,21:00,91.98,92.11,91.76,91.76,701
2016.03.22,22:00,91.75,91.92,91.67,91.82,1002
2016.03.23,16:00,91.66,92.03,91.56,92.03,853
2016.03.23,17:00,92.04,92.28,91.84,92.25,1735
2016.03.23,18:00,92.24,92.50,91.99,92.10,1422
2016.03.23,19:00,92.11,92.59,92.06,92.43,1058
2016.03.23,20:00,92.42,92.44,92.19,92.26,745
2016.03.23,21:00,92.24,92.44,92.10,92.21,1050
2016.03.23,22:00,92.20,92.37,92.13,92.20,1079
2016.03.24,16:00,91.32,91.89,91.21,91.79,931
2016.03.24,17:00,91.80,91.90,91.48,91.62,1387
2016.03.24,18:00,91.63,91.79,91.44,91.52,1032
2016.03.24,19:00,91.51,91.77,91.45,91.47,1000
2016.03.24,20:00,91.47,91.63,91.43,91.49,450
2016.03.24,21:00,91.48,91.68,91.38,91.58,618
2016.03.24,22:00,91.57,91.84,91.51,91.78,570
2016.03.28,16:00,92.04,92.15,91.51,91.56,882
2016.03.28,17:00,91.56,91.67,91.19,91.23,1366
2016.03.28,18:00,91.22,91.45,91.22,91.36,922
2016.03.28,19:00,91.37,91.60,91.28,91.60,685
2016.03.28,20:00,91.59,91.61,91.40,91.58,565
2016.03.28,21:00,91.59,91.72,91.24,91.31,645
2016.03.28,22:00,91.32,91.52,91.19,91.20,699
2016.03.29,16:00,91.13,91.40,91.02,91.38,990
2016.03.29,17:00,91.42,91.85,91.42,91.64,1563
2016.03.29,18:00,91.65,92.02,91.55,91.81,1165
2016.03.29,19:00,91.80,92.35,91.72,92.07,1518
2016.03.29,20:00,92.09,92.47,91.99,92.36,786
2016.03.29,21:00,92.37,92.98,92.31,92.76,869
2016.03.29,22:00,92.77,92.90,92.62,92.74,547
2016.03.30,16:00,93.46,94.04,93.15,93.97,995
2016.03.30,17:00,93.97,94.11,93.75,93.79,1405
2016.03.30,18:00,93.80,93.96,93.53,93.79,1108
2016.03.30,19:00,93.78,93.91,93.60,93.73,741
2016.03.30,20:00,93.72,93.82,93.43,93.73,698
2016.03.30,21:00,93.72,93.82,93.60,93.80,545
2016.03.30,22:00,93.79,93.97,93.78,93.80,564
2016.03.31,16:00,93.55,94.14,93.55,94.00,1080
2016.03.31,17:00,93.97,94.44,93.82,94.31,1537
2016.03.31,18:00,94.30,94.74,94.25,94.66,957
2016.03.31,19:00,94.65,94.86,94.62,94.70,617
2016.03.31,20:00,94.71,94.88,94.59,94.61,529
2016.03.31,21:00,94.60,94.62,94.33,94.39,681
2016.03.31,22:00,94.38,94.60,94.35,94.55,630
2016.04.01,16:00,93.40,94.54,93.29,94.53,1379
2016.04.01,17:00,94.54,95.55,94.43,95.54,2502
2016.04.01,18:00,95.55,95.71,95.30,95.31,1917
2016.04.01,19:00,95.36,95.45,95.08,95.14,1353
2016.04.01,20:00,95.13,95.47,95.04,95.39,1189
2016.04.01,21:00,95.39,95.89,95.31,95.76,1083
2016.04.01,22:00,95.77,96.05,95.74,95.91,1095
2016.04.04,16:00,95.92,95.98,94.95,95.01,1018
2016.04.04,17:00,95.04,95.26,94.39,94.52,1892
2016.04.04,18:00,94.51,95.22,94.44,95.03,1196
2016.04.04,19:00,95.04,95.38,94.95,95.07,1114
2016.04.04,20:00,95.07,95.12,94.76,94.78,857
2016.04.04,21:00,94.79,95.03,94.59,94.92,1359
2016.04.04,22:00,94.91,94.97,94.66,94.83,1396
2016.04.05,16:00,94.00,94.96,93.97,94.86,1145
2016.04.05,17:00,94.86,95.34,94.11,94.18,2377
2016.04.05,18:00,94.17,94.37,93.91,93.98,2238
2016.04.05,19:00,93.99,94.11,93.83,93.97,1446
2016.04.05,20:00,93.96,94.50,93.89,94.37,1733
2016.04.05,21:00,94.36,94.82,94.24,94.64,1368
2016.04.05,22:00,94.63,94.65,94.19,94.23,1451
2016.04.06,16:00,94.31,94.65,94.19,94.47,954
2016.04.06,17:00,94.46,94.53,93.89,94.48,2085
2016.04.06,18:00,94.47,94.52,94.00,94.05,1080
2016.04.06,19:00,94.06,94.17,93.93,94.06,664
2016.04.06,20:00,94.05,94.24,94.00,94.03,566
2016.04.06,21:00,94.03,94.18,93.75,94.18,1542
2016.04.06,22:00,94.17,94.75,94.13,94.74,1111
2016.04.07,16:00,94.17,94.19,93.40,93.68,870
2016.04.07,17:00,93.67,93.74,93.14,93.22,1860
2016.04.07,18:00,93.23,93.47,92.99,93.37,1227
2016.04.07,19:00,93.38,93.46,93.21,93.42,1114
2016.04.07,20:00,93.41,93.64,93.19,93.22,1029
2016.04.07,21:00,93.23,93.32,92.98,93.08,1175
2016.04.07,22:00,93.07,93.55,93.00,93.43,1417
2016.04.08,16:00,94.24,94.48,93.86,94.47,974
2016.04.08,17:00,94.45,94.59,93.97,94.02,1852
2016.04.08,18:00,94.01,94.33,93.63,93.92,1683
2016.04.08,19:00,93.92,94.00,93.53,93.76,1468
2016.04.08,20:00,93.75,93.88,93.47,93.88,1072
2016.04.08,21:00,93.87,93.94,93.49,93.65,1036
2016.04.08,22:00,93.66,93.68,93.36,93.58,1249
2016.04.11,16:00,94.17,94.46,93.76,94.36,1031
2016.04.11,17:00,94.37,94.63,93.87,93.91,1744
2016.04.11,18:00,93.92,94.06,93.72,93.92,1518
2016.04.11,19:00,93.93,94.11,93.78,94.09,1092
2016.04.11,20:00,94.08,94.25,93.83,93.99,1026
2016.04.11,21:00,93.99,94.13,93.76,94.09,1492
2016.04.11,22:00,94.10,94.12,93.36,93.47,1401
2016.04.12,16:00,93.46,93.69,93.34,93.58,748
2016.04.12,17:00,93.58,93.70,93.07,93.54,2124
2016.04.12,18:00,93.53,93.73,93.25,93.45,1493
2016.04.12,19:00,93.47,93.73,93.42,93.58,1061
2016.04.12,20:00,93.57,93.66,93.46,93.60,1056
2016.04.12,21:00,93.59,93.73,93.51,93.69,986
2016.04.12,22:00,93.68,93.93,93.65,93.68,1305
2016.04.13,16:00,94.30,95.13,94.30,95.03,1352
2016.04.13,17:00,95.04,95.13,94.69,94.83,2180
2016.04.13,18:00,94.82,94.98,94.70,94.91,2058
2016.04.13,19:00,94.90,94.94,94.72,94.77,1453
2016.04.13,20:00,94.77,95.13,94.64,95.10,1153
2016.04.13,21:00,95.10,95.51,95.00,95.38,1370
2016.04.13,22:00,95.37,95.63,95.35,95.45,1014
2016.04.14,16:00,95.35,95.71,95.31,95.53,928
2016.04.14,17:00,95.51,96.12,95.37,96.12,1802
2016.04.14,18:00,96.09,96.45,96.09,96.35,1283
2016.04.14,19:00,96.35,96.67,96.30,96.62,896
2016.04.14,20:00,96.62,96.71,96.16,96.20,818
2016.04.14,21:00,96.18,96.24,95.92,96.14,785
2016.04.14,22:00,96.13,96.24,95.99,95.99,954
2016.04.15,16:00,96.07,96.81,96.05,96.70,861
2016.04.15,17:00,96.72,97.25,96.57,96.99,2333
2016.04.15,18:00,96.99,97.06,96.73,96.89,1459
2016.04.15,19:00,96.88,96.92,96.57,96.60,1105
2016.04.15,20:00,96.61,96.72,96.42,96.49,1186
2016.04.15,21:00,96.49,96.65,96.39,96.60,950
2016.04.15,22:00,96.59,96.59,96.45,96.47,656
2016.04.18,16:00,96.55,97.27,96.47,97.20,878
2016.04.18,17:00,97.20,97.73,97.16,97.32,1527
2016.04.18,18:00,97.32,97.68,97.21,97.28,1366
2016.04.18,19:00,97.29,97.54,97.27,97.36,1049
2016.04.18,20:00,97.36,97.48,97.17,97.39,834
2016.04.18,21:00,97.38,97.62,97.34,97.47,1026
2016.04.18,22:00,97.47,97.70,97.30,97.59,981
2016.04.19,16:00,97.90,98.09,97.64,97.64,880
2016.04.19,17:00,97.64,97.79,97.05,97.25,1797
2016.04.19,18:00,97.25,97.43,96.62,96.63,1529
2016.04.19,19:00,96.63,96.86,96.29,96.86,1579
2016.04.19,20:00,96.85,97.05,96.77,97.04,958
2016.04.19,21:00,97.03,97.18,96.96,97.11,965
2016.04.19,22:00,97.10,97.18,96.93,97.09,1055
2016.04.20,16:00,97.45,97.67,96.95,97.64,940
2016.04.20,17:00,97.65,97.85,97.37,97.72,2337
2016.04.20,18:00,97.72,98.20,97.70,98.02,1039
2016.04.20,19:00,98.03,98.13,97.92,97.95,735
2016.04.20,20:00,97.96,98.24,97.83,98.17,888
2016.04.20,21:00,98.16,98.32,98.07,98.31,726
2016.04.20,22:00,98.30,98.35,97.96,97.97,759
2016.04.21,16:00,97.77,97.97,97.35,97.39,1133
2016.04.21,17:00,97.38,97.76,97.32,97.56,2483
2016.04.21,18:00,97.57,97.66,97.28,97.35,2079
2016.04.21,19:00,97.36,97.60,97.26,97.52,1480
2016.04.21,20:00,97.51,97.86,97.48,97.61,1387
2016.04.21,21:00,97.61,97.80,97.45,97.49,1589
2016.04.21,22:00,97.50,97.71,97.42,97.57,1368
2016.04.22,16:00,96.32,98.42,96.32,98.32,2073
2016.04.22,17:00,98.31,98.38,96.79,97.33,3323
2016.04.22,18:00,97.33,97.41,96.93,97.18,2771
2016.04.22,19:00,97.19,97.19,96.81,97.05,1768
2016.04.22,20:00,97.06,97.38,96.99,97.24,1366
2016.04.22,21:00,97.23,97.59,97.12,97.57,1411
2016.04.22,22:00,97.57,97.59,97.28,97.36,1396
2016.04.25,16:00,96.74,97.23,96.54,96.88,1183
2016.04.25,17:00,96.86,96.98,96.50,96.84,1861
2016.04.25,18:00,96.84,97.07,96.71,96.93,1301
2016.04.25,19:00,96.95,97.01,96.64,96.98,866
2016.04.25,20:00,96.97,97.05,96.82,96.82,866
2016.04.25,21:00,96.81,96.90,96.58,96.70,717
2016.04.25,22:00,96.71,96.83,96.60,96.77,792
2016.04.26,16:00,97.16,97.54,97.04,97.44,984
2016.04.26,17:00,97.45,97.49,96.70,96.73,1748
2016.04.26,18:00,96.72,97.18,96.67,97.12,1118
2016.04.26,19:00,97.12,97.33,97.04,97.06,753
2016.04.26,20:00,97.07,97.09,96.74,96.97,588
2016.04.26,21:00,96.98,97.14,96.88,97.03,825
2016.04.26,22:00,97.04,97.22,96.89,97.13,828
2016.04.27,16:00,97.14,98.02,97.07,97.38,1207
2016.04.27,17:00,97.34,97.64,96.49,96.77,2595
2016.04.27,18:00,96.77,97.25,96.59,97.18,1793
2016.04.27,19:00,97.17,97.41,97.10,97.40,1274
2016.04.27,20:00,97.39,97.58,97.15,97.27,1507
2016.04.27,21:00,97.24,98.17,97.12,98.15,3351
2016.04.27,22:00,98.12,98.55,98.05,98.24,1710
2016.04.28,16:00,97.52,99.90,97.47,99.45,1510
2016.04.28,17:00,99.42,99.46,98.40,98.80,2042
2016.04.28,18:00,98.78,99.40,98.62,99.24,992
2016.04.28,19:00,99.25,99.25,98.68,98.71,829
2016.04.28,20:00,98.72,98.73,98.01,98.03,870
2016.04.28,21:00,98.02,98.11,97.17,97.34,830
2016.04.28,22:00,97.33,97.43,96.65,96.94,1619
2016.04.29,16:00,96.74,97.53,96.51,96.76,1402
2016.04.29,17:00,96.78,96.81,96.19,96.56,2476
2016.04.29,18:00,96.56,96.60,96.11,96.23,2050
2016.04.29,19:00,96.21,96.45,96.02,96.18,1491
2016.04.29,20:00,96.17,96.51,96.01,96.04,1286
2016.04.29,21:00,96.05,96.55,96.05,96.43,1151
2016.04.29,22:00,96.42,97.27,96.35,97.01,2001
2016.05.02,16:00,96.79,97.43,96.43,96.57,1174
2016.05.02,17:00,96.58,97.34,96.44,96.85,2052
2016.05.02,18:00,96.85,97.12,96.81,96.95,1305
2016.05.02,19:00,96.94,97.15,96.88,97.11,827
2016.05.02,20:00,97.10,97.39,96.92,97.35,780
2016.05.02,21:00,97.36,97.79,97.33,97.74,615
2016.05.02,22:00,97.73,97.88,97.68,97.72,492
2016.05.03,16:00,96.79,97.44,96.46,96.84,1986
2016.05.03,17:00,96.85,96.89,95.90,96.09,3401
2016.05.03,18:00,96.07,96.35,95.86,96.03,2120
2016.05.03,19:00,96.04,96.40,95.99,96.34,1522
2016.05.03,20:00,96.35,96.48,96.24,96.42,1384
2016.05.03,21:00,96.43,96.46,96.20,96.35,1641
2016.05.03,22:00,96.37,96.45,96.07,96.42,1976
2016.05.04,16:00,95.58,95.97,95.25,95.49,1380
2016.05.04,17:00,95.48,95.91,95.28,95.29,2380
2016.05.04,18:00,95.30,95.50,95.17,95.45,1735
2016.05.04,19:00,95.47,95.64,95.42,95.51,1107
2016.05.04,20:00,95.50,95.97,95.47,95.77,1228
2016.05.04,21:00,95.75,96.12,95.61,96.06,1086
2016.05.04,22:00,96.05,96.32,95.89,96.25,811
2016.05.05,16:00,96.23,96.58,95.90,96.00,1298
2016.05.05,17:00,95.99,96.52,95.96,96.46,2411
2016.05.05,18:00,96.46,96.77,96.19,96.59,1573
2016.05.05,19:00,96.60,96.64,96.34,96.34,1349
2016.05.05,20:00,96.35,96.40,96.03,96.12,1388
2016.05.05,21:00,96.13,96.38,95.94,96.05,1334
2016.05.05,22:00,96.06,96.12,95.91,96.05,1464
2016.05.06,16:00,95.77,96.23,95.62,95.76,761
2016.05.06,17:00,95.78,95.97,95.59,95.65,2127
2016.05.06,18:00,95.64,96.14,95.61,95.95,1281
2016.05.06,19:00,95.94,96.05,95.71,96.05,1302
2016.05.06,20:00,96.03,96.39,96.01,96.39,1797
2016.05.06,21:00,96.38,96.65,96.34,96.55,1841
2016.05.06,22:00,96.55,96.70,96.44,96.54,1250
2016.05.09,16:00,96.64,97.19,96.46,97.11,979
2016.05.09,17:00,97.12,97.16,96.56,96.63,2587
2016.05.09,18:00,96.62,96.78,96.45,96.77,1812
2016.05.09,19:00,96.76,96.86,96.63,96.75,1255
2016.05.09,20:00,96.75,96.92,96.70,96.74,1380
2016.05.09,21:00,96.75,96.97,96.64,96.93,1190
2016.05.09,22:00,96.94,96.96,96.60,96.60,969
2016.05.10,16:00,96.68,97.49,96.68,97.42,784
2016.05.10,17:00,97.42,97.50,97.18,97.41,1873
2016.05.10,18:00,97.41,97.47,97.29,97.40,1101
2016.05.10,19:00,97.36,97.50,97.35,97.46,800
2016.05.10,20:00,97.47,97.50,97.30,97.39,717
2016.05.10,21:00,97.38,97.47,97.31,97.33,597
2016.05.10,22:00,97.32,97.64,97.31,97.56,575
2016.05.11,16:00,97.59,97.77,97.29,97.39,772
2016.05.11,17:00,97.38,97.52,97.14,97.17,1468
2016.05.11,18:00,97.15,97.17,96.73,96.73,861
2016.05.11,19:00,96.74,96.95,96.73,96.84,638
2016.05.11,20:00,96.85,96.99,96.56,96.58,576
2016.05.11,21:00,96.57,96.59,96.31,96.36,666
2016.05.11,22:00,96.37,96.63,96.37,96.43,790
2016.05.12,16:00,96.83,96.83,95.66,95.66,1154
2016.05.12,17:00,95.65,96.05,95.54,95.56,2014
2016.05.12,18:00,95.55,95.57,95.16,95.36,1780
2016.05.12,19:00,95.35,95.54,95.21,95.53,1467
2016.05.12,20:00,95.54,95.90,95.31,95.89,1282
2016.05.12,21:00,95.90,96.19,95.89,95.95,1294
2016.05.12,22:00,95.95,96.11,95.68,95.76,736
2016.05.13,16:00,95.37,96.13,95.20,95.69,1142
2016.05.13,17:00,95.69,96.22,95.65,95.72,2422
2016.05.13,18:00,95.72,96.14,95.68,95.85,1716
2016.05.13,19:00,95.84,96.09,95.76,95.85,1305
2016.05.13,20:00,95.85,95.91,95.33,95.42,1518
2016.05.13,21:00,95.41,95.53,95.05,95.33,2024
2016.05.13,22:00,95.32,95.47,95.22,95.34,1108
2016.05.16,16:00,95.44,95.92,95.38,95.67,884
2016.05.16,17:00,95.65,95.85,95.46,95.80,1667
2016.05.16,18:00,95.82,95.94,95.67,95.92,1235
2016.05.16,19:00,95.93,96.04,95.84,96.01,840
2016.05.16,20:00,96.02,96.14,95.99,96.06,899
2016.05.16,21:00,96.07,96.42,96.06,96.37,856
2016.05.16,22:00,96.38,96.46,96.14,96.17,635
2016.05.17,16:00,95.80,96.15,95.51,95.80,1050
2016.05.17,17:00,95.81,95.99,95.40,95.89,2008
2016.05.17,18:00,95.88,96.23,95.66,96.21,1364
2016.05.17,19:00,96.22,96.22,95.78,95.90,1072
2016.05.17,20:00,95.90,96.15,95.69,95.73,955
2016.05.17,21:00,95.70,95.79,95.29,95.60,1592
2016.05.17,22:00,95.61,95.66,95.20,95.49,1123
2016.05.18,16:00,95.14,95.45,94.98,95.41,865
2016.05.18,17:00,95.40,95.83,95.29,95.43,1432
2016.05.18,18:00,95.44,95.81,95.43,95.57,1624
2016.05.18,19:00,95.58,95.67,95.38,95.67,1312
2016.05.18,20:00,95.65,96.12,95.65,95.80,1111
2016.05.18,21:00,95.76,95.76,94.81,95.43,5428
2016.05.18,22:00,95.42,95.70,95.10,95.38,2760
2016.05.19,16:00,95.18,95.40,94.46,94.49,917
2016.05.19,17:00,94.49,94.76,94.26,94.30,2973
2016.05.19,18:00,94.32,94.39,94.04,94.24,2412
2016.05.19,19:00,94.23,94.37,94.01,94.08,1306
2016.05.19,20:00,94.07,94.58,94.07,94.32,1463
2016.05.19,21:00,94.31,94.68,94.31,94.47,1662
2016.05.19,22:00,94.47,94.79,94.43,94.74,1642
2016.05.20,16:00,95.03,95.73,94.93,95.69,867
2016.05.20,17:00,95.68,95.84,95.48,95.54,1766
2016.05.20,18:00,95.53,95.71,95.43,95.67,900
2016.05.20,19:00,95.68,95.70,95.52,95.61,797
2016.05.20,20:00,95.60,95.66,95.35,95.47,852
2016.05.20,21:00,95.45,95.66,95.42,95.49,842
2016.05.20,22:00,95.50,95.50,95.22,95.33,960
2016.05.23,16:00,95.30,95.63,95.21,95.33,784
2016.05.23,17:00,95.33,95.47,94.93,95.04,1955
2016.05.23,18:00,95.03,95.26,94.98,95.17,1345
2016.05.23,19:00,95.18,95.29,95.05,95.13,1079
2016.05.23,20:00,95.13,95.24,94.99,95.20,803
2016.05.23,21:00,95.21,95.37,95.18,95.23,633
2016.05.23,22:00,95.22,95.26,95.04,95.04,768
2016.05.24,16:00,95.26,96.18,95.26,96.06,865
2016.05.24,17:00,96.08,96.69,96.02,96.54,1799
2016.05.24,18:00,96.54,96.64,96.39,96.53,1130
2016.05.24,19:00,96.52,96.57,96.32,96.50,670
2016.05.24,20:00,96.51,96.54,96.37,96.47,702
2016.05.24,21:00,96.48,96.56,96.38,96.50,751
2016.05.24,22:00,96.51,96.61,96.44,96.50,682
2016.05.25,16:00,96.55,96.76,96.09,96.53,665
2016.05.25,17:00,96.54,96.73,96.28,96.57,1707
2016.05.25,18:00,96.56,96.68,96.38,96.53,1394
2016.05.25,19:00,96.54,96.55,96.26,96.34,768
2016.05.25,20:00,96.34,96.55,96.33,96.55,770
2016.05.25,21:00,96.56,96.57,96.35,96.36,765
2016.05.25,22:00,96.37,96.55,96.33,96.38,749
2016.05.26,16:00,96.30,96.48,96.07,96.12,876
2016.05.26,17:00,96.15,96.40,95.99,96.20,1838
2016.05.26,18:00,96.18,96.31,96.10,96.15,1145
2016.05.26,19:00,96.15,96.26,96.09,96.14,739
2016.05.26,20:00,96.13,96.35,96.12,96.27,816
2016.05.26,21:00,96.28,96.40,96.24,96.33,722
2016.05.26,22:00,96.32,96.46,96.21,96.29,512
2016.05.27,16:00,96.31,96.85,96.14,96.51,674
2016.05.27,17:00,96.50,96.61,96.31,96.40,1642
2016.05.27,18:00,96.41,96.77,96.41,96.77,892
2016.05.27,19:00,96.78,96.93,96.71,96.85,520
2016.05.27,20:00,96.84,96.98,96.69,96.73,789
2016.05.27,21:00,96.74,96.93,96.66,96.88,677
2016.05.27,22:00,96.87,97.03,96.84,97.03,552
2016.05.31,16:00,96.86,97.06,96.41,96.57,596
2016.05.31,17:00,96.58,96.69,96.00,96.02,1147
2016.05.31,18:00,96.02,96.05,95.69,95.73,723
2016.05.31,19:00,95.72,95.79,95.59,95.67,487
2016.05.31,20:00,95.68,95.96,95.65,95.84,457
2016.05.31,21:00,95.83,95.83,95.53,95.66,698
2016.05.31,22:00,95.63,95.99,95.60,95.95,715
2016.06.01,16:00,95.47,95.99,95.14,95.88,861
2016.06.01,17:00,95.89,96.22,95.67,96.09,1791
2016.06.01,18:00,96.09,96.38,96.01,96.26,1092
2016.06.01,19:00,96.27,96.41,96.12,96.39,799
2016.06.01,20:00,96.39,96.44,96.00,96.18,723
2016.06.01,21:00,96.18,96.46,96.12,96.39,897
2016.06.01,22:00,96.40,96.49,96.20,96.22,668
2016.06.02,16:00,96.22,96.43,95.94,95.99,776
2016.06.02,17:00,96.00,96.75,95.94,96.52,1603
2016.06.02,18:00,96.53,96.67,96.38,96.44,1054
2016.06.02,19:00,96.45,96.51,96.22,96.47,528
2016.06.02,20:00,96.48,96.62,96.42,96.56,551
2016.06.02,21:00,96.57,96.75,96.55,96.65,511
2016.06.02,22:00,96.66,96.77,96.55,96.69,395
2016.06.03,16:00,96.20,96.52,95.62,95.74,1250
2016.06.03,17:00,95.73,96.09,95.26,96.00,2401
2016.06.03,18:00,96.01,96.03,95.63,95.96,1672
2016.06.03,19:00,95.97,96.05,95.67,95.70,1078
2016.06.03,20:00,95.71,95.92,95.60,95.85,1016
2016.06.03,21:00,95.84,96.24,95.73,96.16,1263
2016.06.03,22:00,96.14,96.24,95.99,96.02,708
2016.06.06,16:00,96.18,96.77,95.90,96.38,991
2016.06.06,17:00,96.39,96.56,96.29,96.44,1260
2016.06.06,18:00,96.45,96.60,96.39,96.51,902
2016.06.06,19:00,96.50,96.61,96.29,96.51,1120
2016.06.06,20:00,96.50,96.79,96.42,96.74,1013
2016.06.06,21:00,96.75,96.92,96.69,96.74,644
2016.06.06,22:00,96.75,96.80,96.58,96.58,495
2016.06.07,16:00,96.52,97.04,96.52,96.85,735
2016.06.07,17:00,96.84,96.91,96.49,96.52,1346
2016.06.07,18:00,96.53,96.84,96.51,96.71,780
2016.06.07,19:00,96.72,96.94,96.72,96.93,439
2016.06.07,20:00,96.94,97.11,96.93,96.98,293
2016.06.07,21:00,96.97,97.04,96.82,96.82,507
2016.06.07,22:00,96.84,96.88,96.63,96.69,497
2016.06.08,16:00,96.62,97.02,96.52,96.86,651
2016.06.08,17:00,96.87,96.87,96.51,96.62,1265
2016.06.08,18:00,96.63,97.03,96.61,97.00,754
2016.06.08,19:00,96.99,97.22,96.97,97.12,601
2016.06.08,20:00,97.14,97.27,97.05,97.22,567
2016.06.08,21:00,97.21,97.74,97.13,97.68,565
2016.06.08,22:00,97.69,97.90,97.63,97.83,478
2016.06.09,16:00,97.29,97.51,97.14,97.37,708
2016.06.09,17:00,97.36,97.36,96.97,97.25,1082
2016.06.09,18:00,97.26,97.33,96.92,97.05,638
2016.06.09,19:00,97.04,97.14,96.97,97.13,474
2016.06.09,20:00,97.11,97.20,96.99,97.04,360
2016.06.09,21:00,97.03,97.21,97.02,97.13,588
2016.06.09,22:00,97.12,97.22,97.01,97.05,422
2016.06.10,16:00,95.96,95.97,95.47,95.55,1076
2016.06.10,17:00,95.54,95.61,95.08,95.16,1122
2016.06.10,18:00,95.15,95.52,95.11,95.30,714
2016.06.10,19:00,95.31,95.51,95.05,95.50,521
2016.06.10,20:00,95.49,95.62,95.07,95.10,646
2016.06.10,21:00,95.11,95.13,94.85,95.12,683
2016.06.10,22:00,95.11,95.34,95.03,95.25,691
2016.06.13,16:00,94.41,95.53,94.41,95.31,1008
2016.06.13,17:00,95.32,95.39,94.80,94.83,1515
2016.06.13,18:00,94.84,94.86,94.41,94.48,1171
2016.06.13,19:00,94.47,94.85,94.43,94.72,1000
2016.06.13,20:00,94.73,94.83,94.51,94.62,798
2016.06.13,21:00,94.61,94.77,94.47,94.56,809
2016.06.13,22:00,94.55,94.58,94.10,94.14,920
2016.06.14,16:00,93.76,94.26,93.57,94.03,1103
2016.06.14,17:00,94.04,94.14,93.29,93.37,1764
2016.06.14,18:00,93.38,93.72,93.28,93.48,1614
2016.06.14,19:00,93.47,93.76,93.38,93.72,1061
2016.06.14,20:00,93.71,93.92,93.60,93.68,1045
2016.06.14,21:00,93.67,94.00,93.64,93.72,1116
2016.06.14,22:00,93.73,94.22,93.69,94.03,1543
2016.06.15,16:00,94.16,94.43,93.84,93.99,1095
2016.06.15,17:00,93.98,94.21,93.70,93.95,1449
2016.06.15,18:00,93.96,94.07,93.66,93.74,1033
2016.06.15,19:00,93.73,93.77,93.56,93.73,807
2016.06.15,20:00,93.72,94.12,93.72,94.09,625
2016.06.15,21:00,94.13,94.27,93.76,94.06,2183
2016.06.15,22:00,94.04,94.14,93.42,93.44,1464
2016.06.16,16:00,92.53,92.67,91.98,92.39,900
2016.06.16,17:00,92.40,92.71,92.09,92.48,1305
2016.06.16,18:00,92.47,92.94,92.39,92.40,1015
2016.06.16,19:00,92.41,93.18,92.35,93.00,1352
2016.06.16,20:00,93.01,93.21,92.92,93.08,1422
2016.06.16,21:00,93.09,93.73,93.05,93.55,1399
2016.06.16,22:00,93.55,94.04,93.52,93.90,905
2016.06.17,16:00,93.96,94.07,93.06,93.18,1268
2016.06.17,17:00,93.17,93.30,92.70,92.77,1414
2016.06.17,18:00,92.78,93.11,92.64,93.05,1103
2016.06.17,19:00,93.06,93.33,93.05,93.23,598
2016.06.17,20:00,93.24,93.39,93.18,93.28,602
2016.06.17,21:00,93.27,93.40,93.18,93.32,737
2016.06.17,22:00,93.31,93.37,93.22,93.28,517
2016.06.20,16:00,94.46,94.75,94.22,94.63,1079
2016.06.20,17:00,94.62,95.12,94.61,94.74,928
2016.06.20,18:00,94.73,94.77,94.41,94.54,505
2016.06.20,19:00,94.53,94.61,94.38,94.59,430
2016.06.20,20:00,94.58,94.62,94.35,94.56,648
2016.06.20,21:00,94.57,94.64,94.40,94.62,505
2016.06.20,22:00,94.62,94.65,94.20,94.22,734
2016.06.21,16:00,94.43,94.97,94.43,94.92,870
2016.06.21,17:00,94.93,95.08,94.61,94.67,1470
2016.06.21,18:00,94.64,94.84,94.42,94.60,857
2016.06.21,19:00,94.61,94.69,94.47,94.56,617
2016.06.21,20:00,94.57,94.72,94.47,94.69,613
2016.06.21,21:00,94.68,95.11,94.63,95.05,600
2016.06.21,22:00,95.04,95.25,94.91,95.04,645
2016.06.22,16:00,94.92,95.31,94.92,94.97,570
2016.06.22,17:00,94.96,95.04,94.58,94.71,1080
2016.06.22,18:00,94.72,94.93,94.55,94.65,984
2016.06.22,19:00,94.64,94.74,94.33,94.48,956
2016.06.22,20:00,94.49,94.53,94.25,94.48,854
2016.06.22,21:00,94.47,94.57,94.23,94.38,750
2016.06.22,22:00,94.37,94.51,94.16,94.24,1002
2016.06.23,16:00,95.06,95.13,94.54,94.83,835
2016.06.23,17:00,94.82,95.08,94.76,94.97,1667
2016.06.23,18:00,94.96,95.50,94.96,95.45,842
2016.06.23,19:00,95.46,95.52,95.18,95.35,723
2016.06.23,20:00,95.36,95.40,95.16,95.21,562
2016.06.23,21:00,95.22,95.36,95.14,95.25,446
2016.06.23,22:00,95.26,95.60,95.16,95.57,377
2016.06.24,16:00,91.40,92.56,91.11,92.40,1816
2016.06.24,17:00,92.38,92.99,91.82,91.95,4233
2016.06.24,18:00,91.96,92.17,91.78,91.96,2297
2016.06.24,19:00,91.97,92.03,91.51,91.67,1428
2016.06.24,20:00,91.68,92.05,91.65,91.97,1722
2016.06.24,21:00,91.98,92.13,91.58,91.78,2198
2016.06.24,22:00,91.76,91.90,91.01,91.84,2768
2016.06.27,16:00,90.08,90.36,89.72,89.93,1948
2016.06.27,17:00,89.89,90.00,89.05,89.11,3048
2016.06.27,18:00,89.12,89.58,89.07,89.21,3123
2016.06.27,19:00,89.21,89.56,89.02,89.50,1866
2016.06.27,20:00,89.50,89.84,89.16,89.39,2725
2016.06.27,21:00,89.38,89.52,88.83,88.95,2611
2016.06.27,22:00,88.96,89.19,88.77,89.03,2058
2016.06.28,16:00,90.18,90.23,89.67,90.12,1442
2016.06.28,17:00,90.11,90.39,89.90,90.08,1387
2016.06.28,18:00,90.09,90.19,89.65,89.98,1703
2016.06.28,19:00,89.99,90.21,89.92,90.06,1044
2016.06.28,20:00,90.04,90.14,89.79,89.85,1343
2016.06.28,21:00,89.85,90.37,89.80,90.24,1159
2016.06.28,22:00,90.25,90.44,90.04,90.32,1268
2016.06.29,16:00,90.88,91.42,90.84,91.25,1617
2016.06.29,17:00,91.24,91.58,91.18,91.50,1511
2016.06.29,18:00,91.49,91.78,91.49,91.77,919
2016.06.29,19:00,91.75,91.86,91.63,91.66,577
2016.06.29,20:00,91.67,91.81,91.55,91.77,489
2016.06.29,21:00,91.76,91.99,91.71,91.86,654
2016.06.29,22:00,91.88,92.15,91.87,91.93,706
2016.06.30,16:00,92.61,92.61,91.80,91.86,1147
2016.06.30,17:00,91.85,91.99,90.43,90.69,2728
2016.06.30,18:00,90.70,90.74,89.99,90.31,2160
2016.06.30,19:00,90.32,90.39,90.07,90.15,1064
2016.06.30,20:00,90.16,90.18,89.02,89.02,1027
2016.06.30,21:00,89.01,89.54,88.76,88.87,1207
2016.06.30,22:00,88.88,88.92,87.53,87.84,1936
2016.07.01,16:00,89.15,89.15,88.16,88.75,1233
2016.07.01,17:00,88.74,89.42,88.70,89.13,1253
2016.07.01,18:00,89.11,89.20,88.87,89.10,756
2016.07.01,19:00,89.11,89.21,88.92,89.16,500
2016.07.01,20:00,89.15,89.23,88.90,88.94,451
2016.07.01,21:00,88.95,89.01,88.80,88.92,414
2016.07.01,22:00,88.91,89.11,88.81,88.94,501
2016.07.05,16:00,88.10,88.44,87.87,88.06,792
2016.07.05,17:00,88.07,89.28,88.05,88.85,1434
2016.07.05,18:00,88.86,89.01,88.57,88.62,1341
2016.07.05,19:00,88.63,88.81,88.45,88.57,750
2016.07.05,20:00,88.56,88.56,88.12,88.16,681
2016.07.05,21:00,88.15,88.15,87.93,88.01,557
2016.07.05,22:00,88.00,88.28,88.00,88.20,548
2016.07.06,16:00,87.08,87.34,86.55,86.80,1342
2016.07.06,17:00,86.84,87.06,86.59,87.01,1563
2016.07.06,18:00,87.02,87.44,86.86,87.22,1086
2016.07.06,19:00,87.24,87.52,87.14,87.22,1049
2016.07.06,20:00,87.23,87.31,86.84,86.92,624
2016.07.06,21:00,86.93,87.02,86.64,86.94,1159
2016.07.06,22:00,86.95,86.97,86.81,86.88,557
2016.07.07,16:00,86.94,87.87,86.90,87.86,833
2016.07.07,17:00,87.88,88.26,87.85,88.15,934
2016.07.07,18:00,88.14,88.14,87.68,87.74,797
2016.07.07,19:00,87.73,87.78,87.19,87.23,685
2016.07.07,20:00,87.22,87.45,87.16,87.29,577
2016.07.07,21:00,87.28,87.57,87.18,87.49,696
2016.07.07,22:00,87.48,87.81,87.42,87.66,670
2016.07.08,16:00,88.30,88.45,87.87,88.18,1120
2016.07.08,17:00,88.19,88.36,87.88,88.34,1121
2016.07.08,18:00,88.35,88.62,88.34,88.55,528
2016.07.08,19:00,88.54,88.63,88.41,88.45,470
2016.07.08,20:00,88.44,88.58,88.36,88.40,554
2016.07.08,21:00,88.41,88.58,88.30,88.47,680
2016.07.08,22:00,88.47,88.49,88.30,88.48,525
2016.07.11,16:00,89.13,89.21,88.69,89.02,981
2016.07.11,17:00,89.00,89.14,88.77,88.97,838
2016.07.11,18:00,88.96,89.11,88.77,88.82,512
2016.07.11,19:00,88.83,88.85,88.69,88.80,312
2016.07.11,20:00,88.79,88.80,88.60,88.60,236
2016.07.11,21:00,88.61,88.87,88.57,88.80,213
2016.07.11,22:00,88.81,88.90,88.64,88.67,265
2016.07.12,16:00,89.01,89.59,88.94,89.42,720
2016.07.12,17:00,89.43,89.44,88.82,89.16,515
2016.07.12,18:00,89.17,89.62,89.11,89.57,538
2016.07.12,19:00,89.56,89.81,89.53,89.68,314
2016.07.12,20:00,89.67,89.97,89.67,89.92,227
2016.07.12,21:00,89.91,90.02,89.79,89.90,288
2016.07.12,22:00,89.89,89.97,89.87,89.88,246
2016.07.13,16:00,90.31,90.31,89.59,89.62,825
2016.07.13,17:00,89.62,90.21,89.62,90.11,856
2016.07.13,18:00,90.12,90.14,89.90,90.04,456
2016.07.13,19:00,90.05,90.12,89.95,90.01,301
2016.07.13,20:00,90.00,90.11,89.88,90.07,341
2016.07.13,21:00,90.08,90.42,90.08,90.28,457
2016.07.13,22:00,90.27,90.35,90.19,90.30,255
2016.07.14,16:00,91.24,91.24,90.44,90.72,829
2016.07.14,17:00,90.73,91.11,90.68,90.90,845
2016.07.14,18:00,90.91,91.51,90.91,91.34,607
2016.07.14,19:00,91.35,91.43,91.24,91.24,320
2016.07.14,20:00,91.22,91.25,91.03,91.12,402
2016.07.14,21:00,91.13,91.39,91.12,91.29,520
2016.07.14,22:00,91.29,91.59,91.29,91.40,296
2016.07.15,16:00,91.73,91.87,91.03,91.18,692
2016.07.15,17:00,91.16,91.29,90.93,91.29,834
2016.07.15,18:00,91.30,91.37,90.85,90.98,572
2016.07.15,19:00,90.99,91.03,90.66,90.74,566
2016.07.15,20:00,90.75,91.00,90.75,90.85,413
2016.07.15,21:00,90.84,90.98,90.75,90.89,491
2016.07.15,22:00,90.90,91.03,90.76,90.77,361
2016.07.18,16:00,90.98,91.31,90.78,91.11,550
2016.07.18,17:00,91.12,91.21,90.96,91.21,666
2016.07.18,18:00,91.22,91.29,91.12,91.17,458
2016.07.18,19:00,91.16,91.31,91.08,91.26,350
2016.07.18,20:00,91.27,91.44,91.16,91.39,269
2016.07.18,21:00,91.38,91.54,91.34,91.54,287
2016.07.18,22:00,91.55,91.58,91.42,91.53,220
2016.07.19,16:00,91.24,91.81,91.19,91.79,779
2016.07.19,17:00,91.80,91.89,91.58,91.89,555
2016.07.19,18:00,91.88,92.10,91.84,91.95,437
2016.07.19,19:00,91.96,92.17,91.90,92.09,320
2016.07.19,20:00,92.07,92.17,91.98,92.01,240
2016.07.19,21:00,92.02,92.15,92.02,92.14,238
2016.07.19,22:00,92.13,92.32,92.05,92.24,278
2016.07.20,16:00,92.52,92.79,92.08,92.76,742
2016.07.20,17:00,92.75,92.86,92.57,92.79,680
2016.07.20,18:00,92.78,92.84,92.71,92.80,401
2016.07.20,19:00,92.79,92.80,92.64,92.79,343
2016.07.20,20:00,92.78,93.03,92.75,92.95,220
2016.07.20,21:00,92.96,93.34,92.96,93.24,251
2016.07.20,22:00,93.22,93.38,93.13,93.38,277
2016.07.21,16:00,93.05,93.42,92.81,92.82,926
2016.07.21,17:00,92.82,93.59,92.82,93.57,1152
2016.07.21,18:00,93.58,93.61,92.89,93.06,608
2016.07.21,19:00,93.05,93.17,92.91,92.96,389
2016.07.21,20:00,92.97,93.03,92.52,92.55,438
2016.07.21,21:00,92.56,92.59,92.19,92.19,530
2016.07.21,22:00,92.18,92.39,91.97,92.38,416
2016.07.22,16:00,92.60,92.78,92.04,92.23,987
2016.07.22,17:00,92.23,92.89,92.23,92.70,978
2016.07.22,18:00,92.69,93.09,92.51,93.08,465
2016.07.22,19:00,93.08,93.09,92.86,93.02,370
2016.07.22,20:00,93.01,93.28,92.96,93.21,372
2016.07.22,21:00,93.18,93.43,93.14,93.41,341
2016.07.22,22:00,93.40,93.51,93.30,93.45,386
2016.07.25,16:00,93.45,93.46,92.71,93.03,1031
2016.07.25,17:00,93.03,93.08,92.88,92.91,829
2016.07.25,18:00,92.90,92.91,92.47,92.80,642
2016.07.25,19:00,92.81,92.92,92.69,92.78,430
2016.07.25,20:00,92.79,92.82,92.67,92.75,234
2016.07.25,21:00,92.74,92.79,92.61,92.63,262
2016.07.25,22:00,92.64,92.92,92.57,92.92,197
2016.07.26,16:00,92.67,93.58,92.62,93.25,715
2016.07.26,17:00,93.26,93.61,92.88,92.88,815
2016.07.26,18:00,92.88,93.19,92.78,93.15,928
2016.07.26,19:00,93.16,93.29,93.11,93.21,336
2016.07.26,20:00,93.20,93.20,92.91,93.04,445
2016.07.26,21:00,93.05,93.31,92.99,93.20,517
2016.07.26,22:00,93.19,93.40,93.18,93.34,387
2016.07.27,16:00,93.41,93.46,92.69,93.10,887
2016.07.27,17:00,93.11,93.29,93.02,93.11,885
2016.07.27,18:00,93.10,93.23,93.00,93.06,560
2016.07.27,19:00,93.05,93.20,92.97,93.17,425
2016.07.27,20:00,93.18,93.64,93.17,93.60,537
2016.07.27,21:00,93.56,94.24,93.32,93.74,1515
2016.07.27,22:00,93.75,94.00,93.57,93.70,730
2016.07.28,16:00,94.90,96.40,94.84,95.97,1474
2016.07.28,17:00,95.97,95.97,94.76,94.76,1736
2016.07.28,18:00,94.76,95.10,94.49,94.99,1148
2016.07.28,19:00,94.98,95.11,94.93,95.02,514
2016.07.28,20:00,95.03,95.38,95.01,95.38,515
2016.07.28,21:00,95.38,95.84,95.31,95.69,695
2016.07.28,22:00,95.70,96.08,95.62,95.93,613
2016.07.29,16:00,95.86,95.95,95.64,95.83,750
2016.07.29,17:00,95.82,95.82,95.25,95.42,1005
2016.07.29,18:00,95.41,95.61,95.27,95.49,571
2016.07.29,19:00,95.48,95.64,95.41,95.48,428
2016.07.29,20:00,95.49,95.69,95.46,95.53,339
2016.07.29,21:00,95.54,95.60,95.38,95.43,409
2016.07.29,22:00,95.44,95.49,95.07,95.32,446
2016.08.01,16:00,95.14,95.26,94.44,94.85,528
2016.08.01,17:00,94.84,95.04,94.42,95.03,895
2016.08.01,18:00,95.02,95.09,94.78,94.81,513
2016.08.01,19:00,94.80,94.83,94.40,94.56,503
2016.08.01,20:00,94.57,94.87,94.55,94.85,464
2016.08.01,21:00,94.83,94.98,94.72,94.91,572
2016.08.01,22:00,94.88,95.01,94.72,94.85,522
2016.08.02,16:00,94.88,95.09,94.36,95.04,705
2016.08.02,17:00,95.05,95.12,94.74,94.81,857
2016.08.02,18:00,94.80,95.22,94.68,95.16,554
2016.08.02,19:00,95.17,95.21,94.95,94.98,525
2016.08.02,20:00,94.97,95.13,94.85,94.99,470
2016.08.02,21:00,94.98,95.26,94.96,95.23,461
2016.08.02,22:00,95.24,95.32,95.15,95.28,306
2016.08.03,16:00,94.96,95.36,94.96,95.24,619
2016.08.03,17:00,95.27,95.34,95.06,95.09,608
2016.08.03,18:00,95.10,95.12,94.92,95.01,433
2016.08.03,19:00,95.02,95.02,94.72,94.88,259
2016.08.03,20:00,94.87,94.96,94.83,94.86,242
2016.08.03,21:00,94.87,95.03,94.86,94.98,321
2016.08.03,22:00,94.99,95.00,94.80,94.92,229
2016.08.04,16:00,94.76,95.51,94.76,95.18,499
2016.08.04,17:00,95.20,95.62,94.97,95.59,415
2016.08.04,18:00,95.58,95.62,95.23,95.59,470
2016.08.04,19:00,95.58,95.85,95.56,95.75,275
2016.08.04,20:00,95.74,95.77,95.60,95.77,276
2016.08.04,21:00,95.76,95.86,95.68,95.86,272
2016.08.04,22:00,95.84,95.99,95.81,95.94,191
2016.08.05,16:00,96.15,96.76,95.93,96.74,451
2016.08.05,17:00,96.75,96.79,96.50,96.64,578
2016.08.05,18:00,96.65,96.76,96.44,96.46,285
2016.08.05,19:00,96.47,96.48,96.33,96.36,270
2016.08.05,20:00,96.37,96.64,96.36,96.64,235
2016.08.05,21:00,96.64,96.71,96.55,96.65,207
2016.08.05,22:00,96.66,96.88,96.65,96.78,305
2016.08.08,16:00,96.79,97.04,96.61,96.63,649
2016.08.08,17:00,96.64,96.81,96.58,96.67,497
2016.08.08,18:00,96.66,97.01,96.61,97.00,390
2016.08.08,19:00,96.99,97.04,96.82,96.86,254
2016.08.08,20:00,96.85,96.95,96.74,96.77,222
2016.08.08,21:00,96.76,96.80,96.59,96.75,215
2016.08.08,22:00,96.74,96.77,96.68,96.72,188
2016.08.09,16:00,96.50,97.08,96.31,97.03,547
2016.08.09,17:00,97.02,97.05,96.73,96.77,552
2016.08.09,18:00,96.77,96.91,96.77,96.84,345
2016.08.09,19:00,96.85,96.90,96.55,96.65,309
2016.08.09,20:00,96.66,96.74,96.61,96.64,305
2016.08.09,21:00,96.65,96.70,96.50,96.67,358
2016.08.09,22:00,96.67,96.68,96.55,96.59,326
2016.08.10,16:00,96.66,96.72,96.48,96.54,594
2016.08.10,17:00,96.52,96.76,96.43,96.46,641
2016.08.10,18:00,96.46,96.58,96.28,96.33,370
2016.08.10,19:00,96.31,96.59,96.31,96.57,257
2016.08.10,20:00,96.58,96.60,96.30,96.37,294
2016.08.10,21:00,96.36,96.45,96.22,96.27,289
2016.08.10,22:00,96.28,96.42,96.19,96.19,260
2016.08.11,16:00,96.46,96.71,96.35,96.39,604
2016.08.11,17:00,96.40,96.52,96.11,96.36,584
2016.08.11,18:00,96.37,96.65,96.26,96.60,337
2016.08.11,19:00,96.61,96.65,96.48,96.52,205
2016.08.11,20:00,96.53,96.78,96.50,96.74,140
2016.08.11,21:00,96.75,96.86,96.54,96.59,246
2016.08.11,22:00,96.60,96.64,96.51,96.53,147
2016.08.12,16:00,95.85,96.32,95.67,96.19,753
2016.08.12,17:00,96.21,96.34,95.95,96.06,759
2016.08.12,18:00,96.07,96.26,96.06,96.20,240
2016.08.12,19:00,96.19,96.21,96.07,96.14,257
2016.08.12,20:00,96.13,96.14,96.04,96.10,190
2016.08.12,21:00,96.11,96.21,96.07,96.10,228
2016.08.12,22:00,96.11,96.15,96.04,96.11,116
2016.08.15,16:00,96.14,96.35,96.01,96.30,428
2016.08.15,17:00,96.28,96.34,96.10,96.33,420
2016.08.15,18:00,96.31,96.35,96.14,96.14,310
2016.08.15,19:00,96.15,96.28,96.11,96.15,217
2016.08.15,20:00,96.16,96.50,96.15,96.39,186
2016.08.15,21:00,96.40,96.44,96.30,96.30,188
2016.08.15,22:00,96.31,96.43,96.26,96.34,184
2016.08.16,16:00,96.12,96.12,95.68,95.97,489
2016.08.16,17:00,95.96,96.20,95.84,95.93,599
2016.08.16,18:00,95.92,96.13,95.86,96.05,369
2016.08.16,19:00,96.03,96.04,95.74,95.82,323
2016.08.16,20:00,95.81,95.81,95.50,95.59,383
2016.08.16,21:00,95.58,95.82,95.40,95.80,395
2016.08.16,22:00,95.79,95.84,95.66,95.71,208
2016.08.17,16:00,95.61,95.84,95.58,95.70,461
2016.08.17,17:00,95.71,95.88,95.54,95.61,646
2016.08.17,18:00,95.59,95.72,95.27,95.29,308
2016.08.17,19:00,95.28,95.50,95.25,95.39,405
2016.08.17,20:00,95.38,95.39,94.98,95.26,800
2016.08.17,21:00,95.25,95.60,95.04,95.56,1123
2016.08.17,22:00,95.54,95.56,95.40,95.48,416
2016.08.18,16:00,95.16,95.76,94.89,95.71,634
2016.08.18,17:00,95.70,95.81,95.39,95.69,870
2016.08.18,18:00,95.70,95.73,95.41,95.52,437
2016.08.18,19:00,95.51,95.51,95.16,95.22,372
2016.08.18,20:00,95.22,95.38,95.22,95.26,205
2016.08.18,21:00,95.25,95.26,95.01,95.12,245
2016.08.18,22:00,95.13,95.29,95.11,95.17,206
2016.08.19,16:00,94.85,95.06,94.35,94.86,786
2016.08.19,17:00,94.86,95.03,94.67,94.70,785
2016.08.19,18:00,94.69,94.83,94.54,94.82,665
2016.08.19,19:00,94.83,94.98,94.76,94.86,372
2016.08.19,20:00,94.85,95.12,94.85,95.04,199
2016.08.19,21:00,95.03,95.21,94.93,95.09,388
2016.08.19,22:00,95.10,95.24,95.08,95.14,333
2016.08.22,16:00,94.98,95.20,94.80,95.15,630
2016.08.22,17:00,95.16,95.74,95.07,95.61,820
2016.08.22,18:00,95.62,95.71,95.40,95.63,527
2016.08.22,19:00,95.62,95.83,95.40,95.76,571
2016.08.22,20:00,95.75,95.89,95.58,95.76,473
2016.08.22,21:00,95.75,95.84,95.59,95.74,396
2016.08.22,22:00,95.73,95.82,95.69,95.73,197
2016.08.23,16:00,95.64,96.70,95.64,96.66,703
2016.08.23,17:00,96.67,96.68,96.33,96.44,524
2016.08.23,18:00,96.43,96.44,96.21,96.39,491
2016.08.23,19:00,96.38,96.44,96.30,96.35,324
2016.08.23,20:00,96.34,96.45,96.32,96.44,183
2016.08.23,21:00,96.43,96.56,96.41,96.55,193
2016.08.23,22:00,96.54,96.58,96.25,96.25,199
2016.08.24,16:00,96.22,96.38,95.96,96.37,308
2016.08.24,17:00,96.38,96.39,96.03,96.03,633
2016.08.24,18:00,96.04,96.06,95.78,95.81,336
2016.08.24,19:00,95.82,95.97,95.78,95.89,323
2016.08.24,20:00,95.91,95.92,95.79,95.82,229
2016.08.24,21:00,95.83,95.84,95.69,95.81,340
2016.08.24,22:00,95.80,95.82,95.33,95.45,563
2016.08.25,16:00,95.24,95.53,95.19,95.51,440
2016.08.25,17:00,95.50,95.57,95.32,95.38,931
2016.08.25,18:00,95.37,95.75,95.36,95.64,544
2016.08.25,19:00,95.63,95.63,95.45,95.57,370
2016.08.25,20:00,95.57,95.60,95.42,95.51,326
2016.08.25,21:00,95.52,95.60,95.46,95.51,395
2016.08.25,22:00,95.50,95.59,95.41,95.51,253
2016.08.26,16:00,95.67,96.49,95.61,96.34,512
2016.08.26,17:00,96.30,96.87,96.09,96.75,1534
2016.08.26,18:00,96.74,96.94,96.33,96.35,823
2016.08.26,19:00,96.36,96.39,96.06,96.17,1169
2016.08.26,20:00,96.18,96.31,96.10,96.27,657
2016.08.26,21:00,96.26,96.34,96.02,96.16,903
2016.08.26,22:00,96.15,96.68,96.10,96.39,904
2016.08.29,16:00,96.48,96.62,96.14,96.49,641
2016.08.29,17:00,96.49,96.79,96.44,96.57,830
2016.08.29,18:00,96.58,96.78,96.37,96.77,521
2016.08.29,19:00,96.78,96.78,96.47,96.54,368
2016.08.29,20:00,96.55,96.73,96.51,96.72,371
2016.08.29,21:00,96.73,96.73,96.54,96.63,317
2016.08.29,22:00,96.62,96.76,96.60,96.68,284
2016.08.30,16:00,96.41,96.83,96.41,96.61,476
2016.08.30,17:00,96.61,96.72,96.28,96.55,814
2016.08.30,18:00,96.53,96.71,96.48,96.67,484
2016.08.30,19:00,96.68,96.93,96.61,96.89,350
2016.08.30,20:00,96.89,96.94,96.85,96.92,200
2016.08.30,21:00,96.91,96.94,96.70,96.91,301
2016.08.30,22:00,96.90,97.13,96.80,96.94,232
2016.08.31,16:00,96.48,96.94,96.48,96.62,520
2016.08.31,17:00,96.61,96.76,96.46,96.60,915
2016.08.31,18:00,96.59,96.73,96.42,96.42,667
2016.08.31,19:00,96.41,96.41,96.08,96.28,648
2016.08.31,20:00,96.29,96.44,96.17,96.44,471
2016.08.31,21:00,96.43,96.68,96.42,96.51,471
2016.08.31,22:00,96.50,96.71,96.50,96.60,357
2016.09.01,16:00,96.53,97.13,96.39,97.10,583
2016.09.01,17:00,97.10,97.52,96.87,97.00,1272
2016.09.01,18:00,96.99,97.11,96.77,97.02,635
2016.09.01,19:00,97.03,97.50,97.01,97.40,630
2016.09.01,20:00,97.41,97.64,97.36,97.40,425
2016.09.01,21:00,97.39,97.40,97.08,97.33,568
2016.09.01,22:00,97.34,97.48,97.22,97.47,355
2016.09.02,16:00,97.47,97.93,97.47,97.93,365
2016.09.02,17:00,97.92,98.04,97.45,97.49,1074
2016.09.02,18:00,97.48,97.61,97.31,97.54,606
2016.09.02,19:00,97.56,97.74,97.35,97.68,467
2016.09.02,20:00,97.67,97.71,97.44,97.56,543
2016.09.02,21:00,97.57,97.76,97.54,97.76,391
2016.09.02,22:00,97.77,97.87,97.73,97.82,378
2016.09.06,16:00,97.75,98.11,97.75,98.07,617
2016.09.06,17:00,98.08,98.08,97.63,97.94,1048
2016.09.06,18:00,97.94,98.38,97.92,98.33,638
2016.09.06,19:00,98.32,98.44,98.24,98.34,212
2016.09.06,20:00,98.35,98.68,98.28,98.67,227
2016.09.06,21:00,98.66,98.85,98.61,98.78,205
2016.09.06,22:00,98.78,98.80,98.58,98.64,139
2016.09.07,16:00,98.23,98.91,98.21,98.85,731
2016.09.07,17:00,98.83,99.00,98.69,98.91,1078
2016.09.07,18:00,98.90,99.09,98.71,99.09,716
2016.09.07,19:00,99.08,99.30,98.93,99.20,594
2016.09.07,20:00,99.19,99.53,99.15,99.44,385
2016.09.07,21:00,99.43,99.49,99.33,99.41,265
2016.09.07,22:00,99.42,99.54,99.38,99.47,237
2016.09.08,16:00,99.34,100.58,99.16,100.01,1221
2016.09.08,17:00,100.00,100.07,99.37,99.48,1277
2016.09.08,18:00,99.49,99.63,99.41,99.54,944
2016.09.08,19:00,99.55,99.79,99.46,99.70,544
2016.09.08,20:00,99.71,99.79,99.36,99.61,404
2016.09.08,21:00,99.60,99.78,99.45,99.78,542
2016.09.08,22:00,99.77,100.01,99.72,99.93,431
2016.09.09,16:00,98.95,99.08,98.76,98.89,848
2016.09.09,17:00,98.90,99.58,98.80,99.57,1503
2016.09.09,18:00,99.58,99.63,99.22,99.50,923
2016.09.09,19:00,99.51,99.55,99.33,99.55,818
2016.09.09,20:00,99.56,99.56,98.88,98.91,798
2016.09.09,21:00,98.89,99.00,98.58,98.93,1467
2016.09.09,22:00,98.94,98.97,98.40,98.44,1382
2016.09.12,16:00,97.47,98.05,97.44,97.92,971
2016.09.12,17:00,97.92,98.43,97.80,98.39,1511
2016.09.12,18:00,98.38,98.96,98.30,98.78,1362
2016.09.12,19:00,98.79,99.31,98.67,99.31,956
2016.09.12,20:00,99.28,99.56,98.89,99.45,1706
2016.09.12,21:00,99.46,100.10,99.46,99.99,1455
2016.09.12,22:00,100.00,100.29,99.96,100.05,1222
2016.09.13,16:00,99.04,99.84,98.96,99.80,882
2016.09.13,17:00,99.78,99.80,99.28,99.53,2080
2016.09.13,18:00,99.54,99.75,99.32,99.50,1738
2016.09.13,19:00,99.51,99.90,99.41,99.63,1578
2016.09.13,20:00,99.62,100.03,99.40,99.64,1934
2016.09.13,21:00,99.62,99.71,99.19,99.19,1761
2016.09.13,22:00,99.19,99.74,98.95,99.74,1838
2016.09.14,16:00,99.24,99.59,98.94,99.22,867
2016.09.14,17:00,99.23,99.23,98.84,98.89,1445
2016.09.14,18:00,98.90,99.26,98.75,99.16,1303
2016.09.14,19:00,99.17,99.37,99.08,99.16,872
2016.09.14,20:00,99.17,99.33,99.01,99.06,797
2016.09.14,21:00,99.05,99.15,98.59,98.87,1341
2016.09.14,22:00,98.86,98.92,98.35,98.81,1109
2016.09.15,16:00,98.48,98.80,98.39,98.73,871
2016.09.15,17:00,98.73,99.02,98.65,98.95,1747
2016.09.15,18:00,98.94,99.32,98.94,99.26,956
2016.09.15,19:00,99.25,99.42,99.13,99.16,887
2016.09.15,20:00,99.16,99.72,99.11,99.69,1074
2016.09.15,21:00,99.68,99.79,99.49,99.54,593
2016.09.15,22:00,99.53,99.55,99.18,99.25,625
2016.09.16,16:00,98.73,99.14,98.54,98.83,944
2016.09.16,17:00,98.84,99.42,98.59,99.30,1553
2016.09.16,18:00,99.31,99.42,99.07,99.30,1003
2016.09.16,19:00,99.29,99.36,99.15,99.15,686
2016.09.16,20:00,99.13,99.25,99.02,99.09,630
2016.09.16,21:00,99.08,99.39,99.01,99.19,638
2016.09.16,22:00,99.18,99.66,99.17,99.45,698
2016.09.19,16:00,99.51,100.26,99.51,100.26,529
2016.09.19,17:00,100.27,100.36,99.78,100.01,1023
2016.09.19,18:00,100.02,100.20,99.96,100.17,592
2016.09.19,19:00,100.16,100.18,99.59,99.67,694
2016.09.19,20:00,99.65,99.85,99.39,99.64,774
2016.09.19,21:00,99.62,100.00,99.60,99.97,731
2016.09.19,22:00,99.96,99.97,99.54,99.75,944
2016.09.20,16:00,100.08,100.89,100.07,100.73,764
2016.09.20,17:00,100.73,100.83,100.04,100.11,1257
2016.09.20,18:00,100.12,100.30,99.97,100.12,777
2016.09.20,19:00,100.11,100.25,100.02,100.12,596
2016.09.20,20:00,100.13,100.41,100.06,100.39,514
2016.09.20,21:00,100.38,100.76,100.34,100.75,447
2016.09.20,22:00,100.74,100.74,100.56,100.58,410
2016.09.21,16:00,100.77,100.92,100.63,100.76,507
2016.09.21,17:00,100.76,100.81,100.47,100.47,975
2016.09.21,18:00,100.48,100.50,100.24,100.37,603
2016.09.21,19:00,100.35,100.38,99.95,100.34,692
2016.09.21,20:00,100.33,100.50,100.19,100.38,675
2016.09.21,21:00,100.38,100.87,100.16,100.83,1840
2016.09.21,22:00,100.84,101.28,100.71,101.15,1037
2016.09.22,16:00,101.53,101.95,101.33,101.80,578
2016.09.22,17:00,101.80,102.16,101.64,101.75,798
2016.09.22,18:00,101.76,101.97,101.58,101.91,577
2016.09.22,19:00,101.92,102.07,101.78,102.07,561
2016.09.22,20:00,102.06,102.15,102.00,102.08,402
2016.09.22,21:00,102.09,102.15,101.80,102.10,781
2016.09.22,22:00,102.09,102.20,102.03,102.09,513
2016.09.23,16:00,101.76,101.96,101.36,101.40,573
2016.09.23,17:00,101.39,101.56,101.23,101.46,949
2016.09.23,18:00,101.47,101.69,101.42,101.60,653
2016.09.23,19:00,101.59,101.87,101.58,101.77,319
2016.09.23,20:00,101.78,101.83,101.67,101.70,456
2016.09.23,21:00,101.70,101.98,101.63,101.93,448
2016.09.23,22:00,101.92,101.95,101.69,101.80,530
2016.09.26,16:00,100.73,101.54,100.73,101.54,610
2016.09.26,17:00,101.55,101.80,101.25,101.27,990
2016.09.26,18:00,101.26,101.37,100.95,101.17,957
2016.09.26,19:00,101.16,101.54,101.09,101.48,723
2016.09.26,20:00,101.47,101.48,101.19,101.36,615
2016.09.26,21:00,101.35,101.42,101.17,101.19,636
2016.09.26,22:00,101.18,101.36,101.14,101.15,629
2016.09.27,16:00,100.97,101.32,100.75,101.31,854
2016.09.27,17:00,101.30,101.37,100.58,100.61,1115
2016.09.27,18:00,100.62,101.24,100.54,101.09,847
2016.09.27,19:00,101.08,101.45,100.98,101.41,648
2016.09.27,20:00,101.40,101.62,101.35,101.49,570
2016.09.27,21:00,101.50,101.57,101.31,101.38,472
2016.09.27,22:00,101.37,101.51,101.24,101.34,514
2016.09.28,16:00,101.48,101.48,100.90,101.21,595
2016.09.28,17:00,101.20,101.38,101.10,101.20,1162
2016.09.28,18:00,101.21,101.30,100.91,101.01,886
2016.09.28,19:00,101.00,101.09,100.78,101.01,517
2016.09.28,20:00,101.00,101.27,100.91,101.20,628
2016.09.28,21:00,101.19,101.41,101.10,101.36,892
2016.09.28,22:00,101.35,101.50,101.28,101.47,501
2016.09.29,16:00,101.46,101.61,101.13,101.51,659
2016.09.29,17:00,101.52,101.90,101.47,101.82,1426
2016.09.29,18:00,101.81,102.16,101.76,102.09,967
2016.09.29,19:00,102.10,102.28,101.20,101.26,1637
2016.09.29,20:00,101.26,101.33,100.61,100.81,3110
2016.09.29,21:00,100.80,101.27,100.74,100.99,2099
2016.09.29,22:00,100.99,101.08,100.61,100.78,1801
2016.09.30,16:00,100.75,101.37,100.51,100.91,715
2016.09.30,17:00,100.91,101.20,100.65,101.05,1819
2016.09.30,18:00,101.06,101.46,101.04,101.32,1288
2016.09.30,19:00,101.31,101.78,101.28,101.56,673
2016.09.30,20:00,101.57,101.88,101.55,101.80,658
2016.09.30,21:00,101.79,102.00,101.76,101.99,390
2016.09.30,22:00,102.00,102.20,101.88,101.88,430
2016.10.03,16:00,101.37,101.61,101.22,101.37,534
2016.10.03,17:00,101.37,102.35,101.36,102.31,1429
2016.10.03,18:00,102.30,102.30,101.77,101.88,1051
2016.10.03,19:00,101.89,102.06,101.54,101.69,877
2016.10.03,20:00,101.70,101.99,101.55,101.85,671
2016.10.03,21:00,101.86,101.94,101.62,101.77,625
2016.10.03,22:00,101.78,102.03,101.64,101.92,472
2016.10.04,16:00,101.97,102.13,101.75,101.87,538
2016.10.04,17:00,101.84,102.03,101.37,101.84,1662
2016.10.04,18:00,101.85,101.90,101.43,101.57,3077
2016.10.04,19:00,101.57,101.73,101.39,101.53,2092
2016.10.04,20:00,101.51,101.54,101.01,101.20,1244
2016.10.04,21:00,101.18,101.36,101.02,101.03,1238
2016.10.04,22:00,101.02,101.42,101.01,101.26,1018
2016.10.05,16:00,101.53,102.05,101.38,101.72,564
2016.10.05,17:00,101.72,102.16,101.66,101.91,1468
2016.10.05,18:00,101.90,102.21,101.84,102.19,901
2016.10.05,19:00,102.21,102.57,102.16,102.50,905
2016.10.05,20:00,102.49,102.63,102.23,102.43,714
2016.10.05,21:00,102.44,102.52,102.37,102.50,436
2016.10.05,22:00,102.49,102.57,102.20,102.29,684
2016.10.06,16:00,102.14,102.41,101.96,102.36,684
2016.10.06,17:00,102.35,102.92,102.24,102.48,1389
2016.10.06,18:00,102.47,102.81,102.23,102.67,1354
2016.10.06,19:00,102.68,102.89,102.52,102.86,845
2016.10.06,20:00,102.85,102.95,102.66,102.78,658
2016.10.06,21:00,102.77,103.04,102.77,102.87,576
2016.10.06,22:00,102.88,103.13,102.88,102.97,610
2016.10.07,16:00,102.85,103.35,102.85,103.05,1194
2016.10.07,17:00,103.04,103.44,102.92,103.02,1299
2016.10.07,18:00,103.00,103.07,101.94,102.04,1048
2016.10.07,19:00,102.03,102.31,102.02,102.14,1235
2016.10.07,20:00,102.14,102.49,101.94,102.30,765
2016.10.07,21:00,102.31,102.56,102.22,102.50,450
2016.10.07,22:00,102.51,102.55,102.27,102.27,361
2016.10.10,16:00,102.66,103.29,102.60,103.04,747
2016.10.10,17:00,103.05,103.12,102.66,102.77,817
2016.10.10,18:00,102.78,102.98,102.59,102.95,588
2016.10.10,19:00,102.94,103.13,102.83,103.11,554
2016.10.10,20:00,103.09,103.18,102.72,102.72,456
2016.10.10,21:00,102.71,102.85,102.61,102.69,421
2016.10.10,22:00,102.70,102.70,102.51,102.62,395
2016.10.11,16:00,102.52,102.52,101.90,101.94,908
2016.10.11,17:00,101.92,101.97,101.34,101.40,1290
2016.10.11,18:00,101.39,101.42,101.03,101.33,1150
2016.10.11,19:00,101.35,101.56,101.22,101.34,827
2016.10.11,20:00,101.33,101.33,100.91,100.96,1120
2016.10.11,21:00,100.95,101.17,100.79,101.04,1136
2016.10.11,22:00,101.02,101.46,100.99,101.33,911
2016.10.12,16:00,101.28,101.49,101.09,101.38,1052
2016.10.12,17:00,101.37,101.50,101.07,101.17,1533
2016.10.12,18:00,101.16,101.38,101.02,101.26,761
2016.10.12,19:00,101.27,101.66,101.18,101.63,652
2016.10.12,20:00,101.64,101.70,101.49,101.61,378
2016.10.12,21:00,101.62,101.84,101.36,101.36,1402
2016.10.12,22:00,101.35,101.51,101.26,101.40,874
2016.10.13,16:00,100.60,100.80,99.82,99.89,1153
2016.10.13,17:00,99.91,100.36,99.74,100.14,1882
2016.10.13,18:00,100.15,100.56,99.87,100.30,1523
2016.10.13,19:00,100.29,100.82,100.19,100.77,965
2016.10.13,20:00,100.75,100.82,100.40,100.81,922
2016.10.13,21:00,100.82,100.82,100.59,100.81,714
2016.10.13,22:00,100.82,100.98,100.65,100.71,754
2016.10.14,16:00,100.78,101.82,100.77,101.78,510
2016.10.14,17:00,101.78,102.14,101.45,101.94,925
2016.10.14,18:00,101.94,101.94,101.35,101.35,885
2016.10.14,19:00,101.34,101.41,101.09,101.32,752
2016.10.14,20:00,101.31,101.58,101.18,101.22,964
2016.10.14,21:00,101.22,101.32,101.02,101.10,985
2016.10.14,22:00,101.09,101.18,100.90,101.01,603
2016.10.17,16:00,100.69,101.01,100.57,100.58,577
2016.10.17,17:00,100.58,101.21,100.58,100.91,876
2016.10.17,18:00,100.92,101.06,100.81,101.02,735
2016.10.17,19:00,101.03,101.03,100.70,100.83,615
2016.10.17,20:00,100.82,100.92,100.66,100.70,504
2016.10.17,21:00,100.71,101.03,100.71,100.99,561
2016.10.17,22:00,101.00,101.01,100.70,100.76,308
2016.10.18,16:00,101.51,102.03,101.12,101.19,799
2016.10.18,17:00,101.20,101.41,101.01,101.32,831
2016.10.18,18:00,101.31,102.05,101.30,102.03,772
2016.10.18,19:00,102.04,102.09,101.86,101.86,425
2016.10.18,20:00,101.86,101.99,101.77,101.90,435
2016.10.18,21:00,101.89,102.00,101.86,101.94,493
2016.10.18,22:00,101.93,101.95,101.56,101.62,544
2016.10.19,16:00,101.50,102.16,101.43,101.99,576
2016.10.19,17:00,101.95,102.43,101.86,102.21,900
2016.10.19,18:00,102.22,102.43,102.19,102.37,561
2016.10.19,19:00,102.36,102.72,102.36,102.62,297
2016.10.19,20:00,102.63,102.77,102.61,102.62,297
2016.10.19,21:00,102.63,102.72,102.57,102.63,285
2016.10.19,22:00,102.63,102.81,102.61,102.79,238
2016.10.20,16:00,102.79,103.25,102.49,103.21,909
2016.10.20,17:00,103.21,103.31,102.59,102.74,1165
2016.10.20,18:00,102.76,102.87,102.31,102.74,749
2016.10.20,19:00,102.73,102.92,102.63,102.64,722
2016.10.20,20:00,102.65,102.79,102.31,102.32,586
2016.10.20,21:00,102.33,102.71,102.32,102.66,614
2016.10.20,22:00,102.66,102.75,102.53,102.67,468
2016.10.21,16:00,102.07,102.67,101.84,102.65,596
2016.10.21,17:00,102.66,102.74,102.28,102.45,1033
2016.10.21,18:00,102.45,102.80,102.38,102.74,659
2016.10.21,19:00,102.73,102.96,102.68,102.85,407
2016.10.21,20:00,102.83,102.90,102.63,102.80,545
2016.10.21,21:00,102.81,102.96,102.68,102.87,509
2016.10.21,22:00,102.86,102.86,102.67,102.78,337
2016.10.24,16:00,102.98,103.82,102.98,103.80,492
2016.10.24,17:00,103.79,103.87,102.95,103.21,954
2016.10.24,18:00,103.19,103.27,103.01,103.02,553
2016.10.24,19:00,103.02,103.07,102.91,103.06,344
2016.10.24,20:00,103.05,103.33,102.99,103.24,460
2016.10.24,21:00,103.25,103.32,103.17,103.19,344
2016.10.24,22:00,103.19,103.26,103.13,103.23,353
2016.10.25,16:00,103.02,103.02,102.65,102.89,608
2016.10.25,17:00,102.92,103.00,102.24,102.44,1058
2016.10.25,18:00,102.43,103.00,102.43,102.93,825
2016.10.25,19:00,102.93,103.20,102.67,103.17,595
2016.10.25,20:00,103.16,103.16,102.73,102.77,378
2016.10.25,21:00,102.78,102.96,102.64,102.67,373
2016.10.25,22:00,102.67,103.10,102.67,102.94,530
2016.10.26,16:00,102.30,102.98,102.28,102.64,620
2016.10.26,17:00,102.64,103.02,102.60,103.01,791
2016.10.26,18:00,103.02,103.25,102.78,102.81,723
2016.10.26,19:00,102.82,102.99,102.76,102.89,346
2016.10.26,20:00,102.89,102.92,102.56,102.62,480
2016.10.26,21:00,102.63,102.97,102.45,102.78,818
2016.10.26,22:00,102.77,103.14,102.74,103.06,435
2016.10.27,16:00,103.08,103.56,103.01,103.36,1021
2016.10.27,17:00,103.36,103.58,103.20,103.57,1254
2016.10.27,18:00,103.57,103.96,103.46,103.94,1083
2016.10.27,19:00,103.95,103.95,103.57,103.73,803
2016.10.27,20:00,103.72,104.09,103.66,103.90,583
2016.10.27,21:00,103.89,104.01,103.77,103.88,586
2016.10.27,22:00,103.89,103.93,103.62,103.69,630
2016.10.28,16:00,105.19,106.79,104.64,106.59,1656
2016.10.28,17:00,106.62,107.43,105.50,107.11,2259
2016.10.28,18:00,107.12,107.61,106.90,107.13,1368
2016.10.28,19:00,107.11,107.53,107.02,107.32,856
2016.10.28,20:00,107.33,107.52,106.71,106.98,1881
2016.10.28,21:00,107.01,107.79,106.99,107.24,1906
2016.10.28,22:00,107.21,107.36,106.93,106.98,1321
2016.10.31,16:00,107.33,108.81,106.43,106.87,1487
2016.10.31,17:00,106.88,107.40,106.63,107.14,1541
2016.10.31,18:00,107.15,107.53,107.06,107.25,1112
2016.10.31,19:00,107.26,107.42,106.94,106.99,747
2016.10.31,20:00,107.00,107.41,106.98,107.18,659
2016.10.31,21:00,107.18,107.36,106.80,106.95,665
2016.10.31,22:00,106.94,107.18,106.93,107.00,548
2016.11.01,16:00,106.76,107.00,106.26,106.47,856
2016.11.01,17:00,106.48,106.58,106.16,106.45,1669
2016.11.01,18:00,106.46,106.60,106.06,106.11,1419
2016.11.01,19:00,106.13,106.14,105.11,105.18,1445
2016.11.01,20:00,105.26,105.44,104.77,105.12,1361
2016.11.01,21:00,105.10,105.23,104.76,105.04,2271
2016.11.01,22:00,105.01,105.11,104.74,105.00,1605
2016.11.02,16:00,104.23,104.96,104.11,104.87,760
2016.11.02,17:00,104.87,104.96,104.62,104.69,1434
2016.11.02,18:00,104.68,104.91,104.47,104.54,952
2016.11.02,19:00,104.54,104.66,104.28,104.62,807
2016.11.02,20:00,104.59,104.73,104.18,104.67,1065
2016.11.02,21:00,104.67,104.90,104.17,104.74,1512
2016.11.02,22:00,104.74,104.78,104.01,104.02,1199
2016.11.03,16:00,103.54,104.39,103.47,104.21,748
2016.11.03,17:00,104.21,104.28,103.80,103.83,934
2016.11.03,18:00,103.83,104.23,103.67,104.14,760
2016.11.03,19:00,104.15,104.19,103.86,104.06,746
2016.11.03,20:00,104.05,104.26,103.82,103.89,694
2016.11.03,21:00,103.90,104.17,103.81,104.13,1074
2016.11.03,22:00,104.12,104.12,103.53,103.62,920
2016.11.04,16:00,103.89,104.35,103.43,104.13,1195
2016.11.04,17:00,104.17,104.36,103.91,103.94,1153
2016.11.04,18:00,103.92,103.98,103.64,103.81,806
2016.11.04,19:00,103.79,104.06,103.78,103.98,681
2016.11.04,20:00,103.97,104.13,103.85,103.89,458
2016.11.04,21:00,103.87,103.91,103.40,103.48,768
2016.11.04,22:00,103.50,103.53,103.06,103.15,1261
2016.11.07,16:00,104.54,105.63,104.32,105.39,826
2016.11.07,17:00,105.39,105.46,105.06,105.32,1039
2016.11.07,18:00,105.33,105.61,105.16,105.57,775
2016.11.07,19:00,105.57,105.83,105.52,105.59,586
2016.11.07,20:00,105.60,105.63,105.43,105.61,681
2016.11.07,21:00,105.62,105.70,105.52,105.55,788
2016.11.07,22:00,105.56,105.94,105.45,105.89,804
2016.11.08,16:00,105.67,106.09,105.58,106.05,581
2016.11.08,17:00,106.06,106.14,105.65,105.80,844
2016.11.08,18:00,105.80,106.10,105.78,106.02,950
2016.11.08,19:00,106.00,106.35,105.92,106.33,824
2016.11.08,20:00,106.34,106.43,106.19,106.31,900
2016.11.08,21:00,106.30,106.31,105.59,105.75,952
2016.11.08,22:00,105.76,105.96,105.52,105.57,904
2016.11.09,16:00,104.73,105.44,103.76,104.72,1478
2016.11.09,17:00,104.72,105.31,104.08,105.25,1981
2016.11.09,18:00,105.25,106.37,104.93,105.99,1566
2016.11.09,19:00,105.96,106.14,105.41,106.12,1237
2016.11.09,20:00,106.11,106.14,105.45,105.84,1792
2016.11.09,21:00,105.84,106.28,105.77,105.85,1688
2016.11.09,22:00,105.86,106.31,105.78,106.04,1541
2016.11.10,16:00,106.49,107.06,105.70,105.76,922
2016.11.10,17:00,105.77,105.97,102.59,102.66,2202
2016.11.10,18:00,102.67,103.86,102.38,103.86,2170
2016.11.10,19:00,103.87,104.55,103.70,104.52,1231
2016.11.10,20:00,104.52,105.21,104.52,105.00,1504
2016.11.10,21:00,104.98,105.01,104.44,104.84,1229
2016.11.10,22:00,104.83,104.89,104.40,104.54,1231
2016.11.11,16:00,103.91,104.82,103.49,104.78,801
2016.11.11,17:00,104.77,105.00,104.31,104.48,1331
2016.11.11,18:00,104.46,104.48,103.87,104.09,1075
2016.11.11,19:00,104.09,104.39,103.95,103.99,738
2016.11.11,20:00,104.00,104.26,103.99,104.01,751
2016.11.11,21:00,104.00,104.48,103.86,104.21,775
2016.11.11,22:00,104.22,104.54,104.21,104.54,1067
2016.11.14,16:00,104.97,105.01,103.10,103.23,1046
2016.11.14,17:00,103.23,103.60,102.20,102.22,1883
2016.11.14,18:00,102.22,102.22,101.05,101.17,2102
2016.11.14,19:00,101.19,101.20,100.31,100.46,1869
2016.11.14,20:00,100.49,101.27,100.42,101.20,1338
2016.11.14,21:00,101.21,101.51,100.86,101.50,1354
2016.11.14,22:00,101.50,101.50,100.91,101.04,922
2016.11.15,16:00,101.66,102.62,101.37,102.24,984
2016.11.15,17:00,102.24,102.91,102.18,102.45,1627
2016.11.15,18:00,102.47,102.55,101.82,102.39,1430
2016.11.15,19:00,102.40,102.62,102.04,102.17,888
2016.11.15,20:00,102.18,102.55,102.16,102.23,982
2016.11.15,21:00,102.22,102.50,102.16,102.44,935
2016.11.15,22:00,102.44,102.80,102.33,102.54,906
2016.11.16,16:00,102.54,103.15,102.07,102.89,688
2016.11.16,17:00,102.89,103.26,102.73,103.11,1233
2016.11.16,18:00,103.12,103.58,102.86,103.50,1222
2016.11.16,19:00,103.49,103.62,103.27,103.45,911
2016.11.16,20:00,103.45,103.61,103.31,103.35,965
2016.11.16,21:00,103.36,103.56,103.30,103.33,826
2016.11.16,22:00,103.34,103.85,103.33,103.85,408
2016.11.17,16:00,104.21,105.15,104.21,104.36,865
2016.11.17,17:00,104.36,104.43,103.70,104.23,1094
2016.11.17,18:00,104.22,104.50,104.08,104.14,932
2016.11.17,19:00,104.13,104.46,104.00,104.07,769
2016.11.17,20:00,104.08,104.23,103.96,104.07,801
2016.11.17,21:00,104.08,104.22,103.84,104.18,996
2016.11.17,22:00,104.19,104.34,104.13,104.33,668
2016.11.18,16:00,104.57,105.03,104.26,104.66,613
2016.11.18,17:00,104.67,105.02,104.35,104.49,1048
2016.11.18,18:00,104.47,104.79,104.45,104.53,854
2016.11.18,19:00,104.51,104.86,104.45,104.84,576
2016.11.18,20:00,104.84,105.01,104.74,104.93,471
2016.11.18,21:00,104.94,105.06,104.92,105.03,286
2016.11.18,22:00,105.04,105.05,104.83,104.85,286
2016.11.21,16:00,104.64,105.18,104.64,104.99,731
2016.11.21,17:00,105.01,105.08,104.60,104.83,1043
2016.11.21,18:00,104.84,105.22,104.82,105.22,617
2016.11.21,19:00,105.21,105.87,105.20,105.68,654
2016.11.21,20:00,105.68,105.70,105.52,105.65,423
2016.11.21,21:00,105.64,105.76,105.51,105.69,394
2016.11.21,22:00,105.68,105.82,105.59,105.81,306
2016.11.22,16:00,105.66,105.80,104.67,104.95,627
2016.11.22,17:00,104.96,105.79,104.83,105.26,1434
2016.11.22,18:00,105.23,105.24,104.75,104.90,1283
2016.11.22,19:00,104.90,105.60,104.81,105.59,909
2016.11.22,20:00,105.60,105.68,105.47,105.56,778
2016.11.22,21:00,105.56,105.63,105.39,105.54,771
2016.11.22,22:00,105.54,106.02,105.51,106.01,371
2016.11.23,16:00,105.55,105.75,105.11,105.30,813
2016.11.23,17:00,105.28,105.66,105.12,105.32,1213
2016.11.23,18:00,105.30,105.30,104.70,104.73,1659
2016.11.23,19:00,104.71,104.94,104.54,104.55,993
2016.11.23,20:00,104.54,104.70,104.45,104.51,854
2016.11.23,21:00,104.51,104.68,104.31,104.39,785
2016.11.23,22:00,104.38,104.70,104.22,104.36,889
2016.11.25,16:00,104.56,105.35,104.26,105.03,989
2016.11.25,17:00,105.04,105.21,104.90,105.20,1289
2016.11.25,18:00,105.20,105.42,105.15,105.38,754
2016.11.25,19:00,105.38,105.61,105.27,105.59,658
2016.11.28,16:00,105.24,105.35,104.50,105.03,936
2016.11.28,17:00,105.03,105.07,104.15,104.19,1202
2016.11.28,18:00,104.20,104.46,103.89,103.94,2077
2016.11.28,19:00,103.97,104.11,103.76,103.78,1139
2016.11.28,20:00,103.77,103.79,103.01,103.21,1627
2016.11.28,21:00,103.22,103.78,103.22,103.39,787
2016.11.28,22:00,103.40,103.44,103.20,103.37,718
2016.11.29,16:00,103.40,104.09,103.26,103.91,765
2016.11.29,17:00,103.87,104.28,103.70,104.27,1278
2016.11.29,18:00,104.25,104.26,103.88,103.94,1052
2016.11.29,19:00,103.95,104.17,103.68,104.09,850
2016.11.29,20:00,104.08,104.23,103.95,104.12,638
2016.11.29,21:00,104.13,104.32,103.97,104.13,536
2016.11.29,22:00,104.14,104.15,103.65,103.88,704
2016.11.30,16:00,103.81,104.11,103.34,103.34,831
2016.11.30,17:00,103.40,103.40,101.75,102.46,1932
2016.11.30,18:00,102.45,102.48,102.05,102.21,1535
2016.11.30,19:00,102.21,102.26,101.82,101.91,1287
2016.11.30,20:00,101.92,102.10,101.51,101.55,905
2016.11.30,21:00,101.55,101.81,101.33,101.79,1023
2016.11.30,22:00,101.77,102.29,101.77,102.12,835
2016.12.01,16:00,102.13,102.41,100.98,100.99,835
2016.12.01,17:00,101.01,101.22,99.47,99.78,2489
2016.12.01,18:00,99.76,100.58,99.74,99.88,1753
2016.12.01,19:00,99.88,100.24,99.64,99.76,1292
2016.12.01,20:00,99.76,99.81,99.46,99.61,923
2016.12.01,21:00,99.63,100.00,99.57,99.90,902
2016.12.01,22:00,99.90,99.99,99.77,99.95,934
2016.12.02,16:00,100.19,100.81,99.73,100.10,957
2016.12.02,17:00,100.13,100.54,99.95,100.51,1962
2016.12.02,18:00,100.53,100.88,100.39,100.59,1533
2016.12.02,19:00,100.60,100.91,100.37,100.80,1359
2016.12.02,20:00,100.79,100.85,100.44,100.73,1088
2016.12.02,21:00,100.74,100.78,100.61,100.68,792
2016.12.02,22:00,100.69,101.08,100.69,100.92,670
2016.12.05,16:00,101.76,103.19,101.60,103.08,897
2016.12.05,17:00,103.08,103.55,102.99,103.23,1520
2016.12.05,18:00,103.21,103.42,103.12,103.28,1463
2016.12.05,19:00,103.28,103.36,102.94,103.13,1330
2016.12.05,20:00,103.11,103.33,103.02,103.31,948
2016.12.05,21:00,103.30,103.62,103.19,103.24,995
2016.12.05,22:00,103.24,103.47,103.12,103.41,848
2016.12.06,16:00,103.73,103.86,102.94,103.21,830
2016.12.06,17:00,103.25,103.53,102.86,103.16,1421
2016.12.06,18:00,103.15,103.22,102.58,102.78,1027
2016.12.06,19:00,102.77,102.85,102.01,102.08,1578
2016.12.06,20:00,102.06,102.48,101.75,102.48,881
2016.12.06,21:00,102.47,102.73,102.03,102.19,1162
2016.12.06,22:00,102.20,102.25,101.98,102.10,816
2016.12.07,16:00,103.04,103.65,102.93,103.06,1287
2016.12.07,17:00,103.00,103.42,102.54,103.27,1646
2016.12.07,18:00,103.28,103.84,103.11,103.84,1217
2016.12.07,19:00,103.81,103.92,103.66,103.76,967
2016.12.07,20:00,103.76,104.85,103.76,104.81,1416
2016.12.07,21:00,104.82,105.51,104.65,105.24,1354
2016.12.07,22:00,105.22,105.32,104.79,104.80,1529
2016.12.08,16:00,105.09,105.24,103.78,104.62,944
2016.12.08,17:00,104.63,105.17,104.54,105.03,1759
2016.12.08,18:00,105.03,105.33,104.92,105.25,1167
2016.12.08,19:00,105.25,105.43,105.13,105.15,1144
2016.12.08,20:00,105.14,105.17,104.92,105.07,905
2016.12.08,21:00,105.06,105.12,104.62,104.79,902
2016.12.08,22:00,104.78,104.94,104.55,104.75,814
2016.12.09,16:00,104.57,105.04,104.55,104.65,504
2016.12.09,17:00,104.65,104.73,103.95,104.33,1576
2016.12.09,18:00,104.27,104.46,103.96,104.33,1325
2016.12.09,19:00,104.33,104.47,104.19,104.37,1235
2016.12.09,20:00,104.37,104.55,104.22,104.41,1174
2016.12.09,21:00,104.40,104.44,103.98,104.08,986
2016.12.09,22:00,104.09,104.36,104.04,104.25,908
2016.12.12,16:00,104.36,104.54,103.53,104.10,1105
2016.12.12,17:00,104.12,104.20,103.46,103.65,2106
2016.12.12,18:00,103.63,103.82,103.29,103.30,1705
2016.12.12,19:00,103.31,103.37,103.08,103.26,1299
2016.12.12,20:00,103.26,103.64,103.22,103.34,1306
2016.12.12,21:00,103.34,103.44,103.21,103.42,1380
2016.12.12,22:00,103.42,103.54,103.19,103.19,853
2016.12.13,16:00,103.48,104.18,103.34,103.91,1232
2016.12.13,17:00,103.91,104.51,103.58,104.35,1995
2016.12.13,18:00,104.34,104.35,103.61,103.74,1854
2016.12.13,19:00,103.75,103.83,103.14,103.27,1984
2016.12.13,20:00,103.27,103.56,103.22,103.34,1511
2016.12.13,21:00,103.34,103.34,102.85,103.15,962
2016.12.13,22:00,103.11,103.42,103.11,103.19,761
2016.12.14,16:00,103.27,104.08,103.08,104.00,573
2016.12.14,17:00,104.01,104.01,103.50,103.95,1088
2016.12.14,18:00,103.95,104.48,103.84,104.41,1140
2016.12.14,19:00,104.42,104.72,104.40,104.68,956
2016.12.14,20:00,104.69,104.79,104.19,104.39,907
2016.12.14,21:00,104.39,104.42,103.48,103.65,1338
2016.12.14,22:00,103.66,103.87,103.08,103.27,1684
2016.12.15,16:00,103.99,105.00,103.92,105.00,833
2016.12.15,17:00,105.01,105.27,104.26,105.11,1795
2016.12.15,18:00,105.40,105.65,105.27,105.49,1322
2016.12.15,19:00,105.50,105.60,105.07,105.26,998
2016.12.15,20:00,105.25,105.34,104.35,104.48,985
2016.12.15,21:00,104.48,104.63,104.15,104.19,1175
2016.12.15,22:00,104.19,104.43,104.16,104.29,1277
2016.12.16,16:00,104.69,104.69,103.23,103.61,1228
2016.12.16,17:00,103.61,103.92,102.99,103.89,1701
2016.12.16,18:00,103.90,103.92,103.35,103.66,1415
2016.12.16,19:00,103.64,103.76,103.49,103.66,860
2016.12.16,20:00,103.64,103.74,103.57,103.68,538
2016.12.16,21:00,103.67,103.71,103.40,103.51,834
2016.12.16,22:00,103.50,103.52,103.25,103.43,870
2016.12.19,16:00,103.36,104.12,103.29,103.91,1169
2016.12.19,17:00,103.89,104.10,103.54,103.82,1384
2016.12.19,18:00,103.83,104.03,103.48,103.55,1124
2016.12.19,19:00,103.56,103.81,103.45,103.78,917
2016.12.19,20:00,103.79,103.80,103.52,103.77,713
2016.12.19,21:00,103.78,103.82,103.56,103.62,757
2016.12.19,22:00,103.63,103.70,103.48,103.53,632
2016.12.20,16:00,104.09,104.10,103.05,103.16,1159
2016.12.20,17:00,103.16,103.98,103.16,103.98,1060
2016.12.20,18:00,103.98,104.03,103.67,104.00,1091
2016.12.20,19:00,103.98,104.28,103.78,104.26,999
2016.12.20,20:00,104.28,104.42,104.18,104.37,499
2016.12.20,21:00,104.35,104.43,104.15,104.35,519
2016.12.20,22:00,104.36,104.50,104.26,104.33,482
2016.12.21,16:00,104.40,104.79,103.78,104.19,676
2016.12.21,17:00,104.23,104.53,104.05,104.22,1353
2016.12.21,18:00,104.25,104.30,103.87,104.16,1127
2016.12.21,19:00,104.18,104.32,104.13,104.24,565
2016.12.21,20:00,104.23,104.34,104.10,104.13,437
2016.12.21,21:00,104.14,104.34,104.11,104.25,671
2016.12.21,22:00,104.26,104.27,104.08,104.15,520
2016.12.22,16:00,103.71,104.05,103.08,103.60,834
2016.12.22,17:00,103.64,104.02,103.45,103.97,1171
2016.12.22,18:00,103.97,104.04,103.57,103.77,990
2016.12.22,19:00,103.74,104.20,103.67,104.19,695
2016.12.22,20:00,104.20,104.50,104.13,104.42,988
2016.12.22,21:00,104.43,104.70,104.37,104.40,988
2016.12.22,22:00,104.41,104.46,104.07,104.25,744
2016.12.23,16:00,104.02,104.91,103.97,104.86,683
2016.12.23,17:00,104.87,105.09,104.48,104.53,1221
2016.12.23,18:00,104.55,104.65,104.38,104.58,885
2016.12.23,19:00,104.55,104.76,104.50,104.71,731
2016.12.23,20:00,104.70,104.85,104.62,104.68,648
2016.12.23,21:00,104.67,104.76,104.44,104.59,421
2016.12.23,22:00,104.58,104.71,104.51,104.63,398
2016.12.27,16:00,104.77,105.54,104.54,105.16,946
2016.12.27,17:00,105.16,105.43,104.93,105.14,879
2016.12.27,18:00,105.15,105.22,104.98,105.10,701
2016.12.27,19:00,105.07,105.16,104.98,105.11,458
2016.12.27,20:00,105.11,105.13,104.95,104.95,388
2016.12.27,21:00,104.96,104.98,104.71,104.76,401
2016.12.27,22:00,104.75,104.96,104.72,104.88,311
2016.12.28,16:00,104.47,104.65,103.80,103.87,756
2016.12.28,17:00,103.87,104.05,103.67,103.96,1064
2016.12.28,18:00,103.96,104.10,103.82,103.96,964
2016.12.28,19:00,103.95,103.95,103.55,103.73,1043
2016.12.28,20:00,103.74,103.86,103.60,103.77,716
2016.12.28,21:00,103.74,103.86,103.47,103.57,903
2016.12.28,22:00,103.62,103.79,103.53,103.70,741
2016.12.29,16:00,103.76,104.29,103.59,104.00,660
2016.12.29,17:00,104.01,104.06,103.46,103.56,1288
2016.12.29,18:00,103.57,103.68,103.35,103.48,1241
2016.12.29,19:00,103.50,103.77,103.28,103.70,619
2016.12.29,20:00,103.71,103.79,103.56,103.71,493
2016.12.29,21:00,103.71,103.90,103.63,103.70,728
2016.12.29,22:00,103.71,103.78,103.60,103.67,247
2016.12.30,16:00,103.57,103.85,102.95,103.08,769
2016.12.30,17:00,103.08,103.20,102.93,103.07,1038
2016.12.30,18:00,103.06,103.33,103.03,103.28,650
2016.12.30,19:00,103.29,103.56,103.17,103.47,809
2016.12.30,20:00,103.46,103.68,103.36,103.49,966
2016.12.30,21:00,103.49,103.51,103.12,103.16,771
2016.12.30,22:00,103.17,103.38,102.92,103.01,742
2017.01.03,16:00,104.11,105.10,103.97,105.00,1062
2017.01.03,17:00,105.00,105.83,104.83,104.99,2648
2017.01.03,18:00,104.98,105.32,104.88,105.30,2068
2017.01.03,19:00,105.31,105.48,105.16,105.42,1364
2017.01.03,20:00,105.41,105.48,104.85,104.88,1170
2017.01.03,21:00,104.88,104.95,104.40,104.50,1216
2017.01.03,22:00,104.49,105.14,104.25,105.08,1216
2017.01.04,16:00,105.32,105.49,104.80,105.16,837
2017.01.04,17:00,105.16,106.64,105.14,106.56,1645
2017.01.04,18:00,106.57,106.64,106.16,106.23,1201
2017.01.04,19:00,106.23,106.29,105.88,105.90,752
2017.01.04,20:00,105.91,106.29,105.86,106.28,819
2017.01.04,21:00,106.30,106.51,106.18,106.35,1066
2017.01.04,22:00,106.34,106.69,106.33,106.36,1194
2017.01.05,16:00,106.89,107.97,106.46,107.80,1089
2017.01.05,17:00,107.81,108.08,107.50,107.55,1652
2017.01.05,18:00,107.52,107.64,106.73,106.76,1388
2017.01.05,19:00,106.76,106.88,106.40,106.69,1653
2017.01.05,20:00,106.70,106.88,106.65,106.78,1105
2017.01.05,21:00,106.79,107.03,106.68,106.80,903
2017.01.05,22:00,106.80,107.16,106.77,107.00,745
2017.01.06,16:00,107.13,107.60,106.80,107.26,961
2017.01.06,17:00,107.27,107.48,106.87,107.11,1340
2017.01.06,18:00,107.12,107.61,107.05,107.55,1433
2017.01.06,19:00,107.56,107.92,107.41,107.83,1000
2017.01.06,20:00,107.83,108.04,107.72,107.91,875
2017.01.06,21:00,107.92,107.94,107.70,107.80,907
2017.01.06,22:00,107.80,107.82,107.58,107.69,827
2017.01.09,16:00,107.55,108.02,107.22,107.65,882
2017.01.09,17:00,107.65,108.05,107.48,107.68,1322
2017.01.09,18:00,107.69,107.77,107.34,107.76,995
2017.01.09,19:00,107.75,107.76,107.58,107.71,882
2017.01.09,20:00,107.72,107.84,107.55,107.71,833
2017.01.09,21:00,107.72,107.82,107.52,107.77,735
2017.01.09,22:00,107.78,107.93,107.60,107.63,360
2017.01.10,16:00,107.45,107.62,106.79,107.08,853
2017.01.10,17:00,107.12,108.13,107.12,108.04,1277
2017.01.10,18:00,108.04,108.50,107.99,108.33,1188
2017.01.10,19:00,108.35,108.51,107.91,107.98,832
2017.01.10,20:00,107.95,107.97,107.35,107.36,843
2017.01.10,21:00,107.39,107.68,107.26,107.45,986
2017.01.10,22:00,107.44,107.56,107.31,107.36,598
2017.01.11,16:00,106.81,107.58,106.75,107.42,781
2017.01.11,17:00,107.43,107.79,107.14,107.73,1237
2017.01.11,18:00,107.73,107.79,106.96,107.55,1544
2017.01.11,19:00,107.56,107.64,106.91,107.34,1653
2017.01.11,20:00,107.34,107.51,106.89,107.41,1459
2017.01.11,21:00,107.42,107.54,107.25,107.41,864
2017.01.11,22:00,107.41,107.66,107.34,107.65,735
2017.01.12,16:00,107.47,107.72,107.35,107.50,744
2017.01.12,17:00,107.50,107.96,107.13,107.84,1529
2017.01.12,18:00,107.85,107.85,107.30,107.71,1247
2017.01.12,19:00,107.72,108.31,107.63,108.25,1392
2017.01.12,20:00,108.11,108.46,108.09,108.18,1179
2017.01.12,21:00,108.18,108.40,108.08,108.38,945
2017.01.12,22:00,108.38,108.76,108.29,108.71,866
2017.01.13,16:00,108.57,109.32,108.31,108.90,895
2017.01.13,17:00,108.90,109.12,108.81,109.08,1083
2017.01.13,18:00,109.08,109.13,108.84,108.97,894
2017.01.13,19:00,108.97,109.25,108.73,109.02,1231
2017.01.13,20:00,109.04,109.05,108.85,109.00,792
2017.01.13,21:00,108.96,109.07,108.55,108.65,1386
2017.01.13,22:00,108.68,108.82,108.56,108.62,649
2017.01.17,16:00,108.17,108.47,107.55,108.31,1285
2017.01.17,17:00,108.29,108.80,108.23,108.64,1430
2017.01.17,18:00,108.64,108.64,108.13,108.18,864
2017.01.17,19:00,108.16,108.21,107.96,108.08,626
2017.01.17,20:00,108.08,108.29,108.06,108.10,595
2017.01.17,21:00,108.10,108.21,107.90,108.12,871
2017.01.17,22:00,108.13,108.40,108.00,108.39,875
2017.01.18,16:00,108.48,108.83,107.78,108.83,847
2017.01.18,17:00,108.83,109.18,108.68,108.95,1370
2017.01.18,18:00,108.87,109.09,108.64,108.73,885
2017.01.18,19:00,108.72,108.92,108.69,108.73,841
2017.01.18,20:00,108.71,108.88,108.64,108.67,735
2017.01.18,21:00,108.64,108.89,108.63,108.86,631
2017.01.18,22:00,108.85,108.88,108.67,108.71,371
2017.01.19,16:00,108.52,109.09,108.49,109.08,657
2017.01.19,17:00,109.08,109.30,108.72,108.76,930
2017.01.19,18:00,108.71,108.85,108.51,108.56,904
2017.01.19,19:00,108.57,108.71,108.43,108.55,691
2017.01.19,20:00,108.55,108.67,108.47,108.61,626
2017.01.19,21:00,108.59,108.68,108.25,108.45,943
2017.01.19,22:00,108.44,108.66,108.29,108.49,752
2017.01.20,16:00,108.88,109.77,108.88,109.45,901
2017.01.20,17:00,109.46,109.51,108.84,109.26,1267
2017.01.20,18:00,109.26,109.94,109.24,109.89,1360
2017.01.20,19:00,109.93,109.96,109.32,109.72,1669
2017.01.20,20:00,109.69,109.77,109.50,109.56,1036
2017.01.20,21:00,109.57,109.79,109.52,109.72,893
2017.01.20,22:00,109.72,109.94,109.59,109.84,1059
2017.01.23,16:00,109.59,109.88,109.24,109.38,900
2017.01.23,17:00,109.40,109.71,109.08,109.64,1370
2017.01.23,18:00,109.64,109.64,109.10,109.32,1164
2017.01.23,19:00,109.33,109.46,109.08,109.44,861
2017.01.23,20:00,109.42,109.82,109.42,109.63,720
2017.01.23,21:00,109.65,109.74,109.54,109.70,754
2017.01.23,22:00,109.70,109.92,109.63,109.64,555
2017.01.24,16:00,109.60,109.80,109.12,109.25,737
2017.01.24,17:00,109.27,109.71,109.14,109.56,964
2017.01.24,18:00,109.57,109.63,109.26,109.37,657
2017.01.24,19:00,109.36,109.44,109.29,109.39,483
2017.01.24,20:00,109.40,109.96,109.39,109.92,837
2017.01.24,21:00,109.93,109.96,109.79,109.95,1157
2017.01.24,22:00,109.96,110.09,109.76,109.92,845
2017.01.25,16:00,110.30,111.01,110.05,110.06,816
2017.01.25,17:00,110.05,110.41,109.97,109.98,973
2017.01.25,18:00,110.00,110.18,109.62,109.67,763
2017.01.25,19:00,109.68,109.89,109.37,109.82,642
2017.01.25,20:00,109.83,109.97,109.75,109.96,493
2017.01.25,21:00,109.96,110.17,109.89,109.97,524
2017.01.25,22:00,109.98,110.09,109.76,110.00,455
2017.01.26,16:00,109.60,110.21,109.24,109.49,857
2017.01.26,17:00,109.49,109.76,109.05,109.22,1160
2017.01.26,18:00,109.21,109.35,108.97,109.23,885
2017.01.26,19:00,109.24,109.45,109.12,109.29,698
2017.01.26,20:00,109.29,109.36,109.10,109.17,403
2017.01.26,21:00,109.18,109.41,109.16,109.34,442
2017.01.26,22:00,109.31,109.48,109.20,109.36,415
2017.01.27,16:00,109.55,109.71,108.85,109.21,1094
2017.01.27,17:00,109.21,109.39,108.83,109.22,1179
2017.01.27,18:00,109.22,109.55,109.21,109.52,890
2017.01.27,19:00,109.52,109.58,109.26,109.49,726
2017.01.27,20:00,109.49,109.60,109.27,109.29,690
2017.01.27,21:00,109.28,109.56,109.27,109.56,615
2017.01.27,22:00,109.55,109.66,109.40,109.58,509
2017.01.30,16:00,109.10,109.32,108.30,108.39,988
2017.01.30,17:00,108.39,108.50,107.98,108.29,1500
2017.01.30,18:00,108.29,108.91,108.27,108.80,1255
2017.01.30,19:00,108.79,109.27,108.77,108.85,1189
2017.01.30,20:00,108.90,109.20,108.77,109.06,1043
2017.01.30,21:00,109.04,109.34,109.00,109.22,1108
2017.01.30,22:00,109.24,109.25,108.81,109.18,1163
2017.01.31,16:00,105.26,106.80,105.15,106.36,1751
2017.01.31,17:00,106.37,106.67,106.13,106.56,1721
2017.01.31,18:00,106.57,106.98,106.24,106.33,1242
2017.01.31,19:00,106.34,106.44,106.04,106.08,837
2017.01.31,20:00,106.08,106.28,105.97,106.05,833
2017.01.31,21:00,106.05,106.19,105.57,105.66,1036
2017.01.31,22:00,105.67,106.19,105.66,106.19,941
2017.02.01,16:00,106.36,106.58,104.75,104.90,1284
2017.02.01,17:00,104.89,104.98,103.98,104.32,2104
2017.02.01,18:00,104.30,104.84,104.18,104.84,1424
2017.02.01,19:00,104.83,105.25,104.63,104.65,1543
2017.02.01,20:00,104.66,104.97,104.54,104.63,1161
2017.02.01,21:00,104.59,105.00,104.55,104.99,1288
2017.02.01,22:00,104.99,105.21,104.85,104.96,993
2017.02.02,16:00,104.63,105.41,104.57,105.37,1146
2017.02.02,17:00,105.37,105.38,104.94,105.31,1331
2017.02.02,18:00,105.31,105.44,104.99,105.03,1215
2017.02.02,19:00,105.04,105.36,104.94,105.35,909
2017.02.02,20:00,105.36,105.38,105.05,105.31,648
2017.02.02,21:00,105.29,105.30,104.67,104.75,1032
2017.02.02,22:00,104.75,105.10,104.75,105.09,907
2017.02.03,16:00,106.22,106.48,105.54,105.73,1511
2017.02.03,17:00,105.74,106.93,105.74,106.70,1887
2017.02.03,18:00,106.70,107.40,106.69,107.14,1525
2017.02.03,19:00,107.15,107.50,106.86,106.91,750
2017.02.03,20:00,106.92,106.99,106.51,106.55,755
2017.02.03,21:00,106.55,106.95,106.55,106.83,715
2017.02.03,22:00,106.83,106.94,106.62,106.64,554
2017.02.06,16:00,105.97,106.52,105.71,105.76,822
2017.02.06,17:00,105.80,106.11,105.62,106.02,947
2017.02.06,18:00,106.02,106.34,105.98,106.30,653
2017.02.06,19:00,106.28,106.32,106.12,106.18,618
2017.02.06,20:00,106.17,106.38,105.90,106.38,601
2017.02.06,21:00,106.37,106.51,106.23,106.44,579
2017.02.06,22:00,106.43,106.47,106.18,106.33,455
2017.02.07,16:00,106.70,106.95,106.25,106.34,721
2017.02.07,17:00,106.35,106.54,105.96,106.42,1015
2017.02.07,18:00,106.42,106.43,105.98,106.25,612
2017.02.07,19:00,106.25,106.30,105.99,106.27,640
2017.02.07,20:00,106.26,106.57,106.20,106.43,683
2017.02.07,21:00,106.42,106.67,106.42,106.54,574
2017.02.07,22:00,106.54,106.56,106.32,106.46,367
2017.02.08,16:00,106.22,106.51,105.72,106.09,640
2017.02.08,17:00,106.10,106.71,105.97,106.68,1010
2017.02.08,18:00,106.69,106.80,106.29,106.49,518
2017.02.08,19:00,106.50,106.74,106.28,106.38,455
2017.02.08,20:00,106.39,106.64,106.37,106.63,568
2017.02.08,21:00,106.63,106.68,106.52,106.56,448
2017.02.08,22:00,106.54,106.73,106.48,106.71,325
2017.02.09,16:00,106.66,107.03,106.33,107.00,695
2017.02.09,17:00,107.00,107.22,106.67,106.67,978
2017.02.09,18:00,106.68,107.05,106.52,107.04,783
2017.02.09,19:00,107.04,107.34,107.01,107.17,625
2017.02.09,20:00,107.16,107.30,107.07,107.28,591
2017.02.09,21:00,107.27,107.47,107.17,107.39,435
2017.02.09,22:00,107.40,107.47,107.20,107.27,356
2017.02.10,16:00,107.25,107.55,107.10,107.42,712
2017.02.10,17:00,107.43,107.55,107.20,107.38,939
2017.02.10,18:00,107.38,107.43,107.22,107.36,782
2017.02.10,19:00,107.36,107.55,107.28,107.51,459
2017.02.10,20:00,107.50,107.59,107.40,107.43,581
2017.02.10,21:00,107.43,107.49,107.32,107.34,325
2017.02.10,22:00,107.34,107.44,107.27,107.33,287
2017.02.13,16:00,107.68,107.83,107.25,107.77,602
2017.02.13,17:00,107.77,108.02,107.67,107.85,738
2017.02.13,18:00,107.86,107.92,107.61,107.64,455
2017.02.13,19:00,107.63,107.80,107.59,107.77,354
2017.02.13,20:00,107.77,108.09,107.71,108.07,575
2017.02.13,21:00,108.06,108.28,108.05,108.19,668
2017.02.13,22:00,108.18,108.24,108.06,108.22,404
2017.02.14,16:00,107.38,108.26,107.38,108.22,399
2017.02.14,17:00,108.18,108.22,107.76,108.00,847
2017.02.14,18:00,108.02,108.39,107.93,108.32,576
2017.02.14,19:00,108.32,108.55,108.23,108.53,509
2017.02.14,20:00,108.54,108.74,108.44,108.72,547
2017.02.14,21:00,108.73,108.86,108.61,108.67,578
2017.02.14,22:00,108.68,108.86,108.58,108.82,441
2017.02.15,16:00,108.73,109.14,108.70,109.14,611
2017.02.15,17:00,109.14,109.15,108.99,109.10,773
2017.02.15,18:00,109.10,109.51,108.98,109.32,788
2017.02.15,19:00,109.32,109.63,109.21,109.60,425
2017.02.15,20:00,109.60,110.00,109.60,109.86,640
2017.02.15,21:00,109.85,109.90,109.58,109.60,471
2017.02.15,22:00,109.59,109.82,109.53,109.56,612
2017.02.16,16:00,109.65,110.13,109.47,109.67,569
2017.02.16,17:00,109.67,109.92,109.05,109.21,906
2017.02.16,18:00,109.22,109.36,108.98,109.34,775
2017.02.16,19:00,109.32,109.35,108.99,109.18,582
2017.02.16,20:00,109.19,109.19,108.96,109.04,610
2017.02.16,21:00,109.07,109.26,108.80,109.22,605
2017.02.16,22:00,109.21,109.36,109.15,109.25,371
2017.02.17,16:00,109.06,109.93,108.87,109.81,578
2017.02.17,17:00,109.81,109.87,109.25,109.35,960
2017.02.17,18:00,109.36,109.51,109.17,109.42,856
2017.02.17,19:00,109.42,109.43,109.25,109.35,382
2017.02.17,20:00,109.33,109.35,108.92,109.00,519
2017.02.17,21:00,108.99,109.13,108.95,109.02,457
2017.02.17,22:00,109.01,109.24,108.98,109.22,495
2017.02.21,16:00,109.32,109.55,109.29,109.33,659
2017.02.21,17:00,109.33,109.91,109.30,109.77,1091
2017.02.21,18:00,109.77,109.94,109.66,109.84,744
2017.02.21,19:00,109.85,109.96,109.83,109.90,421
2017.02.21,20:00,109.89,109.96,109.77,109.86,426
2017.02.21,21:00,109.86,110.05,109.80,110.00,656
2017.02.21,22:00,110.01,110.20,109.95,110.20,437
2017.02.22,16:00,109.58,109.97,109.58,109.94,562
2017.02.22,17:00,109.95,110.36,109.85,109.88,896
2017.02.22,18:00,109.87,109.96,109.73,109.73,562
2017.02.22,19:00,109.71,109.92,109.68,109.72,495
2017.02.22,20:00,109.72,109.75,109.31,109.44,593
2017.02.22,21:00,109.43,109.44,109.13,109.26,962
2017.02.22,22:00,109.26,109.47,109.23,109.46,621
2017.02.23,16:00,109.48,110.42,109.48,110.36,613
2017.02.23,17:00,110.36,110.48,110.08,110.34,1026
2017.02.23,18:00,110.34,110.62,110.21,110.51,743
2017.02.23,19:00,110.50,110.68,110.37,110.40,692
2017.02.23,20:00,110.41,110.55,110.14,110.46,944
2017.02.23,21:00,110.45,110.65,110.25,110.49,797
2017.02.23,22:00,110.50,110.60,110.37,110.58,516
2017.02.24,16:00,110.13,110.57,110.13,110.54,751
2017.02.24,17:00,110.52,110.61,110.16,110.53,1064
2017.02.24,18:00,110.54,110.67,110.33,110.35,702
2017.02.24,19:00,110.36,110.49,110.29,110.48,411
2017.02.24,20:00,110.47,110.52,110.35,110.42,427
2017.02.24,21:00,110.41,110.54,110.38,110.38,363
2017.02.24,22:00,110.37,110.90,110.36,110.82,465
