2015.12.29,17:00,19.52,19.54,19.24,19.28,160
2015.12.29,18:00,19.27,19.31,19.04,19.21,174
2015.12.29,19:00,19.21,19.26,18.78,18.87,223
2015.12.29,20:00,18.87,18.93,18.70,18.91,183
2015.12.29,21:00,18.92,19.02,18.83,19.02,96
2015.12.29,22:00,19.02,19.09,18.99,19.04,129
2015.12.29,23:00,19.03,19.03,19.03,19.03,2
2015.12.30,16:00,18.95,19.02,18.88,18.95,59
2015.12.30,17:00,18.95,18.99,18.80,18.99,110
2015.12.30,18:00,18.99,19.29,18.97,19.20,77
2015.12.30,19:00,19.20,19.31,19.12,19.12,96
2015.12.30,20:00,19.13,19.19,19.07,19.19,58
2015.12.30,21:00,19.17,19.21,19.16,19.20,60
2015.12.30,22:00,19.21,19.26,19.14,19.19,112
2015.12.30,23:00,19.19,19.19,19.19,19.19,2
2015.12.31,16:00,19.06,19.34,19.06,19.09,76
2015.12.31,17:00,19.07,19.10,18.90,18.91,89
2015.12.31,18:00,18.90,18.93,18.70,18.90,157
2015.12.31,19:00,18.92,19.17,18.82,18.96,133
2015.12.31,20:00,18.98,19.05,18.96,19.02,63
2015.12.31,21:00,19.03,19.30,19.01,19.26,92
2015.12.31,22:00,19.28,19.30,18.99,19.01,130
2015.12.31,23:00,19.01,19.01,19.01,19.01,2
2016.01.04,16:00,18.56,18.82,18.43,18.51,179
2016.01.04,17:00,18.52,18.58,18.38,18.48,211
2016.01.04,18:00,18.45,18.50,18.38,18.44,91
2016.01.04,19:00,18.45,18.75,18.43,18.67,143
2016.01.04,20:00,18.66,18.98,18.66,18.90,104
2016.01.04,21:00,18.89,19.00,18.84,18.87,89
2016.01.04,22:00,18.88,18.89,18.71,18.74,161
2016.01.04,23:00,18.74,18.74,18.74,18.74,2
2016.01.05,16:00,18.75,18.97,18.47,18.49,127
2016.01.05,17:00,18.49,18.62,18.35,18.55,146
2016.01.05,18:00,18.56,18.58,18.41,18.48,119
2016.01.05,19:00,18.49,18.59,18.47,18.51,86
2016.01.05,20:00,18.51,18.61,18.51,18.55,73
2016.01.05,21:00,18.55,18.64,18.47,18.47,92
2016.01.05,22:00,18.46,18.49,18.26,18.33,151
2016.01.05,23:00,18.31,18.31,18.31,18.31,2
2016.01.06,16:00,17.98,18.09,17.86,18.05,145
2016.01.06,17:00,18.00,18.16,17.98,18.14,111
2016.01.06,18:00,18.16,18.46,18.16,18.25,105
2016.01.06,19:00,18.28,18.28,18.16,18.19,106
2016.01.06,20:00,18.19,18.22,18.04,18.06,65
2016.01.06,21:00,18.07,18.11,17.94,17.99,97
2016.01.06,22:00,17.98,18.07,17.94,17.96,133
2016.01.06,23:00,17.95,17.95,17.95,17.95,2
2016.01.07,16:00,17.39,17.60,17.15,17.28,171
2016.01.07,17:00,17.20,17.35,17.08,17.34,135
2016.01.07,18:00,17.38,17.40,17.15,17.17,107
2016.01.07,19:00,17.16,17.23,17.09,17.09,63
2016.01.07,20:00,17.09,17.09,16.97,17.05,98
2016.01.07,21:00,17.05,17.11,17.00,17.05,102
2016.01.07,22:00,17.06,17.13,17.00,17.11,125
2016.01.07,23:00,17.10,17.10,17.10,17.10,2
2016.01.08,16:00,17.23,17.32,16.95,17.01,102
2016.01.08,17:00,17.02,17.11,16.86,16.94,106
2016.01.08,18:00,16.92,16.95,16.78,16.80,86
2016.01.08,19:00,16.80,16.93,16.80,16.90,57
2016.01.08,20:00,16.87,16.88,16.76,16.80,61
2016.01.08,21:00,16.80,16.85,16.78,16.80,80
2016.01.08,22:00,16.80,16.81,16.64,16.66,124
2016.01.08,23:00,16.68,16.68,16.68,16.68,2
2016.01.11,16:00,16.45,16.62,16.23,16.31,207
2016.01.11,17:00,16.29,16.49,16.21,16.22,245
2016.01.11,18:00,16.21,16.42,16.16,16.24,211
2016.01.11,19:00,16.24,16.24,16.06,16.09,155
2016.01.11,20:00,16.09,16.10,16.01,16.04,161
2016.01.11,21:00,16.04,16.11,15.99,16.01,161
2016.01.11,22:00,16.01,16.09,15.92,16.01,162
2016.01.12,16:00,16.01,16.30,16.01,16.15,164
2016.01.12,17:00,16.15,16.28,15.77,15.84,235
2016.01.12,18:00,15.83,16.06,15.83,16.00,294
2016.01.12,19:00,16.00,16.16,15.96,16.14,184
2016.01.12,20:00,16.14,16.23,16.08,16.15,141
2016.01.12,21:00,16.15,16.41,16.11,16.35,192
2016.01.12,22:00,16.35,16.56,16.34,16.44,183
2016.01.13,16:00,16.56,16.96,16.53,16.84,240
2016.01.13,17:00,16.83,16.86,16.46,16.70,345
2016.01.13,18:00,16.70,16.75,16.57,16.60,191
2016.01.13,19:00,16.60,16.62,16.44,16.46,144
2016.01.13,20:00,16.46,16.47,16.37,16.42,174
2016.01.13,21:00,16.42,16.48,16.37,16.45,181
2016.01.13,22:00,16.45,16.48,16.32,16.36,223
2016.01.14,16:00,16.25,16.36,16.09,16.13,163
2016.01.14,17:00,16.13,16.41,16.08,16.24,248
2016.01.14,18:00,16.24,16.27,16.09,16.25,203
2016.01.14,19:00,16.25,16.32,16.19,16.26,179
2016.01.14,20:00,16.26,16.34,16.25,16.26,249
2016.01.14,21:00,16.26,16.41,16.25,16.39,223
2016.01.14,22:00,16.38,16.39,16.29,16.36,169
2016.01.15,16:00,15.88,16.12,15.83,16.08,130
2016.01.15,17:00,16.08,16.14,15.99,16.01,222
2016.01.15,18:00,16.01,16.04,15.93,15.99,186
2016.01.15,19:00,15.99,16.17,15.97,16.14,141
2016.01.15,20:00,16.13,16.29,16.08,16.29,170
2016.01.15,21:00,16.29,16.34,16.24,16.34,179
2016.01.15,22:00,16.34,16.44,16.30,16.41,147
2016.01.19,16:00,16.60,16.60,16.20,16.44,231
2016.01.19,17:00,16.45,16.56,16.34,16.38,214
2016.01.19,18:00,16.39,16.43,16.35,16.40,149
2016.01.19,19:00,16.40,16.42,16.37,16.40,112
2016.01.19,20:00,16.40,16.46,16.36,16.39,143
2016.01.19,21:00,16.39,16.41,16.25,16.41,143
2016.01.19,22:00,16.41,16.55,16.38,16.51,191
2016.01.20,16:00,16.20,16.20,15.79,15.85,233
2016.01.20,17:00,15.85,15.86,15.26,15.28,234
2016.01.20,18:00,15.28,15.51,15.26,15.46,215
2016.01.20,19:00,15.46,15.47,15.31,15.41,198
2016.01.20,20:00,15.41,15.72,15.32,15.65,189
2016.01.20,21:00,15.64,16.11,15.53,16.08,249
2016.01.20,22:00,16.08,16.44,16.02,16.27,289
2016.01.21,16:00,16.06,16.28,15.67,15.67,244
2016.01.21,17:00,15.67,16.02,15.59,15.60,368
2016.01.21,18:00,15.60,15.84,15.52,15.72,303
2016.01.21,19:00,15.72,15.84,15.72,15.77,208
2016.01.21,20:00,15.77,15.83,15.52,15.55,244
2016.01.21,21:00,15.55,16.00,15.40,15.72,447
2016.01.21,22:00,15.72,15.72,15.40,15.44,267
2016.01.22,16:00,16.03,16.10,15.75,15.93,340
2016.01.22,17:00,15.93,16.21,15.83,15.85,358
2016.01.22,18:00,15.85,16.00,15.76,15.79,267
2016.01.22,19:00,15.78,15.98,15.72,15.91,176
2016.01.22,20:00,15.91,15.98,15.79,15.95,173
2016.01.22,21:00,15.95,16.15,15.89,16.12,195
2016.01.22,22:00,16.12,16.45,16.05,16.40,166
2016.01.25,16:00,15.89,15.99,15.70,15.93,220
2016.01.25,17:00,15.93,16.17,15.65,15.73,305
2016.01.25,18:00,15.73,15.79,15.65,15.70,205
2016.01.25,19:00,15.70,15.70,15.47,15.62,178
2016.01.25,20:00,15.64,15.69,15.42,15.46,184
2016.01.25,21:00,15.46,15.53,15.38,15.41,202
2016.01.25,22:00,15.41,15.43,15.19,15.22,238
2016.01.26,16:00,15.24,15.26,14.95,15.04,301
2016.01.26,17:00,15.04,15.29,14.98,15.03,393
2016.01.26,18:00,15.04,15.23,15.03,15.20,291
2016.01.26,19:00,15.20,15.33,15.18,15.20,243
2016.01.26,20:00,15.21,15.21,15.07,15.09,201
2016.01.26,21:00,15.08,15.16,14.98,15.11,195
2016.01.26,22:00,15.13,15.16,15.06,15.16,88
2016.01.27,16:00,15.04,15.27,15.01,15.07,290
2016.01.27,17:00,15.08,15.23,14.97,15.14,345
2016.01.27,18:00,15.14,15.47,15.13,15.40,300
2016.01.27,19:00,15.41,15.54,15.35,15.35,232
2016.01.27,20:00,15.34,15.45,15.25,15.40,183
2016.01.27,21:00,15.39,15.42,15.20,15.26,353
2016.01.27,22:00,15.25,15.25,15.11,15.19,395
2016.01.28,16:00,15.09,15.27,14.99,15.13,347
2016.01.28,17:00,15.13,15.21,14.93,15.20,375
2016.01.28,18:00,15.20,15.34,15.14,15.21,255
2016.01.28,19:00,15.21,15.27,15.17,15.21,236
2016.01.28,20:00,15.21,15.33,15.18,15.29,255
2016.01.28,21:00,15.29,15.54,15.29,15.51,305
2016.01.28,22:00,15.49,15.60,15.49,15.55,279
2016.01.29,16:00,15.46,15.85,15.46,15.74,207
2016.01.29,17:00,15.74,15.86,15.60,15.67,299
2016.01.29,18:00,15.67,15.78,15.56,15.73,230
2016.01.29,19:00,15.75,15.85,15.73,15.82,143
2016.01.29,20:00,15.82,15.94,15.77,15.84,192
2016.01.29,21:00,15.85,15.99,15.79,15.99,151
2016.01.29,22:00,16.00,16.23,15.99,16.21,123
2016.02.01,16:00,15.83,15.84,15.51,15.70,255
2016.02.01,17:00,15.68,16.09,15.60,16.09,341
2016.02.01,18:00,16.08,16.14,15.99,16.01,232
2016.02.01,19:00,16.01,16.10,15.99,16.05,145
2016.02.01,20:00,16.05,16.15,16.04,16.12,137
2016.02.01,21:00,16.12,16.23,16.12,16.18,166
2016.02.01,22:00,16.19,16.29,16.16,16.18,179
2016.02.02,16:00,15.89,15.89,15.53,15.53,188
2016.02.02,17:00,15.54,15.63,15.34,15.39,256
2016.02.02,18:00,15.39,15.54,15.39,15.47,206
2016.02.02,19:00,15.47,15.50,15.33,15.40,139
2016.02.02,20:00,15.41,15.44,15.33,15.37,143
2016.02.02,21:00,15.39,15.45,15.35,15.42,158
2016.02.02,22:00,15.41,15.42,15.26,15.27,163
2016.02.03,16:00,15.52,15.53,15.34,15.41,141
2016.02.03,17:00,15.42,15.56,15.33,15.49,274
2016.02.03,18:00,15.50,15.76,15.45,15.63,373
2016.02.03,19:00,15.63,15.80,15.63,15.77,350
2016.02.03,20:00,15.76,15.79,15.70,15.76,162
2016.02.03,21:00,15.76,15.97,15.76,15.77,239
2016.02.03,22:00,15.77,15.97,15.77,15.94,178
2016.02.04,16:00,15.92,16.21,15.82,16.04,353
2016.02.04,17:00,16.04,16.49,15.98,16.37,465
2016.02.04,18:00,16.38,16.38,15.93,16.08,323
2016.02.04,19:00,16.08,16.23,16.00,16.14,430
2016.02.04,20:00,16.14,16.20,16.03,16.12,244
2016.02.04,21:00,16.12,16.40,16.07,16.37,356
2016.02.04,22:00,16.37,16.39,16.24,16.29,361
2016.02.05,16:00,16.19,16.32,16.08,16.30,181
2016.02.05,17:00,16.30,16.44,16.19,16.22,340
2016.02.05,18:00,16.22,16.24,15.97,16.00,326
2016.02.05,19:00,16.00,16.03,15.91,15.96,260
2016.02.05,20:00,15.96,16.04,15.94,16.02,191
2016.02.05,21:00,16.02,16.03,15.95,15.96,175
2016.02.05,22:00,15.97,16.04,15.94,16.00,151
2016.02.08,16:00,15.80,15.84,15.34,15.34,272
2016.02.08,17:00,15.34,15.50,15.24,15.42,320
2016.02.08,18:00,15.41,15.57,15.36,15.38,260
2016.02.08,19:00,15.40,15.45,15.36,15.40,211
2016.02.08,20:00,15.40,15.42,15.28,15.35,229
2016.02.08,21:00,15.34,15.55,15.31,15.53,271
2016.02.08,22:00,15.53,15.75,15.52,15.69,299
2016.02.09,16:00,15.73,15.87,15.24,15.28,149
2016.02.09,17:00,15.30,15.52,15.14,15.15,337
2016.02.09,18:00,15.15,15.33,15.13,15.25,273
2016.02.09,19:00,15.25,15.32,15.10,15.27,232
2016.02.09,20:00,15.27,15.33,15.23,15.27,154
2016.02.09,21:00,15.27,15.41,15.27,15.30,216
2016.02.09,22:00,15.31,15.33,15.20,15.29,215
2016.02.10,16:00,15.38,15.52,15.13,15.52,200
2016.02.10,17:00,15.53,16.04,15.42,15.66,461
2016.02.10,18:00,15.68,15.73,15.38,15.53,373
2016.02.10,19:00,15.52,15.60,15.46,15.59,229
2016.02.10,20:00,15.60,15.60,15.40,15.44,192
2016.02.10,21:00,15.42,15.45,15.40,15.40,96
2016.02.10,22:00,15.40,15.44,15.27,15.29,177
2016.02.11,16:00,15.05,15.27,15.00,15.24,122
2016.02.11,17:00,15.29,15.40,15.15,15.24,441
2016.02.11,18:00,15.27,15.40,15.19,15.34,355
2016.02.11,19:00,15.34,15.34,15.20,15.27,314
2016.02.11,20:00,15.26,15.33,15.18,15.27,331
2016.02.11,21:00,15.27,15.45,15.21,15.34,408
2016.02.11,22:00,15.34,15.40,15.21,15.38,251
2016.02.12,16:00,15.35,15.55,15.30,15.41,144
2016.02.12,17:00,15.41,15.55,15.28,15.35,382
2016.02.12,18:00,15.36,15.79,15.36,15.72,372
2016.02.12,19:00,15.72,15.83,15.70,15.74,276
2016.02.12,20:00,15.74,15.80,15.62,15.63,224
2016.02.12,21:00,15.61,15.77,15.60,15.75,217
2016.02.12,22:00,15.75,15.76,15.66,15.73,298
2016.02.16,16:00,15.99,16.19,15.72,15.90,268
2016.02.16,17:00,15.85,16.00,15.74,15.90,315
2016.02.16,18:00,15.92,15.95,15.81,15.93,235
2016.02.16,19:00,15.93,16.00,15.87,15.96,159
2016.02.16,20:00,15.95,16.16,15.94,16.09,231
2016.02.16,21:00,16.09,16.13,16.02,16.10,204
2016.02.16,22:00,16.10,16.14,16.05,16.11,277
2016.02.17,16:00,16.16,16.45,16.16,16.35,233
2016.02.17,17:00,16.36,16.92,16.35,16.86,456
2016.02.17,18:00,16.86,17.05,16.82,16.96,399
2016.02.17,19:00,16.96,17.06,16.90,17.02,305
2016.02.17,20:00,17.01,17.06,16.93,16.98,258
2016.02.17,21:00,16.98,17.16,16.98,17.13,231
2016.02.17,22:00,17.10,17.31,17.10,17.27,271
2016.02.18,16:00,17.45,17.45,16.73,17.04,177
2016.02.18,17:00,17.05,17.19,16.90,17.07,346
2016.02.18,18:00,17.06,17.12,16.81,16.90,438
2016.02.18,19:00,16.91,16.94,16.81,16.81,270
2016.02.18,20:00,16.79,16.89,16.79,16.87,228
2016.02.18,21:00,16.88,17.11,16.86,17.08,297
2016.02.18,22:00,17.10,17.10,17.02,17.05,336
2016.02.19,16:00,16.83,17.15,16.77,16.77,180
2016.02.19,17:00,16.77,16.91,16.62,16.84,406
2016.02.19,18:00,16.84,17.12,16.83,16.99,421
2016.02.19,19:00,16.97,17.03,16.84,16.95,192
2016.02.19,20:00,16.94,17.09,16.94,17.04,197
2016.02.19,21:00,17.04,17.17,17.03,17.10,260
2016.02.19,22:00,17.11,17.16,17.08,17.15,141
2016.02.22,16:00,17.35,17.61,17.27,17.47,235
2016.02.22,17:00,17.49,17.56,17.41,17.54,321
2016.02.22,18:00,17.54,17.64,17.52,17.64,140
2016.02.22,19:00,17.64,17.73,17.55,17.61,166
2016.02.22,20:00,17.62,17.73,17.61,17.69,252
2016.02.22,21:00,17.70,17.76,17.65,17.75,318
2016.02.22,22:00,17.76,17.88,17.69,17.69,236
2016.02.23,16:00,17.42,17.55,17.38,17.49,183
2016.02.23,17:00,17.50,17.53,17.19,17.33,337
2016.02.23,18:00,17.31,17.35,17.25,17.31,226
2016.02.23,19:00,17.31,17.34,17.25,17.34,211
2016.02.23,20:00,17.33,17.36,17.27,17.32,134
2016.02.23,21:00,17.32,17.36,17.28,17.33,111
2016.02.23,22:00,17.34,17.41,17.31,17.36,356
2016.02.24,16:00,16.96,17.00,16.72,16.88,195
2016.02.24,17:00,16.86,17.25,16.84,17.19,327
2016.02.24,18:00,17.20,17.20,17.01,17.15,287
2016.02.24,19:00,17.14,17.37,17.13,17.32,285
2016.02.24,20:00,17.33,17.44,17.30,17.40,141
2016.02.24,21:00,17.41,17.45,17.35,17.43,168
2016.02.24,22:00,17.44,17.67,17.42,17.59,170
2016.02.25,16:00,17.64,17.72,17.43,17.45,170
2016.02.25,17:00,17.44,17.49,17.25,17.29,295
2016.02.25,18:00,17.29,17.46,17.29,17.41,174
2016.02.25,19:00,17.41,17.52,17.40,17.51,163
2016.02.25,20:00,17.51,17.70,17.45,17.69,142
2016.02.25,21:00,17.69,17.76,17.62,17.64,185
2016.02.25,22:00,17.65,17.71,17.63,17.70,151
2016.02.26,16:00,17.84,18.17,17.83,17.96,229
2016.02.26,17:00,17.97,18.07,17.88,17.91,255
2016.02.26,18:00,17.92,17.96,17.84,17.93,141
2016.02.26,19:00,17.93,18.04,17.87,18.02,135
2016.02.26,20:00,18.02,18.04,17.92,17.94,85
2016.02.26,21:00,17.94,17.95,17.73,17.82,244
2016.02.26,22:00,17.82,17.98,17.81,17.98,182
2016.02.29,16:00,17.87,18.13,17.83,18.03,292
2016.02.29,17:00,18.03,18.16,17.89,17.91,336
2016.02.29,18:00,17.93,17.96,17.83,17.83,125
2016.02.29,19:00,17.81,17.86,17.79,17.86,142
2016.02.29,20:00,17.87,17.98,17.85,17.98,121
2016.02.29,21:00,17.97,17.97,17.77,17.77,236
2016.02.29,22:00,17.78,17.80,17.68,17.71,236
2016.03.01,16:00,17.89,18.04,17.89,18.03,153
2016.03.01,17:00,18.04,18.09,17.84,17.88,236
2016.03.01,18:00,17.89,18.23,17.88,18.22,242
2016.03.01,19:00,18.21,18.51,18.16,18.51,292
2016.03.01,20:00,18.47,18.56,18.45,18.46,143
2016.03.01,21:00,18.46,18.50,18.31,18.48,202
2016.03.01,22:00,18.48,18.62,18.48,18.54,104
2016.03.02,16:00,18.30,18.69,18.29,18.64,262
2016.03.02,17:00,18.64,18.81,18.48,18.53,316
2016.03.02,18:00,18.50,18.66,18.39,18.40,253
2016.03.02,19:00,18.40,18.49,18.40,18.46,185
2016.03.02,20:00,18.47,18.54,18.40,18.49,160
2016.03.02,21:00,18.50,18.52,18.23,18.48,263
2016.03.02,22:00,18.47,18.47,18.32,18.36,215
2016.03.03,16:00,18.28,18.43,18.23,18.39,134
2016.03.03,17:00,18.39,18.44,18.28,18.36,230
2016.03.03,18:00,18.36,18.38,17.86,17.90,324
2016.03.03,19:00,17.91,18.21,17.87,18.18,249
2016.03.03,20:00,18.18,18.24,18.18,18.24,111
2016.03.03,21:00,18.23,18.32,18.19,18.30,160
2016.03.03,22:00,18.32,18.34,18.26,18.27,115
2016.03.04,16:00,18.27,18.40,18.19,18.37,155
2016.03.04,17:00,18.37,19.05,18.37,18.99,890
2016.03.04,18:00,18.99,19.31,18.99,19.13,432
2016.03.04,19:00,19.12,19.13,18.87,18.99,275
2016.03.04,20:00,19.01,19.09,18.91,19.00,304
2016.03.04,21:00,19.00,19.00,18.48,18.60,375
2016.03.04,22:00,18.61,18.68,18.53,18.60,285
2016.03.07,16:00,18.54,19.12,18.54,19.12,231
2016.03.07,17:00,19.13,19.14,18.99,19.06,574
2016.03.07,18:00,19.05,19.73,19.01,19.48,577
2016.03.07,19:00,19.48,19.53,19.33,19.39,398
2016.03.07,20:00,19.40,19.40,18.99,19.15,320
2016.03.07,21:00,19.15,19.22,19.01,19.12,347
2016.03.07,22:00,19.12,19.21,18.97,19.18,319
2016.03.08,16:00,18.91,18.97,18.40,18.40,209
2016.03.08,17:00,18.41,18.48,18.03,18.04,403
2016.03.08,18:00,18.05,18.40,18.04,18.40,446
2016.03.08,19:00,18.40,18.52,18.40,18.47,231
2016.03.08,20:00,18.48,18.66,18.36,18.58,222
2016.03.08,21:00,18.58,18.79,18.20,18.55,670
2016.03.08,22:00,18.54,18.72,18.07,18.54,610
2016.03.09,16:00,18.60,18.66,18.33,18.37,129
2016.03.09,17:00,18.38,18.44,18.11,18.34,587
2016.03.09,18:00,18.34,18.58,18.34,18.53,487
2016.03.09,19:00,18.54,18.57,18.46,18.46,276
2016.03.09,20:00,18.46,18.72,18.35,18.66,355
2016.03.09,21:00,18.66,18.78,18.66,18.70,265
2016.03.09,22:00,18.67,18.85,18.65,18.85,278
2016.03.10,16:00,18.90,19.33,18.88,19.24,244
2016.03.10,17:00,19.24,19.40,19.17,19.20,529
2016.03.10,18:00,19.22,19.64,19.18,19.45,642
2016.03.10,19:00,19.45,19.46,19.27,19.39,489
2016.03.10,20:00,19.40,19.50,19.30,19.37,323
2016.03.10,21:00,19.36,19.50,19.23,19.47,322
2016.03.10,22:00,19.48,19.66,19.45,19.55,421
2016.03.11,16:00,19.68,19.82,19.42,19.48,443
2016.03.11,17:00,19.48,20.09,19.48,19.88,401
2016.03.11,18:00,19.86,20.02,19.86,19.96,349
2016.03.11,19:00,19.95,19.98,19.85,19.97,289
2016.03.11,20:00,19.97,20.09,19.92,20.03,294
2016.03.11,21:00,20.04,20.08,19.90,19.96,221
2016.03.11,22:00,19.94,19.97,19.78,19.78,146
2016.03.14,16:00,19.61,19.84,19.20,19.29,237
2016.03.14,17:00,19.30,20.09,19.30,19.96,382
2016.03.14,18:00,19.97,20.00,19.78,19.84,494
2016.03.14,19:00,19.84,19.94,19.84,19.94,287
2016.03.14,20:00,19.93,20.02,19.91,19.96,148
2016.03.14,21:00,19.95,19.95,19.80,19.87,158
2016.03.14,22:00,19.88,19.99,19.86,19.98,188
2016.03.15,16:00,19.70,19.85,19.49,19.84,240
2016.03.15,17:00,19.84,19.91,19.73,19.77,264
2016.03.15,18:00,19.77,19.85,19.71,19.71,337
2016.03.15,19:00,19.71,19.77,19.56,19.56,303
2016.03.15,20:00,19.57,19.80,19.54,19.79,237
2016.03.15,21:00,19.80,19.84,19.71,19.80,273
2016.03.15,22:00,19.78,19.89,19.76,19.76,256
2016.03.16,16:00,19.64,19.68,19.48,19.52,246
2016.03.16,17:00,19.51,19.71,19.51,19.55,397
2016.03.16,18:00,19.54,19.62,19.49,19.49,251
2016.03.16,19:00,19.49,19.62,19.45,19.60,178
2016.03.16,20:00,19.58,19.69,19.56,19.62,220
2016.03.16,21:00,19.63,19.99,19.63,19.86,700
2016.03.16,22:00,19.86,20.07,19.86,20.07,433
2016.03.17,16:00,19.97,20.32,19.93,20.17,264
2016.03.17,17:00,20.17,20.50,20.17,20.45,330
2016.03.17,18:00,20.44,20.70,20.39,20.70,395
2016.03.17,19:00,20.69,20.75,20.58,20.64,250
2016.03.17,20:00,20.64,20.76,20.60,20.74,168
2016.03.17,21:00,20.74,20.77,20.53,20.60,268
2016.03.17,22:00,20.59,20.61,20.48,20.53,262
2016.03.18,16:00,20.64,20.85,20.53,20.83,242
2016.03.18,17:00,20.83,20.91,20.69,20.81,446
2016.03.18,18:00,20.82,20.85,20.47,20.54,383
2016.03.18,19:00,20.55,20.60,20.42,20.54,324
2016.03.18,20:00,20.52,20.56,20.43,20.49,266
2016.03.18,21:00,20.51,20.60,20.42,20.55,486
2016.03.18,22:00,20.56,20.60,20.49,20.56,276
2016.03.21,16:00,20.48,20.69,20.43,20.64,156
2016.03.21,17:00,20.65,20.69,20.46,20.57,350
2016.03.21,18:00,20.58,20.98,20.56,20.95,446
2016.03.21,19:00,20.96,21.00,20.87,20.99,299
2016.03.21,20:00,20.98,21.08,20.96,21.03,231
2016.03.21,21:00,21.05,21.08,21.01,21.07,228
2016.03.21,22:00,21.06,21.13,21.01,21.09,206
2016.03.22,16:00,20.67,21.12,20.65,21.12,216
2016.03.22,17:00,21.12,21.19,21.03,21.09,286
2016.03.22,18:00,21.08,21.21,21.04,21.11,261
2016.03.22,19:00,21.13,21.25,21.12,21.25,161
2016.03.22,20:00,21.24,21.25,21.13,21.20,158
2016.03.22,21:00,21.20,21.27,21.11,21.18,161
2016.03.22,22:00,21.19,21.25,21.13,21.18,207
2016.03.23,16:00,20.90,20.95,20.70,20.83,300
2016.03.23,17:00,20.86,21.06,20.79,21.00,387
2016.03.23,18:00,20.99,21.02,20.93,20.95,390
2016.03.23,19:00,20.96,20.99,20.87,20.96,281
2016.03.23,20:00,20.95,21.06,20.93,21.03,222
2016.03.23,21:00,21.03,21.04,20.95,20.95,213
2016.03.23,22:00,20.96,20.98,20.90,20.95,220
2016.03.24,16:00,20.54,20.63,20.39,20.45,306
2016.03.24,17:00,20.47,20.50,20.35,20.43,334
2016.03.24,18:00,20.43,20.52,20.38,20.49,381
2016.03.24,19:00,20.50,20.53,20.43,20.46,352
2016.03.24,20:00,20.45,20.59,20.41,20.42,250
2016.03.24,21:00,20.39,20.48,20.39,20.40,217
2016.03.24,22:00,20.42,20.47,20.38,20.43,165
2016.03.28,16:00,20.62,20.64,20.37,20.43,189
2016.03.28,17:00,20.43,20.52,20.41,20.50,234
2016.03.28,18:00,20.52,20.52,20.40,20.40,329
2016.03.28,19:00,20.41,20.50,20.37,20.49,258
2016.03.28,20:00,20.50,20.53,20.43,20.48,318
2016.03.28,21:00,20.48,20.49,20.43,20.48,235
2016.03.28,22:00,20.47,20.50,20.44,20.47,123
2016.03.29,16:00,20.35,20.36,20.15,20.33,155
2016.03.29,17:00,20.34,20.36,20.25,20.29,246
2016.03.29,18:00,20.30,20.43,20.27,20.33,292
2016.03.29,19:00,20.33,20.76,20.31,20.72,314
2016.03.29,20:00,20.73,20.73,20.36,20.64,360
2016.03.29,21:00,20.64,20.84,20.63,20.83,187
2016.03.29,22:00,20.82,20.83,20.72,20.78,158
2016.03.30,16:00,20.79,21.10,20.79,21.05,177
2016.03.30,17:00,21.05,21.19,21.00,21.07,405
2016.03.30,18:00,21.06,21.07,20.81,20.91,326
2016.03.30,19:00,20.93,20.94,20.79,20.80,290
2016.03.30,20:00,20.78,20.95,20.68,20.92,195
2016.03.30,21:00,20.93,20.98,20.87,20.94,216
2016.03.30,22:00,20.93,20.97,20.83,20.88,151
2016.03.31,16:00,20.90,20.91,20.77,20.85,138
2016.03.31,17:00,20.83,21.06,20.81,20.87,373
2016.03.31,18:00,20.88,20.94,20.75,20.77,341
2016.03.31,19:00,20.76,20.77,20.55,20.58,249
2016.03.31,20:00,20.58,20.76,20.52,20.56,257
2016.03.31,21:00,20.53,20.63,20.45,20.58,307
2016.03.31,22:00,20.59,20.62,20.51,20.56,183
2016.04.01,16:00,20.41,20.41,19.89,19.98,300
2016.04.01,17:00,19.99,20.21,19.95,20.18,348
2016.04.01,18:00,20.16,20.38,20.16,20.30,333
2016.04.01,19:00,20.29,20.38,20.23,20.32,302
2016.04.01,20:00,20.33,20.44,20.32,20.37,266
2016.04.01,21:00,20.39,20.45,20.32,20.42,272
2016.04.01,22:00,20.40,20.52,20.40,20.52,201
2016.04.04,16:00,20.43,20.62,20.34,20.54,273
2016.04.04,17:00,20.54,20.60,20.30,20.31,467
2016.04.04,18:00,20.33,20.33,20.00,20.06,337
2016.04.04,19:00,20.04,20.19,20.04,20.11,256
2016.04.04,20:00,20.10,20.10,19.99,20.00,194
2016.04.04,21:00,20.01,20.13,19.89,20.13,243
2016.04.04,22:00,20.12,20.12,19.97,19.97,143
2016.04.05,16:00,19.76,19.82,19.64,19.81,152
2016.04.05,17:00,19.82,19.90,19.77,19.82,313
2016.04.05,18:00,19.84,20.12,19.82,20.10,282
2016.04.05,19:00,20.09,20.11,19.96,20.02,266
2016.04.05,20:00,20.02,20.13,20.02,20.11,289
2016.04.05,21:00,20.10,20.25,20.09,20.18,276
2016.04.05,22:00,20.19,20.19,19.99,19.99,198
2016.04.06,16:00,19.83,20.00,19.62,19.62,191
2016.04.06,17:00,19.63,19.85,19.59,19.83,377
2016.04.06,18:00,19.82,19.92,19.74,19.91,413
2016.04.06,19:00,19.92,20.05,19.84,19.88,245
2016.04.06,20:00,19.88,19.90,19.72,19.72,335
2016.04.06,21:00,19.72,19.79,19.67,19.77,366
2016.04.06,22:00,19.77,19.87,19.75,19.87,261
2016.04.07,16:00,19.57,19.90,19.56,19.70,128
2016.04.07,17:00,19.71,19.75,19.58,19.69,202
2016.04.07,18:00,19.71,19.71,19.58,19.64,198
2016.04.07,19:00,19.65,19.69,19.52,19.65,179
2016.04.07,20:00,19.64,19.65,19.59,19.62,187
2016.04.07,21:00,19.60,19.85,19.58,19.80,243
2016.04.07,22:00,19.79,19.85,19.78,19.82,145
2016.04.08,16:00,19.73,20.19,19.73,20.00,228
2016.04.08,17:00,20.01,20.01,19.84,19.93,366
2016.04.08,18:00,19.93,19.94,19.62,19.70,362
2016.04.08,19:00,19.69,19.90,19.68,19.85,317
2016.04.08,20:00,19.85,19.87,19.74,19.75,197
2016.04.08,21:00,19.76,19.85,19.68,19.72,252
2016.04.08,22:00,19.73,19.78,19.66,19.78,330
2016.04.11,16:00,19.76,19.88,19.71,19.79,142
2016.04.11,17:00,19.80,19.87,19.72,19.83,248
2016.04.11,18:00,19.82,20.30,19.81,20.23,396
2016.04.11,19:00,20.24,20.35,20.22,20.24,312
2016.04.11,20:00,20.24,20.36,20.18,20.30,277
2016.04.11,21:00,20.30,20.41,20.24,20.31,347
2016.04.11,22:00,20.28,20.34,20.24,20.30,299
2016.04.12,16:00,20.38,20.59,20.32,20.40,169
2016.04.12,17:00,20.40,20.53,20.27,20.49,433
2016.04.12,18:00,20.48,20.91,20.47,20.80,436
2016.04.12,19:00,20.82,21.05,20.78,20.94,325
2016.04.12,20:00,20.94,21.14,20.66,21.14,728
2016.04.12,21:00,21.13,21.29,21.10,21.28,360
2016.04.12,22:00,21.25,21.39,21.25,21.33,258
2016.04.13,16:00,21.33,21.64,21.30,21.48,343
2016.04.13,17:00,21.48,21.62,21.40,21.52,344
2016.04.13,18:00,21.52,21.73,21.47,21.62,363
2016.04.13,19:00,21.64,21.67,21.45,21.45,282
2016.04.13,20:00,21.48,21.49,21.25,21.34,362
2016.04.13,21:00,21.33,21.36,21.01,21.11,376
2016.04.13,22:00,21.10,21.19,21.07,21.15,269
2016.04.14,16:00,21.31,21.31,20.55,20.84,297
2016.04.14,17:00,20.85,20.93,20.80,20.93,270
2016.04.14,18:00,20.93,21.15,20.85,20.86,356
2016.04.14,19:00,20.85,21.00,20.79,21.00,271
2016.04.14,20:00,21.00,21.06,20.96,21.05,176
2016.04.14,21:00,21.03,21.10,20.98,21.01,263
2016.04.14,22:00,21.01,21.11,21.00,21.11,102
2016.04.15,16:00,20.88,21.02,20.86,20.86,105
2016.04.15,17:00,20.86,20.92,20.68,20.74,239
2016.04.15,18:00,20.75,20.95,20.75,20.91,231
2016.04.15,19:00,20.91,20.96,20.81,20.81,115
2016.04.15,20:00,20.81,20.86,20.81,20.84,102
2016.04.15,21:00,20.85,20.91,20.80,20.83,163
2016.04.15,22:00,20.84,20.94,20.83,20.93,70
2016.04.18,16:00,20.67,21.18,20.67,21.04,255
2016.04.18,17:00,21.04,21.14,20.79,21.10,298
2016.04.18,18:00,21.10,21.24,21.04,21.23,270
2016.04.18,19:00,21.24,21.24,21.14,21.21,177
2016.04.18,20:00,21.21,21.56,21.19,21.54,223
2016.04.18,21:00,21.54,21.64,21.50,21.57,218
2016.04.18,22:00,21.59,21.62,21.49,21.55,148
2016.04.19,16:00,21.64,22.19,21.58,22.19,269
2016.04.19,17:00,22.18,22.63,22.18,22.52,433
2016.04.19,18:00,22.51,22.82,22.48,22.75,257
2016.04.19,19:00,22.76,22.78,22.55,22.64,193
2016.04.19,20:00,22.65,22.79,22.64,22.77,179
2016.04.19,21:00,22.77,23.16,22.77,23.16,252
2016.04.19,22:00,23.14,23.22,23.08,23.16,224
2016.04.20,16:00,23.36,23.42,22.95,23.11,534
2016.04.20,17:00,23.12,23.25,22.78,22.97,538
2016.04.20,18:00,22.99,23.09,22.91,23.05,292
2016.04.20,19:00,23.05,23.26,23.02,23.25,260
2016.04.20,20:00,23.24,23.35,23.21,23.30,299
2016.04.20,21:00,23.30,23.56,23.30,23.50,329
2016.04.20,22:00,23.51,23.51,23.35,23.39,130
2016.04.21,16:00,23.41,23.57,23.36,23.37,220
2016.04.21,17:00,23.37,23.39,22.97,23.14,466
2016.04.21,18:00,23.15,23.18,23.02,23.06,305
2016.04.21,19:00,23.05,23.05,22.69,22.76,337
2016.04.21,20:00,22.76,22.76,22.38,22.42,381
2016.04.21,21:00,22.42,22.43,22.26,22.37,215
2016.04.21,22:00,22.37,22.49,22.37,22.45,176
2016.04.22,16:00,22.41,22.93,22.41,22.82,216
2016.04.22,17:00,22.82,22.86,22.45,22.45,313
2016.04.22,18:00,22.46,22.52,22.34,22.35,243
2016.04.22,19:00,22.34,22.34,21.77,21.83,356
2016.04.22,20:00,21.84,22.15,21.74,22.08,492
2016.04.22,21:00,22.07,22.09,21.69,21.72,458
2016.04.22,22:00,21.72,21.85,21.59,21.67,529
2016.04.25,16:00,21.52,21.59,21.11,21.17,248
2016.04.25,17:00,21.20,21.34,20.98,21.05,506
2016.04.25,18:00,21.06,21.19,20.75,20.81,518
2016.04.25,19:00,20.81,21.07,20.79,21.05,310
2016.04.25,20:00,21.05,21.09,20.93,20.93,296
2016.04.25,21:00,20.93,21.02,20.83,21.02,280
2016.04.25,22:00,21.01,21.03,20.93,20.96,217
2016.04.26,16:00,21.00,21.12,20.63,20.65,203
2016.04.26,17:00,20.66,20.88,20.57,20.85,404
2016.04.26,18:00,20.87,20.95,20.81,20.94,301
2016.04.26,19:00,20.95,21.00,20.89,20.93,225
2016.04.26,20:00,20.93,21.00,20.91,20.97,163
2016.04.26,21:00,20.96,21.11,20.93,21.04,133
2016.04.26,22:00,21.03,21.19,21.00,21.12,138
2016.04.27,16:00,20.52,20.86,20.50,20.85,165
2016.04.27,17:00,20.86,21.00,20.53,20.58,371
2016.04.27,18:00,20.58,20.83,20.55,20.76,267
2016.04.27,19:00,20.76,20.88,20.70,20.73,314
2016.04.27,20:00,20.73,20.80,20.67,20.79,261
2016.04.27,21:00,20.78,20.95,20.63,20.94,334
2016.04.27,22:00,20.93,20.96,20.87,20.88,174
2016.04.28,16:00,20.67,20.74,20.57,20.71,229
2016.04.28,17:00,20.71,21.06,20.70,20.99,381
2016.04.28,18:00,20.99,21.18,20.99,21.04,243
2016.04.28,19:00,21.04,21.05,20.78,20.88,218
2016.04.28,20:00,20.93,20.93,20.79,20.81,171
2016.04.28,21:00,20.80,20.90,20.80,20.83,203
2016.04.28,22:00,20.83,20.83,20.70,20.71,198
2016.04.29,16:00,20.74,21.10,20.55,20.73,235
2016.04.29,17:00,20.72,20.97,20.61,20.86,402
2016.04.29,18:00,20.85,20.95,20.69,20.84,490
2016.04.29,19:00,20.84,20.99,20.75,20.97,508
2016.04.29,20:00,20.95,21.01,20.76,20.78,256
2016.04.29,21:00,20.80,20.87,20.71,20.73,293
2016.04.29,22:00,20.76,20.88,20.76,20.84,274
2016.05.02,16:00,20.83,20.85,20.56,20.83,264
2016.05.02,17:00,20.82,20.95,20.80,20.84,419
2016.05.02,18:00,20.84,20.92,20.70,20.71,335
2016.05.02,19:00,20.71,20.78,20.66,20.78,349
2016.05.02,20:00,20.78,20.97,20.77,20.95,180
2016.05.02,21:00,20.94,20.98,20.86,20.90,164
2016.05.02,22:00,20.89,20.94,20.84,20.86,167
2016.05.03,16:00,20.62,20.62,20.31,20.41,224
2016.05.03,17:00,20.43,20.65,20.31,20.52,360
2016.05.03,18:00,20.51,20.64,20.49,20.63,285
2016.05.03,19:00,20.64,20.65,20.57,20.65,215
2016.05.03,20:00,20.65,20.80,20.62,20.75,150
2016.05.03,21:00,20.76,20.82,20.73,20.75,101
2016.05.03,22:00,20.75,20.80,20.72,20.78,84
2016.05.04,16:00,20.52,20.87,20.37,20.87,320
2016.05.04,17:00,20.87,20.97,20.74,20.93,569
2016.05.04,18:00,20.92,20.95,20.79,20.89,367
2016.05.04,19:00,20.90,20.91,20.83,20.84,273
2016.05.04,20:00,20.83,20.86,20.80,20.82,183
2016.05.04,21:00,20.81,20.85,20.73,20.75,122
2016.05.04,22:00,20.74,20.88,20.73,20.82,143
2016.05.05,16:00,20.87,21.32,20.85,21.28,259
2016.05.05,17:00,21.28,21.37,21.14,21.30,333
2016.05.05,18:00,21.31,21.36,21.14,21.20,295
2016.05.05,19:00,21.20,21.29,21.16,21.24,195
2016.05.05,20:00,21.24,21.25,21.19,21.24,158
2016.05.05,21:00,21.23,21.23,21.04,21.04,200
2016.05.05,22:00,21.03,21.08,20.97,21.02,124
2016.05.06,16:00,20.99,21.07,20.92,21.05,225
2016.05.06,17:00,21.05,21.16,21.00,21.07,406
2016.05.06,18:00,21.07,21.20,21.04,21.08,372
2016.05.06,19:00,21.07,21.14,21.05,21.14,223
2016.05.06,20:00,21.13,21.21,21.09,21.21,260
2016.05.06,21:00,21.20,21.21,21.12,21.12,255
2016.05.06,22:00,21.13,21.19,21.13,21.17,98
2016.05.09,16:00,21.05,21.07,20.28,20.49,278
2016.05.09,17:00,20.49,20.63,20.29,20.37,569
2016.05.09,18:00,20.37,20.43,20.25,20.34,430
2016.05.09,19:00,20.33,20.36,20.25,20.29,346
2016.05.09,20:00,20.26,20.34,20.10,20.12,204
2016.05.09,21:00,20.13,20.24,20.05,20.15,338
2016.05.09,22:00,20.16,20.19,20.03,20.03,173
2016.05.10,16:00,20.17,20.26,19.42,19.81,361
2016.05.10,17:00,19.84,20.18,19.78,20.18,431
2016.05.10,18:00,20.17,20.23,20.10,20.21,371
2016.05.10,19:00,20.23,20.40,20.19,20.33,248
2016.05.10,20:00,20.34,20.41,20.29,20.41,292
2016.05.10,21:00,20.40,20.46,20.34,20.46,238
2016.05.10,22:00,20.45,20.54,20.42,20.51,110
2016.05.11,16:00,20.59,20.61,20.21,20.23,189
2016.05.11,17:00,20.22,20.51,20.17,20.44,350
2016.05.11,18:00,20.42,21.02,20.40,21.02,566
2016.05.11,19:00,21.03,21.15,20.89,21.13,345
2016.05.11,20:00,21.14,21.25,21.04,21.25,206
2016.05.11,21:00,21.26,21.30,21.13,21.13,160
2016.05.11,22:00,21.14,21.37,21.14,21.26,120
2016.05.12,16:00,21.51,21.85,21.40,21.52,323
2016.05.12,17:00,21.51,21.61,21.29,21.42,397
2016.05.12,18:00,21.43,21.43,21.05,21.09,402
2016.05.12,19:00,21.10,21.35,21.06,21.32,379
2016.05.12,20:00,21.33,21.33,21.14,21.27,239
2016.05.12,21:00,21.28,21.47,21.22,21.30,244
2016.05.12,22:00,21.29,21.36,21.25,21.28,105
2016.05.13,16:00,21.04,21.23,21.04,21.20,263
2016.05.13,17:00,21.19,21.20,20.79,21.03,539
2016.05.13,18:00,21.04,21.14,20.86,20.99,411
2016.05.13,19:00,20.99,20.99,20.82,20.85,292
2016.05.13,20:00,20.85,20.93,20.81,20.89,218
2016.05.13,21:00,20.88,21.01,20.84,21.01,163
2016.05.13,22:00,20.99,21.05,20.95,21.00,100
2016.05.16,16:00,21.13,21.52,21.10,21.25,304
2016.05.16,17:00,21.25,21.30,21.12,21.24,399
2016.05.16,18:00,21.24,21.42,21.20,21.35,333
2016.05.16,19:00,21.35,21.40,21.29,21.29,196
2016.05.16,20:00,21.30,21.45,21.26,21.44,132
2016.05.16,21:00,21.45,21.52,21.38,21.41,178
2016.05.16,22:00,21.41,21.45,21.34,21.34,141
2016.05.17,16:00,21.45,21.51,21.20,21.50,194
2016.05.17,17:00,21.50,21.50,21.12,21.32,534
2016.05.17,18:00,21.34,21.35,21.21,21.21,367
2016.05.17,19:00,21.22,21.29,21.03,21.06,209
2016.05.17,20:00,21.05,21.21,21.03,21.11,297
2016.05.17,21:00,21.12,21.12,20.97,21.07,226
2016.05.17,22:00,21.08,21.26,21.03,21.13,410
2016.05.18,16:00,21.05,21.26,20.66,20.74,201
2016.05.18,17:00,20.74,20.91,20.71,20.79,198
2016.05.18,18:00,20.82,20.83,20.71,20.72,132
2016.05.18,19:00,20.74,20.77,20.56,20.66,366
2016.05.18,20:00,20.66,20.81,20.63,20.69,255
2016.05.18,21:00,20.67,20.67,20.01,20.21,554
2016.05.18,22:00,20.23,20.28,20.03,20.05,311
2016.05.19,16:00,20.12,20.30,19.86,20.11,298
2016.05.19,17:00,20.12,20.67,20.11,20.29,616
2016.05.19,18:00,20.29,20.72,20.28,20.68,462
2016.05.19,19:00,20.69,20.92,20.68,20.89,384
2016.05.19,20:00,20.89,20.94,20.82,20.91,263
2016.05.19,21:00,20.91,21.20,20.89,21.10,323
2016.05.19,22:00,21.11,21.23,21.03,21.12,294
2016.05.20,16:00,21.26,21.61,21.23,21.47,353
2016.05.20,17:00,21.48,21.83,21.48,21.82,648
2016.05.20,18:00,21.82,22.65,21.82,22.56,768
2016.05.20,19:00,22.53,22.55,22.33,22.39,484
2016.05.20,20:00,22.38,22.94,22.33,22.88,655
2016.05.20,21:00,22.88,22.89,22.71,22.74,434
2016.05.20,22:00,22.75,22.78,22.66,22.71,313
2016.05.23,16:00,22.62,22.91,22.62,22.89,323
2016.05.23,17:00,22.89,23.09,22.77,22.88,725
2016.05.23,18:00,22.87,22.94,22.82,22.88,251
2016.05.23,19:00,22.87,23.03,22.85,23.01,177
2016.05.23,20:00,23.03,23.04,22.94,22.96,142
2016.05.23,21:00,22.97,23.16,22.95,23.07,269
2016.05.23,22:00,23.05,23.08,22.84,22.89,158
2016.05.24,16:00,22.69,22.75,22.16,22.28,376
2016.05.24,17:00,22.27,22.63,22.15,22.58,658
2016.05.24,18:00,22.59,22.61,22.33,22.45,419
2016.05.24,19:00,22.46,22.58,22.42,22.53,185
2016.05.24,20:00,22.55,22.57,22.42,22.45,186
2016.05.24,21:00,22.45,22.46,22.15,22.20,183
2016.05.24,22:00,22.21,22.25,22.02,22.10,304
2016.05.25,16:00,22.17,22.52,22.15,22.48,268
2016.05.25,17:00,22.47,22.48,22.18,22.19,403
2016.05.25,18:00,22.20,22.29,22.20,22.21,352
2016.05.25,19:00,22.20,22.24,22.02,22.24,393
2016.05.25,20:00,22.25,22.34,22.24,22.28,227
2016.05.25,21:00,22.28,22.30,22.20,22.26,159
2016.05.25,22:00,22.26,22.34,22.26,22.27,148
2016.05.26,16:00,22.31,22.53,22.11,22.12,279
2016.05.26,17:00,22.12,22.33,21.97,22.02,580
2016.05.26,18:00,22.02,22.33,21.99,22.30,346
2016.05.26,19:00,22.33,22.36,22.21,22.21,390
2016.05.26,20:00,22.22,22.23,22.13,22.13,240
2016.05.26,21:00,22.13,22.17,22.07,22.11,222
2016.05.26,22:00,22.10,22.16,22.04,22.12,124
2016.05.27,16:00,22.24,22.29,21.97,22.15,212
2016.05.27,17:00,22.15,22.16,22.01,22.05,512
2016.05.27,18:00,22.05,22.10,21.99,22.08,332
2016.05.27,19:00,22.08,22.11,22.05,22.06,178
2016.05.27,20:00,22.05,22.09,21.96,21.99,283
2016.05.27,21:00,21.98,22.06,21.94,22.00,436
2016.05.27,22:00,22.01,22.06,21.96,22.04,162
2016.05.31,16:00,22.13,22.24,22.00,22.05,179
2016.05.31,17:00,22.08,22.18,21.93,21.94,283
2016.05.31,18:00,21.95,22.03,21.92,21.97,318
2016.05.31,19:00,21.98,22.06,21.93,22.04,177
2016.05.31,20:00,22.03,22.07,21.97,21.97,206
2016.05.31,21:00,21.98,22.00,21.89,21.93,356
2016.05.31,22:00,21.92,22.02,21.86,22.00,235
2016.06.01,16:00,21.78,21.78,20.90,20.97,509
2016.06.01,17:00,20.99,21.54,20.90,21.54,755
2016.06.01,18:00,21.54,21.57,21.30,21.40,610
2016.06.01,19:00,21.41,21.44,21.31,21.38,200
2016.06.01,20:00,21.39,21.58,21.33,21.44,272
2016.06.01,21:00,21.44,21.57,21.24,21.46,468
2016.06.01,22:00,21.45,21.74,21.43,21.71,239
2016.06.02,16:00,21.60,22.02,21.53,22.02,290
2016.06.02,17:00,22.02,22.34,22.02,22.34,429
2016.06.02,18:00,22.34,22.40,22.29,22.32,335
2016.06.02,19:00,22.32,22.40,22.30,22.39,104
2016.06.02,20:00,22.38,22.52,22.38,22.41,146
2016.06.02,21:00,22.42,22.42,22.20,22.22,279
2016.06.02,22:00,22.24,22.47,22.23,22.42,237
2016.06.03,16:00,22.52,22.69,22.48,22.69,176
2016.06.03,17:00,22.69,22.71,22.49,22.57,433
2016.06.03,18:00,22.59,22.73,22.49,22.73,299
2016.06.03,19:00,22.74,22.79,22.57,22.59,190
2016.06.03,20:00,22.60,22.66,22.57,22.64,113
2016.06.03,21:00,22.63,22.74,22.59,22.70,194
2016.06.03,22:00,22.72,22.85,22.63,22.80,220
2016.06.06,16:00,23.10,23.96,23.09,23.91,425
2016.06.06,17:00,23.89,24.08,23.72,24.02,528
2016.06.06,18:00,24.00,24.03,23.81,23.88,439
2016.06.06,19:00,23.88,23.91,23.65,23.70,539
2016.06.06,20:00,23.71,23.93,23.65,23.89,657
2016.06.06,21:00,23.89,24.27,23.86,24.27,454
2016.06.06,22:00,24.27,24.41,24.19,24.31,420
2016.06.07,16:00,24.28,24.54,24.19,24.23,306
2016.06.07,17:00,24.24,24.43,24.18,24.34,441
2016.06.07,18:00,24.33,24.42,24.19,24.38,318
2016.06.07,19:00,24.37,24.73,24.36,24.67,333
2016.06.07,20:00,24.67,24.76,24.56,24.60,276
2016.06.07,21:00,24.62,24.65,24.49,24.57,238
2016.06.07,22:00,24.56,24.57,24.46,24.47,118
2016.06.08,16:00,24.66,24.86,24.54,24.70,253
2016.06.08,17:00,24.71,24.77,24.24,24.26,479
2016.06.08,18:00,24.25,24.30,23.96,24.15,339
2016.06.08,19:00,24.14,24.35,24.14,24.34,202
2016.06.08,20:00,24.33,24.47,24.29,24.44,143
2016.06.08,21:00,24.43,24.49,24.39,24.45,232
2016.06.08,22:00,24.45,24.47,24.35,24.37,152
2016.06.09,16:00,24.00,24.16,23.85,24.05,360
2016.06.09,17:00,24.08,24.10,23.73,23.75,487
2016.06.09,18:00,23.77,23.93,23.77,23.86,396
2016.06.09,19:00,23.87,23.95,23.79,23.90,264
2016.06.09,20:00,23.91,24.00,23.90,23.97,172
2016.06.09,21:00,23.98,24.04,23.93,23.98,215
2016.06.09,22:00,23.98,24.01,23.91,23.92,97
2016.06.10,16:00,23.68,23.79,23.54,23.71,198
2016.06.10,17:00,23.71,23.92,23.65,23.85,345
2016.06.10,18:00,23.85,24.01,23.76,23.85,354
2016.06.10,19:00,23.85,23.89,23.70,23.74,251
2016.06.10,20:00,23.73,23.87,23.71,23.82,298
2016.06.10,21:00,23.80,23.86,23.73,23.85,307
2016.06.10,22:00,23.85,23.88,23.80,23.82,248
2016.06.13,16:00,23.37,23.55,23.01,23.48,342
2016.06.13,17:00,23.48,23.77,23.47,23.51,498
2016.06.13,18:00,23.51,23.59,23.40,23.53,398
2016.06.13,19:00,23.51,23.67,23.46,23.56,349
2016.06.13,20:00,23.55,23.56,23.25,23.25,324
2016.06.13,21:00,23.26,23.37,23.23,23.37,306
2016.06.13,22:00,23.38,23.41,23.25,23.31,236
2016.06.14,16:00,23.16,23.51,23.11,23.51,179
2016.06.14,17:00,23.51,23.53,23.23,23.30,289
2016.06.14,18:00,23.28,23.44,23.19,23.39,263
2016.06.14,19:00,23.39,23.56,23.37,23.50,355
2016.06.14,20:00,23.49,23.90,23.43,23.73,348
2016.06.14,21:00,23.73,23.75,23.55,23.60,319
2016.06.14,22:00,23.60,23.71,23.54,23.55,281
2016.06.15,16:00,23.76,23.97,23.71,23.92,279
2016.06.15,17:00,23.93,24.37,23.93,24.18,496
2016.06.15,18:00,24.18,24.18,23.87,23.97,322
2016.06.15,19:00,23.95,24.03,23.94,23.97,204
2016.06.15,20:00,23.97,24.01,23.92,23.96,179
2016.06.15,21:00,23.96,24.13,23.89,24.05,348
2016.06.15,22:00,24.04,24.06,23.88,23.89,213
2016.06.16,16:00,23.76,23.79,23.17,23.21,229
2016.06.16,17:00,23.21,23.44,23.12,23.41,352
2016.06.16,18:00,23.41,23.70,23.37,23.53,437
2016.06.16,19:00,23.54,23.79,23.48,23.75,433
2016.06.16,20:00,23.75,23.81,23.65,23.67,289
2016.06.16,21:00,23.66,23.84,23.66,23.80,381
2016.06.16,22:00,23.80,23.84,23.74,23.82,181
2016.06.17,16:00,23.84,24.16,23.74,24.04,229
2016.06.17,17:00,24.03,24.18,23.91,24.07,401
2016.06.17,18:00,24.07,24.09,23.70,23.85,585
2016.06.17,19:00,23.85,23.95,23.81,23.85,371
2016.06.17,20:00,23.84,23.90,23.75,23.86,353
2016.06.17,21:00,23.86,24.00,23.85,23.93,256
2016.06.17,22:00,23.94,24.03,23.91,23.98,202
2016.06.20,16:00,24.46,24.47,23.94,24.01,273
2016.06.20,17:00,24.01,24.14,23.79,23.86,239
2016.06.20,18:00,23.85,24.04,23.79,23.94,296
2016.06.20,19:00,23.94,23.98,23.81,23.86,291
2016.06.20,20:00,23.86,23.89,23.75,23.83,186
2016.06.20,21:00,23.82,23.96,23.77,23.94,149
2016.06.20,22:00,23.94,24.11,23.89,23.99,265
2016.06.21,16:00,23.83,24.00,23.80,23.96,172
2016.06.21,17:00,23.96,24.12,23.84,23.99,426
2016.06.21,18:00,23.97,24.11,23.88,23.97,379
2016.06.21,19:00,23.97,24.09,23.91,24.00,276
2016.06.21,20:00,24.01,24.05,23.88,24.02,230
2016.06.21,21:00,24.01,24.12,23.95,24.02,236
2016.06.21,22:00,24.00,24.09,23.95,24.09,243
2016.06.22,16:00,24.06,24.22,24.06,24.09,206
2016.06.22,17:00,24.12,24.20,24.06,24.07,335
2016.06.22,18:00,24.07,24.12,23.88,23.97,459
2016.06.22,19:00,23.97,24.03,23.88,23.93,423
2016.06.22,20:00,23.91,23.93,23.81,23.87,231
2016.06.22,21:00,23.87,23.96,23.82,23.94,304
2016.06.22,22:00,23.92,23.97,23.85,23.86,443
2016.06.23,16:00,24.12,24.89,24.11,24.66,394
2016.06.23,17:00,24.65,24.77,24.45,24.45,463
2016.06.23,18:00,24.47,24.67,24.42,24.64,248
2016.06.23,19:00,24.65,24.71,24.56,24.66,182
2016.06.23,20:00,24.65,24.78,24.62,24.75,478
2016.06.23,21:00,24.74,24.83,24.67,24.74,313
2016.06.23,22:00,24.77,24.88,24.74,24.87,206
2016.06.24,16:00,23.74,24.06,23.60,24.00,245
2016.06.24,17:00,24.01,24.14,23.98,24.03,726
2016.06.24,18:00,24.02,24.11,23.97,24.09,547
2016.06.24,19:00,24.10,24.16,23.97,23.99,433
2016.06.24,20:00,23.99,24.08,23.94,24.03,463
2016.06.24,21:00,24.06,24.08,23.93,23.99,517
2016.06.24,22:00,23.99,24.07,23.87,24.05,537
2016.06.27,16:00,23.54,23.65,23.31,23.45,231
2016.06.27,17:00,23.49,23.60,23.23,23.41,955
2016.06.27,18:00,23.41,23.42,23.09,23.18,887
2016.06.27,19:00,23.17,23.33,23.15,23.32,625
2016.06.27,20:00,23.33,23.41,23.12,23.18,598
2016.06.27,21:00,23.16,23.31,23.15,23.18,552
2016.06.27,22:00,23.18,23.25,23.12,23.20,488
2016.06.28,16:00,23.61,24.11,23.61,23.87,199
2016.06.28,17:00,23.89,24.00,23.69,23.74,712
2016.06.28,18:00,23.76,24.00,23.74,23.97,598
2016.06.28,19:00,23.96,24.14,23.92,24.03,621
2016.06.28,20:00,24.05,24.10,23.96,24.05,446
2016.06.28,21:00,24.04,24.17,24.00,24.13,517
2016.06.28,22:00,24.13,24.21,24.06,24.19,447
2016.06.29,16:00,24.50,24.69,24.42,24.69,275
2016.06.29,17:00,24.69,24.85,24.60,24.64,413
2016.06.29,18:00,24.66,24.77,24.63,24.64,348
2016.06.29,19:00,24.64,24.65,24.48,24.55,557
2016.06.29,20:00,24.55,24.65,24.47,24.64,334
2016.06.29,21:00,24.64,24.78,24.62,24.64,349
2016.06.29,22:00,24.64,24.81,24.63,24.76,289
2016.06.30,16:00,24.67,24.78,24.34,24.42,240
2016.06.30,17:00,24.42,24.88,24.37,24.77,415
2016.06.30,18:00,24.76,24.97,24.65,24.68,426
2016.06.30,19:00,24.68,24.75,24.55,24.69,350
2016.06.30,20:00,24.70,24.72,24.62,24.68,302
2016.06.30,21:00,24.67,24.72,24.64,24.67,298
2016.06.30,22:00,24.66,24.70,24.59,24.69,294
2016.07.01,16:00,24.88,25.21,24.72,25.10,264
2016.07.01,17:00,25.11,25.50,24.94,25.33,518
2016.07.01,18:00,25.37,25.38,24.98,25.27,339
2016.07.01,19:00,25.26,25.36,25.03,25.19,340
2016.07.01,20:00,25.19,25.26,25.09,25.19,170
2016.07.01,21:00,25.19,25.21,25.01,25.21,192
2016.07.01,22:00,25.21,25.34,25.18,25.25,259
2016.07.05,16:00,25.77,26.29,25.71,25.86,466
2016.07.05,17:00,25.87,25.99,25.64,25.69,484
2016.07.05,18:00,25.69,25.93,25.54,25.69,473
2016.07.05,19:00,25.68,25.74,25.47,25.65,604
2016.07.05,20:00,25.62,25.71,25.60,25.68,201
2016.07.05,21:00,25.68,25.74,25.58,25.66,226
2016.07.05,22:00,25.68,25.71,25.61,25.67,174
2016.07.06,16:00,25.31,25.57,25.31,25.40,273
2016.07.06,17:00,25.42,25.45,25.21,25.38,430
2016.07.06,18:00,25.39,25.43,25.23,25.34,410
2016.07.06,19:00,25.36,25.37,25.25,25.36,413
2016.07.06,20:00,25.36,25.42,25.25,25.28,290
2016.07.06,21:00,25.29,25.33,25.11,25.19,494
2016.07.06,22:00,25.21,25.24,25.16,25.22,239
2016.07.07,16:00,25.38,25.66,25.34,25.58,428
2016.07.07,17:00,25.58,25.64,25.38,25.46,548
2016.07.07,18:00,25.46,25.51,25.37,25.49,705
2016.07.07,19:00,25.49,25.59,25.41,25.45,501
2016.07.07,20:00,25.45,25.50,25.37,25.48,557
2016.07.07,21:00,25.44,25.52,25.40,25.50,473
2016.07.07,22:00,25.49,25.54,25.44,25.45,272
2016.07.08,16:00,25.66,25.77,25.47,25.59,262
2016.07.08,17:00,25.62,25.67,25.38,25.56,551
2016.07.08,18:00,25.56,25.64,25.50,25.53,340
2016.07.08,19:00,25.53,25.63,25.50,25.59,288
2016.07.08,20:00,25.59,25.66,25.55,25.58,334
2016.07.08,21:00,25.59,25.64,25.47,25.49,624
2016.07.08,22:00,25.48,25.55,25.44,25.54,394
2016.07.11,16:00,25.37,25.75,25.37,25.61,310
2016.07.11,17:00,25.61,25.77,25.44,25.77,382
2016.07.11,18:00,25.76,25.80,25.56,25.56,210
2016.07.11,19:00,25.56,25.67,25.56,25.60,224
2016.07.11,20:00,25.62,25.64,25.55,25.59,219
2016.07.11,21:00,25.58,25.64,25.51,25.58,163
2016.07.11,22:00,25.59,25.62,25.52,25.59,101
2016.07.12,16:00,25.84,26.30,25.75,26.16,265
2016.07.12,17:00,26.16,26.17,25.97,26.04,349
2016.07.12,18:00,26.04,26.12,26.01,26.08,214
2016.07.12,19:00,26.09,26.11,26.00,26.07,129
2016.07.12,20:00,26.08,26.19,26.06,26.12,128
2016.07.12,21:00,26.13,26.19,26.10,26.13,186
2016.07.12,22:00,26.10,26.19,26.10,26.17,76
2016.07.13,16:00,25.52,25.52,25.11,25.39,486
2016.07.13,17:00,25.39,25.56,25.03,25.10,738
2016.07.13,18:00,25.10,25.25,24.87,25.20,690
2016.07.13,19:00,25.20,25.38,25.20,25.31,464
2016.07.13,20:00,25.29,25.48,25.29,25.39,283
2016.07.13,21:00,25.40,25.73,25.39,25.62,478
2016.07.13,22:00,25.61,25.63,25.41,25.44,318
2016.07.14,16:00,25.51,25.76,25.44,25.76,247
2016.07.14,17:00,25.74,25.83,25.59,25.68,325
2016.07.14,18:00,25.68,25.84,25.66,25.77,571
2016.07.14,19:00,25.76,25.78,25.69,25.71,191
2016.07.14,20:00,25.70,25.73,25.55,25.67,185
2016.07.14,21:00,25.68,25.69,25.60,25.68,89
2016.07.14,22:00,25.69,25.75,25.64,25.74,116
2016.07.15,16:00,25.78,25.98,25.60,25.86,266
2016.07.15,17:00,25.87,25.94,25.69,25.79,315
2016.07.15,18:00,25.79,25.82,25.57,25.60,290
2016.07.15,19:00,25.60,25.65,25.54,25.58,189
2016.07.15,20:00,25.60,25.70,25.58,25.63,218
2016.07.15,21:00,25.61,25.67,25.60,25.64,182
2016.07.15,22:00,25.63,25.67,25.58,25.60,161
2016.07.18,16:00,25.51,25.54,25.22,25.38,239
2016.07.18,17:00,25.39,25.51,25.32,25.39,316
2016.07.18,18:00,25.41,25.43,25.28,25.28,159
2016.07.18,19:00,25.27,25.37,25.27,25.31,93
2016.07.18,20:00,25.31,25.34,25.23,25.23,116
2016.07.18,21:00,25.26,25.29,25.22,25.25,108
2016.07.18,22:00,25.25,25.30,25.21,25.25,113
2016.07.19,16:00,25.04,25.16,25.00,25.06,196
2016.07.19,17:00,25.06,25.08,24.95,25.03,279
2016.07.19,18:00,25.00,25.09,24.83,24.83,215
2016.07.19,19:00,24.83,24.87,24.74,24.81,243
2016.07.19,20:00,24.80,24.87,24.74,24.84,191
2016.07.19,21:00,24.85,24.96,24.83,24.90,201
2016.07.19,22:00,24.88,24.89,24.81,24.81,89
2016.07.20,16:00,24.73,24.98,24.54,24.93,279
2016.07.20,17:00,24.93,25.27,24.85,25.19,657
2016.07.20,18:00,25.19,25.24,25.12,25.14,518
2016.07.20,19:00,25.14,25.17,24.99,25.02,369
2016.07.20,20:00,25.03,25.11,24.99,25.04,341
2016.07.20,21:00,25.04,25.14,25.03,25.08,330
2016.07.20,22:00,25.08,25.12,25.04,25.06,184
2016.07.21,16:00,25.12,25.25,25.04,25.04,131
2016.07.21,17:00,25.05,25.12,24.91,25.01,382
2016.07.21,18:00,25.03,25.06,24.74,24.74,256
2016.07.21,19:00,24.74,24.77,24.60,24.71,246
2016.07.21,20:00,24.71,24.82,24.64,24.67,205
2016.07.21,21:00,24.66,24.73,24.53,24.66,271
2016.07.21,22:00,24.67,24.74,24.61,24.72,185
2016.07.22,16:00,24.58,24.91,24.54,24.84,158
2016.07.22,17:00,24.84,25.08,24.79,24.98,479
2016.07.22,18:00,24.99,25.04,24.85,25.01,618
2016.07.22,19:00,25.01,25.04,24.95,24.95,339
2016.07.22,20:00,24.99,25.04,24.96,24.98,176
2016.07.22,21:00,25.00,25.04,24.94,25.03,198
2016.07.22,22:00,25.02,25.04,24.90,24.92,153
2016.07.25,16:00,24.59,24.81,24.59,24.75,226
2016.07.25,17:00,24.75,24.79,24.42,24.51,406
2016.07.25,18:00,24.51,24.70,24.43,24.68,369
2016.07.25,19:00,24.69,24.75,24.63,24.72,300
2016.07.25,20:00,24.72,24.79,24.68,24.69,335
2016.07.25,21:00,24.71,24.81,24.71,24.79,227
2016.07.25,22:00,24.77,24.85,24.72,24.82,220
2016.07.26,16:00,24.86,25.03,24.84,24.98,135
2016.07.26,17:00,24.96,25.04,24.78,24.78,301
2016.07.26,18:00,24.79,24.91,24.72,24.80,408
2016.07.26,19:00,24.81,24.85,24.66,24.68,314
2016.07.26,20:00,24.69,24.71,24.61,24.61,217
2016.07.26,21:00,24.63,24.69,24.55,24.69,196
2016.07.26,22:00,24.67,24.73,24.63,24.70,314
2016.07.27,16:00,24.78,24.89,24.74,24.84,125
2016.07.27,17:00,24.82,24.86,24.61,24.69,340
2016.07.27,18:00,24.69,24.78,24.60,24.60,242
2016.07.27,19:00,24.66,24.68,24.51,24.62,203
2016.07.27,20:00,24.62,24.70,24.57,24.67,161
2016.07.27,21:00,24.68,24.77,24.58,24.77,370
2016.07.27,22:00,24.77,24.88,24.76,24.86,184
2016.07.28,16:00,24.60,24.83,24.48,24.72,202
2016.07.28,17:00,24.81,24.84,24.63,24.66,315
2016.07.28,18:00,24.66,24.71,24.55,24.62,257
2016.07.28,19:00,24.62,24.98,24.56,24.97,363
2016.07.28,20:00,24.98,25.10,24.85,24.93,401
2016.07.28,21:00,24.93,25.00,24.89,24.99,164
2016.07.28,22:00,24.98,24.98,24.92,24.92,134
2016.07.29,16:00,25.04,25.04,24.60,24.67,184
2016.07.29,17:00,24.69,24.74,24.59,24.69,273
2016.07.29,18:00,24.71,24.87,24.70,24.77,241
2016.07.29,19:00,24.78,24.81,24.66,24.71,170
2016.07.29,20:00,24.69,24.81,24.65,24.78,114
2016.07.29,21:00,24.78,24.82,24.70,24.75,123
2016.07.29,22:00,24.73,24.81,24.69,24.77,159
2016.08.01,16:00,24.87,24.87,24.47,24.54,290
2016.08.01,17:00,24.57,24.65,24.43,24.46,429
2016.08.01,18:00,24.48,24.66,24.45,24.53,413
2016.08.01,19:00,24.54,24.57,24.42,24.51,200
2016.08.01,20:00,24.50,24.56,24.47,24.56,139
2016.08.01,21:00,24.57,24.58,24.50,24.51,188
2016.08.01,22:00,24.51,24.53,24.45,24.51,227
2016.08.02,16:00,24.62,24.70,24.50,24.57,267
2016.08.02,17:00,24.56,24.61,24.32,24.32,571
2016.08.02,18:00,24.34,24.50,24.32,24.38,646
2016.08.02,19:00,24.38,24.48,24.35,24.46,250
2016.08.02,20:00,24.46,24.47,24.28,24.33,366
2016.08.02,21:00,24.33,24.52,24.33,24.43,457
2016.08.02,22:00,24.47,24.52,24.42,24.48,311
2016.08.03,16:00,24.31,24.37,24.20,24.29,189
2016.08.03,17:00,24.29,24.49,24.26,24.37,412
2016.08.03,18:00,24.37,24.48,24.29,24.43,236
2016.08.03,19:00,24.46,24.51,24.37,24.43,114
2016.08.03,20:00,24.44,24.44,24.35,24.40,78
2016.08.03,21:00,24.41,24.44,24.38,24.41,131
2016.08.03,22:00,24.42,24.44,24.38,24.41,100
2016.08.04,16:00,24.46,24.48,24.16,24.20,263
2016.08.04,17:00,24.20,24.31,24.17,24.27,223
2016.08.04,18:00,24.27,24.41,24.23,24.38,417
2016.08.04,19:00,24.40,24.52,24.36,24.51,176
2016.08.04,20:00,24.49,24.49,24.33,24.43,194
2016.08.04,21:00,24.43,24.48,24.37,24.46,132
2016.08.04,22:00,24.45,24.48,24.38,24.47,106
2016.08.05,16:00,24.60,24.74,24.51,24.73,196
2016.08.05,17:00,24.72,24.74,24.62,24.66,199
2016.08.05,18:00,24.66,24.70,24.46,24.51,275
2016.08.05,19:00,24.52,24.53,24.44,24.49,110
2016.08.05,20:00,24.50,24.52,24.48,24.51,68
2016.08.05,21:00,24.50,24.52,24.46,24.46,72
2016.08.05,22:00,24.48,24.49,24.40,24.45,109
2016.08.08,16:00,24.52,24.66,24.37,24.52,245
2016.08.08,17:00,24.53,24.53,24.37,24.46,181
2016.08.08,18:00,24.46,24.54,24.41,24.47,187
2016.08.08,19:00,24.47,24.49,24.34,24.40,220
2016.08.08,20:00,24.41,24.49,24.38,24.44,289
2016.08.08,21:00,24.45,24.51,24.41,24.47,162
2016.08.08,22:00,24.47,24.52,24.40,24.48,112
2016.08.09,16:00,24.57,24.63,24.51,24.56,136
2016.08.09,17:00,24.57,24.68,24.50,24.54,398
2016.08.09,18:00,24.55,24.62,24.52,24.60,265
2016.08.09,19:00,24.59,24.61,24.51,24.53,272
2016.08.09,20:00,24.53,24.56,24.50,24.55,109
2016.08.09,21:00,24.55,24.57,24.51,24.54,115
2016.08.09,22:00,24.55,24.56,24.50,24.54,97
2016.08.10,16:00,24.59,24.69,24.42,24.47,217
2016.08.10,17:00,24.48,24.56,24.44,24.51,316
2016.08.10,18:00,24.51,24.54,24.38,24.48,279
2016.08.10,19:00,24.49,24.50,24.41,24.46,186
2016.08.10,20:00,24.46,24.55,24.43,24.53,101
2016.08.10,21:00,24.53,24.57,24.48,24.52,139
2016.08.10,22:00,24.51,24.55,24.46,24.52,128
2016.08.11,16:00,24.41,24.64,24.41,24.43,365
2016.08.11,17:00,24.42,24.59,24.38,24.56,405
2016.08.11,18:00,24.55,24.57,24.42,24.46,357
2016.08.11,19:00,24.46,24.46,24.39,24.43,208
2016.08.11,20:00,24.44,24.48,24.39,24.45,166
2016.08.11,21:00,24.43,24.50,24.39,24.43,252
2016.08.11,22:00,24.45,24.60,24.42,24.59,217
2016.08.12,16:00,24.51,24.59,24.46,24.54,175
2016.08.12,17:00,24.54,24.55,24.45,24.48,245
2016.08.12,18:00,24.48,24.55,24.40,24.42,174
2016.08.12,19:00,24.41,24.46,24.37,24.40,284
2016.08.12,20:00,24.40,24.51,24.40,24.44,151
2016.08.12,21:00,24.44,24.46,24.42,24.45,104
2016.08.12,22:00,24.46,24.53,24.41,24.51,161
2016.08.15,16:00,24.54,24.80,24.46,24.74,242
2016.08.15,17:00,24.73,24.94,24.68,24.94,320
2016.08.15,18:00,24.94,24.97,24.80,24.87,301
2016.08.15,19:00,24.87,25.05,24.86,25.02,251
2016.08.15,20:00,25.03,25.06,24.95,25.05,197
2016.08.15,21:00,25.03,25.10,24.97,25.09,143
2016.08.15,22:00,25.10,25.20,25.07,25.17,100
2016.08.16,16:00,25.18,25.35,25.11,25.26,232
2016.08.16,17:00,25.25,25.32,25.12,25.26,291
2016.08.16,18:00,25.27,25.27,25.11,25.18,161
2016.08.16,19:00,25.19,25.19,25.07,25.09,229
2016.08.16,20:00,25.09,25.14,25.06,25.08,113
2016.08.16,21:00,25.09,25.10,24.93,24.97,166
2016.08.16,22:00,24.98,25.01,24.88,24.88,103
2016.08.17,16:00,24.57,24.72,24.48,24.50,130
2016.08.17,17:00,24.49,24.50,24.22,24.25,216
2016.08.17,18:00,24.25,24.40,24.18,24.36,220
2016.08.17,19:00,24.36,24.37,24.26,24.28,212
2016.08.17,20:00,24.29,24.33,24.26,24.28,127
2016.08.17,21:00,24.28,24.41,24.18,24.35,276
2016.08.17,22:00,24.36,24.40,24.34,24.38,108
2016.08.18,16:00,24.41,24.51,24.33,24.43,132
2016.08.18,17:00,24.40,24.49,24.40,24.49,283
2016.08.18,18:00,24.49,24.68,24.42,24.62,354
2016.08.18,19:00,24.67,24.70,24.58,24.62,190
2016.08.18,20:00,24.63,24.69,24.60,24.68,101
2016.08.18,21:00,24.65,24.69,24.63,24.69,78
2016.08.18,22:00,24.69,24.70,24.61,24.62,52
2016.08.19,16:00,24.52,24.64,24.51,24.57,159
2016.08.19,17:00,24.57,24.76,24.57,24.72,230
2016.08.19,18:00,24.72,24.88,24.72,24.85,219
2016.08.19,19:00,24.85,24.95,24.77,24.81,209
2016.08.19,20:00,24.83,24.88,24.71,24.77,143
2016.08.19,21:00,24.78,24.80,24.71,24.79,93
2016.08.19,22:00,24.80,24.85,24.72,24.82,79
2016.08.22,16:00,24.59,24.60,24.47,24.57,137
2016.08.22,17:00,24.57,24.72,24.50,24.67,270
2016.08.22,18:00,24.67,24.89,24.64,24.89,176
2016.08.22,19:00,24.88,24.93,24.81,24.85,172
2016.08.22,20:00,24.87,24.92,24.75,24.89,147
2016.08.22,21:00,24.90,25.01,24.86,24.98,130
2016.08.22,22:00,24.99,25.11,24.96,25.10,137
2016.08.23,16:00,25.26,25.32,25.11,25.12,305
2016.08.23,17:00,25.12,25.17,24.97,25.10,197
2016.08.23,18:00,25.14,25.17,25.04,25.06,127
2016.08.23,19:00,25.05,25.13,25.04,25.07,84
2016.08.23,20:00,25.07,25.25,25.06,25.20,107
2016.08.23,21:00,25.21,25.22,25.14,25.15,72
2016.08.23,22:00,25.15,25.19,25.15,25.15,28
2016.08.24,16:00,25.03,25.18,24.91,24.91,212
2016.08.24,17:00,24.91,25.02,24.88,25.00,168
2016.08.24,18:00,24.98,25.00,24.91,24.95,210
2016.08.24,19:00,24.93,25.03,24.92,24.99,164
2016.08.24,20:00,25.00,25.02,24.92,24.95,75
2016.08.24,21:00,24.93,24.95,24.79,24.93,184
2016.08.24,22:00,24.94,24.95,24.82,24.91,197
2016.08.25,16:00,24.98,25.47,24.98,25.33,317
2016.08.25,17:00,25.31,25.37,25.09,25.34,274
2016.08.25,18:00,25.33,26.77,25.30,26.24,1109
2016.08.25,19:00,26.24,26.24,25.94,26.07,598
2016.08.25,20:00,26.09,26.37,26.05,26.14,399
2016.08.25,21:00,26.15,26.25,26.12,26.13,328
2016.08.25,22:00,26.11,26.21,26.05,26.13,194
2016.08.26,16:00,26.44,26.54,26.32,26.34,204
2016.08.26,17:00,26.35,26.43,26.22,26.32,389
2016.08.26,18:00,26.32,26.39,26.14,26.19,264
2016.08.26,19:00,26.20,26.22,25.92,26.17,433
2016.08.26,20:00,26.18,26.26,26.11,26.20,282
2016.08.26,21:00,26.17,26.19,25.97,26.00,290
2016.08.26,22:00,26.03,26.13,25.99,26.06,280
2016.08.29,16:00,26.03,26.11,25.91,25.98,171
2016.08.29,17:00,26.01,26.20,25.97,26.13,575
2016.08.29,18:00,26.15,26.17,26.03,26.04,201
2016.08.29,19:00,26.05,26.05,25.95,25.98,122
2016.08.29,20:00,25.99,25.99,25.83,25.83,87
2016.08.29,21:00,25.83,25.83,25.61,25.75,164
2016.08.29,22:00,25.73,25.73,25.56,25.58,272
2016.08.30,16:00,25.57,26.30,25.54,26.26,415
2016.08.30,17:00,26.27,26.65,26.20,26.37,741
2016.08.30,18:00,26.37,26.53,26.31,26.44,380
2016.08.30,19:00,26.45,26.49,26.25,26.26,283
2016.08.30,20:00,26.26,26.36,26.23,26.31,189
2016.08.30,21:00,26.30,26.30,26.12,26.17,182
2016.08.30,22:00,26.18,26.27,26.14,26.24,132
2016.08.31,16:00,25.75,25.78,25.39,25.44,362
2016.08.31,17:00,25.45,25.58,25.19,25.19,376
2016.08.31,18:00,25.19,25.30,25.13,25.16,261
2016.08.31,19:00,25.15,25.18,25.06,25.09,204
2016.08.31,20:00,25.12,25.26,25.10,25.24,213
2016.08.31,21:00,25.23,25.53,25.23,25.40,250
2016.08.31,22:00,25.40,25.52,25.40,25.52,144
2016.09.01,16:00,25.35,25.61,25.18,25.61,215
2016.09.01,17:00,25.60,26.00,25.60,25.96,684
2016.09.01,18:00,25.96,26.05,25.88,26.01,257
2016.09.01,19:00,26.01,26.16,25.98,26.06,234
2016.09.01,20:00,26.05,26.11,25.95,26.00,143
2016.09.01,21:00,26.00,26.23,26.00,26.14,251
2016.09.01,22:00,26.14,26.41,26.08,26.41,280
2016.09.02,16:00,26.68,27.34,26.60,26.95,382
2016.09.02,17:00,26.95,27.16,26.86,27.08,398
2016.09.02,18:00,27.08,27.43,27.08,27.39,347
2016.09.02,19:00,27.39,27.66,27.38,27.58,394
2016.09.02,20:00,27.58,27.73,27.58,27.64,207
2016.09.02,21:00,27.63,27.70,27.58,27.67,154
2016.09.02,22:00,27.66,27.72,27.59,27.71,113
2016.09.06,16:00,28.08,28.21,27.64,27.74,409
2016.09.06,17:00,27.74,27.93,27.67,27.72,476
2016.09.06,18:00,27.73,27.75,27.56,27.62,277
2016.09.06,19:00,27.62,27.62,27.51,27.53,144
2016.09.06,20:00,27.54,27.59,27.42,27.46,116
2016.09.06,21:00,27.45,27.45,27.34,27.39,298
2016.09.06,22:00,27.39,27.39,27.31,27.35,108
2016.09.07,16:00,27.47,27.89,27.38,27.87,268
2016.09.07,17:00,27.81,27.92,27.68,27.76,368
2016.09.07,18:00,27.77,27.89,27.69,27.75,218
2016.09.07,19:00,27.75,27.84,27.66,27.81,186
2016.09.07,20:00,27.81,27.89,27.75,27.75,97
2016.09.07,21:00,27.77,27.79,27.62,27.64,182
2016.09.07,22:00,27.65,27.68,27.57,27.62,113
2016.09.08,16:00,27.56,27.82,27.36,27.38,238
2016.09.08,17:00,27.38,27.49,27.18,27.40,348
2016.09.08,18:00,27.41,27.54,27.20,27.24,304
2016.09.08,19:00,27.24,27.24,27.01,27.16,274
2016.09.08,20:00,27.17,27.17,26.96,27.07,177
2016.09.08,21:00,27.07,27.22,27.04,27.21,144
2016.09.08,22:00,27.22,27.40,27.20,27.40,260
2016.09.09,16:00,27.06,27.16,26.70,26.73,333
2016.09.09,17:00,26.73,26.91,26.27,26.80,613
2016.09.09,18:00,26.81,26.83,26.73,26.81,402
2016.09.09,19:00,26.81,26.86,26.61,26.69,280
2016.09.09,20:00,26.70,26.91,26.57,26.71,401
2016.09.09,21:00,26.67,26.83,26.65,26.68,260
2016.09.09,22:00,26.67,26.68,26.44,26.53,241
2016.09.12,16:00,26.10,26.39,26.02,26.24,267
2016.09.12,17:00,26.24,26.31,26.15,26.18,271
2016.09.12,18:00,26.18,26.30,26.12,26.26,354
2016.09.12,19:00,26.26,26.39,26.19,26.38,327
2016.09.12,20:00,26.37,26.47,26.29,26.46,444
2016.09.12,21:00,26.45,26.69,26.43,26.54,337
2016.09.12,22:00,26.54,26.57,26.47,26.51,292
2016.09.13,16:00,26.20,26.25,25.93,26.08,347
2016.09.13,17:00,26.08,26.30,26.05,26.15,354
2016.09.13,18:00,26.18,26.20,26.00,26.18,332
2016.09.13,19:00,26.18,26.19,25.98,26.03,326
2016.09.13,20:00,26.03,26.24,25.93,26.12,303
2016.09.13,21:00,26.13,26.13,25.96,26.07,362
2016.09.13,22:00,26.05,26.21,26.02,26.13,312
2016.09.14,16:00,26.32,26.35,26.03,26.18,393
2016.09.14,17:00,26.18,26.37,25.94,25.94,314
2016.09.14,18:00,25.94,26.03,25.83,25.96,774
2016.09.14,19:00,25.96,26.05,25.81,25.82,595
2016.09.14,20:00,25.82,25.88,25.65,25.70,260
2016.09.14,21:00,25.69,25.77,25.61,25.75,247
2016.09.14,22:00,25.75,25.80,25.71,25.77,269
2016.09.15,16:00,25.71,26.01,25.69,25.87,310
2016.09.15,17:00,25.87,25.93,25.75,25.83,397
2016.09.15,18:00,25.84,25.98,25.79,25.89,364
2016.09.15,19:00,25.91,25.96,25.72,25.81,169
2016.09.15,20:00,25.81,25.84,25.70,25.75,195
2016.09.15,21:00,25.74,25.79,25.50,25.63,177
2016.09.15,22:00,25.64,25.67,25.54,25.59,133
2016.09.16,16:00,25.16,25.50,25.00,25.32,222
2016.09.16,17:00,25.33,25.37,25.17,25.28,285
2016.09.16,18:00,25.28,25.35,25.22,25.29,180
2016.09.16,19:00,25.30,25.30,25.09,25.12,244
2016.09.16,20:00,25.14,25.18,25.08,25.16,145
2016.09.16,21:00,25.17,25.25,25.11,25.22,200
2016.09.16,22:00,25.22,25.30,25.16,25.21,155
2016.09.19,16:00,25.45,25.59,25.30,25.55,172
2016.09.19,17:00,25.54,25.68,25.53,25.59,337
2016.09.19,18:00,25.59,25.61,25.38,25.42,201
2016.09.19,19:00,25.42,25.46,25.28,25.30,174
2016.09.19,20:00,25.31,25.35,25.23,25.35,252
2016.09.19,21:00,25.33,25.38,25.29,25.38,178
2016.09.19,22:00,25.37,25.37,25.22,25.29,265
2016.09.20,16:00,25.28,25.36,24.97,24.99,190
2016.09.20,17:00,25.00,25.09,24.91,25.09,240
2016.09.20,18:00,25.10,25.24,25.01,25.05,244
2016.09.20,19:00,25.02,25.05,24.78,24.78,220
2016.09.20,20:00,24.79,24.91,24.78,24.81,139
2016.09.20,21:00,24.81,24.92,24.75,24.91,151
2016.09.20,22:00,24.92,24.92,24.74,24.76,194
2016.09.21,16:00,24.83,25.17,24.80,25.01,303
2016.09.21,17:00,25.01,25.30,24.91,25.08,429
2016.09.21,18:00,25.08,25.17,24.98,25.10,317
2016.09.21,19:00,25.10,25.22,25.06,25.18,143
2016.09.21,20:00,25.18,25.30,25.14,25.21,159
2016.09.21,21:00,25.23,25.48,25.19,25.40,533
2016.09.21,22:00,25.40,25.65,25.38,25.65,329
2016.09.22,16:00,25.86,25.98,25.77,25.97,177
2016.09.22,17:00,25.92,25.98,25.70,25.74,263
2016.09.22,18:00,25.73,25.73,25.52,25.56,191
2016.09.22,19:00,25.57,25.61,25.49,25.57,168
2016.09.22,20:00,25.58,25.58,25.45,25.46,117
2016.09.22,21:00,25.46,25.52,25.31,25.49,208
2016.09.22,22:00,25.49,25.55,25.45,25.51,170
2016.09.23,16:00,25.33,25.44,25.24,25.41,195
2016.09.23,17:00,25.43,25.43,25.21,25.25,196
2016.09.23,18:00,25.23,25.27,25.15,25.15,153
2016.09.23,19:00,25.17,25.25,25.08,25.17,139
2016.09.23,20:00,25.17,25.17,25.03,25.05,123
2016.09.23,21:00,25.04,25.10,25.00,25.09,141
2016.09.23,22:00,25.10,25.14,25.07,25.13,109
2016.09.26,16:00,26.03,26.67,25.75,26.26,364
2016.09.26,17:00,26.26,26.29,25.86,26.11,394
2016.09.26,18:00,26.10,26.13,25.85,25.85,181
2016.09.26,19:00,25.88,26.00,25.86,25.98,219
2016.09.26,20:00,25.98,26.00,25.88,25.90,151
2016.09.26,21:00,25.91,26.03,25.88,25.94,258
2016.09.26,22:00,25.94,26.06,25.92,25.96,132
2016.09.27,16:00,25.96,26.03,25.80,25.87,199
2016.09.27,17:00,25.88,25.92,25.71,25.74,236
2016.09.27,18:00,25.73,25.81,25.69,25.78,169
2016.09.27,19:00,25.78,25.96,25.76,25.94,220
2016.09.27,20:00,25.95,26.04,25.89,25.94,239
2016.09.27,21:00,25.97,26.01,25.93,25.99,107
2016.09.27,22:00,25.99,26.04,25.93,26.02,111
2016.09.28,16:00,26.07,26.24,26.05,26.12,170
2016.09.28,17:00,26.10,26.12,25.92,25.94,267
2016.09.28,18:00,25.93,26.13,25.88,26.13,201
2016.09.28,19:00,26.11,26.45,26.07,26.43,253
2016.09.28,20:00,26.43,26.63,26.43,26.59,187
2016.09.28,21:00,26.59,27.12,26.59,27.10,371
2016.09.28,22:00,27.11,27.12,26.97,27.07,197
2016.09.29,16:00,27.02,27.16,26.81,26.85,245
2016.09.29,17:00,26.84,26.95,26.72,26.89,332
2016.09.29,18:00,26.89,27.06,26.75,26.88,302
2016.09.29,19:00,26.85,26.91,26.40,26.51,227
2016.09.29,20:00,26.50,26.54,26.14,26.14,295
2016.09.29,21:00,26.15,26.51,26.14,26.38,308
2016.09.29,22:00,26.38,26.49,26.35,26.39,262
2016.09.30,16:00,26.42,26.54,26.18,26.18,243
2016.09.30,17:00,26.23,26.32,26.17,26.23,215
2016.09.30,18:00,26.23,26.46,26.17,26.46,233
2016.09.30,19:00,26.47,26.79,26.46,26.65,255
2016.09.30,20:00,26.64,26.86,26.60,26.81,223
2016.09.30,21:00,26.82,27.00,26.80,26.94,137
2016.09.30,22:00,26.94,27.00,26.88,26.93,120
2016.10.03,16:00,26.71,26.87,26.66,26.76,164
2016.10.03,17:00,26.76,27.21,26.74,27.11,370
2016.10.03,18:00,27.11,27.42,27.11,27.37,313
2016.10.03,19:00,27.35,27.68,27.29,27.62,260
2016.10.03,20:00,27.62,27.73,27.53,27.59,249
2016.10.03,21:00,27.57,27.71,27.51,27.61,216
2016.10.03,22:00,27.62,27.74,27.58,27.74,203
2016.10.04,16:00,27.79,27.80,27.10,27.37,336
2016.10.04,17:00,27.37,27.37,26.87,26.98,554
2016.10.04,18:00,26.96,27.43,26.88,27.35,572
2016.10.04,19:00,27.35,27.71,27.34,27.54,367
2016.10.04,20:00,27.53,27.55,27.27,27.49,485
2016.10.04,21:00,27.48,27.49,27.13,27.21,492
2016.10.04,22:00,27.20,27.45,27.17,27.40,342
2016.10.05,16:00,27.36,27.61,27.27,27.53,244
2016.10.05,17:00,27.52,27.66,27.39,27.46,360
2016.10.05,18:00,27.46,27.66,27.42,27.61,242
2016.10.05,19:00,27.61,27.78,27.61,27.65,270
2016.10.05,20:00,27.66,27.67,27.54,27.66,172
2016.10.05,21:00,27.66,27.77,27.64,27.71,225
2016.10.05,22:00,27.71,27.77,27.69,27.75,164
2016.10.06,16:00,27.58,27.70,27.51,27.56,226
2016.10.06,17:00,27.54,27.55,27.49,27.53,123
2016.10.06,18:00,27.55,27.68,27.55,27.61,206
2016.10.06,19:00,27.62,27.63,27.47,27.58,135
2016.10.06,20:00,27.56,27.64,27.56,27.63,89
2016.10.06,21:00,27.64,27.66,27.57,27.57,84
2016.10.06,22:00,27.58,27.65,27.58,27.63,88
2016.10.07,16:00,27.59,27.60,27.27,27.30,136
2016.10.07,17:00,27.30,27.42,27.19,27.27,293
2016.10.07,18:00,27.28,27.29,27.14,27.18,220
2016.10.07,19:00,27.20,27.27,27.14,27.27,208
2016.10.07,20:00,27.26,27.41,27.20,27.40,164
2016.10.07,21:00,27.41,27.42,27.32,27.37,101
2016.10.07,22:00,27.37,27.39,27.32,27.33,132
2016.10.10,16:00,27.37,27.79,27.37,27.55,139
2016.10.10,17:00,27.55,27.73,27.55,27.66,221
2016.10.10,18:00,27.66,27.70,27.55,27.62,129
2016.10.10,19:00,27.61,27.73,27.49,27.71,145
2016.10.10,20:00,27.70,27.72,27.63,27.68,100
2016.10.10,21:00,27.65,27.77,27.65,27.74,96
2016.10.10,22:00,27.75,27.81,27.72,27.75,96
2016.10.11,16:00,27.60,27.66,27.20,27.32,235
2016.10.11,17:00,27.32,27.41,27.19,27.21,215
2016.10.11,18:00,27.22,27.38,27.20,27.34,234
2016.10.11,19:00,27.34,27.43,27.28,27.38,132
2016.10.11,20:00,27.38,27.43,27.34,27.38,141
2016.10.11,21:00,27.38,27.49,27.34,27.47,225
2016.10.11,22:00,27.47,27.52,27.44,27.49,120
2016.10.12,16:00,27.52,27.52,27.27,27.42,243
2016.10.12,17:00,27.42,27.58,27.31,27.34,385
2016.10.12,18:00,27.34,27.39,27.27,27.31,219
2016.10.12,19:00,27.29,27.37,27.26,27.29,211
2016.10.12,20:00,27.27,27.34,27.21,27.34,159
2016.10.12,21:00,27.35,27.42,27.31,27.41,250
2016.10.12,22:00,27.41,27.47,27.37,27.39,171
2016.10.13,16:00,27.00,27.06,26.24,26.53,352
2016.10.13,17:00,26.54,26.87,26.43,26.86,385
2016.10.13,18:00,26.84,26.91,26.74,26.75,276
2016.10.13,19:00,26.75,26.83,26.61,26.81,263
2016.10.13,20:00,26.81,26.99,26.77,26.99,181
2016.10.13,21:00,26.98,27.04,26.84,26.87,256
2016.10.13,22:00,26.87,26.91,26.81,26.83,177
2016.10.14,16:00,26.89,27.12,26.88,27.04,191
2016.10.14,17:00,27.04,27.12,26.97,27.08,222
2016.10.14,18:00,27.06,27.06,26.81,26.86,245
2016.10.14,19:00,26.86,26.99,26.86,26.97,377
2016.10.14,20:00,26.97,27.08,26.94,27.01,358
2016.10.14,21:00,27.01,27.03,26.87,26.87,175
2016.10.14,22:00,26.90,26.99,26.88,26.94,195
2016.10.17,16:00,26.63,27.02,26.63,26.82,227
2016.10.17,17:00,26.83,26.99,26.66,26.75,482
2016.10.17,18:00,26.76,26.92,26.60,26.84,276
2016.10.17,19:00,26.85,26.98,26.85,26.96,202
2016.10.17,20:00,26.97,26.97,26.74,26.78,186
2016.10.17,21:00,26.78,26.82,26.71,26.79,204
2016.10.17,22:00,26.79,26.80,26.73,26.79,113
2016.10.18,16:00,26.97,27.07,26.95,27.07,154
2016.10.18,17:00,27.07,27.16,26.93,27.10,358
2016.10.18,18:00,27.10,27.14,27.02,27.08,134
2016.10.18,19:00,27.10,27.12,27.04,27.12,164
2016.10.18,20:00,27.10,27.31,27.10,27.28,109
2016.10.18,21:00,27.28,27.55,27.12,27.49,265
2016.10.18,22:00,27.50,27.67,27.46,27.52,221
2016.10.19,16:00,27.93,28.41,27.93,28.41,474
2016.10.19,17:00,28.39,29.03,28.39,28.88,480
2016.10.19,18:00,28.84,28.87,28.68,28.75,290
2016.10.19,19:00,28.75,28.83,28.67,28.71,211
2016.10.19,20:00,28.71,28.79,28.67,28.75,150
2016.10.19,21:00,28.76,28.84,28.66,28.68,173
2016.10.19,22:00,28.69,28.74,28.58,28.60,241
2016.10.20,16:00,29.07,29.07,28.76,28.91,199
2016.10.20,17:00,28.91,29.01,28.80,29.00,313
2016.10.20,18:00,29.01,29.27,28.97,29.08,297
2016.10.20,19:00,29.07,29.13,29.04,29.07,168
2016.10.20,20:00,29.09,29.13,28.98,28.99,105
2016.10.20,21:00,29.00,29.01,28.90,28.93,142
2016.10.20,22:00,28.94,29.20,28.90,29.12,285
2016.10.21,16:00,28.79,28.95,28.78,28.88,106
2016.10.21,17:00,28.88,29.35,28.81,29.34,361
2016.10.21,18:00,29.34,29.37,29.16,29.17,188
2016.10.21,19:00,29.13,29.22,29.09,29.16,217
2016.10.21,20:00,29.14,29.21,29.12,29.19,127
2016.10.21,21:00,29.18,29.35,29.15,29.30,172
2016.10.21,22:00,29.28,29.37,29.27,29.35,163
2016.10.24,16:00,29.53,29.56,29.14,29.47,256
2016.10.24,17:00,29.47,29.55,29.19,29.41,327
2016.10.24,18:00,29.41,29.46,29.38,29.38,189
2016.10.24,19:00,29.38,29.40,29.24,29.28,133
2016.10.24,20:00,29.28,29.33,29.27,29.28,82
2016.10.24,21:00,29.30,29.35,29.26,29.34,133
2016.10.24,22:00,29.34,29.42,29.27,29.39,142
2016.10.25,16:00,29.36,29.52,29.33,29.50,195
2016.10.25,17:00,29.50,29.72,29.49,29.58,301
2016.10.25,18:00,29.56,29.89,29.53,29.87,196
2016.10.25,19:00,29.87,29.89,29.77,29.79,169
2016.10.25,20:00,29.79,29.79,29.72,29.74,104
2016.10.25,21:00,29.74,29.76,29.54,29.55,221
2016.10.25,22:00,29.54,29.56,29.35,29.39,225
2016.10.26,16:00,29.32,29.40,29.00,29.04,255
2016.10.26,17:00,29.03,29.27,29.01,29.26,439
2016.10.26,18:00,29.27,29.38,29.22,29.25,275
2016.10.26,19:00,29.26,29.38,29.16,29.26,326
2016.10.26,20:00,29.27,29.42,29.20,29.26,197
2016.10.26,21:00,29.23,29.25,29.11,29.23,191
2016.10.26,22:00,29.23,29.29,29.18,29.27,132
2016.10.27,16:00,29.35,29.39,29.24,29.29,200
2016.10.27,17:00,29.29,29.47,29.13,29.38,277
2016.10.27,18:00,29.31,29.49,29.31,29.48,160
2016.10.27,19:00,29.50,29.56,29.37,29.56,186
2016.10.27,20:00,29.56,29.62,29.50,29.62,149
2016.10.27,21:00,29.62,29.63,29.51,29.55,231
2016.10.27,22:00,29.53,29.63,29.44,29.57,199
2016.10.28,16:00,29.41,29.73,29.38,29.64,249
2016.10.28,17:00,29.64,29.94,29.60,29.75,373
2016.10.28,18:00,29.75,29.94,29.69,29.87,305
2016.10.28,19:00,29.88,30.04,29.79,29.96,324
2016.10.28,20:00,29.97,29.97,29.67,29.68,378
2016.10.28,21:00,29.68,29.82,29.58,29.82,418
2016.10.28,22:00,29.80,29.84,29.58,29.69,352
2016.10.31,16:00,29.63,29.63,29.14,29.14,222
2016.10.31,17:00,29.14,29.17,28.65,28.71,346
2016.10.31,18:00,28.71,29.11,28.71,29.05,291
2016.10.31,19:00,29.05,29.18,28.98,29.10,233
2016.10.31,20:00,29.11,29.25,29.07,29.24,178
2016.10.31,21:00,29.22,29.47,29.18,29.41,238
2016.10.31,22:00,29.35,29.37,29.20,29.30,291
2016.11.01,16:00,29.36,29.41,29.10,29.27,250
2016.11.01,17:00,29.28,29.65,29.19,29.47,368
2016.11.01,18:00,29.46,29.49,29.09,29.09,301
2016.11.01,19:00,29.09,29.13,28.82,28.87,223
2016.11.01,20:00,28.82,28.91,28.63,28.76,223
2016.11.01,21:00,28.79,29.23,28.76,29.22,274
2016.11.01,22:00,29.20,29.32,29.14,29.24,274
2016.11.02,16:00,29.12,29.15,28.79,28.99,230
2016.11.02,17:00,28.99,29.15,28.64,28.73,423
2016.11.02,18:00,28.74,29.00,28.73,28.90,389
2016.11.02,19:00,28.90,28.97,28.84,28.93,150
2016.11.02,20:00,28.94,28.95,28.79,28.82,172
2016.11.02,21:00,28.82,29.08,28.72,28.99,405
2016.11.02,22:00,28.97,29.10,28.90,29.04,212
2016.11.03,16:00,29.14,29.14,28.75,28.98,219
2016.11.03,17:00,28.98,29.06,28.91,29.01,211
2016.11.03,18:00,29.00,29.22,28.93,29.19,265
2016.11.03,19:00,29.19,29.19,28.97,29.03,244
2016.11.03,20:00,29.04,29.17,29.01,29.13,198
2016.11.03,21:00,29.14,29.19,29.02,29.12,232
2016.11.03,22:00,29.12,29.17,29.03,29.15,237
2016.11.04,16:00,28.84,28.90,28.74,28.86,193
2016.11.04,17:00,28.86,29.01,28.80,28.82,249
2016.11.04,18:00,28.81,28.99,28.79,28.94,188
2016.11.04,19:00,28.93,29.00,28.92,28.98,115
2016.11.04,20:00,28.99,29.09,28.97,29.08,118
2016.11.04,21:00,29.06,29.07,28.85,28.85,249
2016.11.04,22:00,28.85,28.87,28.74,28.81,192
2016.11.07,16:00,29.27,29.29,28.92,29.00,260
2016.11.07,17:00,29.01,29.23,28.89,29.13,247
2016.11.07,18:00,29.14,29.17,29.01,29.09,162
2016.11.07,19:00,29.10,29.19,29.07,29.18,128
2016.11.07,20:00,29.18,29.26,29.17,29.17,94
2016.11.07,21:00,29.17,29.18,29.02,29.08,136
2016.11.07,22:00,29.07,29.11,28.95,29.09,156
2016.11.08,16:00,29.00,29.00,28.79,28.93,112
2016.11.08,17:00,28.94,29.16,28.93,29.03,300
2016.11.08,18:00,28.98,29.11,28.98,29.05,207
2016.11.08,19:00,29.04,29.16,28.99,29.15,222
2016.11.08,20:00,29.15,29.21,29.07,29.10,150
2016.11.08,21:00,29.11,29.15,29.01,29.11,149
2016.11.08,22:00,29.10,29.31,29.05,29.12,209
2016.11.09,16:00,28.79,28.85,28.53,28.58,280
2016.11.09,17:00,28.58,28.59,28.21,28.30,540
2016.11.09,18:00,28.30,28.75,28.26,28.64,516
2016.11.09,19:00,28.66,28.68,28.34,28.60,542
2016.11.09,20:00,28.57,28.64,28.46,28.53,353
2016.11.09,21:00,28.53,28.70,28.49,28.64,394
2016.11.09,22:00,28.67,28.86,28.66,28.80,336
2016.11.10,16:00,28.95,29.15,28.79,28.80,413
2016.11.10,17:00,28.80,28.85,27.93,27.93,632
2016.11.10,18:00,27.93,27.94,27.51,27.61,598
2016.11.10,19:00,27.61,27.65,27.28,27.60,416
2016.11.10,20:00,27.62,27.73,27.51,27.70,369
2016.11.10,21:00,27.67,27.73,27.42,27.43,275
2016.11.10,22:00,27.44,27.49,27.33,27.44,188
2016.11.11,16:00,27.43,27.65,27.07,27.19,399
2016.11.11,17:00,27.19,27.33,27.16,27.25,453
2016.11.11,18:00,27.23,27.36,27.21,27.32,236
2016.11.11,19:00,27.34,27.45,27.27,27.45,259
2016.11.11,20:00,27.42,27.47,27.38,27.41,188
2016.11.11,21:00,27.38,27.38,27.20,27.22,211
2016.11.11,22:00,27.22,27.45,27.22,27.44,227
2016.11.14,16:00,27.23,27.35,26.53,26.55,222
2016.11.14,17:00,26.56,26.96,26.55,26.75,393
2016.11.14,18:00,26.75,26.81,26.71,26.78,210
2016.11.14,19:00,26.78,26.81,26.63,26.64,129
2016.11.14,20:00,26.61,26.61,26.46,26.49,158
2016.11.14,21:00,26.48,26.58,26.47,26.53,95
2016.11.14,22:00,26.53,26.53,26.43,26.49,107
2016.11.15,16:00,26.63,26.85,26.49,26.76,206
2016.11.15,17:00,26.75,26.85,26.71,26.79,242
2016.11.15,18:00,26.78,26.85,26.71,26.73,215
2016.11.15,19:00,26.73,26.81,26.68,26.79,113
2016.11.15,20:00,26.79,26.81,26.74,26.79,93
2016.11.15,21:00,26.78,27.15,26.78,27.03,160
2016.11.15,22:00,27.01,27.23,26.99,27.19,275
2016.11.16,16:00,27.09,27.11,26.73,26.77,162
2016.11.16,17:00,26.77,26.85,26.60,26.77,311
2016.11.16,18:00,26.77,26.77,26.49,26.55,252
2016.11.16,19:00,26.55,26.71,26.52,26.53,161
2016.11.16,20:00,26.53,26.64,26.45,26.63,230
2016.11.16,21:00,26.62,26.78,26.49,26.78,160
2016.11.16,22:00,26.77,26.85,26.65,26.72,137
2016.11.17,16:00,26.67,26.99,26.63,26.92,173
2016.11.17,17:00,26.93,26.99,26.71,26.84,237
2016.11.17,18:00,26.84,26.92,26.79,26.85,140
2016.11.17,19:00,26.84,26.97,26.81,26.88,137
2016.11.17,20:00,26.89,26.91,26.71,26.73,145
2016.11.17,21:00,26.72,26.78,26.66,26.75,185
2016.11.17,22:00,26.74,26.84,26.67,26.84,114
2016.11.18,16:00,26.76,27.31,26.70,27.12,353
2016.11.18,17:00,27.10,27.22,27.07,27.21,161
2016.11.18,18:00,27.18,27.21,27.12,27.16,128
2016.11.18,19:00,27.16,27.19,27.10,27.17,91
2016.11.18,20:00,27.18,27.20,27.13,27.18,39
2016.11.18,21:00,27.17,27.32,27.15,27.28,163
2016.11.18,22:00,27.28,27.35,27.22,27.23,93
2016.11.21,16:00,27.45,28.01,27.42,27.86,199
2016.11.21,17:00,27.87,28.12,27.80,28.05,263
2016.11.21,18:00,28.04,28.11,27.85,27.90,140
2016.11.21,19:00,27.93,28.00,27.90,27.93,107
2016.11.21,20:00,27.92,28.01,27.86,28.01,135
2016.11.21,21:00,27.99,28.01,27.90,27.90,88
2016.11.21,22:00,27.90,28.01,27.90,27.98,123
2016.11.22,16:00,28.11,28.16,27.98,28.00,176
2016.11.22,17:00,28.01,28.12,27.94,28.04,168
2016.11.22,18:00,28.01,28.05,27.82,27.84,145
2016.11.22,19:00,27.83,27.83,27.72,27.76,115
2016.11.22,20:00,27.74,27.97,27.65,27.94,290
2016.11.22,21:00,27.91,28.33,27.91,28.01,553
2016.11.22,22:00,28.01,28.07,27.70,27.85,333
2016.11.23,16:00,27.70,27.70,27.37,27.37,215
2016.11.23,17:00,27.39,27.64,27.37,27.60,361
2016.11.23,18:00,27.60,27.67,27.54,27.67,162
2016.11.23,19:00,27.66,27.70,27.55,27.59,149
2016.11.23,20:00,27.57,27.59,27.48,27.49,133
2016.11.23,21:00,27.50,27.52,27.23,27.23,151
2016.11.23,22:00,27.24,27.76,27.17,27.71,394
2016.11.25,16:00,27.89,27.89,27.44,27.74,293
2016.11.25,17:00,27.75,27.84,27.67,27.73,191
2016.11.25,18:00,27.73,27.84,27.68,27.73,208
2016.11.25,19:00,27.77,28.14,27.75,27.96,275
2016.11.28,16:00,27.86,27.95,27.75,27.79,223
2016.11.28,17:00,27.80,27.86,27.71,27.72,200
2016.11.28,18:00,27.74,27.87,27.70,27.85,131
2016.11.28,19:00,27.86,27.90,27.81,27.88,119
2016.11.28,20:00,27.87,28.01,27.84,27.99,264
2016.11.28,21:00,27.98,28.04,27.91,27.98,255
2016.11.28,22:00,27.99,28.09,27.95,28.01,195
2016.11.29,16:00,27.74,27.76,27.52,27.52,122
2016.11.29,17:00,27.51,27.91,27.50,27.79,296
2016.11.29,18:00,27.78,27.93,27.78,27.91,283
2016.11.29,19:00,27.92,27.92,27.67,27.70,143
2016.11.29,20:00,27.71,27.71,27.53,27.60,85
2016.11.29,21:00,27.60,27.61,27.46,27.49,152
2016.11.29,22:00,27.49,27.52,27.41,27.47,106
2016.11.30,16:00,27.34,28.07,27.24,28.03,247
2016.11.30,17:00,28.04,28.08,27.73,27.96,453
2016.11.30,18:00,27.95,28.37,27.94,28.34,368
2016.11.30,19:00,28.34,28.47,28.32,28.34,195
2016.11.30,20:00,28.35,28.59,28.30,28.59,183
2016.11.30,21:00,28.59,28.61,28.41,28.41,190
2016.11.30,22:00,28.41,28.70,28.41,28.63,177
2016.12.01,16:00,28.56,28.71,28.39,28.45,215
2016.12.01,17:00,28.45,28.61,28.18,28.33,364
2016.12.01,18:00,28.34,28.60,28.30,28.59,227
2016.12.01,19:00,28.60,28.60,28.46,28.49,124
2016.12.01,20:00,28.44,28.45,28.21,28.23,151
2016.12.01,21:00,28.21,28.34,28.06,28.24,168
2016.12.01,22:00,28.26,28.28,28.01,28.11,178
2016.12.02,16:00,28.07,28.38,27.99,28.37,191
2016.12.02,17:00,28.38,28.68,28.36,28.61,252
2016.12.02,18:00,28.59,28.67,28.59,28.61,185
2016.12.02,19:00,28.61,28.63,28.48,28.51,176
2016.12.02,20:00,28.52,28.54,28.35,28.42,165
2016.12.02,21:00,28.40,28.40,28.30,28.37,131
2016.12.02,22:00,28.36,28.39,28.29,28.37,97
2016.12.05,16:00,28.71,29.12,28.68,29.00,200
2016.12.05,17:00,29.00,29.06,28.89,28.98,288
2016.12.05,18:00,28.99,29.22,28.95,29.22,209
2016.12.05,19:00,29.23,29.36,29.19,29.30,148
2016.12.05,20:00,29.30,29.40,29.25,29.35,145
2016.12.05,21:00,29.36,29.38,29.24,29.34,129
2016.12.05,22:00,29.35,29.44,29.33,29.43,75
2016.12.06,16:00,29.08,29.90,29.03,29.85,251
2016.12.06,17:00,29.85,30.47,29.82,30.47,470
2016.12.06,18:00,30.46,30.68,30.18,30.36,438
2016.12.06,19:00,30.37,30.48,30.29,30.33,200
2016.12.06,20:00,30.34,30.34,30.16,30.24,168
2016.12.06,21:00,30.20,30.29,30.13,30.29,188
2016.12.06,22:00,30.30,30.39,30.23,30.33,133
2016.12.07,16:00,30.41,30.79,30.38,30.69,303
2016.12.07,17:00,30.69,31.06,30.68,30.80,264
2016.12.07,18:00,30.80,30.90,30.79,30.88,100
2016.12.07,19:00,30.89,31.25,30.86,31.25,156
2016.12.07,20:00,31.25,31.41,31.23,31.33,212
2016.12.07,21:00,31.34,31.35,30.99,31.15,193
2016.12.07,22:00,31.15,31.31,31.15,31.26,162
2016.12.08,16:00,31.49,32.28,31.47,32.03,343
2016.12.08,17:00,32.05,32.05,31.45,31.50,368
2016.12.08,18:00,31.49,31.72,31.49,31.72,189
2016.12.08,19:00,31.73,31.98,31.73,31.74,307
2016.12.08,20:00,31.74,31.82,31.44,31.70,241
2016.12.08,21:00,31.71,31.92,31.65,31.91,335
2016.12.08,22:00,31.92,31.93,31.57,31.90,295
2016.12.09,16:00,32.01,32.01,31.63,31.78,169
2016.12.09,17:00,31.77,31.78,31.56,31.71,251
2016.12.09,18:00,31.71,31.73,31.64,31.67,105
2016.12.09,19:00,31.67,31.71,31.58,31.70,134
2016.12.09,20:00,31.70,31.84,31.67,31.69,119
2016.12.09,21:00,31.70,31.75,31.61,31.74,120
2016.12.09,22:00,31.75,31.75,31.57,31.68,126
2016.12.12,16:00,31.41,31.41,30.82,31.04,261
2016.12.12,17:00,31.07,31.09,30.39,30.64,369
2016.12.12,18:00,30.64,30.70,30.46,30.59,264
2016.12.12,19:00,30.59,30.64,30.43,30.43,174
2016.12.12,20:00,30.44,30.45,30.33,30.43,166
2016.12.12,21:00,30.44,30.53,30.34,30.37,203
2016.12.12,22:00,30.40,30.44,30.16,30.19,295
2016.12.13,16:00,30.57,30.58,30.03,30.09,254
2016.12.13,17:00,30.05,30.08,29.59,29.64,370
2016.12.13,18:00,29.66,29.69,29.56,29.67,212
2016.12.13,19:00,29.66,29.70,29.40,29.40,203
2016.12.13,20:00,29.40,29.65,29.27,29.50,297
2016.12.13,21:00,29.51,29.58,29.44,29.47,163
2016.12.13,22:00,29.48,29.53,29.40,29.42,248
2016.12.14,16:00,29.17,29.33,28.75,29.02,392
2016.12.14,17:00,29.02,29.12,28.75,28.80,403
2016.12.14,18:00,28.77,28.89,28.69,28.79,267
2016.12.14,19:00,28.78,28.95,28.75,28.92,182
2016.12.14,20:00,28.92,28.97,28.84,28.90,138
2016.12.14,21:00,28.91,28.91,28.39,28.45,456
2016.12.14,22:00,28.47,28.60,28.27,28.40,391
2016.12.15,16:00,28.14,28.56,28.01,28.56,317
2016.12.15,17:00,28.52,28.66,28.47,28.63,419
2016.12.15,18:00,28.64,28.74,28.56,28.70,329
2016.12.15,19:00,28.69,29.05,28.59,28.89,367
2016.12.15,20:00,28.90,29.40,28.88,29.17,362
2016.12.15,21:00,29.19,29.23,27.09,27.21,1482
2016.12.15,22:00,27.23,27.63,26.74,27.48,888
2016.12.16,16:00,27.54,27.55,26.91,27.14,260
2016.12.16,17:00,27.14,27.24,27.08,27.10,344
2016.12.16,18:00,27.10,27.66,27.09,27.60,499
2016.12.16,19:00,27.60,27.66,27.48,27.54,292
2016.12.16,20:00,27.57,27.58,27.45,27.52,211
2016.12.16,21:00,27.52,27.59,27.50,27.54,215
2016.12.16,22:00,27.53,27.64,27.41,27.63,388
2016.12.19,16:00,27.55,27.78,27.53,27.77,248
2016.12.19,17:00,27.77,28.15,27.73,28.04,330
2016.12.19,18:00,28.03,28.11,27.97,27.97,249
2016.12.19,19:00,27.99,28.07,27.91,28.07,197
2016.12.19,20:00,28.07,28.18,28.01,28.16,147
2016.12.19,21:00,28.14,28.30,28.11,28.30,299
2016.12.19,22:00,28.30,28.33,28.20,28.31,181
2016.12.20,16:00,28.35,28.53,28.26,28.31,290
2016.12.20,17:00,28.30,28.92,28.26,28.33,1037
2016.12.20,18:00,28.33,28.44,28.27,28.28,341
2016.12.20,19:00,28.29,28.36,28.25,28.31,333
2016.12.20,20:00,28.31,28.42,28.29,28.33,185
2016.12.20,21:00,28.34,28.43,28.29,28.42,206
2016.12.20,22:00,28.42,28.46,28.39,28.43,67
2016.12.21,16:00,28.53,28.53,28.38,28.39,145
2016.12.21,17:00,28.39,28.42,28.14,28.21,289
2016.12.21,18:00,28.21,28.33,28.18,28.18,192
2016.12.21,19:00,28.19,28.21,28.02,28.08,209
2016.12.21,20:00,28.09,28.22,28.07,28.19,247
2016.12.21,21:00,28.19,28.38,28.19,28.35,206
2016.12.21,22:00,28.35,28.36,28.21,28.30,138
2016.12.22,16:00,28.18,28.41,28.12,28.39,169
2016.12.22,17:00,28.37,28.49,28.19,28.23,201
2016.12.22,18:00,28.19,28.29,28.17,28.29,196
2016.12.22,19:00,28.29,28.32,28.20,28.32,144
2016.12.22,20:00,28.32,28.41,28.23,28.34,122
2016.12.22,21:00,28.33,28.35,28.16,28.18,116
2016.12.22,22:00,28.19,28.33,28.19,28.33,106
2016.12.23,16:00,28.11,28.29,27.93,27.98,206
2016.12.23,17:00,27.98,28.24,27.95,28.24,275
2016.12.23,18:00,28.22,28.27,28.13,28.19,126
2016.12.23,19:00,28.20,28.26,28.13,28.17,127
2016.12.23,20:00,28.20,28.27,28.16,28.21,103
2016.12.23,21:00,28.23,28.27,28.17,28.26,87
2016.12.23,22:00,28.27,28.35,28.25,28.34,45
2016.12.27,16:00,28.20,28.65,28.20,28.34,303
2016.12.27,17:00,28.31,28.47,28.20,28.47,258
2016.12.27,18:00,28.44,28.57,28.38,28.49,189
2016.12.27,19:00,28.48,28.49,28.30,28.30,207
2016.12.27,20:00,28.30,28.39,28.29,28.36,124
2016.12.27,21:00,28.36,28.45,28.33,28.38,143
2016.12.27,22:00,28.39,28.44,28.35,28.42,65
2016.12.28,16:00,28.40,28.48,28.35,28.38,111
2016.12.28,17:00,28.34,28.42,28.07,28.10,190
2016.12.28,18:00,28.13,28.32,28.13,28.29,110
2016.12.28,19:00,28.27,28.27,28.07,28.12,144
2016.12.28,20:00,28.13,28.21,28.08,28.10,124
2016.12.28,21:00,28.12,28.24,28.08,28.19,161
2016.12.28,22:00,28.20,28.36,28.20,28.27,293
2016.12.29,16:00,28.42,28.47,28.26,28.38,253
2016.12.29,17:00,28.38,28.50,28.38,28.45,197
2016.12.29,18:00,28.46,28.49,28.36,28.39,177
2016.12.29,19:00,28.40,28.48,28.33,28.46,140
2016.12.29,20:00,28.46,28.48,28.41,28.43,101
2016.12.29,21:00,28.44,28.53,28.41,28.47,127
2016.12.29,22:00,28.48,28.52,28.38,28.47,106
2016.12.30,16:00,28.27,28.46,28.27,28.46,105
2016.12.30,17:00,28.46,28.50,28.36,28.40,174
2016.12.30,18:00,28.42,28.59,28.38,28.55,167
2016.12.30,19:00,28.54,28.74,28.49,28.72,302
2016.12.30,20:00,28.73,28.74,28.66,28.71,149
2016.12.30,21:00,28.70,28.71,28.41,28.45,144
2016.12.30,22:00,28.46,28.63,28.43,28.56,218
2017.01.03,16:00,28.77,29.41,28.75,29.18,272
2017.01.03,17:00,29.17,29.19,28.79,28.82,312
2017.01.03,18:00,28.82,28.82,28.64,28.76,424
2017.01.03,19:00,28.77,28.77,28.63,28.69,283
2017.01.03,20:00,28.69,28.71,28.58,28.65,226
2017.01.03,21:00,28.65,28.71,28.50,28.64,257
2017.01.03,22:00,28.64,28.81,28.62,28.81,287
2017.01.04,16:00,28.93,29.04,28.88,28.95,180
2017.01.04,17:00,28.96,29.04,28.90,28.95,240
2017.01.04,18:00,28.95,29.09,28.93,29.05,188
2017.01.04,19:00,29.06,29.16,29.03,29.04,158
2017.01.04,20:00,29.06,29.22,29.05,29.18,100
2017.01.04,21:00,29.19,29.32,29.17,29.27,197
2017.01.04,22:00,29.28,29.35,29.27,29.32,137
2017.01.05,16:00,29.39,29.84,29.39,29.79,213
2017.01.05,17:00,29.79,29.94,29.64,29.90,221
2017.01.05,18:00,29.90,29.94,29.73,29.76,237
2017.01.05,19:00,29.76,29.93,29.71,29.81,192
2017.01.05,20:00,29.82,29.95,29.82,29.94,176
2017.01.05,21:00,29.95,30.12,29.92,30.03,216
2017.01.05,22:00,30.03,30.07,29.83,29.89,297
2017.01.06,16:00,29.92,29.97,29.65,29.80,222
2017.01.06,17:00,29.80,29.90,29.56,29.56,343
2017.01.06,18:00,29.56,29.66,29.48,29.65,169
2017.01.06,19:00,29.65,29.66,29.58,29.64,100
2017.01.06,20:00,29.65,29.70,29.56,29.57,81
2017.01.06,21:00,29.55,29.67,29.48,29.60,162
2017.01.06,22:00,29.58,29.75,29.55,29.61,242
2017.01.09,16:00,29.56,29.66,29.48,29.63,186
2017.01.09,17:00,29.64,29.90,29.64,29.89,226
2017.01.09,18:00,29.89,30.39,29.89,30.08,347
2017.01.09,19:00,30.08,30.15,29.88,29.96,235
2017.01.09,20:00,29.94,29.96,29.69,29.69,141
2017.01.09,21:00,29.70,29.82,29.68,29.69,195
2017.01.09,22:00,29.72,29.76,29.63,29.74,169
2017.01.10,16:00,29.81,30.31,29.81,30.31,207
2017.01.10,17:00,30.29,30.42,30.10,30.22,260
2017.01.10,18:00,30.22,30.46,30.19,30.20,255
2017.01.10,19:00,30.19,30.26,29.87,29.89,331
2017.01.10,20:00,29.89,30.15,29.59,30.11,573
2017.01.10,21:00,30.11,30.32,29.99,30.29,386
2017.01.10,22:00,30.29,30.37,30.25,30.36,170
2017.01.11,16:00,30.51,30.54,30.31,30.44,282
2017.01.11,17:00,30.46,30.46,30.22,30.36,249
2017.01.11,18:00,30.35,30.73,30.30,30.63,357
2017.01.11,19:00,30.62,30.73,30.55,30.73,225
2017.01.11,20:00,30.76,30.90,30.53,30.55,252
2017.01.11,21:00,30.55,30.71,30.49,30.55,210
2017.01.11,22:00,30.57,30.66,30.51,30.63,152
2017.01.12,16:00,30.90,31.40,30.89,31.22,300
2017.01.12,17:00,31.22,31.22,30.53,30.56,680
2017.01.12,18:00,30.56,30.59,30.35,30.35,300
2017.01.12,19:00,30.36,30.51,30.16,30.24,274
2017.01.12,20:00,30.24,30.41,30.20,30.30,220
2017.01.12,21:00,30.38,30.57,30.28,30.50,170
2017.01.12,22:00,30.52,30.56,30.36,30.55,185
2017.01.13,16:00,30.62,30.79,30.61,30.73,252
2017.01.13,17:00,30.72,30.78,30.45,30.75,551
2017.01.13,18:00,30.72,30.99,30.69,30.89,267
2017.01.13,19:00,30.86,30.92,30.72,30.83,149
2017.01.13,20:00,30.83,30.89,30.79,30.83,92
2017.01.13,21:00,30.83,30.90,30.74,30.87,216
2017.01.13,22:00,30.84,30.90,30.78,30.86,122
2017.01.17,16:00,30.81,30.81,30.37,30.40,181
2017.01.17,17:00,30.40,30.51,30.26,30.41,234
2017.01.17,18:00,30.41,30.76,30.36,30.76,215
2017.01.17,19:00,30.76,30.93,30.64,30.69,230
2017.01.17,20:00,30.69,30.84,30.63,30.84,131
2017.01.17,21:00,30.84,30.90,30.66,30.81,212
2017.01.17,22:00,30.80,30.84,30.64,30.81,165
2017.01.18,16:00,30.68,31.49,30.66,31.49,284
2017.01.18,17:00,31.49,31.71,31.35,31.57,587
2017.01.18,18:00,31.58,31.62,31.45,31.48,258
2017.01.18,19:00,31.49,31.60,31.48,31.56,184
2017.01.18,20:00,31.56,31.58,31.47,31.51,130
2017.01.18,21:00,31.50,31.80,31.42,31.80,266
2017.01.18,22:00,31.78,31.90,31.48,31.73,585
2017.01.19,16:00,32.01,32.12,31.85,31.90,172
2017.01.19,17:00,31.90,32.22,31.84,32.09,421
2017.01.19,18:00,32.09,32.36,31.99,32.25,332
2017.01.19,19:00,32.25,32.55,32.20,32.42,284
2017.01.19,20:00,32.43,32.52,32.39,32.40,225
2017.01.19,21:00,32.40,32.47,32.21,32.39,304
2017.01.19,22:00,32.39,32.57,32.27,32.45,434
2017.01.20,16:00,32.65,32.73,32.61,32.69,144
2017.01.20,17:00,32.70,33.05,32.69,33.05,192
2017.01.20,18:00,33.04,33.06,32.65,32.70,163
2017.01.20,19:00,32.71,32.71,32.39,32.48,282
2017.01.20,20:00,32.49,32.60,32.44,32.48,183
2017.01.20,21:00,32.47,32.59,32.45,32.51,164
2017.01.20,22:00,32.50,32.53,32.28,32.35,148
2017.01.23,16:00,32.53,32.73,32.43,32.68,271
2017.01.23,17:00,32.68,32.69,32.48,32.61,293
2017.01.23,18:00,32.61,32.69,32.56,32.67,195
2017.01.23,19:00,32.66,32.86,32.60,32.86,265
2017.01.23,20:00,32.86,33.01,32.82,32.87,258
2017.01.23,21:00,32.88,32.98,32.79,32.92,278
2017.01.23,22:00,32.93,32.98,32.77,32.78,248
2017.01.24,16:00,32.80,33.38,32.73,33.19,237
2017.01.24,17:00,33.20,33.26,33.03,33.24,324
2017.01.24,18:00,33.24,33.39,33.19,33.36,368
2017.01.24,19:00,33.36,33.59,33.36,33.55,180
2017.01.24,20:00,33.55,33.66,33.50,33.63,229
2017.01.24,21:00,33.63,33.70,33.52,33.68,205
2017.01.24,22:00,33.67,33.68,33.56,33.62,116
2017.01.25,16:00,34.50,34.67,33.88,34.07,430
2017.01.25,17:00,34.07,34.07,33.64,33.85,527
2017.01.25,18:00,33.85,33.88,33.43,33.45,301
2017.01.25,19:00,33.46,33.77,33.44,33.64,255
2017.01.25,20:00,33.66,33.80,33.59,33.63,204
2017.01.25,21:00,33.63,33.72,33.53,33.57,293
2017.01.25,22:00,33.59,33.72,33.55,33.70,245
2017.01.26,16:00,33.28,33.50,33.13,33.50,219
2017.01.26,17:00,33.50,33.53,33.09,33.10,603
2017.01.26,18:00,33.11,33.30,32.99,33.15,271
2017.01.26,19:00,33.19,33.19,32.77,32.98,279
2017.01.26,20:00,32.96,33.20,32.93,33.02,308
2017.01.26,21:00,33.00,33.06,32.91,33.00,239
2017.01.26,22:00,33.01,33.02,32.88,32.98,210
2017.01.27,16:00,33.01,33.14,32.81,32.97,218
2017.01.27,17:00,32.98,32.98,32.79,32.92,291
2017.01.27,18:00,32.92,33.03,32.86,32.91,215
2017.01.27,19:00,32.90,32.91,32.59,32.61,285
2017.01.27,20:00,32.61,32.74,32.49,32.63,273
2017.01.27,21:00,32.63,32.79,32.53,32.74,328
2017.01.27,22:00,32.77,32.79,32.55,32.59,252
2017.01.30,16:00,32.42,32.50,32.25,32.35,229
2017.01.30,17:00,32.35,32.62,32.28,32.49,194
2017.01.30,18:00,32.49,32.51,32.36,32.37,116
2017.01.30,19:00,32.37,32.42,32.11,32.11,233
2017.01.30,20:00,32.12,32.25,32.02,32.21,249
2017.01.30,21:00,32.21,32.35,32.18,32.35,207
2017.01.30,22:00,32.36,32.40,32.17,32.27,212
2017.01.31,16:00,32.09,32.39,32.09,32.30,209
2017.01.31,17:00,32.30,32.33,32.01,32.10,460
2017.01.31,18:00,32.10,32.24,31.95,32.07,227
2017.01.31,19:00,32.04,32.23,32.00,32.16,233
2017.01.31,20:00,32.16,32.22,32.09,32.17,269
2017.01.31,21:00,32.17,32.35,32.13,32.25,264
2017.01.31,22:00,32.23,32.37,32.22,32.28,323
2017.02.01,16:00,32.31,32.79,32.31,32.34,286
2017.02.01,17:00,32.34,32.41,32.03,32.22,267
2017.02.01,18:00,32.24,32.41,32.23,32.40,153
2017.02.01,19:00,32.41,32.53,32.38,32.42,178
2017.02.01,20:00,32.42,32.49,32.37,32.48,179
2017.02.01,21:00,32.48,32.83,32.45,32.74,421
2017.02.01,22:00,32.77,33.04,32.77,32.97,311
2017.02.02,16:00,33.07,33.49,32.98,33.40,275
2017.02.02,17:00,33.39,33.89,33.19,33.78,453
2017.02.02,18:00,33.78,34.09,33.65,33.70,368
2017.02.02,19:00,33.79,34.05,33.69,34.01,248
2017.02.02,20:00,34.01,34.12,33.96,34.12,171
2017.02.02,21:00,34.11,34.19,33.94,34.04,261
2017.02.02,22:00,34.04,34.06,33.87,34.01,237
2017.02.03,16:00,34.15,34.15,33.73,33.74,117
2017.02.03,17:00,33.74,34.04,33.71,33.73,158
2017.02.03,18:00,33.74,33.79,33.14,33.40,340
2017.02.03,19:00,33.41,33.46,33.07,33.23,280
2017.02.03,20:00,33.23,33.28,33.11,33.14,201
2017.02.03,21:00,33.16,33.19,33.04,33.17,221
2017.02.03,22:00,33.18,33.23,33.04,33.07,133
2017.02.06,16:00,33.12,33.21,33.00,33.17,193
2017.02.06,17:00,33.17,33.39,33.05,33.39,408
2017.02.06,18:00,33.37,33.42,33.27,33.36,343
2017.02.06,19:00,33.36,33.57,33.36,33.44,260
2017.02.06,20:00,33.49,33.50,33.28,33.28,151
2017.02.06,21:00,33.30,33.31,33.11,33.15,164
2017.02.06,22:00,33.17,33.34,33.17,33.32,96
2017.02.07,16:00,33.14,33.45,33.07,33.32,232
2017.02.07,17:00,33.32,33.32,33.07,33.19,323
2017.02.07,18:00,33.19,33.19,32.89,32.94,194
2017.02.07,19:00,32.94,32.94,32.73,32.78,191
2017.02.07,20:00,32.75,32.92,32.72,32.85,156
2017.02.07,21:00,32.86,32.91,32.75,32.89,205
2017.02.07,22:00,32.90,32.94,32.78,32.79,191
2017.02.08,16:00,32.69,32.79,32.47,32.51,224
2017.02.08,17:00,32.51,32.94,32.44,32.91,345
2017.02.08,18:00,32.93,32.97,32.61,32.69,310
2017.02.08,19:00,32.69,32.97,32.65,32.88,422
2017.02.08,20:00,32.85,33.06,32.82,32.98,178
2017.02.08,21:00,33.01,33.10,32.97,33.06,133
2017.02.08,22:00,33.03,33.06,32.80,32.85,288
2017.02.09,16:00,33.14,33.16,32.76,32.84,222
2017.02.09,17:00,32.84,32.96,32.50,32.90,343
2017.02.09,18:00,32.89,32.98,32.76,32.79,189
2017.02.09,19:00,32.80,32.86,32.68,32.72,183
2017.02.09,20:00,32.72,32.76,32.68,32.68,73
2017.02.09,21:00,32.69,32.74,32.67,32.72,67
2017.02.09,22:00,32.73,32.75,32.64,32.72,95
2017.02.10,16:00,32.89,33.04,32.80,32.89,150
2017.02.10,17:00,32.92,33.06,32.82,32.96,287
2017.02.10,18:00,32.90,33.26,32.89,33.15,284
2017.02.10,19:00,33.12,33.21,32.97,33.00,152
2017.02.10,20:00,33.00,33.12,32.95,33.01,141
2017.02.10,21:00,33.02,33.06,32.94,33.02,179
2017.02.10,22:00,33.02,33.07,32.90,32.91,176
2017.02.13,16:00,32.96,33.30,32.77,33.21,297
2017.02.13,17:00,33.21,33.49,33.17,33.48,426
2017.02.13,18:00,33.49,33.97,33.49,33.78,380
2017.02.13,19:00,33.77,34.07,33.74,34.01,387
2017.02.13,20:00,34.03,34.24,33.97,34.08,374
2017.02.13,21:00,34.08,34.08,33.91,33.92,226
2017.02.13,22:00,33.94,34.06,33.92,33.99,178
2017.02.14,16:00,33.92,34.45,33.91,34.45,305
2017.02.14,17:00,34.45,34.52,34.19,34.39,558
2017.02.14,18:00,34.40,34.43,34.20,34.27,290
2017.02.14,19:00,34.25,34.29,34.14,34.24,147
2017.02.14,20:00,34.25,34.45,34.24,34.40,230
2017.02.14,21:00,34.40,34.49,34.27,34.32,228
2017.02.14,22:00,34.33,34.49,34.22,34.48,167
2017.02.15,16:00,34.27,34.36,33.71,33.72,306
2017.02.15,17:00,33.72,33.90,33.54,33.54,269
2017.02.15,18:00,33.56,33.58,33.20,33.21,227
2017.02.15,19:00,33.18,33.58,33.16,33.55,313
2017.02.15,20:00,33.55,33.73,33.52,33.58,261
2017.02.15,21:00,33.57,33.62,33.50,33.53,184
2017.02.15,22:00,33.53,33.63,33.49,33.54,125
2017.02.16,16:00,33.77,34.10,33.77,33.94,258
2017.02.16,17:00,33.89,33.96,33.55,33.61,354
2017.02.16,18:00,33.60,33.65,33.34,33.36,289
2017.02.16,19:00,33.35,33.49,33.18,33.36,388
2017.02.16,20:00,33.36,33.36,33.00,33.20,410
2017.02.16,21:00,33.21,33.26,32.88,32.96,298
2017.02.16,22:00,32.96,33.04,32.90,32.99,256
2017.02.17,16:00,32.96,33.02,32.24,32.34,274
2017.02.17,17:00,32.36,32.70,32.27,32.27,450
2017.02.17,18:00,32.27,32.47,32.27,32.36,262
2017.02.17,19:00,32.36,32.37,32.12,32.16,323
2017.02.17,20:00,32.17,32.22,32.07,32.15,175
2017.02.17,21:00,32.13,32.14,31.87,31.91,302
2017.02.17,22:00,31.91,32.05,31.89,31.98,305
2017.02.21,16:00,32.04,32.59,32.02,32.36,245
2017.02.21,17:00,32.38,32.39,32.15,32.26,455
2017.02.21,18:00,32.27,32.39,32.20,32.33,421
2017.02.21,19:00,32.32,32.37,32.20,32.22,172
2017.02.21,20:00,32.22,32.48,32.22,32.48,136
2017.02.21,21:00,32.48,32.63,32.42,32.63,283
2017.02.21,22:00,32.63,32.75,32.60,32.67,129
2017.02.22,16:00,32.78,33.18,32.68,32.97,337
2017.02.22,17:00,32.98,32.99,32.53,32.83,457
2017.02.22,18:00,32.83,32.87,32.61,32.74,232
2017.02.22,19:00,32.74,32.82,32.62,32.70,140
2017.02.22,20:00,32.71,32.71,32.44,32.45,238
2017.02.22,21:00,32.44,32.48,32.29,32.38,341
2017.02.22,22:00,32.38,32.43,32.12,32.13,345
2017.02.23,16:00,32.33,32.53,32.18,32.23,188
2017.02.23,17:00,32.24,32.24,31.68,32.07,527
2017.02.23,18:00,32.07,32.21,31.69,31.80,323
2017.02.23,19:00,31.80,32.15,31.77,32.02,240
2017.02.23,20:00,32.02,32.07,31.93,32.01,242
2017.02.23,21:00,32.01,32.21,31.98,32.13,265
2017.02.23,22:00,32.14,32.21,32.11,32.12,195
2017.02.24,16:00,31.84,31.89,31.29,31.42,376
2017.02.24,17:00,31.43,31.66,31.30,31.66,467
2017.02.24,18:00,31.62,31.67,31.39,31.43,364
2017.02.24,19:00,31.45,31.48,31.35,31.35,220
2017.02.24,20:00,31.36,31.43,31.30,31.40,239
2017.02.24,21:00,31.42,31.43,31.24,31.30,147
2017.02.24,22:00,31.30,31.46,31.26,31.39,149
