2014.11.10,11:00,18.39,18.45,18.37,18.43,13
2014.11.10,12:00,18.43,18.47,18.39,18.42,16
2014.11.10,13:00,18.42,18.46,18.40,18.45,10
2014.11.10,14:00,18.45,18.46,18.39,18.40,10
2014.11.10,15:00,18.40,18.45,18.37,18.37,14
2014.11.10,16:00,18.37,18.40,18.32,18.36,16
2014.11.10,17:00,18.36,18.52,18.34,18.48,25
2014.11.10,18:00,18.49,18.49,18.43,18.48,12
2014.11.11,10:00,18.56,18.74,18.56,18.69,24
2014.11.11,11:00,18.69,18.72,18.65,18.68,14
2014.11.11,12:00,18.68,18.68,18.61,18.62,9
2014.11.11,13:00,18.61,18.64,18.59,18.63,9
2014.11.11,14:00,18.63,18.68,18.61,18.67,11
2014.11.11,15:00,18.68,18.73,18.60,18.64,23
2014.11.11,16:00,18.64,18.64,18.51,18.53,16
2014.11.11,17:00,18.53,18.64,18.53,18.64,12
2014.11.11,18:00,18.63,18.63,18.58,18.58,6
2014.11.12,10:00,18.53,18.61,18.35,18.37,37
2014.11.12,11:00,18.36,18.43,18.34,18.40,15
2014.11.12,12:00,18.41,18.52,18.41,18.44,20
2014.11.12,13:00,18.45,18.46,18.32,18.33,17
2014.11.12,14:00,18.33,18.35,18.27,18.27,11
2014.11.12,15:00,18.27,18.29,18.22,18.28,14
2014.11.12,16:00,18.27,18.29,18.18,18.23,19
2014.11.12,17:00,18.23,18.30,18.21,18.24,18
2014.11.12,18:00,18.24,18.28,18.21,18.26,13
2014.11.13,10:00,18.31,18.39,18.26,18.32,26
2014.11.13,11:00,18.33,18.48,18.33,18.38,26
2014.11.13,12:00,18.38,18.47,18.36,18.43,18
2014.11.13,13:00,18.43,18.45,18.30,18.35,23
2014.11.13,14:00,18.35,18.36,18.17,18.17,21
2014.11.13,15:00,18.17,18.24,18.04,18.22,36
2014.11.13,16:00,18.22,18.41,18.20,18.38,27
2014.11.13,17:00,18.38,18.51,18.36,18.42,27
2014.11.13,18:00,18.41,18.43,18.32,18.42,22
2014.11.14,10:00,18.44,18.49,18.31,18.31,24
2014.11.14,11:00,18.31,18.46,18.30,18.41,23
2014.11.14,12:00,18.41,18.46,18.35,18.38,20
2014.11.14,13:00,18.38,18.39,18.24,18.30,23
2014.11.14,14:00,18.30,18.39,18.28,18.36,17
2014.11.14,15:00,18.37,18.43,18.32,18.35,21
2014.11.14,16:00,18.36,18.45,18.34,18.42,17
2014.11.14,17:00,18.43,18.50,18.41,18.48,14
2014.11.14,18:00,18.49,18.51,18.46,18.47,9
2014.11.17,10:00,18.33,18.49,18.27,18.40,38
2014.11.17,11:00,18.41,18.47,18.29,18.34,30
2014.11.17,12:00,18.34,18.45,18.31,18.42,21
2014.11.17,13:00,18.42,18.46,18.38,18.43,16
2014.11.17,14:00,18.43,18.51,18.40,18.49,17
2014.11.17,15:00,18.49,18.57,18.48,18.55,13
2014.11.17,16:00,18.55,18.55,18.45,18.52,18
2014.11.17,17:00,18.52,18.70,18.52,18.67,22
2014.11.17,18:00,18.67,18.68,18.59,18.59,11
2014.11.18,10:00,18.63,18.72,18.53,18.69,33
2014.11.18,11:00,18.69,18.74,18.67,18.72,12
2014.11.18,12:00,18.74,18.81,18.72,18.75,18
2014.11.18,13:00,18.75,18.81,18.73,18.80,12
2014.11.18,14:00,18.79,18.85,18.79,18.84,8
2014.11.18,15:00,18.84,18.84,18.75,18.78,13
2014.11.18,16:00,18.78,18.88,18.77,18.87,14
2014.11.18,17:00,18.87,18.89,18.82,18.82,10
2014.11.18,18:00,18.83,18.83,18.79,18.79,5
2014.11.19,10:00,18.89,18.89,18.77,18.86,22
2014.11.19,11:00,18.86,18.96,18.85,18.95,14
2014.11.19,12:00,18.95,18.95,18.90,18.91,7
2014.11.19,13:00,18.91,18.98,18.87,18.98,16
2014.11.19,14:00,18.98,19.02,18.93,18.94,15
2014.11.19,15:00,18.94,18.95,18.91,18.95,8
2014.11.19,16:00,18.94,18.98,18.88,18.89,16
2014.11.19,17:00,18.90,18.90,18.74,18.75,18
2014.11.19,18:00,18.74,18.81,18.72,18.79,14
2014.11.20,10:00,18.76,18.76,18.53,18.63,34
2014.11.20,11:00,18.63,18.68,18.60,18.67,13
2014.11.20,12:00,18.68,18.68,18.55,18.56,15
2014.11.20,13:00,18.56,18.60,18.53,18.54,13
2014.11.20,14:00,18.54,18.58,18.53,18.54,11
2014.11.20,15:00,18.54,18.56,18.42,18.42,17
2014.11.20,16:00,18.42,18.44,18.36,18.44,15
2014.11.20,17:00,18.44,18.49,18.35,18.43,28
2014.11.20,18:00,18.44,18.48,18.39,18.46,17
2014.11.21,10:00,18.52,18.67,18.47,18.66,27
2014.11.21,11:00,18.67,18.70,18.60,18.65,19
2014.11.21,12:00,18.65,18.79,18.63,18.75,23
2014.11.21,13:00,18.75,18.85,18.72,18.83,19
2014.11.21,14:00,18.83,18.91,18.83,18.91,9
2014.11.21,15:00,18.91,18.98,18.90,18.97,11
2014.11.21,16:00,18.98,19.00,18.93,18.93,10
2014.11.21,17:00,18.93,18.98,18.92,18.94,12
2014.11.21,18:00,18.94,18.95,18.89,18.94,13
2014.11.24,10:00,19.00,19.08,18.99,19.07,12
2014.11.24,11:00,19.08,19.20,19.08,19.13,20
2014.11.24,12:00,19.13,19.21,19.11,19.19,15
2014.11.24,13:00,19.19,19.23,19.16,19.22,12
2014.11.24,14:00,19.22,19.27,19.21,19.21,12
2014.11.24,15:00,19.21,19.24,19.18,19.23,11
2014.11.24,16:00,19.23,19.30,19.20,19.22,20
2014.11.24,17:00,19.21,19.26,19.20,19.21,13
2014.11.24,18:00,19.21,19.23,19.13,19.15,15
2014.11.25,10:00,19.15,19.18,19.09,19.12,16
2014.11.25,11:00,19.11,19.18,19.10,19.14,14
2014.11.25,12:00,19.14,19.20,19.14,19.17,10
2014.11.25,13:00,19.17,19.21,19.17,19.20,6
2014.11.25,14:00,19.20,19.30,19.20,19.26,15
2014.11.25,15:00,19.26,19.32,19.23,19.24,17
2014.11.25,16:00,19.24,19.24,19.12,19.18,19
2014.11.25,17:00,19.17,19.17,19.07,19.09,13
2014.11.25,18:00,19.09,19.13,19.07,19.07,11
2014.11.26,10:00,19.17,19.23,19.14,19.14,16
2014.11.26,11:00,19.15,19.25,19.10,19.23,23
2014.11.26,12:00,19.23,19.25,19.19,19.21,11
2014.11.26,13:00,19.19,19.22,19.18,19.18,8
2014.11.26,14:00,19.18,19.19,19.06,19.06,15
2014.11.26,15:00,19.07,19.18,19.06,19.15,17
2014.11.26,16:00,19.15,19.20,19.13,19.18,12
2014.11.26,17:00,19.17,19.21,19.15,19.18,12
2014.11.26,18:00,19.18,19.20,19.11,19.17,18
2014.11.27,10:00,19.20,19.21,19.09,19.16,21
2014.11.27,11:00,19.16,19.22,19.15,19.16,15
2014.11.27,12:00,19.17,19.23,19.17,19.20,10
2014.11.27,13:00,19.19,19.22,19.18,19.19,9
2014.11.27,14:00,19.19,19.27,19.18,19.27,11
2014.11.27,15:00,19.27,19.30,19.22,19.25,15
2014.11.27,16:00,19.25,19.30,19.23,19.29,11
2014.11.27,17:00,19.30,19.34,19.24,19.28,19
2014.11.27,18:00,19.28,19.31,19.27,19.29,8
2014.11.28,10:00,19.28,19.36,19.27,19.28,19
2014.11.28,11:00,19.27,19.42,19.27,19.32,26
2014.11.28,12:00,19.32,19.33,19.28,19.29,8
2014.11.28,13:00,19.29,19.34,19.27,19.32,12
2014.11.28,14:00,19.32,19.32,19.26,19.26,7
2014.11.28,15:00,19.26,19.33,19.25,19.28,15
2014.11.28,16:00,19.28,19.31,19.24,19.31,12
2014.11.28,17:00,19.30,19.33,19.27,19.29,12
2014.11.28,18:00,19.28,19.42,19.28,19.39,18
2014.12.01,10:00,19.24,19.35,19.10,19.10,37
2014.12.01,11:00,19.10,19.16,19.02,19.13,26
2014.12.01,12:00,19.12,19.17,19.12,19.15,8
2014.12.01,13:00,19.16,19.16,19.07,19.08,11
2014.12.01,14:00,19.08,19.12,19.03,19.03,14
2014.12.01,15:00,19.04,19.10,19.04,19.10,7
2014.12.01,16:00,19.11,19.17,19.07,19.09,19
2014.12.01,17:00,19.09,19.13,19.06,19.10,14
2014.12.01,18:00,19.09,19.17,19.09,19.15,11
2014.12.02,10:00,19.27,19.45,19.24,19.38,32
2014.12.02,11:00,19.38,19.41,19.29,19.29,16
2014.12.02,12:00,19.28,19.29,19.13,19.17,22
2014.12.02,13:00,19.18,19.25,19.18,19.24,9
2014.12.02,14:00,19.23,19.30,19.22,19.29,11
2014.12.02,15:00,19.29,19.32,19.27,19.32,8
2014.12.02,16:00,19.33,19.33,19.25,19.30,14
2014.12.02,17:00,19.31,19.33,19.16,19.22,26
2014.12.02,18:00,19.21,19.25,19.18,19.19,13
2014.12.03,10:00,19.16,19.38,19.16,19.29,32
2014.12.03,11:00,19.30,19.42,19.28,19.39,20
2014.12.03,12:00,19.40,19.42,19.28,19.30,19
2014.12.03,13:00,19.31,19.31,19.24,19.25,9
2014.12.03,14:00,19.26,19.27,19.24,19.27,6
2014.12.03,15:00,19.27,19.32,19.24,19.32,12
2014.12.03,16:00,19.32,19.32,19.27,19.31,10
2014.12.03,17:00,19.31,19.32,19.27,19.30,10
2014.12.03,18:00,19.30,19.32,19.25,19.29,14
2014.12.04,10:00,19.28,19.35,19.25,19.31,18
2014.12.04,11:00,19.31,19.43,19.31,19.37,19
2014.12.04,12:00,19.37,19.42,19.36,19.39,11
2014.12.04,13:00,19.39,19.42,19.37,19.42,8
2014.12.04,14:00,19.42,19.46,19.42,19.46,5
2014.12.04,15:00,19.45,19.56,18.98,19.06,78
2014.12.04,16:00,19.05,19.27,19.03,19.15,39
2014.12.04,17:00,19.16,19.21,19.10,19.19,20
2014.12.04,18:00,19.19,19.23,19.16,19.17,13
2014.12.05,10:00,19.44,19.57,19.44,19.52,19
2014.12.05,11:00,19.53,19.57,19.48,19.52,18
2014.12.05,12:00,19.52,19.52,19.46,19.49,10
2014.12.05,13:00,19.48,19.53,19.48,19.51,8
2014.12.05,14:00,19.52,19.58,19.52,19.56,9
2014.12.05,15:00,19.56,19.70,19.51,19.67,28
2014.12.05,16:00,19.67,19.68,19.62,19.66,12
2014.12.05,17:00,19.66,19.75,19.65,19.72,15
2014.12.05,18:00,19.72,19.77,19.70,19.76,11
2014.12.08,10:00,19.59,19.71,19.52,19.66,32
2014.12.08,11:00,19.66,19.68,19.59,19.65,18
2014.12.08,12:00,19.65,19.67,19.62,19.63,9
2014.12.08,13:00,19.63,19.66,19.61,19.61,9
2014.12.08,14:00,19.61,19.61,19.52,19.54,12
2014.12.08,15:00,19.54,19.60,19.54,19.58,9
2014.12.08,16:00,19.59,19.66,19.58,19.64,12
2014.12.08,17:00,19.64,19.67,19.59,19.63,16
2014.12.08,18:00,19.62,19.65,19.60,19.60,9
2014.12.09,10:00,19.36,19.45,19.21,19.28,41
2014.12.09,11:00,19.28,19.45,19.24,19.35,36
2014.12.09,12:00,19.35,19.44,19.35,19.39,15
2014.12.09,13:00,19.40,19.41,19.27,19.28,17
2014.12.09,14:00,19.28,19.31,19.21,19.27,20
2014.12.09,15:00,19.27,19.29,19.20,19.23,15
2014.12.09,16:00,19.23,19.24,19.04,19.16,34
2014.12.09,17:00,19.15,19.17,18.99,19.07,29
2014.12.09,18:00,19.07,19.16,19.02,19.11,25
2014.12.10,10:00,19.14,19.26,19.06,19.11,38
2014.12.10,11:00,19.10,19.19,19.05,19.18,21
2014.12.10,12:00,19.17,19.22,19.16,19.21,9
2014.12.10,13:00,19.21,19.22,19.17,19.18,8
2014.12.10,14:00,19.18,19.20,19.10,19.12,15
2014.12.10,15:00,19.12,19.19,19.09,19.19,14
2014.12.10,16:00,19.18,19.22,19.06,19.06,21
2014.12.10,17:00,19.07,19.08,18.93,19.06,30
2014.12.10,18:00,19.06,19.06,19.00,19.02,9
2014.12.11,10:00,18.98,19.15,18.98,19.13,20
2014.12.11,11:00,19.13,19.13,19.02,19.08,18
2014.12.11,12:00,19.07,19.17,19.02,19.05,29
2014.12.11,13:00,19.05,19.07,18.92,18.92,18
2014.12.11,14:00,18.91,19.00,18.89,18.98,16
2014.12.11,15:00,18.99,19.05,18.93,19.02,22
2014.12.11,16:00,19.03,19.17,19.00,19.14,24
2014.12.11,17:00,19.13,19.19,19.08,19.10,20
2014.12.11,18:00,19.10,19.13,19.06,19.08,13
2014.12.12,10:00,18.95,19.04,18.74,18.77,43
2014.12.12,11:00,18.77,18.83,18.71,18.72,20
2014.12.12,12:00,18.72,18.80,18.69,18.75,20
2014.12.12,13:00,18.75,18.75,18.68,18.70,10
2014.12.12,14:00,18.71,18.79,18.70,18.77,13
2014.12.12,15:00,18.78,18.82,18.72,18.73,16
2014.12.12,16:00,18.74,18.86,18.73,18.86,15
2014.12.12,17:00,18.86,18.86,18.58,18.58,29
2014.12.12,18:00,18.58,18.61,18.41,18.41,24
2014.12.15,10:00,18.39,18.59,18.34,18.57,33
2014.12.15,11:00,18.57,18.71,18.55,18.69,21
2014.12.15,12:00,18.70,18.70,18.62,18.67,14
2014.12.15,13:00,18.68,18.68,18.57,18.58,13
2014.12.15,14:00,18.58,18.63,18.57,18.58,13
2014.12.15,15:00,18.59,18.61,18.48,18.51,19
2014.12.15,16:00,18.51,18.59,18.45,18.49,27
2014.12.15,17:00,18.49,18.49,18.16,18.21,39
2014.12.15,18:00,18.21,18.22,18.00,18.03,27
2014.12.16,10:00,18.11,18.18,17.79,17.99,67
2014.12.16,11:00,17.98,18.16,17.88,18.10,45
2014.12.16,12:00,18.11,18.15,17.98,18.05,29
2014.12.16,13:00,18.04,18.05,17.82,17.82,25
2014.12.16,14:00,17.83,17.85,17.56,17.63,39
2014.12.16,15:00,17.63,17.91,17.61,17.78,46
2014.12.16,16:00,17.79,17.95,17.76,17.87,31
2014.12.16,17:00,17.88,18.15,17.87,18.12,33
2014.12.16,18:00,18.12,18.34,18.12,18.30,27
2014.12.17,10:00,18.07,18.31,18.04,18.23,39
2014.12.17,11:00,18.22,18.26,18.10,18.20,31
2014.12.17,12:00,18.20,18.29,18.16,18.22,25
2014.12.17,13:00,18.22,18.27,18.14,18.23,26
2014.12.17,14:00,18.22,18.29,18.18,18.19,20
2014.12.17,15:00,18.18,18.23,18.14,18.16,17
2014.12.17,16:00,18.17,18.30,18.10,18.25,33
2014.12.17,17:00,18.26,18.45,18.18,18.30,51
2014.12.17,18:00,18.31,18.36,18.27,18.27,15
2014.12.18,10:00,18.65,18.79,18.59,18.79,27
2014.12.18,11:00,18.79,18.99,18.78,18.92,30
2014.12.18,12:00,18.92,19.06,18.90,19.02,23
2014.12.18,13:00,19.03,19.06,18.93,18.99,23
2014.12.18,14:00,18.99,19.09,18.99,19.07,13
2014.12.18,15:00,19.07,19.09,18.99,19.06,20
2014.12.18,16:00,19.07,19.24,19.07,19.21,21
2014.12.18,17:00,19.21,19.32,19.15,19.23,33
2014.12.18,18:00,19.22,19.23,19.07,19.19,30
2014.12.19,10:00,19.39,19.54,19.37,19.49,25
2014.12.19,11:00,19.49,19.51,19.42,19.49,19
2014.12.19,12:00,19.50,19.52,19.24,19.27,34
2014.12.19,13:00,19.27,19.38,19.12,19.29,51
2014.12.19,14:00,19.29,19.37,19.26,19.28,22
2014.12.19,15:00,19.28,19.29,19.16,19.19,18
2014.12.19,16:00,19.18,19.21,19.07,19.18,29
2014.12.19,17:00,19.18,19.43,19.18,19.42,27
2014.12.19,18:00,19.41,19.43,19.25,19.26,22
2014.12.22,10:00,19.32,19.53,19.32,19.48,27
2014.12.22,11:00,19.48,19.51,19.44,19.47,14
2014.12.22,12:00,19.47,19.49,19.40,19.46,18
2014.12.22,13:00,19.47,19.49,19.46,19.47,7
2014.12.22,14:00,19.47,19.48,19.43,19.46,10
2014.12.22,15:00,19.45,19.53,19.43,19.49,17
2014.12.22,16:00,19.49,19.49,19.37,19.41,17
2014.12.22,17:00,19.42,19.47,19.37,19.44,19
2014.12.22,18:00,19.43,19.43,19.33,19.40,18
2014.12.23,10:00,19.45,19.54,19.43,19.49,19
2014.12.23,11:00,19.50,19.52,19.38,19.40,19
2014.12.23,12:00,19.40,19.47,19.35,19.43,22
2014.12.23,13:00,19.43,19.50,19.43,19.49,9
2014.12.23,14:00,19.49,19.49,19.43,19.46,10
2014.12.23,15:00,19.46,19.53,19.41,19.51,20
2014.12.23,16:00,19.52,19.55,19.51,19.54,7
2014.12.23,17:00,19.54,19.54,19.44,19.49,16
2014.12.23,18:00,19.50,19.57,19.50,19.57,8
2014.12.24,10:00,19.52,19.54,19.52,19.54,3
2014.12.24,11:00,19.53,19.54,19.48,19.50,10
2014.12.24,12:00,19.49,19.50,19.47,19.49,7
2014.12.24,13:00,19.50,19.50,19.44,19.47,10
2014.12.24,14:00,19.47,19.47,19.46,19.47,3
2014.12.29,10:00,19.49,19.57,19.32,19.33,35
2014.12.29,11:00,19.33,19.36,19.17,19.27,33
2014.12.29,12:00,19.27,19.40,19.09,19.23,59
2014.12.29,13:00,19.23,19.37,19.17,19.19,37
2014.12.29,14:00,19.19,19.23,19.14,19.15,15
2014.12.29,15:00,19.15,19.18,19.05,19.15,27
2014.12.29,16:00,19.15,19.22,19.07,19.19,27
2014.12.29,17:00,19.21,19.31,19.19,19.26,20
2014.12.29,18:00,19.26,19.42,19.24,19.41,22
2014.12.30,10:00,19.23,19.32,19.14,19.28,32
2014.12.30,11:00,19.28,19.31,19.21,19.31,18
2014.12.30,12:00,19.30,19.34,19.27,19.27,12
2014.12.30,13:00,19.26,19.31,19.26,19.29,8
2014.12.30,14:00,19.30,19.32,19.23,19.24,13
2014.12.30,15:00,19.24,19.29,19.21,19.29,12
2014.12.30,16:00,19.29,19.33,19.21,19.23,19
2014.12.30,17:00,19.23,19.26,19.19,19.23,15
2014.12.30,18:00,19.22,19.22,19.13,19.14,11
2014.12.31,10:00,19.14,19.20,19.14,19.19,8
2014.12.31,11:00,19.20,19.26,19.19,19.22,13
2014.12.31,12:00,19.21,19.24,19.19,19.21,11
2014.12.31,13:00,19.21,19.24,19.14,19.17,17
2014.12.31,14:00,19.17,19.21,19.15,19.17,13
2015.01.02,10:00,19.42,19.46,19.14,19.14,37
2015.01.02,11:00,19.13,19.17,19.01,19.15,31
2015.01.02,12:00,19.16,19.25,19.13,19.19,22
2015.01.02,13:00,19.20,19.22,19.10,19.14,19
2015.01.02,14:00,19.15,19.20,19.10,19.14,20
2015.01.02,15:00,19.14,19.20,19.11,19.19,14
2015.01.02,16:00,19.19,19.28,19.17,19.25,17
2015.01.02,17:00,19.26,19.28,19.05,19.13,34
2015.01.02,18:00,19.12,19.13,19.01,19.11,24
2015.01.05,10:00,18.94,19.18,18.91,19.16,33
2015.01.05,11:00,19.17,19.18,19.00,19.04,24
2015.01.05,12:00,19.04,19.08,18.89,18.89,24
2015.01.05,13:00,18.89,18.97,18.86,18.88,22
2015.01.05,14:00,18.89,18.92,18.84,18.85,13
2015.01.05,15:00,18.86,18.91,18.64,18.65,34
2015.01.05,16:00,18.66,18.73,18.44,18.52,45
2015.01.05,17:00,18.51,18.60,18.42,18.50,36
2015.01.05,18:00,18.49,18.51,18.33,18.33,21
2015.01.06,10:00,18.45,18.46,18.24,18.25,25
2015.01.06,11:00,18.25,18.41,18.19,18.32,38
2015.01.06,12:00,18.32,18.41,18.25,18.33,32
2015.01.06,13:00,18.33,18.51,18.32,18.41,31
2015.01.06,14:00,18.41,18.48,18.36,18.42,24
2015.01.06,15:00,18.44,18.49,18.34,18.39,26
2015.01.06,16:00,18.39,18.46,18.35,18.39,23
2015.01.06,17:00,18.39,18.53,18.31,18.32,38
2015.01.06,18:00,18.32,18.35,18.22,18.23,18
2015.01.07,10:00,18.28,18.36,18.19,18.33,30
2015.01.07,11:00,18.33,18.38,18.15,18.28,42
2015.01.07,12:00,18.28,18.46,18.26,18.44,25
2015.01.07,13:00,18.44,18.46,18.37,18.45,18
2015.01.07,14:00,18.44,18.52,18.43,18.51,12
2015.01.07,15:00,18.52,18.54,18.47,18.49,12
2015.01.07,16:00,18.49,18.53,18.41,18.48,24
2015.01.07,17:00,18.48,18.50,18.38,18.41,18
2015.01.07,18:00,18.42,18.46,18.34,18.38,21
2015.01.08,10:00,18.67,18.76,18.59,18.71,31
2015.01.08,11:00,18.71,18.76,18.66,18.70,20
2015.01.08,12:00,18.70,18.76,18.67,18.75,14
2015.01.08,13:00,18.75,18.83,18.74,18.80,14
2015.01.08,14:00,18.81,18.92,18.77,18.79,29
2015.01.08,15:00,18.79,18.85,18.77,18.85,11
2015.01.08,16:00,18.85,18.97,18.83,18.94,20
2015.01.08,17:00,18.95,19.14,18.95,19.14,20
2015.01.08,18:00,19.14,19.20,19.11,19.16,17
2015.01.09,10:00,19.08,19.16,19.04,19.11,22
2015.01.09,11:00,19.12,19.19,18.98,19.03,34
2015.01.09,12:00,19.03,19.07,18.93,18.96,22
2015.01.09,13:00,18.96,18.99,18.90,18.96,19
2015.01.09,14:00,18.96,18.98,18.88,18.89,14
2015.01.09,15:00,18.89,19.05,18.82,19.02,34
2015.01.09,16:00,19.02,19.02,18.72,18.73,32
2015.01.09,17:00,18.73,18.87,18.60,18.67,49
2015.01.09,18:00,18.67,18.68,18.48,18.64,38
2015.01.12,10:00,18.81,18.94,18.80,18.84,26
2015.01.12,11:00,18.83,18.95,18.68,18.93,45
2015.01.12,12:00,18.93,19.02,18.90,18.93,25
2015.01.12,13:00,18.94,18.97,18.91,18.93,12
2015.01.12,14:00,18.92,18.93,18.76,18.77,20
2015.01.12,15:00,18.78,18.84,18.72,18.73,20
2015.01.12,16:00,18.73,18.84,18.52,18.56,48
2015.01.12,17:00,18.56,18.82,18.47,18.82,45
2015.01.12,18:00,18.82,18.90,18.72,18.73,28
2015.01.13,10:00,18.63,18.86,18.61,18.75,39
2015.01.13,11:00,18.75,19.02,18.70,18.92,48
2015.01.13,12:00,18.93,18.97,18.83,18.93,29
2015.01.13,13:00,18.92,19.10,18.90,19.09,24
2015.01.13,14:00,19.09,19.13,19.04,19.13,15
2015.01.13,15:00,19.13,19.18,19.05,19.18,22
2015.01.13,16:00,19.17,19.30,19.17,19.30,14
2015.01.13,17:00,19.30,19.32,19.17,19.20,21
2015.01.13,18:00,19.19,19.21,19.04,19.16,32
2015.01.14,10:00,18.86,19.06,18.80,18.93,46
2015.01.14,11:00,18.93,19.25,18.86,19.24,48
2015.01.14,12:00,19.25,19.28,19.05,19.07,29
2015.01.14,13:00,19.07,19.19,19.04,19.07,31
2015.01.14,14:00,19.07,19.14,18.96,18.97,27
2015.01.14,15:00,18.97,19.01,18.72,18.83,45
2015.01.14,16:00,18.83,18.92,18.78,18.87,25
2015.01.14,17:00,18.86,19.04,18.86,18.95,28
2015.01.14,18:00,18.96,18.96,18.82,18.82,15
2015.01.15,10:00,18.95,19.12,18.95,19.05,25
2015.01.15,11:00,19.05,19.08,18.21,18.67,137
2015.01.15,12:00,18.67,18.91,18.55,18.76,64
2015.01.15,13:00,18.76,18.90,18.55,18.84,63
2015.01.15,14:00,18.84,19.19,18.82,19.14,45
2015.01.15,15:00,19.14,19.41,19.11,19.32,43
2015.01.15,16:00,19.33,19.42,19.23,19.31,37
2015.01.15,17:00,19.32,19.49,19.29,19.44,29
2015.01.15,18:00,19.45,19.49,19.41,19.45,17
2015.01.16,10:00,19.37,19.53,19.30,19.51,33
2015.01.16,11:00,19.50,19.56,19.35,19.45,38
2015.01.16,12:00,19.44,19.45,19.27,19.33,26
2015.01.16,13:00,19.32,19.59,19.31,19.56,33
2015.01.16,14:00,19.56,19.57,19.47,19.55,20
2015.01.16,15:00,19.56,19.61,19.47,19.59,26
2015.01.16,16:00,19.59,19.90,19.59,19.76,46
2015.01.16,17:00,19.77,19.97,19.76,19.96,24
2015.01.16,18:00,19.97,19.97,19.87,19.96,20
2015.01.19,10:00,19.94,20.01,19.86,19.93,30
2015.01.19,11:00,19.92,20.12,19.92,20.02,31
2015.01.19,12:00,20.02,20.03,19.98,19.99,8
2015.01.19,13:00,20.00,20.06,19.99,19.99,14
2015.01.19,14:00,19.99,20.07,19.99,20.06,10
2015.01.19,15:00,20.06,20.16,20.03,20.15,18
2015.01.19,16:00,20.15,20.25,20.12,20.12,24
2015.01.19,17:00,20.13,20.17,20.05,20.05,17
2015.01.19,18:00,20.05,20.07,19.96,20.06,22
2015.01.20,10:00,20.05,20.22,20.05,20.12,28
2015.01.20,11:00,20.12,20.26,20.12,20.20,21
2015.01.20,12:00,20.21,20.25,20.17,20.21,17
2015.01.20,13:00,20.20,20.25,20.16,20.21,18
2015.01.20,14:00,20.20,20.26,20.18,20.22,15
2015.01.20,15:00,20.22,20.24,20.18,20.21,12
2015.01.20,16:00,20.21,20.25,20.12,20.15,21
2015.01.20,17:00,20.14,20.23,20.07,20.16,31
2015.01.20,18:00,20.16,20.16,20.07,20.09,12
2015.01.21,10:00,20.17,20.20,20.03,20.03,21
2015.01.21,11:00,20.04,20.19,20.04,20.11,24
2015.01.21,12:00,20.11,20.20,20.09,20.20,14
2015.01.21,13:00,20.20,20.23,20.13,20.15,16
2015.01.21,14:00,20.16,20.22,20.13,20.15,18
2015.01.21,15:00,20.15,20.22,20.08,20.09,23
2015.01.21,16:00,20.09,20.38,20.00,20.22,64
2015.01.21,17:00,20.24,20.34,20.16,20.29,32
2015.01.21,18:00,20.30,20.31,20.24,20.26,11
2015.01.22,10:00,20.26,20.33,20.23,20.31,16
2015.01.22,11:00,20.31,20.37,20.18,20.25,33
2015.01.22,12:00,20.25,20.33,20.22,20.31,17
2015.01.22,13:00,20.31,20.36,20.26,20.36,16
2015.01.22,14:00,20.37,20.40,20.22,20.38,36
2015.01.22,15:00,20.38,20.68,20.33,20.56,53
2015.01.22,16:00,20.55,20.71,20.34,20.56,74
2015.01.22,17:00,20.56,20.74,20.51,20.73,30
2015.01.22,18:00,20.73,20.73,20.62,20.71,21
2015.01.23,10:00,20.80,20.93,20.75,20.85,32
2015.01.23,11:00,20.86,20.87,20.77,20.85,20
2015.01.23,12:00,20.85,20.88,20.69,20.70,24
2015.01.23,13:00,20.69,20.82,20.66,20.80,22
2015.01.23,14:00,20.80,20.90,20.76,20.82,27
2015.01.23,15:00,20.83,20.85,20.66,20.70,26
2015.01.23,16:00,20.70,20.83,20.59,20.66,45
2015.01.23,17:00,20.67,20.73,20.58,20.69,29
2015.01.23,18:00,20.69,20.75,20.61,20.74,24
2015.01.26,10:00,20.54,20.69,20.48,20.65,32
2015.01.26,11:00,20.64,20.79,20.62,20.75,24
2015.01.26,12:00,20.74,20.82,20.73,20.75,18
2015.01.26,13:00,20.74,20.74,20.61,20.63,16
2015.01.26,14:00,20.64,20.75,20.61,20.74,19
2015.01.26,15:00,20.74,20.75,20.67,20.71,14
2015.01.26,16:00,20.71,20.77,20.63,20.71,29
2015.01.26,17:00,20.71,20.76,20.65,20.75,19
2015.01.26,18:00,20.76,20.83,20.73,20.81,16
2015.01.27,10:00,20.86,20.92,20.75,20.79,28
2015.01.27,11:00,20.79,20.91,20.66,20.81,49
2015.01.27,12:00,20.82,20.92,20.82,20.90,13
2015.01.27,13:00,20.90,20.92,20.71,20.75,28
2015.01.27,14:00,20.75,20.82,20.70,20.79,21
2015.01.27,15:00,20.79,20.82,20.69,20.78,26
2015.01.27,16:00,20.78,20.86,20.68,20.86,29
2015.01.27,17:00,20.86,20.91,20.71,20.80,35
2015.01.27,18:00,20.81,20.84,20.76,20.82,16
2015.01.28,10:00,20.95,21.03,20.82,20.82,30
2015.01.28,11:00,20.83,20.85,20.63,20.72,34
2015.01.28,12:00,20.73,20.74,20.64,20.70,18
2015.01.28,13:00,20.70,20.81,20.69,20.81,14
2015.01.28,14:00,20.79,20.80,20.71,20.79,19
2015.01.28,15:00,20.79,20.83,20.74,20.80,18
2015.01.28,16:00,20.79,21.00,20.79,20.98,24
2015.01.28,17:00,20.99,21.00,20.82,20.84,22
2015.01.28,18:00,20.84,20.91,20.77,20.90,23
2015.01.29,10:00,20.76,20.91,20.76,20.82,25
2015.01.29,11:00,20.82,20.86,20.72,20.82,29
2015.01.29,12:00,20.82,21.01,20.82,20.94,27
2015.01.29,13:00,20.95,21.00,20.88,20.99,21
2015.01.29,14:00,21.00,21.02,20.89,20.95,22
2015.01.29,15:00,20.95,20.96,20.82,20.85,19
2015.01.29,16:00,20.85,21.11,20.82,21.07,37
2015.01.29,17:00,21.08,21.17,21.00,21.05,32
2015.01.29,18:00,21.04,21.17,21.03,21.15,18
2015.01.30,10:00,21.27,21.31,21.16,21.16,20
2015.01.30,11:00,21.17,21.20,21.05,21.12,26
2015.01.30,12:00,21.12,21.14,21.03,21.13,22
2015.01.30,13:00,21.13,21.18,21.08,21.12,20
2015.01.30,14:00,21.12,21.12,20.99,20.99,14
2015.01.30,15:00,20.99,21.01,20.83,20.87,25
2015.01.30,16:00,20.87,21.01,20.82,20.94,32
2015.01.30,17:00,20.93,20.95,20.79,20.85,25
2015.01.30,18:00,20.84,20.88,20.70,20.82,35
2015.02.02,10:00,20.82,20.98,20.72,20.94,41
2015.02.02,11:00,20.94,20.95,20.76,20.81,26
2015.02.02,12:00,20.80,20.80,20.65,20.67,18
2015.02.02,13:00,20.67,20.67,20.57,20.57,11
2015.02.02,14:00,20.58,20.62,20.50,20.51,18
2015.02.02,15:00,20.52,20.63,20.50,20.60,19
2015.02.02,16:00,20.61,20.76,20.54,20.67,39
2015.02.02,17:00,20.66,20.73,20.55,20.72,31
2015.02.02,18:00,20.71,20.81,20.70,20.79,15
2015.02.03,10:00,20.89,21.22,20.87,21.22,38
2015.02.03,11:00,21.22,21.31,21.21,21.31,12
2015.02.03,12:00,21.30,21.33,21.20,21.20,17
2015.02.03,13:00,21.20,21.25,21.19,21.24,9
2015.02.03,14:00,21.24,21.27,21.19,21.21,14
2015.02.03,15:00,21.21,21.21,21.11,21.18,18
2015.02.03,16:00,21.19,21.27,21.16,21.21,21
2015.02.03,17:00,21.20,21.20,21.01,21.13,32
2015.02.03,18:00,21.13,21.14,21.09,21.12,10
2015.02.04,10:00,21.03,21.08,20.97,21.06,20
2015.02.04,11:00,21.07,21.07,20.86,20.90,26
2015.02.04,12:00,20.90,20.97,20.84,20.92,25
2015.02.04,13:00,20.92,21.02,20.92,21.01,12
2015.02.04,14:00,21.01,21.03,20.91,20.91,15
2015.02.04,15:00,20.91,20.98,20.89,20.91,19
2015.02.04,16:00,20.90,20.97,20.84,20.95,22
2015.02.04,17:00,20.96,21.04,20.92,20.95,24
2015.02.04,18:00,20.95,21.02,20.94,21.00,12
2015.02.05,10:00,20.76,20.84,20.71,20.77,26
2015.02.05,11:00,20.78,20.84,20.75,20.82,15
2015.02.05,12:00,20.83,20.87,20.78,20.80,16
2015.02.05,13:00,20.80,20.82,20.69,20.76,23
2015.02.05,14:00,20.76,20.79,20.69,20.71,16
2015.02.05,15:00,20.71,20.80,20.68,20.72,24
2015.02.05,16:00,20.72,20.74,20.61,20.61,16
2015.02.05,17:00,20.61,20.73,20.60,20.67,21
2015.02.05,18:00,20.67,20.73,20.66,20.70,12
2015.02.06,10:00,20.72,20.72,20.61,20.67,18
2015.02.06,11:00,20.67,20.75,20.67,20.70,14
2015.02.06,12:00,20.70,20.73,20.64,20.64,13
2015.02.06,13:00,20.65,20.72,20.65,20.72,8
2015.02.06,14:00,20.72,20.78,20.71,20.74,13
2015.02.06,15:00,20.74,20.92,20.68,20.85,38
2015.02.06,16:00,20.85,20.93,20.81,20.83,23
2015.02.06,17:00,20.83,20.90,20.82,20.90,10
2015.02.06,18:00,20.89,20.93,20.82,20.86,20
2015.02.09,10:00,20.61,20.61,20.30,20.30,32
2015.02.09,11:00,20.30,20.38,20.24,20.24,23
2015.02.09,12:00,20.24,20.31,20.23,20.25,16
2015.02.09,13:00,20.25,20.35,20.21,20.25,29
2015.02.09,14:00,20.25,20.28,20.22,20.24,12
2015.02.09,15:00,20.23,20.25,20.12,20.22,26
2015.02.09,16:00,20.22,20.38,20.20,20.35,24
2015.02.09,17:00,20.35,20.38,20.28,20.32,18
2015.02.09,18:00,20.32,20.46,20.31,20.44,19
2015.02.10,10:00,20.52,20.60,20.45,20.51,30
2015.02.10,11:00,20.52,20.61,20.50,20.59,16
2015.02.10,12:00,20.58,20.66,20.55,20.58,23
2015.02.10,13:00,20.59,20.75,20.59,20.75,17
2015.02.10,14:00,20.75,20.99,20.74,20.89,37
2015.02.10,15:00,20.89,20.99,20.87,20.95,19
2015.02.10,16:00,20.95,20.97,20.88,20.90,14
2015.02.10,17:00,20.89,20.98,20.74,20.75,35
2015.02.10,18:00,20.76,20.86,20.69,20.84,27
2015.02.11,10:00,20.81,20.83,20.61,20.63,27
2015.02.11,11:00,20.64,20.68,20.62,20.66,11
2015.02.11,12:00,20.65,20.69,20.62,20.62,12
2015.02.11,13:00,20.63,20.67,20.59,20.60,14
2015.02.11,14:00,20.60,20.63,20.55,20.61,16
2015.02.11,15:00,20.60,20.66,20.54,20.61,24
2015.02.11,16:00,20.62,20.69,20.61,20.66,13
2015.02.11,17:00,20.67,20.71,20.62,20.66,18
2015.02.11,18:00,20.66,20.68,20.61,20.63,12
2015.02.12,10:00,20.58,20.77,20.54,20.75,30
2015.02.12,11:00,20.75,21.00,20.75,20.99,27
2015.02.12,12:00,21.00,21.09,20.93,21.07,26
2015.02.12,13:00,21.07,21.09,20.99,21.02,16
2015.02.12,14:00,21.03,21.09,20.99,21.07,17
2015.02.12,15:00,21.07,21.12,21.02,21.06,20
2015.02.12,16:00,21.07,21.07,20.95,20.99,17
2015.02.12,17:00,20.99,21.03,20.89,20.94,24
2015.02.12,18:00,20.93,20.93,20.81,20.84,16
2015.02.13,10:00,20.97,21.19,20.91,21.19,35
2015.02.13,11:00,21.18,21.23,21.16,21.22,11
2015.02.13,12:00,21.21,21.24,21.06,21.06,22
2015.02.13,13:00,21.07,21.07,20.87,20.89,23
2015.02.13,14:00,20.89,20.99,20.89,20.91,19
2015.02.13,15:00,20.90,20.99,20.90,20.97,12
2015.02.13,16:00,20.98,21.05,20.92,21.03,22
2015.02.13,17:00,21.01,21.04,20.83,20.83,25
2015.02.13,18:00,20.84,20.88,20.80,20.86,15
2015.02.16,10:00,20.83,20.84,20.73,20.77,17
2015.02.16,11:00,20.76,20.92,20.75,20.87,24
2015.02.16,12:00,20.87,20.90,20.83,20.86,14
2015.02.16,13:00,20.87,20.87,20.69,20.69,19
2015.02.16,14:00,20.69,20.72,20.67,20.68,10
2015.02.16,15:00,20.68,20.70,20.64,20.68,13
2015.02.16,16:00,20.69,20.73,20.58,20.58,20
2015.02.16,17:00,20.58,20.60,20.55,20.57,10
2015.02.16,18:00,20.57,20.59,20.54,20.55,9
2015.02.17,10:00,20.37,20.45,20.17,20.26,46
2015.02.17,11:00,20.26,20.48,20.25,20.42,31
2015.02.17,12:00,20.42,20.49,20.38,20.48,17
2015.02.17,13:00,20.48,20.55,20.46,20.52,15
2015.02.17,14:00,20.52,20.60,20.49,20.58,17
2015.02.17,15:00,20.58,20.59,20.47,20.55,22
2015.02.17,16:00,20.56,20.60,20.38,20.46,35
2015.02.17,17:00,20.47,20.56,20.45,20.54,16
2015.02.17,18:00,20.53,20.59,20.51,20.58,12
2015.02.18,10:00,20.69,20.83,20.66,20.83,21
2015.02.18,11:00,20.83,20.95,20.81,20.90,22
2015.02.18,12:00,20.89,20.90,20.83,20.89,15
2015.02.18,13:00,20.89,20.92,20.87,20.91,9
2015.02.18,14:00,20.91,20.95,20.85,20.91,21
2015.02.18,15:00,20.91,20.96,20.89,20.95,11
2015.02.18,16:00,20.95,20.99,20.93,20.98,10
2015.02.18,17:00,20.98,21.02,20.93,21.01,16
2015.02.18,18:00,21.01,21.03,20.99,21.02,8
2015.02.19,10:00,20.94,21.01,20.83,20.97,34
2015.02.19,11:00,20.98,21.14,20.95,21.14,23
2015.02.19,12:00,21.14,21.18,20.99,21.12,37
2015.02.19,13:00,21.12,21.23,21.10,21.20,19
2015.02.19,14:00,21.20,21.28,21.06,21.14,39
2015.02.19,15:00,21.14,21.27,21.13,21.26,17
2015.02.19,16:00,21.25,21.25,21.11,21.18,22
2015.02.19,17:00,21.18,21.27,21.14,21.27,18
2015.02.19,18:00,21.27,21.28,21.21,21.26,14
2015.02.20,10:00,21.13,21.19,21.08,21.13,23
2015.02.20,11:00,21.13,21.18,21.07,21.08,18
2015.02.20,12:00,21.08,21.21,21.01,21.20,29
2015.02.20,13:00,21.20,21.20,21.09,21.14,17
2015.02.20,14:00,21.14,21.21,20.97,21.01,36
2015.02.20,15:00,21.00,21.02,20.90,20.98,23
2015.02.20,16:00,20.98,21.01,20.92,20.94,15
2015.02.20,17:00,20.94,21.10,20.89,21.06,31
2015.02.20,18:00,21.06,21.18,21.06,21.18,13
2015.02.23,10:00,21.36,21.40,21.25,21.33,28
2015.02.23,11:00,21.33,21.35,21.25,21.28,16
2015.02.23,12:00,21.28,21.30,21.25,21.28,11
2015.02.23,13:00,21.27,21.27,21.21,21.25,11
2015.02.23,14:00,21.25,21.26,21.22,21.23,7
2015.02.23,15:00,21.22,21.26,21.21,21.26,7
2015.02.23,16:00,21.26,21.34,21.26,21.28,15
2015.02.23,17:00,21.30,21.31,21.22,21.26,15
2015.02.23,18:00,21.26,21.29,21.25,21.28,7
2015.02.24,10:00,21.41,21.46,21.26,21.26,26
2015.02.24,11:00,21.26,21.34,21.24,21.33,14
2015.02.24,12:00,21.32,21.36,21.28,21.34,15
2015.02.24,13:00,21.34,21.37,21.33,21.34,9
2015.02.24,14:00,21.34,21.36,21.30,21.31,10
2015.02.24,15:00,21.31,21.33,21.29,21.32,8
2015.02.24,16:00,21.32,21.44,21.32,21.40,17
2015.02.24,17:00,21.40,21.49,21.38,21.48,15
2015.02.24,18:00,21.47,21.55,21.47,21.51,13
2015.02.25,10:00,21.92,22.47,21.91,22.32,73
2015.02.25,11:00,22.31,22.31,22.09,22.13,27
2015.02.25,12:00,22.13,22.20,22.03,22.03,25
2015.02.25,13:00,22.03,22.10,21.91,21.96,32
2015.02.25,14:00,21.96,21.99,21.89,21.99,18
2015.02.25,15:00,21.99,22.14,21.99,22.06,24
2015.02.25,16:00,22.05,22.13,21.89,21.98,42
2015.02.25,17:00,21.98,22.23,21.97,22.22,29
2015.02.25,18:00,22.23,22.26,22.06,22.11,29
2015.02.26,10:00,22.08,22.25,22.08,22.10,33
2015.02.26,11:00,22.10,22.27,22.10,22.21,24
2015.02.26,12:00,22.22,22.25,22.16,22.23,18
2015.02.26,13:00,22.22,22.27,22.21,22.25,10
2015.02.26,14:00,22.25,22.26,22.23,22.24,6
2015.02.26,15:00,22.23,22.28,22.22,22.28,8
2015.02.26,16:00,22.28,22.39,22.24,22.38,21
2015.02.26,17:00,22.38,22.44,22.34,22.42,17
2015.02.26,18:00,22.41,22.47,22.41,22.44,10
2015.02.27,10:00,22.41,22.60,22.41,22.48,32
2015.02.27,11:00,22.48,22.48,22.40,22.40,9
2015.02.27,12:00,22.41,22.48,22.37,22.47,17
2015.02.27,13:00,22.47,22.59,22.47,22.56,16
2015.02.27,14:00,22.56,22.57,22.54,22.55,6
2015.02.27,15:00,22.55,22.55,22.49,22.51,9
2015.02.27,16:00,22.51,22.59,22.47,22.52,24
2015.02.27,17:00,22.52,22.60,22.49,22.59,16
2015.02.27,18:00,22.59,22.71,22.57,22.63,25
2015.03.02,10:00,22.58,22.70,22.58,22.67,16
2015.03.02,11:00,22.67,22.73,22.64,22.71,15
2015.03.02,12:00,22.70,22.71,22.66,22.66,7
2015.03.02,13:00,22.66,22.67,22.50,22.51,20
2015.03.02,14:00,22.50,22.53,22.44,22.47,16
2015.03.02,15:00,22.47,22.47,22.42,22.46,10
2015.03.02,16:00,22.47,22.49,22.40,22.48,18
2015.03.02,17:00,22.46,22.54,22.42,22.47,24
2015.03.02,18:00,22.47,22.50,22.44,22.47,13
2015.03.03,10:00,22.52,22.58,22.48,22.57,16
2015.03.03,11:00,22.57,22.62,22.51,22.54,20
2015.03.03,12:00,22.54,22.57,22.52,22.53,10
2015.03.03,13:00,22.53,22.53,22.38,22.40,18
2015.03.03,14:00,22.40,22.46,22.37,22.41,18
2015.03.03,15:00,22.42,22.44,22.34,22.41,20
2015.03.03,16:00,22.41,22.44,22.36,22.38,14
2015.03.03,17:00,22.39,22.43,22.23,22.25,27
2015.03.03,18:00,22.24,22.29,22.14,22.29,26
2015.03.04,10:00,22.31,22.44,22.25,22.25,33
2015.03.04,11:00,22.25,22.39,22.11,22.38,44
2015.03.04,12:00,22.38,22.44,22.38,22.40,11
2015.03.04,13:00,22.40,22.53,22.38,22.53,18
2015.03.04,14:00,22.53,22.57,22.46,22.56,20
2015.03.04,15:00,22.56,22.63,22.53,22.55,20
2015.03.04,16:00,22.54,22.60,22.43,22.49,30
2015.03.04,17:00,22.50,22.58,22.46,22.57,18
2015.03.04,18:00,22.56,22.57,22.50,22.51,10
2015.03.05,10:00,22.66,22.72,22.60,22.67,24
2015.03.05,11:00,22.67,22.67,22.53,22.58,20
2015.03.05,12:00,22.59,22.65,22.54,22.57,21
2015.03.05,13:00,22.57,22.68,22.57,22.63,17
2015.03.05,14:00,22.64,22.72,22.63,22.70,13
2015.03.05,15:00,22.71,22.76,22.58,22.72,36
2015.03.05,16:00,22.73,22.79,22.64,22.71,29
2015.03.05,17:00,22.70,22.71,22.64,22.67,12
2015.03.05,18:00,22.66,22.69,22.61,22.66,17
2015.03.06,10:00,22.63,22.70,22.62,22.69,11
2015.03.06,11:00,22.69,22.77,22.69,22.74,12
2015.03.06,12:00,22.74,22.76,22.67,22.67,12
2015.03.06,13:00,22.67,22.72,22.65,22.65,13
2015.03.06,14:00,22.65,22.75,22.65,22.75,11
2015.03.06,15:00,22.76,22.83,22.69,22.78,27
2015.03.06,16:00,22.78,22.81,22.69,22.80,23
2015.03.06,17:00,22.81,22.91,22.80,22.84,20
2015.03.06,18:00,22.84,22.84,22.74,22.80,17
2015.03.09,11:00,22.70,22.79,22.65,22.76,23
2015.03.09,12:00,22.76,22.83,22.71,22.83,18
2015.03.09,13:00,22.83,22.88,22.80,22.82,16
2015.03.09,14:00,22.82,22.88,22.82,22.85,10
2015.03.09,15:00,22.85,22.91,22.85,22.91,7
2015.03.09,16:00,22.90,22.91,22.81,22.87,18
2015.03.09,17:00,22.87,22.93,22.81,22.88,24
2015.03.09,18:00,22.88,22.91,22.82,22.83,14
2015.03.09,19:00,22.83,22.88,22.81,22.85,13
2015.03.10,11:00,22.80,22.85,22.70,22.80,31
2015.03.10,12:00,22.80,22.80,22.67,22.67,14
2015.03.10,13:00,22.67,22.68,22.55,22.60,20
2015.03.10,14:00,22.59,22.60,22.48,22.53,19
2015.03.10,15:00,22.53,22.56,22.48,22.51,15
2015.03.10,16:00,22.51,22.55,22.49,22.49,11
2015.03.10,17:00,22.50,22.57,22.44,22.51,26
2015.03.10,18:00,22.51,22.59,22.45,22.46,24
2015.03.10,19:00,22.45,22.50,22.42,22.43,15
2015.03.11,11:00,22.42,22.71,22.42,22.70,31
2015.03.11,12:00,22.71,22.79,22.69,22.77,15
2015.03.11,13:00,22.78,22.84,22.73,22.81,20
2015.03.11,14:00,22.81,22.83,22.70,22.71,17
2015.03.11,15:00,22.72,22.73,22.67,22.71,12
2015.03.11,16:00,22.72,22.74,22.66,22.71,16
2015.03.11,17:00,22.71,22.75,22.60,22.69,29
2015.03.11,18:00,22.69,22.93,22.69,22.93,25
2015.03.11,19:00,22.92,22.94,22.83,22.85,16
2015.03.12,11:00,22.84,23.07,22.81,23.06,31
2015.03.12,12:00,23.05,23.06,22.96,23.01,17
2015.03.12,13:00,23.01,23.02,22.98,22.99,7
2015.03.12,14:00,22.99,23.03,22.99,23.00,8
2015.03.12,15:00,23.00,23.06,22.99,23.01,14
2015.03.12,16:00,23.00,23.10,22.99,23.10,13
2015.03.12,17:00,23.09,23.12,23.07,23.10,10
2015.03.12,18:00,23.10,23.11,23.05,23.05,8
2015.03.12,19:00,23.05,23.10,23.05,23.10,6
2015.03.13,11:00,23.13,23.23,23.08,23.10,28
2015.03.13,12:00,23.09,23.19,23.09,23.18,12
2015.03.13,13:00,23.19,23.19,23.08,23.12,16
2015.03.13,14:00,23.12,23.13,23.06,23.06,9
2015.03.13,15:00,23.06,23.10,23.05,23.09,8
2015.03.13,16:00,23.08,23.22,23.05,23.21,22
2015.03.13,17:00,23.21,23.39,23.21,23.32,26
2015.03.13,18:00,23.32,23.42,23.32,23.37,16
2015.03.13,19:00,23.37,23.43,23.32,23.40,20
2015.03.16,11:00,23.44,23.70,23.44,23.69,28
2015.03.16,12:00,23.69,23.70,23.58,23.61,17
2015.03.16,13:00,23.61,23.68,23.60,23.62,16
2015.03.16,14:00,23.62,23.67,23.60,23.66,11
2015.03.16,15:00,23.66,23.69,23.61,23.64,15
2015.03.16,16:00,23.64,23.70,23.62,23.68,13
2015.03.16,17:00,23.69,23.74,23.66,23.74,12
2015.03.16,18:00,23.74,23.82,23.70,23.80,19
2015.03.16,19:00,23.80,23.85,23.77,23.78,15
2015.03.17,11:00,23.82,23.92,23.76,23.79,30
2015.03.17,12:00,23.77,23.85,23.77,23.79,15
2015.03.17,13:00,23.79,23.79,23.67,23.68,14
2015.03.17,14:00,23.68,23.68,23.48,23.50,23
2015.03.17,15:00,23.49,23.56,23.44,23.52,22
2015.03.17,16:00,23.53,23.55,23.43,23.47,19
2015.03.17,17:00,23.46,23.57,23.43,23.50,25
2015.03.17,18:00,23.50,23.51,23.44,23.47,12
2015.03.17,19:00,23.47,23.50,23.44,23.48,12
2015.03.18,11:00,23.47,23.60,23.45,23.51,27
2015.03.18,12:00,23.51,23.55,23.45,23.52,20
2015.03.18,13:00,23.53,23.54,23.44,23.47,15
2015.03.18,14:00,23.46,23.54,23.45,23.46,19
2015.03.18,15:00,23.47,23.58,23.44,23.54,22
2015.03.18,16:00,23.53,23.58,23.46,23.49,21
2015.03.18,17:00,23.49,23.52,23.40,23.51,23
2015.03.18,18:00,23.51,23.52,23.31,23.31,23
2015.03.18,19:00,23.31,23.39,23.29,23.30,20
2015.03.19,11:00,23.19,23.33,23.10,23.21,45
2015.03.19,12:00,23.20,23.30,23.18,23.27,18
2015.03.19,13:00,23.27,23.32,23.21,23.29,21
2015.03.19,14:00,23.29,23.31,23.22,23.26,16
2015.03.19,15:00,23.25,23.28,23.23,23.26,10
2015.03.19,16:00,23.26,23.28,23.21,23.26,15
2015.03.19,17:00,23.25,23.29,23.20,23.25,19
2015.03.19,18:00,23.25,23.32,23.22,23.32,14
2015.03.19,19:00,23.31,23.36,23.29,23.34,12
2015.03.20,11:00,23.37,23.47,23.30,23.35,33
2015.03.20,12:00,23.36,23.38,23.29,23.37,18
2015.03.20,13:00,23.37,23.51,23.33,23.47,27
2015.03.20,14:00,23.46,23.60,23.46,23.58,17
2015.03.20,15:00,23.58,23.72,23.57,23.70,19
2015.03.20,16:00,23.70,23.73,23.59,23.60,19
2015.03.20,17:00,23.61,23.76,23.53,23.75,33
2015.03.20,18:00,23.76,23.85,23.73,23.85,16
2015.03.20,19:00,23.84,23.89,23.83,23.84,13
2015.03.23,11:00,23.85,23.87,23.71,23.83,31
2015.03.23,12:00,23.83,23.83,23.60,23.64,28
2015.03.23,13:00,23.64,23.66,23.48,23.49,22
2015.03.23,14:00,23.49,23.50,23.42,23.45,13
2015.03.23,15:00,23.44,23.53,23.44,23.47,16
2015.03.23,16:00,23.47,23.53,23.43,23.44,18
2015.03.23,17:00,23.46,23.50,23.39,23.41,18
2015.03.23,18:00,23.42,23.48,23.35,23.38,23
2015.03.23,19:00,23.37,23.43,23.34,23.43,13
2015.03.24,11:00,23.35,23.46,23.32,23.36,28
2015.03.24,12:00,23.37,23.42,23.32,23.42,16
2015.03.24,13:00,23.43,23.53,23.43,23.44,20
2015.03.24,14:00,23.44,23.49,23.39,23.49,16
2015.03.24,15:00,23.48,23.50,23.42,23.47,16
2015.03.24,16:00,23.47,23.56,23.46,23.54,14
2015.03.24,17:00,23.54,23.71,23.52,23.70,23
2015.03.24,18:00,23.71,23.77,23.70,23.74,12
2015.03.24,19:00,23.73,23.75,23.65,23.65,13
2015.03.25,11:00,23.61,23.77,23.60,23.69,27
2015.03.25,12:00,23.69,23.71,23.58,23.62,20
2015.03.25,13:00,23.62,23.70,23.62,23.67,12
2015.03.25,14:00,23.67,23.67,23.47,23.52,26
2015.03.25,15:00,23.53,23.58,23.48,23.56,18
2015.03.25,16:00,23.56,23.64,23.54,23.62,15
2015.03.25,17:00,23.62,23.69,23.61,23.64,15
2015.03.25,18:00,23.65,23.66,23.48,23.53,25
2015.03.25,19:00,23.53,23.61,23.51,23.60,14
2015.03.26,11:00,23.26,23.30,22.96,22.97,40
2015.03.26,12:00,22.97,23.02,22.79,22.85,35
2015.03.26,13:00,22.86,23.01,22.86,22.98,19
2015.03.26,14:00,22.98,22.99,22.87,22.91,18
2015.03.26,15:00,22.92,23.03,22.91,23.01,16
2015.03.26,16:00,23.01,23.11,23.00,23.04,20
2015.03.26,17:00,23.04,23.13,22.98,23.09,26
2015.03.26,18:00,23.09,23.19,23.02,23.19,25
2015.03.26,19:00,23.17,23.26,23.15,23.24,16
2015.03.27,11:00,23.32,23.56,23.32,23.48,33
2015.03.27,12:00,23.47,23.52,23.33,23.38,30
2015.03.27,13:00,23.37,23.58,23.36,23.53,29
2015.03.27,14:00,23.53,23.59,23.52,23.54,14
2015.03.27,15:00,23.54,23.58,23.50,23.53,16
2015.03.27,16:00,23.52,23.55,23.47,23.51,16
2015.03.27,17:00,23.50,23.58,23.49,23.55,14
2015.03.27,18:00,23.54,23.57,23.47,23.52,19
2015.03.27,19:00,23.52,23.55,23.47,23.52,17
2015.03.30,10:00,23.64,23.70,23.54,23.66,31
2015.03.30,11:00,23.67,23.67,23.58,23.59,11
2015.03.30,12:00,23.61,23.66,23.58,23.63,15
2015.03.30,13:00,23.62,23.70,23.62,23.67,12
2015.03.30,14:00,23.66,23.66,23.62,23.64,7
2015.03.30,15:00,23.65,23.72,23.64,23.70,12
2015.03.30,16:00,23.71,23.76,23.70,23.73,11
2015.03.30,17:00,23.74,23.78,23.72,23.76,11
2015.03.30,18:00,23.74,23.79,23.74,23.76,9
2015.03.31,10:00,23.66,23.80,23.64,23.75,24
2015.03.31,11:00,23.76,23.81,23.74,23.79,12
2015.03.31,12:00,23.78,23.80,23.69,23.74,19
2015.03.31,13:00,23.73,23.76,23.63,23.63,17
2015.03.31,14:00,23.62,23.67,23.54,23.56,21
2015.03.31,15:00,23.56,23.56,23.45,23.55,22
2015.03.31,16:00,23.53,23.60,23.48,23.56,22
2015.03.31,17:00,23.56,23.69,23.52,23.52,31
2015.03.31,18:00,23.52,23.58,23.50,23.51,16
2015.04.01,10:00,23.41,23.81,23.35,23.80,54
2015.04.01,11:00,23.80,23.91,23.76,23.90,21
2015.04.01,12:00,23.90,24.08,23.90,24.05,22
2015.04.01,13:00,24.05,24.07,24.01,24.03,11
2015.04.01,14:00,24.03,24.03,23.94,24.00,16
2015.04.01,15:00,23.99,24.02,23.91,23.92,16
2015.04.01,16:00,23.91,23.96,23.74,23.79,33
2015.04.01,17:00,23.78,23.94,23.78,23.89,22
2015.04.01,18:00,23.88,23.90,23.78,23.78,15
2015.04.02,10:00,23.77,23.91,23.72,23.79,37
2015.04.02,11:00,23.80,23.83,23.75,23.75,12
2015.04.02,12:00,23.74,23.83,23.73,23.83,12
2015.04.02,13:00,23.83,23.85,23.79,23.83,13
2015.04.02,14:00,23.84,23.85,23.82,23.83,6
2015.04.02,15:00,23.83,23.85,23.82,23.83,7
2015.04.02,16:00,23.83,23.90,23.78,23.90,18
2015.04.02,17:00,23.90,23.94,23.86,23.94,13
2015.04.02,18:00,23.93,23.96,23.89,23.89,11
2015.04.07,10:00,23.98,24.19,23.94,24.18,31
2015.04.07,11:00,24.17,24.23,24.17,24.20,10
2015.04.07,12:00,24.20,24.29,24.20,24.27,12
2015.04.07,13:00,24.26,24.33,24.25,24.33,10
2015.04.07,14:00,24.32,24.41,24.32,24.34,17
2015.04.07,15:00,24.34,24.44,24.33,24.34,23
2015.04.07,16:00,24.34,24.34,24.25,24.26,11
2015.04.07,17:00,24.27,24.30,24.23,24.27,15
2015.04.07,18:00,24.27,24.27,24.14,24.15,15
2015.04.08,10:00,24.19,24.30,24.10,24.27,33
2015.04.08,11:00,24.27,24.33,24.27,24.32,8
2015.04.08,12:00,24.32,24.33,24.24,24.24,11
2015.04.08,13:00,24.23,24.23,24.10,24.18,22
2015.04.08,14:00,24.18,24.26,24.17,24.24,13
2015.04.08,15:00,24.23,24.26,24.22,24.26,6
2015.04.08,16:00,24.26,24.32,24.24,24.27,16
2015.04.08,17:00,24.28,24.28,24.14,24.16,17
2015.04.08,18:00,24.16,24.16,24.09,24.10,9
2015.04.09,10:00,24.22,24.31,24.22,24.29,12
2015.04.09,11:00,24.28,24.31,24.24,24.24,11
2015.04.09,12:00,24.24,24.31,24.24,24.30,9
2015.04.09,13:00,24.30,24.32,24.28,24.29,8
2015.04.09,14:00,24.30,24.36,24.30,24.33,10
2015.04.09,15:00,24.34,24.34,24.29,24.32,9
2015.04.09,16:00,24.32,24.37,24.30,24.36,11
2015.04.09,17:00,24.37,24.39,24.31,24.33,13
2015.04.09,18:00,24.32,24.34,24.30,24.33,8
2015.04.10,10:00,24.37,24.42,24.35,24.38,14
2015.04.10,11:00,24.39,24.44,24.38,24.43,9
2015.04.10,12:00,24.44,24.48,24.43,24.48,7
2015.04.10,13:00,24.47,24.52,24.47,24.51,7
2015.04.10,14:00,24.50,24.57,24.49,24.49,16
2015.04.10,15:00,24.50,24.52,24.47,24.50,11
2015.04.10,16:00,24.51,24.52,24.36,24.40,22
2015.04.10,17:00,24.41,24.45,24.37,24.37,13
2015.04.10,18:00,24.37,24.46,24.36,24.45,13
2015.04.13,10:00,24.44,24.47,24.33,24.45,28
2015.04.13,11:00,24.46,24.51,24.38,24.51,22
2015.04.13,12:00,24.51,24.64,24.51,24.60,18
2015.04.13,13:00,24.59,24.61,24.54,24.54,10
2015.04.13,14:00,24.54,24.55,24.48,24.49,10
2015.04.13,15:00,24.48,24.51,24.43,24.45,14
2015.04.13,16:00,24.46,24.48,24.41,24.45,59
2015.04.14,08:00,24.38,24.43,24.34,24.39,133
2015.04.14,09:00,24.40,24.42,24.22,24.26,152
2015.04.14,10:00,24.26,24.29,24.11,24.11,183
2015.04.14,11:00,24.11,24.17,24.01,24.01,127
2015.04.14,12:00,24.01,24.15,24.01,24.10,111
2015.04.14,13:00,24.10,24.11,24.05,24.08,106
2015.04.14,14:00,24.08,24.11,23.99,24.05,179
2015.04.14,15:00,24.06,24.09,24.01,24.01,148
2015.04.14,16:00,24.01,24.15,23.99,24.15,19
2015.04.20,16:30,23.54,23.67,23.53,23.67,206
2015.04.20,17:30,23.68,23.73,23.66,23.70,169
2015.04.20,18:30,23.76,23.76,23.76,23.76,1
2015.04.21,16:30,23.75,23.79,23.57,23.61,201
2015.04.21,17:30,23.60,23.61,23.48,23.48,195
2015.04.21,18:30,23.47,23.47,23.46,23.46,2
2015.04.22,16:30,23.50,23.51,23.26,23.33,400
2015.04.22,17:30,23.34,23.56,23.32,23.46,225
2015.04.23,16:30,23.09,23.14,23.03,23.03,325
2015.04.23,17:30,23.02,23.11,22.96,23.07,218
2015.04.23,18:30,23.05,23.05,23.05,23.05,1
2015.04.24,16:30,22.87,22.87,22.71,22.78,440
2015.04.24,17:30,22.79,22.83,22.75,22.80,252
2015.04.27,16:30,23.34,23.43,23.32,23.38,305
2015.04.27,17:30,23.37,23.38,23.21,23.29,287
2015.04.27,18:30,23.30,23.30,23.30,23.30,1
2015.04.28,16:30,22.59,22.61,22.50,22.52,162
2015.04.28,17:00,22.51,22.52,22.35,22.48,474
2015.04.28,18:00,22.49,22.57,22.41,22.42,112
2015.04.29,10:00,22.52,22.67,22.47,22.63,456
2015.04.29,11:00,22.62,22.72,22.59,22.65,288
2015.04.29,12:00,22.64,22.66,22.51,22.60,277
2015.04.29,13:00,22.59,22.61,22.55,22.57,119
2015.04.29,14:00,22.56,22.56,22.39,22.48,247
2015.04.29,15:00,22.49,22.49,22.21,22.29,566
2015.04.29,16:00,22.28,22.43,22.26,22.35,324
2015.04.29,17:00,22.34,22.35,22.06,22.23,744
2015.04.29,18:00,22.22,22.35,22.20,22.20,164
2015.04.30,10:00,22.24,22.31,22.06,22.25,557
2015.04.30,11:00,22.24,22.66,22.17,22.66,692
2015.04.30,12:00,22.65,22.66,22.50,22.59,383
2015.04.30,13:00,22.60,22.65,22.54,22.57,290
2015.04.30,14:00,22.56,22.58,22.52,22.54,117
2015.04.30,15:00,22.53,22.70,22.53,22.62,240
2015.04.30,16:00,22.61,22.69,22.47,22.57,415
2015.04.30,17:00,22.56,22.59,22.45,22.58,489
2015.04.30,18:00,22.57,22.69,22.55,22.65,209
2015.05.04,10:00,22.68,22.70,22.43,22.52,446
2015.05.04,11:00,22.53,22.74,22.52,22.69,345
2015.05.04,12:00,22.68,22.83,22.66,22.79,256
2015.05.04,13:00,22.78,22.86,22.74,22.83,180
2015.05.04,14:00,22.84,22.87,22.79,22.85,152
2015.05.04,15:00,22.86,22.90,22.82,22.84,169
2015.05.04,16:00,22.85,22.95,22.80,22.85,323
2015.05.04,17:00,22.84,22.90,22.77,22.79,282
2015.05.04,18:00,22.80,22.80,22.74,22.76,73
2015.05.05,10:00,22.91,22.91,22.55,22.86,516
2015.05.05,11:00,22.85,23.10,22.77,22.99,440
2015.05.05,12:00,23.00,23.02,22.85,22.88,227
2015.05.05,13:00,22.87,22.89,22.64,22.67,215
2015.05.05,14:00,22.66,22.79,22.64,22.75,166
2015.05.05,15:00,22.76,22.77,22.38,22.43,416
2015.05.05,16:00,22.42,22.59,22.38,22.38,483
2015.05.05,17:00,22.37,22.41,22.16,22.24,622
2015.05.05,18:00,22.23,22.27,22.16,22.23,333
2015.05.06,10:00,22.11,22.50,22.11,22.42,1092
2015.05.06,11:00,22.43,22.68,22.39,22.64,1700
2015.05.06,12:00,22.63,22.70,22.57,22.62,722
2015.05.06,13:00,22.62,22.74,22.58,22.71,510
2015.05.06,14:00,22.70,22.80,22.70,22.80,413
2015.05.06,15:00,22.79,22.80,22.67,22.70,740
2015.05.06,16:00,22.69,22.75,22.55,22.66,1014
2015.05.06,17:00,22.66,22.72,22.57,22.68,1355
2015.05.06,18:00,22.69,22.70,22.53,22.54,487
2015.05.07,10:00,22.60,23.03,22.42,22.95,1707
2015.05.07,11:00,22.95,23.07,22.82,22.94,1080
2015.05.07,12:00,22.94,22.99,22.70,22.93,1093
2015.05.07,13:00,22.93,23.21,22.93,22.97,918
2015.05.07,14:00,22.98,23.32,22.96,23.26,800
2015.05.07,15:00,23.26,23.46,23.10,23.13,848
2015.05.07,16:00,23.13,23.29,23.11,23.24,848
2015.05.07,17:00,23.15,23.29,23.09,23.15,959
2015.05.07,18:00,23.16,23.36,23.13,23.25,463
2015.05.08,10:00,23.30,23.46,23.19,23.21,1076
2015.05.08,11:00,23.21,23.29,23.08,23.25,804
2015.05.08,12:00,23.26,23.26,23.08,23.10,406
2015.05.08,13:00,23.09,23.18,23.00,23.15,383
2015.05.08,14:00,23.15,23.24,23.12,23.16,479
2015.05.08,15:00,23.17,23.38,23.03,23.22,1023
2015.05.08,16:00,23.22,23.38,23.15,23.37,901
2015.05.08,17:00,23.36,23.46,23.33,23.39,714
2015.05.08,18:00,23.39,23.46,23.38,23.41,300
2015.05.11,10:00,22.50,22.53,22.31,22.40,967
2015.05.11,11:00,22.40,22.44,22.32,22.38,689
2015.05.11,12:00,22.38,22.42,22.34,22.35,396
2015.05.11,13:00,22.34,22.40,22.28,22.38,272
2015.05.11,14:00,22.37,22.43,22.34,22.43,327
2015.05.11,15:00,22.43,22.44,22.37,22.42,356
2015.05.11,16:00,22.43,22.43,22.29,22.33,372
2015.05.11,17:00,22.33,22.37,22.29,22.35,615
2015.05.11,18:00,22.35,22.36,22.27,22.30,202
2015.05.12,10:00,22.05,22.22,22.03,22.13,1027
2015.05.12,11:00,22.13,22.13,21.91,21.98,737
2015.05.12,12:00,21.97,22.13,21.93,22.08,794
2015.05.12,13:00,22.09,22.13,22.00,22.06,561
2015.05.12,14:00,22.06,22.26,22.06,22.13,561
2015.05.12,15:00,22.14,22.20,22.07,22.17,461
2015.05.12,16:00,22.17,22.24,22.11,22.19,602
2015.05.12,17:00,22.17,22.26,22.02,22.15,953
2015.05.12,18:00,22.14,22.23,22.11,22.12,321
2015.05.13,10:00,22.37,22.52,22.29,22.52,835
2015.05.13,11:00,22.52,22.59,22.49,22.54,773
2015.05.13,12:00,22.57,22.64,22.54,22.61,413
2015.05.13,13:00,22.60,22.67,22.59,22.60,419
2015.05.13,14:00,22.59,22.67,22.52,22.66,378
2015.05.13,15:00,22.66,22.74,22.49,22.58,691
2015.05.13,16:00,22.58,22.75,22.47,22.67,727
2015.05.13,17:00,22.68,22.72,22.42,22.43,1024
2015.05.13,18:00,22.42,22.48,22.37,22.43,478
2015.05.14,10:00,22.50,22.55,22.16,22.50,878
2015.05.14,11:00,22.49,22.56,22.33,22.51,869
2015.05.14,12:00,22.52,22.55,22.37,22.38,501
2015.05.14,13:00,22.38,22.43,22.33,22.37,277
2015.05.14,14:00,22.37,22.57,22.36,22.56,445
2015.05.14,15:00,22.56,22.58,22.50,22.54,301
2015.05.14,16:00,22.55,22.63,22.54,22.60,350
2015.05.14,17:00,22.60,22.78,22.56,22.77,496
2015.05.14,18:00,22.84,22.84,22.75,22.81,255
2015.05.15,10:00,22.81,23.13,21.50,23.00,746
2015.05.15,11:00,23.00,23.10,22.96,23.07,600
2015.05.15,12:00,23.07,23.13,23.00,23.05,505
2015.05.15,13:00,23.06,23.12,23.04,23.04,298
2015.05.15,14:00,23.05,23.06,22.91,22.97,448
2015.05.15,15:00,22.98,23.00,22.94,22.99,353
2015.05.15,16:00,22.98,23.00,22.82,22.87,592
2015.05.15,17:00,22.87,22.87,22.60,22.70,1087
2015.05.15,18:00,22.69,22.83,22.66,22.79,319
2015.05.18,10:00,22.83,23.02,21.20,22.85,850
2015.05.18,11:00,22.86,22.98,22.79,22.88,681
2015.05.18,12:00,22.87,22.87,22.66,22.67,488
2015.05.18,13:00,22.67,22.67,22.50,22.54,574
2015.05.18,14:00,22.54,22.55,22.36,22.46,652
2015.05.18,15:00,22.45,22.58,22.44,22.58,445
2015.05.18,16:00,22.58,22.73,22.55,22.70,747
2015.05.18,17:00,22.70,22.82,22.65,22.74,848
2015.05.18,18:00,22.74,22.82,22.69,22.82,214
2015.05.19,10:00,22.89,23.44,22.89,23.41,1378
2015.05.19,11:00,23.41,23.46,23.36,23.44,577
2015.05.19,12:00,23.43,23.52,23.35,23.48,483
2015.05.19,13:00,23.48,23.57,23.46,23.56,477
2015.05.19,14:00,23.56,23.61,23.52,23.57,349
2015.05.19,15:00,23.57,23.67,23.55,23.67,448
2015.05.19,16:00,23.66,23.68,23.49,23.68,831
2015.05.19,17:00,23.67,23.73,23.57,23.66,575
2015.05.19,18:00,23.66,23.69,23.61,23.68,284
2015.05.20,10:00,23.65,23.83,23.59,23.69,1102
2015.05.20,11:00,23.68,23.71,23.58,23.61,688
2015.05.20,12:00,23.60,23.79,23.58,23.73,443
2015.05.20,13:00,23.73,23.84,23.72,23.82,337
2015.05.20,14:00,23.81,23.86,23.74,23.75,261
2015.05.20,15:00,23.76,23.79,23.64,23.68,323
2015.05.20,16:00,23.68,23.83,23.64,23.83,438
2015.05.20,17:00,23.82,23.89,23.78,23.88,411
2015.05.20,18:00,23.87,23.93,23.86,23.88,185
2015.05.21,10:00,23.77,23.87,23.73,23.84,648
2015.05.21,11:00,23.84,23.88,23.73,23.75,423
2015.05.21,12:00,23.75,23.79,23.70,23.78,302
2015.05.21,13:00,23.78,23.79,23.69,23.79,371
2015.05.21,14:00,23.78,23.83,23.74,23.78,248
2015.05.21,15:00,23.77,23.78,23.72,23.75,246
2015.05.21,16:00,23.75,23.84,23.74,23.80,425
2015.05.21,17:00,23.80,23.86,23.77,23.81,524
2015.05.21,18:00,23.80,23.91,23.79,23.89,189
2015.05.22,10:00,23.89,23.94,23.83,23.93,529
2015.05.22,11:00,23.92,23.92,23.79,23.81,335
2015.05.22,12:00,23.81,23.85,23.71,23.79,424
2015.05.22,13:00,23.79,23.95,23.76,23.95,214
2015.05.22,14:00,23.96,23.97,23.87,23.95,261
2015.05.22,15:00,23.95,23.95,23.89,23.91,304
2015.05.22,16:00,23.91,23.99,23.91,23.98,316
2015.05.22,17:00,23.98,23.99,23.94,23.98,223
2015.05.22,18:00,23.98,23.98,23.91,23.95,132
2015.05.25,10:00,23.93,23.93,23.70,23.70,168
2015.05.25,11:00,23.70,23.79,23.68,23.75,104
2015.05.25,12:00,23.74,23.78,23.65,23.65,111
2015.05.25,13:00,23.65,23.70,23.64,23.68,84
2015.05.25,14:00,23.68,23.72,23.67,23.71,62
2015.05.25,15:00,23.70,23.73,23.68,23.73,93
2015.05.25,16:00,23.73,23.74,23.67,23.73,78
2015.05.25,17:00,23.73,23.78,23.72,23.75,49
2015.05.25,18:00,23.75,23.80,23.74,23.77,80
2015.05.26,10:00,23.79,23.97,23.58,23.71,1040
2015.05.26,11:00,23.71,23.84,23.67,23.84,697
2015.05.26,12:00,23.84,23.90,23.83,23.86,296
2015.05.26,13:00,23.85,24.01,23.84,23.99,307
2015.05.26,14:00,24.00,24.02,23.96,24.01,164
2015.05.26,15:00,24.01,24.05,23.89,23.93,530
2015.05.26,16:00,23.94,24.01,23.79,23.81,631
2015.05.26,17:00,23.82,23.85,23.72,23.74,861
2015.05.26,18:00,23.75,23.77,23.66,23.77,453
2015.05.27,10:00,23.87,24.03,23.65,23.67,748
2015.05.27,11:00,23.68,23.79,23.65,23.77,470
2015.05.27,12:00,23.78,23.81,23.69,23.71,691
2015.05.27,13:00,23.71,23.74,23.65,23.72,557
2015.05.27,14:00,23.72,23.77,23.70,23.74,329
2015.05.27,15:00,23.75,23.84,23.71,23.80,276
2015.05.27,16:00,23.79,24.06,23.73,23.97,523
2015.05.27,17:00,23.98,24.25,23.97,24.22,758
2015.05.27,18:00,24.23,24.24,24.17,24.20,218
2015.05.28,10:00,24.10,24.12,23.71,23.77,381
2015.05.28,11:00,23.78,23.79,23.74,23.74,253
2015.05.28,12:00,23.75,23.78,23.70,23.78,176
2015.05.28,13:00,23.77,23.80,23.71,23.73,173
2015.05.28,14:00,23.74,23.76,23.70,23.71,118
2015.05.28,15:00,23.72,23.74,23.66,23.69,167
2015.05.28,16:00,23.70,23.75,23.60,23.61,208
2015.05.28,17:00,23.60,23.63,23.49,23.57,354
2015.05.28,18:00,23.56,23.72,23.55,23.71,196
2015.05.29,14:00,23.29,23.34,23.29,23.33,166
2015.05.29,15:00,23.34,23.35,23.18,23.20,619
2015.05.29,16:00,23.20,23.23,23.15,23.19,780
2015.05.29,17:00,23.20,23.21,22.95,23.05,1402
2015.05.29,18:00,23.06,23.12,22.82,22.82,726
2015.06.01,10:00,22.83,23.03,22.74,22.89,488
2015.06.01,11:00,22.88,22.91,22.67,22.81,482
2015.06.01,12:00,22.82,22.85,22.58,22.63,387
2015.06.01,13:00,22.62,22.83,22.58,22.73,288
2015.06.01,14:00,22.72,22.92,22.70,22.81,327
2015.06.01,15:00,22.82,22.84,22.78,22.81,241
2015.06.01,16:00,22.82,22.90,22.74,22.81,300
2015.06.01,17:00,22.82,22.97,22.78,22.95,507
2015.06.01,18:00,22.96,22.99,22.88,22.90,194
2015.06.02,10:00,22.93,22.96,22.79,22.84,507
2015.06.02,11:00,22.83,22.93,22.61,22.65,648
2015.06.02,12:00,22.65,22.87,22.62,22.81,527
2015.06.02,13:00,22.82,23.02,22.81,22.94,502
2015.06.02,14:00,22.93,23.04,22.92,23.01,362
2015.06.02,15:00,23.00,23.00,22.82,22.92,439
2015.06.02,16:00,22.91,22.94,22.76,22.87,436
2015.06.02,17:00,22.89,22.98,22.81,22.94,472
2015.06.02,18:00,22.93,22.98,22.90,22.91,154
2015.06.03,10:00,23.00,23.04,22.81,22.95,831
2015.06.03,11:00,22.96,22.98,22.76,22.79,370
2015.06.03,12:00,22.80,22.90,22.74,22.87,322
2015.06.03,13:00,22.88,22.95,22.87,22.92,237
2015.06.03,14:00,22.93,23.13,22.93,23.08,601
2015.06.03,15:00,23.09,23.19,23.04,23.04,445
2015.06.03,16:00,23.05,23.07,22.83,22.97,713
2015.06.03,17:00,22.96,23.09,22.89,23.06,457
2015.06.03,18:00,23.05,23.10,22.92,22.94,266
2015.06.04,10:00,22.84,22.85,22.41,22.41,721
2015.06.04,11:00,22.41,22.52,22.31,22.51,867
2015.06.04,12:00,22.52,22.60,22.47,22.59,437
2015.06.04,13:00,22.58,22.60,22.41,22.46,320
2015.06.04,14:00,22.45,22.65,22.40,22.64,402
2015.06.04,15:00,22.65,22.74,22.56,22.67,359
2015.06.04,16:00,22.66,22.90,22.62,22.89,564
2015.06.04,17:00,22.88,23.00,22.81,22.81,540
2015.06.04,18:00,22.82,22.83,22.73,22.73,253
2015.06.05,10:00,22.50,22.64,22.45,22.45,674
2015.06.05,11:00,22.44,22.53,22.35,22.43,530
2015.06.05,12:00,22.42,22.47,22.32,22.34,277
2015.06.05,13:00,22.35,22.35,22.21,22.33,417
2015.06.05,14:00,22.34,22.39,22.29,22.31,222
2015.06.05,15:00,22.30,22.46,22.27,22.43,537
2015.06.05,16:00,22.42,22.44,22.24,22.34,567
2015.06.05,17:00,22.33,22.52,22.32,22.39,470
2015.06.05,18:00,22.40,22.44,22.35,22.42,172
2015.06.08,10:00,22.27,22.46,22.24,22.30,868
2015.06.08,11:00,22.30,22.45,22.20,22.45,461
2015.06.08,12:00,22.44,22.44,22.29,22.38,303
2015.06.08,13:00,22.37,22.37,22.26,22.32,201
2015.06.08,14:00,22.33,22.34,22.24,22.25,215
2015.06.08,15:00,22.26,22.39,22.23,22.30,250
2015.06.08,16:00,22.31,22.31,22.17,22.24,470
2015.06.08,17:00,22.23,22.30,22.20,22.23,408
2015.06.08,18:00,22.22,22.25,22.12,22.13,248
2015.06.09,10:00,22.07,22.20,22.01,22.05,542
2015.06.09,11:00,22.04,22.11,21.95,21.99,598
2015.06.09,12:00,21.98,22.00,21.74,21.79,805
2015.06.09,13:00,21.78,22.05,21.76,22.00,578
2015.06.09,14:00,22.01,22.13,21.94,22.11,330
2015.06.09,15:00,22.10,22.15,22.04,22.04,411
2015.06.09,16:00,22.03,22.10,21.91,21.91,677
2015.06.09,17:00,21.92,22.11,21.86,22.10,807
2015.06.09,18:00,22.11,22.19,22.08,22.14,335
2015.06.10,10:00,21.89,22.06,21.81,21.93,690
2015.06.10,11:00,21.94,22.05,21.91,21.99,646
2015.06.10,12:00,22.00,22.15,21.91,22.11,476
2015.06.10,13:00,22.12,22.21,22.08,22.20,406
2015.06.10,14:00,22.21,22.31,22.18,22.30,396
2015.06.10,15:00,22.31,22.35,22.22,22.25,299
2015.06.10,16:00,22.24,22.32,22.10,22.28,419
2015.06.10,17:00,22.29,22.39,22.21,22.38,478
2015.06.10,18:00,22.39,22.67,22.34,22.53,841
2015.06.11,14:00,22.76,22.78,22.71,22.71,98
2015.06.12,10:00,22.67,22.75,22.57,22.68,583
2015.06.12,11:00,22.69,22.72,22.55,22.70,539
2015.06.12,12:00,22.69,22.76,22.54,22.69,667
2015.06.12,13:00,22.70,22.74,22.52,22.56,465
2015.06.12,14:00,22.57,22.59,22.27,22.44,614
2015.06.12,15:00,22.43,22.49,22.37,22.38,409
2015.06.12,16:00,22.39,22.41,22.18,22.26,559
2015.06.12,17:00,22.26,22.39,22.16,22.27,947
2015.06.12,18:00,22.26,22.56,22.23,22.47,780
2015.06.15,10:00,22.23,22.35,22.12,22.25,954
2015.06.15,11:00,22.24,22.33,22.19,22.30,539
2015.06.15,12:00,22.29,22.35,22.15,22.17,455
2015.06.15,13:00,22.16,22.21,22.05,22.20,531
2015.06.15,14:00,22.19,22.20,21.94,22.02,418
2015.06.15,15:00,22.01,22.08,21.91,22.03,487
2015.06.15,16:00,22.04,22.15,21.99,22.11,662
2015.06.15,17:00,22.10,22.14,22.00,22.05,726
2015.06.15,18:00,22.06,22.25,22.06,22.10,397
2015.06.16,10:00,21.91,21.99,21.80,21.89,743
2015.06.16,11:00,21.90,22.15,21.89,22.11,786
2015.06.16,12:00,22.10,22.12,22.01,22.07,490
2015.06.16,13:00,22.06,22.15,22.02,22.12,407
2015.06.16,14:00,22.11,22.36,22.09,22.24,780
2015.06.16,15:00,22.25,22.38,22.20,22.36,565
2015.06.16,16:00,22.37,22.56,22.34,22.50,494
2015.06.16,17:00,22.49,22.51,22.40,22.45,542
2015.06.16,18:00,22.46,22.62,22.43,22.50,269
2015.06.17,10:00,22.50,22.67,22.36,22.44,564
2015.06.17,11:00,22.45,22.60,22.42,22.55,713
2015.06.17,12:00,22.54,22.54,22.35,22.38,382
2015.06.17,13:00,22.37,22.41,22.27,22.32,334
2015.06.17,14:00,22.31,22.35,22.13,22.16,569
2015.06.17,15:00,22.17,22.40,22.16,22.37,357
2015.06.17,16:00,22.36,22.47,22.35,22.37,369
2015.06.17,17:00,22.38,22.54,22.37,22.52,535
2015.06.17,18:00,22.53,22.53,22.35,22.37,264
2015.06.18,10:00,22.33,22.41,22.23,22.35,669
2015.06.18,11:00,22.35,22.37,22.16,22.26,810
2015.06.18,12:00,22.25,22.25,22.05,22.20,700
2015.06.18,13:00,22.21,22.35,22.20,22.30,843
2015.06.18,14:00,22.31,22.33,22.15,22.29,462
2015.06.18,15:00,22.28,22.42,22.26,22.33,442
2015.06.18,16:00,22.34,22.48,22.24,22.46,569
2015.06.18,17:00,22.45,22.59,22.44,22.54,773
2015.06.18,18:00,22.55,22.61,22.43,22.54,352
2015.06.19,10:00,22.43,22.74,22.41,22.65,460
2015.06.19,11:00,22.64,22.73,22.61,22.66,480
2015.06.19,12:00,22.67,22.85,22.62,22.67,626
2015.06.19,13:00,22.66,22.76,22.64,22.71,519
2015.06.19,14:00,22.72,22.72,22.45,22.62,772
2015.06.19,15:00,22.61,22.68,22.54,22.59,520
2015.06.19,16:00,22.58,22.61,22.38,22.40,805
2015.06.19,17:00,22.39,22.50,22.38,22.49,719
2015.06.19,18:00,22.48,22.54,22.38,22.42,306
2015.06.22,10:00,22.84,23.16,22.80,23.13,946
2015.06.22,11:00,23.14,23.25,23.04,23.05,668
2015.06.22,12:00,23.06,23.11,22.98,23.08,533
2015.06.22,13:00,23.07,23.18,22.90,22.99,572
2015.06.22,14:00,22.98,23.10,22.97,23.06,535
2015.06.22,15:00,23.05,23.06,22.88,22.93,498
2015.06.22,16:00,22.92,23.20,22.87,23.16,1006
2015.06.22,17:00,23.17,23.32,23.14,23.32,818
2015.06.22,18:00,23.33,23.38,23.26,23.37,368
2015.06.23,10:00,23.55,23.62,23.41,23.49,584
2015.06.23,11:00,23.50,23.53,23.44,23.49,450
2015.06.23,12:00,23.48,23.54,23.41,23.51,336
2015.06.23,13:00,23.50,23.55,23.45,23.46,297
2015.06.23,14:00,23.47,23.49,23.45,23.47,252
2015.06.23,15:00,23.48,23.50,23.32,23.36,253
2015.06.23,16:00,23.37,23.51,23.36,23.51,313
2015.06.23,17:00,23.50,23.51,23.33,23.40,365
2015.06.23,18:00,23.39,23.45,23.34,23.36,328
2015.06.24,10:00,23.38,23.48,23.34,23.43,384
2015.06.24,11:00,23.44,23.54,23.38,23.46,537
2015.06.24,12:00,23.45,23.48,23.12,23.14,1102
2015.06.24,13:00,23.15,23.40,23.14,23.35,823
2015.06.24,14:00,23.36,23.45,23.31,23.34,385
2015.06.24,15:00,23.33,23.34,23.25,23.32,378
2015.06.24,16:00,23.33,23.50,23.31,23.44,460
2015.06.24,17:00,23.43,23.53,23.42,23.52,449
2015.06.24,18:00,23.53,23.53,23.44,23.46,232
2015.06.25,10:00,23.26,23.44,23.26,23.40,530
2015.06.25,11:00,23.41,23.54,23.37,23.43,659
2015.06.25,12:00,23.42,23.46,23.28,23.45,827
2015.06.25,13:00,23.46,23.63,23.41,23.44,1103
2015.06.25,14:00,23.45,23.55,23.43,23.51,413
2015.06.25,15:00,23.50,23.55,23.40,23.44,274
2015.06.25,16:00,23.43,23.45,23.20,23.37,926
2015.06.25,17:00,23.35,23.54,23.34,23.51,607
2015.06.25,18:00,23.52,23.55,23.48,23.52,187
2015.06.26,10:00,23.31,23.51,23.23,23.41,531
2015.06.26,11:00,23.42,23.57,23.40,23.45,431
2015.06.26,12:00,23.44,23.59,23.44,23.49,392
2015.06.26,13:00,23.50,23.67,23.49,23.67,329
2015.06.26,14:00,23.68,23.74,23.64,23.69,472
2015.06.26,15:00,23.70,23.86,23.60,23.84,320
2015.06.26,16:00,23.83,23.92,23.75,23.88,620
2015.06.26,17:00,23.89,23.92,23.76,23.86,725
2015.06.26,18:00,23.87,23.97,23.85,23.94,212
2015.06.29,10:00,22.46,22.96,22.44,22.81,1514
2015.06.29,11:00,22.80,23.12,22.77,23.08,841
2015.06.29,12:00,23.07,23.09,22.82,22.93,599
2015.06.29,13:00,22.92,22.93,22.76,22.77,516
2015.06.29,14:00,22.76,22.85,22.70,22.80,287
2015.06.29,15:00,22.79,22.91,22.75,22.90,383
2015.06.29,16:00,22.91,23.06,22.88,22.96,607
2015.06.29,17:00,22.96,23.04,22.75,22.78,707
2015.06.29,18:00,22.77,22.78,22.56,22.61,384
2015.06.30,10:00,22.48,22.56,22.28,22.52,785
2015.06.30,11:00,22.51,22.54,22.25,22.39,732
2015.06.30,12:00,22.40,22.75,22.38,22.69,1122
2015.06.30,13:00,22.70,22.93,22.64,22.77,1008
2015.06.30,14:00,22.78,22.90,22.70,22.88,548
2015.06.30,15:00,22.89,22.99,22.84,22.97,458
2015.06.30,16:00,22.98,23.01,22.74,22.77,995
2015.06.30,17:00,22.78,22.85,22.68,22.80,953
2015.06.30,18:00,22.79,22.91,22.75,22.76,507
2015.07.01,10:00,22.87,22.87,22.71,22.80,606
2015.07.01,11:00,22.79,23.01,22.66,22.99,687
2015.07.01,12:00,22.98,23.39,22.93,23.15,2011
2015.07.01,13:00,23.14,23.30,23.05,23.27,672
2015.07.01,14:00,23.26,23.32,23.17,23.30,355
2015.07.01,15:00,23.31,23.34,23.17,23.19,267
2015.07.01,16:00,23.18,23.22,23.10,23.22,264
2015.07.01,17:00,23.23,23.28,22.90,22.97,689
2015.07.01,18:00,22.98,23.09,22.95,22.99,226
2015.07.02,10:00,22.98,23.00,22.80,22.91,439
2015.07.02,11:00,22.90,22.97,22.84,22.89,288
2015.07.02,12:00,22.90,22.93,22.82,22.86,203
2015.07.02,13:00,22.87,22.94,22.87,22.90,150
2015.07.02,14:00,22.91,22.93,22.85,22.87,141
2015.07.02,15:00,22.86,22.90,22.79,22.80,284
2015.07.02,16:00,22.80,22.83,22.64,22.72,382
2015.07.02,17:00,22.71,22.74,22.60,22.69,338
2015.07.02,18:00,22.68,22.68,22.57,22.57,170
2015.07.03,10:00,22.60,22.71,22.52,22.63,617
2015.07.03,11:00,22.62,22.63,22.41,22.46,331
2015.07.03,12:00,22.45,22.65,22.41,22.58,298
2015.07.03,13:00,22.57,22.61,22.53,22.56,216
2015.07.03,14:00,22.57,22.58,22.47,22.53,183
2015.07.03,15:00,22.54,22.59,22.45,22.54,248
2015.07.03,16:00,22.53,22.59,22.42,22.55,260
2015.07.03,17:00,22.54,22.57,22.47,22.57,240
2015.07.03,18:00,22.58,22.62,22.49,22.49,177
2015.07.06,10:00,21.98,22.14,21.87,21.95,1339
2015.07.06,11:00,21.94,21.99,21.85,21.94,456
2015.07.06,12:00,21.93,22.14,21.92,22.07,496
2015.07.06,13:00,22.08,22.12,21.88,21.93,411
2015.07.06,14:00,21.94,21.96,21.80,21.83,272
2015.07.06,15:00,21.84,21.98,21.83,21.86,305
2015.07.06,16:00,21.87,21.88,21.72,21.83,364
2015.07.06,17:00,21.84,22.00,21.82,21.87,383
2015.07.06,18:00,21.88,21.91,21.67,21.75,454
2015.07.07,10:00,21.76,21.92,21.70,21.87,543
2015.07.07,11:00,21.86,21.89,21.70,21.75,369
2015.07.07,12:00,21.74,21.80,21.65,21.67,292
2015.07.07,13:00,21.68,21.69,21.51,21.51,292
2015.07.07,14:00,21.52,21.52,21.40,21.44,328
2015.07.07,15:00,21.43,21.52,21.43,21.46,280
2015.07.07,16:00,21.45,21.50,21.36,21.42,434
2015.07.07,17:00,21.41,21.46,21.19,21.31,706
2015.07.07,18:00,21.30,21.30,21.10,21.11,396
2015.07.08,10:00,21.09,21.37,21.05,21.36,919
2015.07.08,11:00,21.37,21.50,21.29,21.40,922
2015.07.08,12:00,21.41,21.45,21.28,21.34,508
2015.07.08,13:00,21.35,21.39,21.27,21.36,315
2015.07.08,14:00,21.37,21.50,21.35,21.45,390
2015.07.08,15:00,21.46,21.53,21.42,21.51,317
2015.07.08,16:00,21.50,21.50,21.36,21.36,370
2015.07.08,17:00,21.35,21.55,21.32,21.51,566
2015.07.08,18:00,21.52,21.55,21.45,21.46,214
2015.07.09,10:00,21.53,21.76,21.50,21.70,564
2015.07.09,11:00,21.71,21.89,21.69,21.88,358
2015.07.09,12:00,21.89,22.04,21.83,22.00,393
2015.07.09,13:00,22.01,22.01,21.92,21.98,249
2015.07.09,14:00,21.97,22.15,21.96,22.08,271
2015.07.09,15:00,22.07,22.15,22.04,22.15,208
2015.07.09,16:00,22.16,22.16,22.05,22.16,338
2015.07.09,17:00,22.15,22.18,21.95,22.12,430
2015.07.09,18:00,22.11,22.19,22.04,22.10,296
2015.07.10,10:00,22.98,23.23,22.90,23.09,974
2015.07.10,11:00,23.09,23.10,22.85,22.96,494
2015.07.10,12:00,22.95,23.13,22.92,23.05,488
2015.07.10,13:00,23.05,23.11,23.00,23.06,248
2015.07.10,14:00,23.07,23.18,23.04,23.17,206
2015.07.10,15:00,23.16,23.17,23.06,23.10,219
2015.07.10,16:00,23.11,23.11,22.96,22.97,258
2015.07.10,17:00,22.98,23.00,22.90,22.96,332
2015.07.10,18:00,22.97,23.06,22.97,23.05,261
2015.07.13,10:00,23.52,23.54,23.23,23.39,1332
2015.07.13,11:00,23.40,23.56,23.37,23.54,348
2015.07.13,12:00,23.55,23.68,23.55,23.61,318
2015.07.13,13:00,23.62,23.63,23.53,23.61,271
2015.07.13,14:00,23.62,23.65,23.57,23.63,243
2015.07.13,15:00,23.62,23.64,23.50,23.52,242
2015.07.13,16:00,23.53,23.68,23.53,23.64,247
2015.07.13,17:00,23.65,23.73,23.65,23.70,285
2015.07.13,18:00,23.71,23.76,23.68,23.69,147
2015.07.14,10:00,23.52,23.63,23.49,23.56,400
2015.07.14,11:00,23.57,23.60,23.50,23.55,272
2015.07.14,12:00,23.55,23.57,23.47,23.47,191
2015.07.14,13:00,23.48,23.53,23.46,23.50,154
2015.07.14,14:00,23.51,23.54,23.49,23.52,121
2015.07.14,15:00,23.51,23.54,23.48,23.53,164
2015.07.14,16:00,23.52,23.65,23.52,23.64,160
2015.07.14,17:00,23.63,23.76,23.63,23.71,265
2015.07.14,18:00,23.72,23.80,23.70,23.78,142
2015.07.15,10:00,23.84,23.87,23.72,23.73,321
2015.07.15,11:00,23.74,23.84,23.71,23.83,174
2015.07.15,12:00,23.84,23.85,23.72,23.73,76
2015.07.15,13:00,23.72,23.78,23.71,23.75,54
2015.07.15,14:00,23.74,23.87,23.73,23.86,71
2015.07.15,15:00,23.85,23.86,23.77,23.81,73
2015.07.15,16:00,23.82,23.89,23.79,23.88,102
2015.07.15,17:00,23.89,23.94,23.88,23.93,83
2015.07.15,18:00,23.92,23.96,23.89,23.94,57
2015.07.16,10:00,23.89,24.16,23.89,24.07,397
2015.07.16,11:00,24.08,24.29,24.07,24.29,274
2015.07.16,12:00,24.28,24.34,24.20,24.32,183
2015.07.16,13:00,24.31,24.36,24.26,24.36,176
2015.07.16,14:00,24.35,24.47,24.34,24.44,191
2015.07.16,15:00,24.43,24.48,24.37,24.44,280
2015.07.16,16:00,24.45,24.49,24.39,24.45,352
2015.07.16,17:00,24.46,24.52,24.37,24.52,368
2015.07.16,18:00,24.53,24.54,24.46,24.51,149
2015.07.17,10:00,24.59,24.59,24.34,24.36,351
2015.07.17,11:00,24.35,24.50,24.30,24.45,228
2015.07.17,12:00,24.46,24.48,24.40,24.43,262
2015.07.17,13:00,24.42,24.46,24.35,24.43,172
2015.07.17,14:00,24.42,24.43,24.38,24.41,136
2015.07.17,15:00,24.42,24.49,24.40,24.45,192
2015.07.17,16:00,24.44,24.53,24.41,24.51,230
2015.07.17,17:00,24.50,24.51,24.38,24.46,252
2015.07.17,18:00,24.47,24.50,24.43,24.50,93
2015.07.20,10:00,24.49,24.62,24.47,24.61,179
2015.07.20,11:00,24.62,24.84,24.61,24.82,220
2015.07.20,12:00,24.81,24.87,24.76,24.85,127
2015.07.20,13:00,24.86,24.87,24.76,24.84,144
2015.07.20,14:00,24.83,24.84,24.77,24.82,86
2015.07.20,15:00,24.81,24.83,24.77,24.78,80
2015.07.20,16:00,24.79,24.83,24.65,24.66,130
2015.07.20,17:00,24.67,24.67,24.56,24.65,221
2015.07.20,18:00,24.66,24.68,24.58,24.65,134
2015.07.21,10:00,24.64,24.67,24.45,24.50,372
2015.07.21,11:00,24.49,24.59,24.46,24.55,204
2015.07.21,12:00,24.56,24.63,24.55,24.59,148
2015.07.21,13:00,24.58,24.64,24.57,24.59,109
2015.07.21,14:00,24.60,24.62,24.53,24.54,124
2015.07.21,15:00,24.55,24.55,24.48,24.50,130
2015.07.21,16:00,24.49,24.52,24.42,24.44,216
2015.07.21,17:00,24.43,24.44,24.30,24.35,286
2015.07.21,18:00,24.36,24.39,24.30,24.33,176
2015.07.22,10:00,24.08,24.32,24.08,24.31,423
2015.07.22,11:00,24.32,24.40,24.27,24.40,272
2015.07.22,12:00,24.39,24.44,24.32,24.36,162
2015.07.22,13:00,24.37,24.48,24.37,24.45,103
2015.07.22,14:00,24.46,24.46,24.37,24.38,118
2015.07.22,15:00,24.37,24.47,24.33,24.39,189
2015.07.22,16:00,24.40,24.56,24.36,24.56,231
2015.07.22,17:00,24.55,24.58,24.44,24.51,178
2015.07.22,18:00,24.52,24.52,24.39,24.41,106
2015.07.23,10:00,24.50,24.59,24.31,24.43,524
2015.07.23,11:00,24.42,24.42,24.31,24.41,216
2015.07.23,12:00,24.42,24.48,24.40,24.47,171
2015.07.23,13:00,24.48,24.57,24.47,24.54,157
2015.07.23,14:00,24.55,24.58,24.48,24.57,177
2015.07.23,15:00,24.56,24.62,24.55,24.59,98
2015.07.23,16:00,24.58,24.63,24.49,24.52,213
2015.07.23,17:00,24.51,24.68,24.50,24.65,305
2015.07.23,18:00,24.66,24.66,24.59,24.63,153
2015.07.24,10:00,24.58,24.60,24.46,24.54,271
2015.07.24,11:00,24.53,24.60,24.51,24.56,322
2015.07.24,12:00,24.57,24.57,24.47,24.51,147
2015.07.24,13:00,24.50,24.51,24.44,24.46,141
2015.07.24,14:00,24.47,24.47,24.35,24.36,136
2015.07.24,15:00,24.37,24.39,24.22,24.24,226
2015.07.24,16:00,24.23,24.26,24.06,24.16,387
2015.07.24,17:00,24.15,24.19,24.09,24.12,385
2015.07.24,18:00,24.13,24.20,24.09,24.14,198
2015.07.27,10:00,23.96,23.99,23.68,23.72,528
2015.07.27,11:00,23.73,23.91,23.73,23.90,326
2015.07.27,12:00,23.89,23.92,23.76,23.79,212
2015.07.27,13:00,23.78,23.82,23.75,23.75,203
2015.07.27,14:00,23.76,23.77,23.67,23.73,257
2015.07.27,15:00,23.74,23.80,23.63,23.78,296
2015.07.27,16:00,23.79,23.81,23.68,23.74,374
2015.07.27,17:00,23.73,23.84,23.61,23.70,367
2015.07.27,18:00,23.71,23.76,23.65,23.71,167
2015.07.28,10:00,23.94,23.94,23.75,23.84,542
2015.07.28,11:00,23.85,24.02,23.83,24.00,286
2015.07.28,12:00,23.99,24.14,23.99,24.10,233
2015.07.28,13:00,24.11,24.16,24.03,24.03,152
2015.07.28,14:00,24.04,24.05,24.00,24.04,113
2015.07.28,15:00,24.05,24.08,24.00,24.04,168
2015.07.28,16:00,24.05,24.07,23.92,23.96,237
2015.07.28,17:00,23.94,23.99,23.83,23.98,291
2015.07.28,18:00,23.97,24.02,23.96,23.98,123
2015.07.29,10:00,24.12,24.20,24.06,24.07,297
2015.07.29,11:00,24.06,24.10,23.95,24.00,322
2015.07.29,12:00,24.01,24.09,23.98,24.02,231
2015.07.29,13:00,24.01,24.06,23.94,24.02,186
2015.07.29,14:00,24.01,24.04,23.95,23.99,179
2015.07.29,15:00,23.98,24.01,23.88,23.93,231
2015.07.29,16:00,23.94,24.01,23.93,23.99,305
2015.07.29,17:00,23.98,24.02,23.95,23.98,270
2015.07.29,18:00,23.97,24.01,23.94,23.96,106
2015.07.30,10:00,24.12,24.17,23.97,23.97,433
2015.07.30,11:00,23.96,24.05,23.93,24.05,240
2015.07.30,12:00,24.06,24.11,24.00,24.10,228
2015.07.30,13:00,24.11,24.20,24.10,24.13,229
2015.07.30,14:00,24.14,24.18,24.09,24.13,155
2015.07.30,15:00,24.14,24.17,24.06,24.13,248
2015.07.30,16:00,24.12,24.15,23.90,23.92,403
2015.07.30,17:00,23.92,24.06,23.90,24.04,280
2015.07.30,18:00,24.03,24.15,24.00,24.13,168
2015.07.31,10:00,24.12,24.18,24.08,24.09,344
2015.07.31,11:00,24.10,24.15,24.06,24.11,223
2015.07.31,12:00,24.10,24.13,23.97,24.00,228
2015.07.31,13:00,24.01,24.04,23.96,24.00,157
2015.07.31,14:00,23.99,24.00,23.92,23.93,192
2015.07.31,15:00,23.92,23.94,23.82,23.87,245
2015.07.31,16:00,23.88,23.90,23.75,23.82,351
2015.07.31,17:00,23.83,23.91,23.80,23.89,342
2015.07.31,18:00,23.90,24.00,23.84,23.99,193
2015.08.03,10:00,23.96,24.14,23.89,24.10,496
2015.08.03,11:00,24.10,24.15,23.95,24.11,365
2015.08.03,12:00,24.12,24.18,24.09,24.17,217
2015.08.03,13:00,24.16,24.22,24.13,24.18,196
2015.08.03,14:00,24.17,24.24,24.17,24.22,170
2015.08.03,15:00,24.21,24.27,24.20,24.22,155
2015.08.03,16:00,24.23,24.29,24.18,24.25,229
2015.08.03,17:00,24.26,24.28,24.17,24.24,331
2015.08.03,18:00,24.25,24.26,24.16,24.22,140
2015.08.04,10:00,24.59,24.60,24.23,24.24,412
2015.08.04,11:00,24.23,24.34,24.15,24.28,298
2015.08.04,12:00,24.29,24.44,24.28,24.39,231
2015.08.04,13:00,24.40,24.41,24.19,24.21,235
2015.08.04,14:00,24.22,24.31,24.17,24.25,209
2015.08.04,15:00,24.26,24.28,24.17,24.26,167
2015.08.04,16:00,24.27,24.38,24.25,24.31,252
2015.08.04,17:00,24.31,24.33,24.15,24.18,294
2015.08.04,18:00,24.19,24.23,24.15,24.16,146
2015.08.05,10:00,24.21,24.40,24.18,24.37,397
2015.08.05,11:00,24.38,24.43,24.29,24.42,238
2015.08.05,12:00,24.41,24.43,24.35,24.42,132
2015.08.05,13:00,24.43,24.50,24.43,24.46,171
2015.08.05,14:00,24.47,24.54,24.44,24.50,116
2015.08.05,15:00,24.49,24.58,24.49,24.49,216
2015.08.05,16:00,24.50,24.59,24.48,24.53,284
2015.08.05,17:00,24.54,24.65,24.54,24.63,307
2015.08.05,18:00,24.64,24.66,24.61,24.65,136
2015.08.06,10:00,24.66,24.70,24.61,24.67,223
2015.08.06,11:00,24.66,24.74,24.65,24.66,181
2015.08.06,12:00,24.67,24.68,24.62,24.68,198
2015.08.06,13:00,24.67,24.73,24.66,24.73,134
2015.08.06,14:00,24.72,24.93,24.72,24.89,184
2015.08.06,15:00,24.89,24.94,24.85,24.87,164
2015.08.06,16:00,24.86,24.92,24.85,24.90,196
2015.08.06,17:00,24.89,24.93,24.83,24.88,212
2015.08.06,18:00,24.89,24.90,24.82,24.86,102
2015.08.07,10:00,24.76,24.86,24.76,24.81,294
2015.08.07,11:00,24.80,24.84,24.75,24.84,176
2015.08.07,12:00,24.85,24.93,24.82,24.87,180
2015.08.07,13:00,24.88,24.93,24.86,24.90,146
2015.08.07,14:00,24.89,24.91,24.82,24.84,164
2015.08.07,15:00,24.83,24.96,24.80,24.96,471
2015.08.07,16:00,24.95,24.97,24.82,24.88,645
2015.08.07,17:00,24.87,24.89,24.71,24.72,471
2015.08.07,18:00,24.71,24.73,24.63,24.69,265
2015.08.10,10:00,24.92,24.94,24.85,24.87,330
2015.08.10,11:00,24.87,24.87,24.71,24.79,402
2015.08.10,12:00,24.78,24.88,24.72,24.84,250
2015.08.10,13:00,24.85,24.99,24.83,24.97,165
2015.08.10,14:00,24.96,24.98,24.93,24.96,154
2015.08.10,15:00,24.97,24.99,24.95,24.97,103
2015.08.10,16:00,24.98,25.08,24.94,25.06,216
2015.08.10,17:00,25.07,25.15,25.02,25.15,201
2015.08.10,18:00,25.16,25.23,25.15,25.18,151
2015.08.11,10:00,25.11,25.18,25.01,25.01,262
2015.08.11,11:00,25.02,25.16,24.90,24.90,281
2015.08.11,12:00,24.91,24.99,24.80,24.81,260
2015.08.11,13:00,24.82,24.91,24.79,24.87,187
2015.08.11,14:00,24.88,24.94,24.84,24.87,241
2015.08.11,15:00,24.86,24.87,24.66,24.68,305
2015.08.11,16:00,24.69,24.82,24.63,24.77,443
2015.08.11,17:00,24.78,24.85,24.74,24.75,504
2015.08.11,18:00,24.76,24.79,24.71,24.73,178
2015.08.12,10:00,24.43,24.47,24.08,24.23,769
2015.08.12,11:00,24.24,24.25,23.98,24.03,706
2015.08.12,12:00,24.02,24.11,23.98,24.01,437
2015.08.12,13:00,24.02,24.22,23.99,24.16,349
2015.08.12,14:00,24.17,24.18,24.01,24.05,296
2015.08.12,15:00,24.06,24.09,24.01,24.01,266
2015.08.12,16:00,24.00,24.02,23.77,23.80,589
2015.08.12,17:00,23.79,23.85,23.62,23.78,760
2015.08.12,18:00,23.79,23.85,23.69,23.80,303
2015.08.13,10:00,24.14,24.26,24.06,24.17,463
2015.08.13,11:00,24.18,24.31,24.05,24.31,468
2015.08.13,12:00,24.30,24.36,24.25,24.32,294
2015.08.13,13:00,24.33,24.41,24.32,24.41,204
2015.08.13,14:00,24.40,24.45,24.32,24.33,188
2015.08.13,15:00,24.34,24.40,24.25,24.26,264
2015.08.13,16:00,24.27,24.29,24.16,24.20,446
2015.08.13,17:00,24.19,24.24,24.12,24.18,455
2015.08.13,18:00,24.19,24.20,24.05,24.11,237
2015.08.14,10:00,24.05,24.29,24.04,24.28,416
2015.08.14,11:00,24.29,24.29,24.08,24.09,325
2015.08.14,12:00,24.10,24.14,23.94,23.99,425
2015.08.14,13:00,24.00,24.03,23.85,23.89,339
2015.08.14,14:00,23.88,23.93,23.80,23.91,312
2015.08.14,15:00,23.90,23.99,23.88,23.90,235
2015.08.14,16:00,23.89,24.07,23.87,24.06,447
2015.08.14,17:00,24.07,24.07,23.85,23.91,490
2015.08.14,18:00,23.92,23.94,23.86,23.89,185
2015.08.17,10:00,24.03,24.25,23.97,24.06,658
2015.08.17,11:00,24.05,24.09,23.96,24.02,561
2015.08.17,12:00,24.03,24.12,24.02,24.10,306
2015.08.17,13:00,24.11,24.11,24.02,24.05,224
2015.08.17,14:00,24.04,24.10,24.03,24.06,241
2015.08.17,15:00,24.07,24.07,23.67,23.80,715
2015.08.17,16:00,23.79,23.93,23.73,23.93,559
2015.08.17,17:00,23.94,24.07,23.92,24.06,391
2015.08.17,18:00,24.05,24.18,24.05,24.14,255
2015.08.18,10:00,24.04,24.21,23.94,23.99,579
2015.08.18,11:00,23.98,24.13,23.94,24.09,590
2015.08.18,12:00,24.10,24.19,24.02,24.04,431
2015.08.18,13:00,24.05,24.12,24.02,24.11,288
2015.08.18,14:00,24.12,24.13,24.04,24.05,256
2015.08.18,15:00,24.06,24.18,23.99,24.17,280
2015.08.18,16:00,24.16,24.25,24.14,24.15,573
2015.08.18,17:00,24.16,24.26,24.11,24.26,443
2015.08.18,18:00,24.25,24.28,24.19,24.19,226
2015.08.19,10:00,23.95,24.11,23.94,24.02,600
2015.08.19,11:00,24.01,24.01,23.80,23.84,540
2015.08.19,12:00,23.85,23.98,23.82,23.91,455
2015.08.19,13:00,23.92,24.03,23.90,23.99,359
2015.08.19,14:00,24.00,24.01,23.90,23.91,262
2015.08.19,15:00,23.92,23.93,23.86,23.87,268
2015.08.19,16:00,23.88,23.90,23.75,23.80,381
2015.08.19,17:00,23.79,23.90,23.70,23.72,483
2015.08.19,18:00,23.71,23.75,23.69,23.70,186
2015.08.20,10:00,23.57,23.75,23.55,23.59,468
2015.08.20,11:00,23.58,23.64,23.36,23.41,534
2015.08.20,12:00,23.40,23.49,23.36,23.47,434
2015.08.20,13:00,23.46,23.49,23.32,23.35,284
2015.08.20,14:00,23.34,23.37,23.26,23.34,304
2015.08.20,15:00,23.33,23.41,23.25,23.33,292
2015.08.20,16:00,23.34,23.34,23.10,23.13,572
2015.08.20,17:00,23.12,23.19,22.98,23.02,727
2015.08.20,18:00,23.01,23.02,22.88,22.93,348
2015.08.21,10:00,22.59,22.84,22.52,22.76,873
2015.08.21,11:00,22.75,22.85,22.70,22.79,629
2015.08.21,12:00,22.80,22.93,22.72,22.76,721
2015.08.21,13:00,22.77,22.81,22.47,22.51,688
2015.08.21,14:00,22.50,22.63,22.43,22.54,568
2015.08.21,15:00,22.55,22.56,22.45,22.48,446
2015.08.21,16:00,22.49,22.49,22.32,22.49,736
2015.08.21,17:00,22.48,22.57,22.32,22.36,1060
2015.08.21,18:00,22.35,22.36,22.09,22.09,471
2015.08.24,10:00,21.32,21.71,21.30,21.67,1772
2015.08.24,11:00,21.68,21.69,21.44,21.64,1006
2015.08.24,12:00,21.63,21.78,21.58,21.63,641
2015.08.24,13:00,21.62,21.65,21.50,21.54,661
2015.08.24,14:00,21.53,21.55,21.00,21.13,1554
2015.08.24,15:00,21.14,21.35,21.07,21.13,1345
2015.08.24,16:00,21.12,21.13,20.24,20.78,4891
2015.08.24,17:00,20.77,21.43,20.70,21.24,3806
2015.08.24,18:00,21.25,21.26,20.93,20.99,1255
2015.08.25,10:00,21.47,21.54,21.29,21.48,1595
2015.08.25,11:00,21.49,21.73,21.49,21.57,1799
2015.08.25,12:00,21.56,21.71,21.45,21.66,1215
2015.08.25,13:00,21.67,22.01,21.57,21.89,1952
2015.08.25,14:00,21.88,21.99,21.79,21.94,809
2015.08.25,15:00,21.95,22.04,21.85,21.95,815
2015.08.25,16:00,21.94,22.05,21.81,21.92,1440
2015.08.25,17:00,21.91,22.04,21.84,22.03,1715
2015.08.25,18:00,22.02,22.23,22.02,22.14,514
2015.08.26,10:00,21.61,21.80,21.43,21.70,1913
2015.08.26,11:00,21.69,21.93,21.68,21.76,1532
2015.08.26,12:00,21.77,21.84,21.66,21.72,863
2015.08.26,13:00,21.71,21.92,21.65,21.86,992
2015.08.26,14:00,21.87,22.04,21.85,21.95,737
2015.08.26,15:00,21.94,22.17,21.91,22.10,854
2015.08.26,16:00,22.11,22.15,21.92,22.08,1323
2015.08.26,17:00,22.07,22.17,21.80,21.92,2415
2015.08.26,18:00,21.91,21.99,21.80,21.97,847
2015.08.27,10:00,22.35,22.41,22.26,22.31,1256
2015.08.27,11:00,22.32,22.51,22.28,22.50,918
2015.08.27,12:00,22.50,22.54,22.41,22.41,664
2015.08.27,13:00,22.40,22.53,22.39,22.41,454
2015.08.27,14:00,22.40,22.45,22.34,22.37,524
2015.08.27,15:00,22.38,22.59,22.36,22.57,741
2015.08.27,16:00,22.58,22.59,22.42,22.46,737
2015.08.27,17:00,22.47,22.56,22.42,22.47,1070
2015.08.27,18:00,22.46,22.54,22.43,22.45,385
2015.08.28,10:00,22.39,22.41,22.20,22.24,938
2015.08.28,11:00,22.25,22.37,22.18,22.33,764
2015.08.28,12:00,22.34,22.37,22.20,22.33,741
2015.08.28,13:00,22.34,22.34,22.17,22.19,523
2015.08.28,14:00,22.20,22.34,22.18,22.30,610
2015.08.28,15:00,22.29,22.44,22.26,22.34,539
2015.08.28,16:00,22.35,22.39,22.31,22.37,580
2015.08.28,17:00,22.38,22.38,22.23,22.30,1122
2015.08.28,18:00,22.29,22.45,22.29,22.42,324
2015.08.31,10:00,22.25,22.39,22.22,22.28,327
2015.08.31,11:00,22.27,22.29,22.07,22.11,405
2015.08.31,12:00,22.10,22.24,22.08,22.18,325
2015.08.31,13:00,22.19,22.35,22.16,22.28,318
2015.08.31,14:00,22.29,22.33,22.25,22.32,207
2015.08.31,15:00,22.33,22.35,22.19,22.25,270
2015.08.31,16:00,22.24,22.31,22.19,22.28,413
2015.08.31,17:00,22.29,22.42,22.21,22.30,493
2015.08.31,18:00,22.31,22.46,22.28,22.45,356
2015.09.01,10:00,22.01,22.10,21.75,21.77,1133
2015.09.01,11:00,21.77,21.88,21.61,21.69,906
2015.09.01,12:00,21.70,21.79,21.61,21.73,825
2015.09.01,13:00,21.72,21.90,21.71,21.86,563
2015.09.01,14:00,21.85,21.89,21.71,21.75,522
2015.09.01,15:00,21.76,21.78,21.47,21.48,511
2015.09.01,16:00,21.47,21.73,21.46,21.47,1051
2015.09.01,17:00,21.46,21.62,21.37,21.44,1103
2015.09.01,18:00,21.45,21.59,21.40,21.51,546
2015.09.02,10:00,21.60,21.82,21.60,21.75,914
2015.09.02,11:00,21.75,21.77,21.50,21.58,954
2015.09.02,12:00,21.57,21.65,21.45,21.64,579
2015.09.02,13:00,21.65,21.75,21.59,21.61,513
2015.09.02,14:00,21.60,21.69,21.58,21.65,421
2015.09.02,15:00,21.64,21.85,21.61,21.83,507
2015.09.02,16:00,21.84,21.99,21.82,21.90,1203
2015.09.02,17:00,21.89,21.99,21.74,21.81,1281
2015.09.02,18:00,21.80,21.87,21.74,21.83,513
2015.09.03,10:00,22.13,22.13,21.98,22.09,663
2015.09.03,11:00,22.10,22.16,22.04,22.11,491
2015.09.03,12:00,22.10,22.13,21.95,22.01,361
2015.09.03,13:00,22.00,22.08,21.99,22.03,297
2015.09.03,14:00,22.04,22.06,21.99,22.00,329
2015.09.03,15:00,21.99,22.30,21.96,22.21,1183
2015.09.03,16:00,22.20,22.27,22.13,22.22,983
2015.09.03,17:00,22.23,22.47,22.20,22.46,645
2015.09.03,18:00,22.47,22.49,22.35,22.35,275
2015.09.04,10:00,22.17,22.18,21.95,22.01,780
2015.09.04,11:00,22.02,22.02,21.85,21.91,789
2015.09.04,12:00,21.90,21.93,21.84,21.85,607
2015.09.04,13:00,21.86,21.90,21.74,21.78,640
2015.09.04,14:00,21.79,21.81,21.73,21.79,274
2015.09.04,15:00,21.78,21.87,21.49,21.59,1238
2015.09.04,16:00,21.58,21.75,21.46,21.66,1870
2015.09.04,17:00,21.65,21.79,21.62,21.65,1143
2015.09.04,18:00,21.66,21.76,21.60,21.73,507
2015.09.07,10:00,21.90,22.03,21.86,21.97,729
2015.09.07,11:00,21.98,22.00,21.80,21.80,670
2015.09.07,12:00,21.79,21.82,21.68,21.81,529
2015.09.07,13:00,21.82,21.88,21.75,21.83,409
2015.09.07,14:00,21.84,21.90,21.78,21.86,299
2015.09.07,15:00,21.85,21.89,21.79,21.87,270
2015.09.07,16:00,21.86,21.89,21.80,21.89,228
2015.09.07,17:00,21.88,21.93,21.87,21.87,180
2015.09.07,18:00,21.88,21.95,21.85,21.95,121
2015.09.08,10:00,22.05,22.41,22.05,22.39,572
2015.09.08,11:00,22.40,22.46,22.35,22.39,477
2015.09.08,12:00,22.40,22.47,22.34,22.43,388
2015.09.08,13:00,22.42,22.55,22.41,22.49,244
2015.09.08,14:00,22.48,22.48,22.36,22.42,313
2015.09.08,15:00,22.43,22.56,22.38,22.50,290
2015.09.08,16:00,22.51,22.53,22.40,22.46,532
2015.09.08,17:00,22.47,22.47,22.29,22.36,760
2015.09.08,18:00,22.37,22.37,22.28,22.33,277
2015.09.09,10:00,22.86,22.95,22.83,22.85,468
2015.09.09,11:00,22.86,22.87,22.73,22.80,492
2015.09.09,12:00,22.81,22.95,22.81,22.93,344
2015.09.09,13:00,22.94,23.00,22.93,23.00,363
2015.09.09,14:00,23.01,23.13,22.99,23.12,228
2015.09.09,15:00,23.13,23.13,23.05,23.13,356
2015.09.09,16:00,23.12,23.15,23.03,23.04,476
2015.09.09,17:00,23.04,23.07,22.88,22.92,690
2015.09.09,18:00,22.93,22.95,22.80,22.82,355
2015.09.10,10:00,22.60,22.76,22.50,22.70,692
2015.09.10,11:00,22.70,22.72,22.51,22.58,546
2015.09.10,12:00,22.57,22.78,22.56,22.70,480
2015.09.10,13:00,22.71,22.74,22.56,22.57,503
2015.09.10,14:00,22.58,22.59,22.41,22.44,602
2015.09.10,15:00,22.43,22.49,22.33,22.41,621
2015.09.10,16:00,22.42,22.59,22.41,22.49,786
2015.09.10,17:00,22.48,22.72,22.43,22.68,1219
2015.09.10,18:00,22.67,22.68,22.52,22.57,387
2015.09.11,10:00,22.59,22.59,22.31,22.38,796
2015.09.11,11:00,22.39,22.40,22.14,22.17,630
2015.09.11,12:00,22.16,22.28,22.12,22.28,500
2015.09.11,13:00,22.29,22.29,22.16,22.18,323
2015.09.11,14:00,22.17,22.28,22.16,22.25,246
2015.09.11,15:00,22.26,22.28,22.17,22.17,327
2015.09.11,16:00,22.18,22.32,22.17,22.25,583
2015.09.11,17:00,22.24,22.36,22.22,22.34,689
2015.09.11,18:00,22.33,22.37,22.21,22.31,365
2015.09.14,10:00,22.35,22.52,22.28,22.34,654
2015.09.14,11:00,22.33,22.36,22.19,22.27,448
2015.09.14,12:00,22.28,22.30,22.19,22.21,447
2015.09.14,13:00,22.22,22.29,22.21,22.27,260
2015.09.14,14:00,22.28,22.28,22.13,22.15,237
2015.09.14,15:00,22.16,22.19,22.06,22.09,414
2015.09.14,16:00,22.10,22.14,22.01,22.04,524
2015.09.14,17:00,22.05,22.21,22.04,22.19,541
2015.09.14,18:00,22.20,22.21,22.09,22.12,254
2015.09.15,10:00,22.06,22.16,22.05,22.07,467
2015.09.15,11:00,22.08,22.09,21.98,22.08,387
2015.09.15,12:00,22.07,22.12,21.99,22.10,427
2015.09.15,13:00,22.11,22.28,22.06,22.28,288
2015.09.15,14:00,22.27,22.30,22.24,22.27,190
2015.09.15,15:00,22.26,22.29,22.20,22.26,320
2015.09.15,16:00,22.27,22.35,22.24,22.29,457
2015.09.15,17:00,22.30,22.55,22.27,22.53,528
2015.09.15,18:00,22.52,22.54,22.42,22.43,286
2015.09.16,10:00,22.54,22.68,22.54,22.57,444
2015.09.16,11:00,22.56,22.61,22.50,22.53,278
2015.09.16,12:00,22.52,22.56,22.45,22.45,407
2015.09.16,13:00,22.44,22.60,22.42,22.60,345
2015.09.16,14:00,22.61,22.64,22.55,22.56,264
2015.09.16,15:00,22.55,22.57,22.39,22.44,246
2015.09.16,16:00,22.45,22.55,22.39,22.41,448
2015.09.16,17:00,22.40,22.49,22.35,22.44,431
2015.09.16,18:00,22.43,22.51,22.42,22.49,299
2015.09.17,10:00,22.51,22.60,22.43,22.50,411
2015.09.17,11:00,22.51,22.54,22.43,22.49,369
2015.09.17,12:00,22.50,22.57,22.48,22.52,209
2015.09.17,13:00,22.51,22.61,22.50,22.57,238
2015.09.17,14:00,22.58,22.58,22.49,22.51,219
2015.09.17,15:00,22.52,22.54,22.42,22.47,143
2015.09.17,16:00,22.48,22.59,22.44,22.59,290
2015.09.17,17:00,22.58,22.66,22.56,22.62,464
2015.09.17,18:00,22.63,22.69,22.56,22.69,170
2015.09.18,10:00,22.38,22.38,22.12,22.24,863
2015.09.18,11:00,22.23,22.28,22.06,22.09,581
2015.09.18,12:00,22.08,22.11,21.78,21.82,785
2015.09.18,13:00,21.83,21.91,21.72,21.80,466
2015.09.18,14:00,21.81,21.84,21.72,21.74,694
2015.09.18,15:00,21.75,21.75,21.60,21.60,591
2015.09.18,16:00,21.59,21.61,21.44,21.50,998
2015.09.18,17:00,21.51,21.70,21.49,21.66,854
2015.09.18,18:00,21.67,21.70,21.51,21.51,327
2015.09.21,10:00,21.54,21.81,21.50,21.68,786
2015.09.21,11:00,21.67,21.93,21.62,21.90,596
2015.09.21,12:00,21.91,21.98,21.88,21.93,289
2015.09.21,13:00,21.94,21.95,21.84,21.91,352
2015.09.21,14:00,21.92,22.10,21.91,22.08,356
2015.09.21,15:00,22.07,22.09,21.99,22.02,314
2015.09.21,16:00,22.03,22.03,21.93,21.93,604
2015.09.21,17:00,21.94,22.10,21.88,22.05,527
2015.09.21,18:00,22.06,22.07,21.97,21.98,215
2015.09.22,10:00,21.90,21.99,21.60,21.62,648
2015.09.22,11:00,21.61,21.65,21.33,21.41,881
2015.09.22,12:00,21.40,21.41,21.23,21.25,951
2015.09.22,13:00,21.26,21.30,21.14,21.30,727
2015.09.22,14:00,21.29,21.29,21.16,21.23,447
2015.09.22,15:00,21.22,21.23,21.08,21.11,547
2015.09.22,16:00,21.12,21.29,21.10,21.23,720
2015.09.22,17:00,21.23,21.29,21.05,21.15,765
2015.09.22,18:00,21.14,21.22,21.12,21.15,377
2015.09.23,10:00,21.32,21.44,21.16,21.41,792
2015.09.23,11:00,21.40,21.61,21.36,21.57,647
2015.09.23,12:00,21.56,21.58,21.43,21.55,447
2015.09.23,13:00,21.54,21.57,21.44,21.51,381
2015.09.23,14:00,21.50,21.60,21.38,21.43,504
2015.09.23,15:00,21.42,21.54,21.42,21.52,377
2015.09.23,16:00,21.53,21.54,21.28,21.34,693
2015.09.23,17:00,21.35,21.46,21.33,21.39,591
2015.09.23,18:00,21.40,21.44,21.30,21.31,316
2015.09.24,10:00,21.29,21.33,21.11,21.27,742
2015.09.24,11:00,21.28,21.48,21.26,21.35,1063
2015.09.24,12:00,21.36,21.40,21.20,21.29,779
2015.09.24,13:00,21.30,21.36,21.00,21.07,991
2015.09.24,14:00,21.06,21.09,20.94,21.00,636
2015.09.24,15:00,20.99,21.05,20.88,21.01,636
2015.09.24,16:00,21.02,21.04,20.88,21.01,784
2015.09.24,17:00,21.02,21.03,20.78,20.85,1003
2015.09.24,18:00,20.84,21.04,20.79,20.98,507
2015.09.25,10:00,21.38,21.66,21.33,21.53,873
2015.09.25,11:00,21.54,21.68,21.52,21.68,689
2015.09.25,12:00,21.67,21.83,21.64,21.79,590
2015.09.25,13:00,21.78,21.82,21.68,21.71,464
2015.09.25,14:00,21.72,21.78,21.61,21.76,533
2015.09.25,15:00,21.77,21.86,21.71,21.76,580
2015.09.25,16:00,21.75,21.80,21.68,21.76,706
2015.09.25,17:00,21.77,21.90,21.64,21.90,742
2015.09.25,18:00,21.89,21.89,21.79,21.80,338
2015.09.28,10:00,21.52,21.73,21.52,21.59,839
2015.09.28,11:00,21.58,21.70,21.48,21.54,807
2015.09.28,12:00,21.53,21.55,21.35,21.40,489
2015.09.28,13:00,21.41,21.47,21.24,21.26,492
2015.09.28,14:00,21.27,21.29,21.10,21.15,472
2015.09.28,15:00,21.16,21.24,21.13,21.21,452
2015.09.28,16:00,21.22,21.27,21.11,21.14,812
2015.09.28,17:00,21.15,21.21,21.07,21.18,945
2015.09.28,18:00,21.19,21.29,21.18,21.24,480
2015.09.29,10:00,20.92,21.07,20.75,21.05,973
2015.09.29,11:00,21.04,21.37,21.02,21.26,1042
2015.09.29,12:00,21.27,21.30,21.07,21.13,792
2015.09.29,13:00,21.12,21.26,21.11,21.26,374
2015.09.29,14:00,21.27,21.28,21.17,21.19,370
2015.09.29,15:00,21.18,21.31,21.18,21.29,376
2015.09.29,16:00,21.30,21.30,20.96,21.09,785
2015.09.29,17:00,21.10,21.24,20.99,21.18,1522
2015.09.29,18:00,21.17,21.26,21.11,21.11,790
2015.09.30,10:00,21.46,21.61,21.46,21.48,819
2015.09.30,11:00,21.47,21.77,21.45,21.71,645
2015.09.30,12:00,21.70,21.83,21.69,21.78,425
2015.09.30,13:00,21.77,21.84,21.72,21.75,424
2015.09.30,14:00,21.76,21.78,21.70,21.72,289
2015.09.30,15:00,21.71,21.78,21.62,21.66,335
2015.09.30,16:00,21.65,21.76,21.62,21.64,613
2015.09.30,17:00,21.65,21.71,21.60,21.67,726
2015.09.30,18:00,21.68,21.69,21.59,21.64,431
2015.10.01,10:00,21.93,21.97,21.79,21.92,467
2015.10.01,11:00,21.91,21.92,21.73,21.75,580
2015.10.01,12:00,21.76,21.80,21.69,21.76,484
2015.10.01,13:00,21.75,21.77,21.63,21.74,404
2015.10.01,14:00,21.73,21.79,21.59,21.60,593
2015.10.01,15:00,21.59,21.68,21.53,21.63,515
2015.10.01,16:00,21.62,21.75,21.45,21.45,689
2015.10.01,17:00,21.45,21.63,21.42,21.43,1343
2015.10.01,18:00,21.42,21.53,21.38,21.49,565
2015.10.02,10:00,21.77,21.93,21.74,21.82,548
2015.10.02,11:00,21.82,22.00,21.81,21.99,376
2015.10.02,12:00,22.00,22.14,21.93,22.14,489
2015.10.02,13:00,22.13,22.18,22.10,22.13,255
2015.10.02,14:00,22.12,22.13,22.02,22.05,206
2015.10.02,15:00,22.06,22.08,21.38,21.50,1341
2015.10.02,16:00,21.49,21.53,21.24,21.39,1310
2015.10.02,17:00,21.38,21.63,21.29,21.63,1064
2015.10.02,18:00,21.64,21.68,21.54,21.62,419
2015.10.05,10:00,21.95,22.25,21.94,22.22,802
2015.10.05,11:00,22.22,22.31,22.21,22.25,424
2015.10.05,12:00,22.27,22.36,22.22,22.35,389
2015.10.05,13:00,22.36,22.39,22.31,22.38,298
2015.10.05,14:00,22.39,22.45,22.37,22.45,259
2015.10.05,15:00,22.44,22.51,22.41,22.43,252
2015.10.05,16:00,22.44,22.54,22.40,22.51,488
2015.10.05,17:00,22.52,22.59,22.42,22.47,744
2015.10.05,18:00,22.46,22.50,22.44,22.45,271
2015.10.06,10:00,22.51,22.59,22.35,22.36,872
2015.10.06,11:00,22.37,22.69,22.34,22.64,708
2015.10.06,12:00,22.65,22.69,22.54,22.55,375
2015.10.06,13:00,22.56,22.65,22.53,22.56,325
2015.10.06,14:00,22.57,22.60,22.51,22.60,305
2015.10.06,15:00,22.61,22.69,22.56,22.69,291
2015.10.06,16:00,22.70,22.78,22.61,22.75,565
2015.10.06,17:00,22.76,22.77,22.62,22.71,838
2015.10.06,18:00,22.70,22.80,22.70,22.77,312
2015.10.07,10:00,22.81,22.91,22.70,22.88,553
2015.10.07,11:00,22.87,22.99,22.85,22.97,508
2015.10.07,12:00,22.98,23.01,22.87,22.89,351
2015.10.07,13:00,22.90,22.93,22.75,22.79,370
2015.10.07,14:00,22.78,22.91,22.78,22.86,254
2015.10.07,15:00,22.85,22.98,22.84,22.95,233
2015.10.07,16:00,22.96,23.09,22.95,23.06,390
2015.10.07,17:00,23.07,23.12,22.89,22.93,642
2015.10.07,18:00,22.92,22.92,22.68,22.70,605
2015.10.08,10:00,22.69,22.81,22.58,22.69,812
2015.10.08,11:00,22.70,22.80,22.62,22.62,613
2015.10.08,12:00,22.63,22.68,22.58,22.63,430
2015.10.08,13:00,22.64,22.75,22.63,22.73,354
2015.10.08,14:00,22.72,22.78,22.68,22.76,318
2015.10.08,15:00,22.77,22.79,22.62,22.65,342
2015.10.08,16:00,22.66,22.78,22.63,22.75,462
2015.10.08,17:00,22.76,22.81,22.67,22.69,543
2015.10.08,18:00,22.70,22.79,22.69,22.77,371
2015.10.09,10:00,22.97,23.02,22.85,22.89,523
2015.10.09,11:00,22.88,23.03,22.88,22.99,346
2015.10.09,12:00,23.00,23.08,22.97,23.06,228
2015.10.09,13:00,23.05,23.11,23.00,23.00,350
2015.10.09,14:00,23.01,23.03,22.97,23.00,246
2015.10.09,15:00,22.99,23.05,22.90,22.92,373
2015.10.09,16:00,22.93,22.93,22.80,22.81,344
2015.10.09,17:00,22.80,22.83,22.68,22.78,778
2015.10.09,18:00,22.77,22.81,22.64,22.69,276
2015.10.12,10:00,22.67,22.84,22.56,22.79,382
2015.10.12,11:00,22.80,22.80,22.64,22.68,451
2015.10.12,12:00,22.67,22.73,22.56,22.68,421
2015.10.12,13:00,22.69,22.72,22.59,22.71,243
2015.10.12,14:00,22.72,22.73,22.68,22.71,184
2015.10.12,15:00,22.72,22.72,22.65,22.68,226
2015.10.12,16:00,22.69,22.72,22.58,22.71,402
2015.10.12,17:00,22.70,22.77,22.68,22.74,428
2015.10.12,18:00,22.73,22.85,22.73,22.84,176
2015.10.13,10:00,22.58,22.60,22.21,22.25,595
2015.10.13,11:00,22.24,22.33,22.14,22.28,823
2015.10.13,12:00,22.27,22.27,22.18,22.20,476
2015.10.13,13:00,22.21,22.35,22.21,22.34,399
2015.10.13,14:00,22.35,22.35,22.25,22.26,243
2015.10.13,15:00,22.27,22.31,22.19,22.22,325
2015.10.13,16:00,22.21,22.27,22.13,22.27,664
2015.10.13,17:00,22.28,22.39,22.26,22.38,753
2015.10.13,18:00,22.39,22.40,22.33,22.35,281
2015.10.14,10:00,22.17,22.22,22.09,22.11,591
2015.10.14,11:00,22.10,22.24,22.08,22.12,535
2015.10.14,12:00,22.11,22.22,22.09,22.18,355
2015.10.14,13:00,22.17,22.23,22.05,22.07,218
2015.10.14,14:00,22.06,22.17,22.02,22.17,242
2015.10.14,15:00,22.18,22.23,22.09,22.10,417
2015.10.14,16:00,22.09,22.17,22.03,22.16,446
2015.10.14,17:00,22.15,22.22,21.95,22.02,509
2015.10.14,18:00,22.01,22.11,21.99,22.09,236
2015.10.15,10:00,22.25,22.36,22.17,22.31,368
2015.10.15,11:00,22.30,22.42,22.24,22.41,590
2015.10.15,12:00,22.42,22.46,22.38,22.45,458
2015.10.15,13:00,22.44,22.45,22.35,22.38,374
2015.10.15,14:00,22.39,22.43,22.32,22.34,281
2015.10.15,15:00,22.35,22.42,22.34,22.37,271
2015.10.15,16:00,22.36,22.44,22.29,22.37,428
2015.10.15,17:00,22.37,22.44,22.33,22.41,541
2015.10.15,18:00,22.40,22.43,22.31,22.41,269
