2014.11.06,18:00,36.91,37.00,36.73,36.89,53
2014.11.07,10:00,36.96,37.00,36.35,36.40,75
2014.11.07,11:00,36.40,36.47,36.17,36.27,48
2014.11.07,12:00,36.27,36.31,35.94,36.02,50
2014.11.07,13:00,36.01,36.14,35.93,36.00,42
2014.11.07,14:00,36.00,36.09,35.88,35.98,41
2014.11.07,15:00,35.98,36.17,35.87,36.13,46
2014.11.07,16:00,36.11,36.14,35.59,35.81,81
2014.11.07,17:00,35.79,36.18,35.65,36.06,80
2014.11.07,18:00,36.06,36.16,36.05,36.10,19
2014.11.10,10:00,36.09,36.33,35.76,36.16,108
2014.11.10,11:00,36.15,36.23,35.74,35.98,82
2014.11.10,12:00,35.99,36.06,35.78,35.89,47
2014.11.10,13:00,35.90,36.00,35.84,35.90,33
2014.11.10,14:00,35.90,35.99,35.87,35.88,23
2014.11.10,15:00,35.89,35.96,35.74,35.82,38
2014.11.10,16:00,35.80,35.90,35.67,35.77,44
2014.11.10,17:00,35.76,36.13,35.68,36.05,62
2014.11.10,18:00,36.07,36.13,35.99,36.08,28
2014.11.11,10:00,36.13,36.76,36.10,36.62,84
2014.11.11,11:00,36.66,36.71,36.48,36.62,43
2014.11.11,12:00,36.61,36.79,36.56,36.69,39
2014.11.11,13:00,36.69,36.74,36.49,36.53,35
2014.11.11,14:00,36.53,36.78,36.49,36.78,34
2014.11.11,15:00,36.78,36.83,36.46,36.55,52
2014.11.11,16:00,36.56,36.56,36.03,36.23,74
2014.11.11,17:00,36.25,36.40,36.14,36.39,39
2014.11.11,18:00,36.39,36.39,36.23,36.27,21
2014.11.12,10:00,36.08,36.29,35.62,35.64,91
2014.11.12,11:00,35.62,35.74,35.51,35.61,46
2014.11.12,12:00,35.62,35.93,35.62,35.68,57
2014.11.12,13:00,35.68,35.71,35.45,35.49,34
2014.11.12,14:00,35.50,35.50,35.32,35.38,25
2014.11.12,15:00,35.37,35.39,35.20,35.33,35
2014.11.12,16:00,35.34,35.40,35.13,35.22,43
2014.11.12,17:00,35.22,35.30,35.03,35.04,37
2014.11.12,18:00,35.03,35.11,34.99,35.09,19
2014.11.13,10:00,35.37,35.61,35.19,35.51,71
2014.11.13,11:00,35.54,35.98,35.54,35.72,71
2014.11.13,12:00,35.72,35.89,35.62,35.79,48
2014.11.13,13:00,35.80,35.83,35.37,35.58,71
2014.11.13,14:00,35.57,35.62,35.19,35.21,51
2014.11.13,15:00,35.21,35.22,34.85,35.13,67
2014.11.13,16:00,35.14,35.69,35.05,35.63,80
2014.11.13,17:00,35.63,35.88,35.55,35.64,66
2014.11.13,18:00,35.64,35.71,35.37,35.59,64
2014.11.14,10:00,35.75,35.87,35.43,35.50,64
2014.11.14,11:00,35.49,36.04,35.46,35.84,82
2014.11.14,12:00,35.84,35.94,35.64,35.75,52
2014.11.14,13:00,35.76,35.76,35.40,35.50,47
2014.11.14,14:00,35.49,35.84,35.41,35.73,63
2014.11.14,15:00,35.73,35.95,35.62,35.74,66
2014.11.14,16:00,35.74,35.90,35.67,35.84,37
2014.11.14,17:00,35.85,35.98,35.75,35.93,39
2014.11.14,18:00,35.94,36.01,35.93,35.96,15
2014.11.17,10:00,35.61,36.00,35.48,35.53,97
2014.11.17,11:00,35.56,35.72,35.34,35.50,71
2014.11.17,12:00,35.51,35.83,35.46,35.73,53
2014.11.17,13:00,35.73,35.92,35.64,35.91,39
2014.11.17,14:00,35.89,36.14,35.82,36.07,47
2014.11.17,15:00,36.07,36.22,36.05,36.19,23
2014.11.17,16:00,36.19,36.19,35.97,36.05,31
2014.11.17,17:00,36.04,36.74,36.04,36.58,87
2014.11.17,18:00,36.58,36.61,36.38,36.45,34
2014.11.18,10:00,36.60,36.87,36.42,36.73,78
2014.11.18,11:00,36.72,36.95,36.71,36.91,30
2014.11.18,12:00,36.90,37.13,36.83,36.98,53
2014.11.18,13:00,36.99,37.01,36.84,36.97,33
2014.11.18,14:00,36.96,37.12,36.95,37.11,20
2014.11.18,15:00,37.12,37.12,36.84,36.94,39
2014.11.18,16:00,36.93,37.25,36.92,37.21,39
2014.11.18,17:00,37.21,37.25,36.89,36.90,42
2014.11.18,18:00,36.92,37.01,36.80,36.98,37
2014.11.19,10:00,37.06,37.16,36.86,37.01,56
2014.11.19,11:00,37.03,37.39,36.99,37.30,54
2014.11.19,12:00,37.31,37.33,37.19,37.20,18
2014.11.19,13:00,37.21,37.22,36.98,37.16,44
2014.11.19,14:00,37.17,37.56,37.14,37.49,53
2014.11.19,15:00,37.48,37.50,37.23,37.34,41
2014.11.19,16:00,37.34,37.42,37.13,37.21,46
2014.11.19,17:00,37.20,37.22,36.86,36.92,45
2014.11.19,18:00,36.93,37.03,36.80,36.98,42
2014.11.20,10:00,36.87,36.90,36.02,36.21,111
2014.11.20,11:00,36.22,36.41,36.18,36.31,38
2014.11.20,12:00,36.32,36.35,36.00,36.00,39
2014.11.20,13:00,36.01,36.16,35.93,35.97,43
2014.11.20,14:00,35.96,36.06,35.93,35.99,24
2014.11.20,15:00,35.98,36.17,35.95,35.95,42
2014.11.20,16:00,35.95,36.21,35.83,36.19,53
2014.11.20,17:00,36.23,36.42,36.08,36.37,55
2014.11.20,18:00,36.37,36.44,36.33,36.40,20
2014.11.21,10:00,36.56,36.97,36.45,36.92,69
2014.11.21,11:00,36.92,37.13,36.88,37.07,36
2014.11.21,12:00,37.07,37.48,37.04,37.45,51
2014.11.21,13:00,37.45,37.68,37.27,37.67,61
2014.11.21,14:00,37.66,37.94,37.63,37.92,37
2014.11.21,15:00,37.93,37.97,37.85,37.95,23
2014.11.21,16:00,37.96,38.15,37.90,38.11,36
2014.11.21,17:00,38.12,38.12,37.85,37.95,38
2014.11.21,18:00,37.96,38.11,37.86,38.11,36
2014.11.24,10:00,38.31,39.22,38.31,39.21,93
2014.11.24,11:00,39.20,39.44,39.20,39.26,43
2014.11.24,12:00,39.25,39.53,39.22,39.49,39
2014.11.24,13:00,39.49,39.53,39.19,39.33,53
2014.11.24,14:00,39.33,39.55,39.31,39.35,47
2014.11.24,15:00,39.34,39.42,39.29,39.32,25
2014.11.24,16:00,39.32,39.34,38.97,39.00,43
2014.11.24,17:00,38.98,39.17,38.91,38.98,53
2014.11.24,18:00,38.98,39.01,38.81,38.87,30
2014.11.25,10:00,38.98,39.68,38.97,39.57,84
2014.11.25,11:00,39.56,39.72,39.52,39.65,32
2014.11.25,12:00,39.66,39.79,39.54,39.74,43
2014.11.25,13:00,39.74,40.05,39.66,39.93,60
2014.11.25,14:00,39.93,40.11,39.90,40.06,30
2014.11.25,15:00,40.08,40.22,39.99,40.03,42
2014.11.25,16:00,40.03,40.04,39.68,39.78,48
2014.11.25,17:00,39.77,39.77,39.45,39.45,33
2014.11.25,18:00,39.45,39.47,39.36,39.39,17
2014.11.26,10:00,39.77,39.86,39.29,39.30,68
2014.11.26,11:00,39.30,39.43,39.03,39.40,71
2014.11.26,12:00,39.40,39.42,39.20,39.22,27
2014.11.26,13:00,39.21,39.33,39.19,39.23,27
2014.11.26,14:00,39.23,39.31,39.00,39.00,40
2014.11.26,15:00,39.01,39.29,38.97,39.14,52
2014.11.26,16:00,39.15,39.27,39.05,39.20,40
2014.11.26,17:00,39.17,39.36,39.15,39.27,33
2014.11.26,18:00,39.28,39.33,39.18,39.33,26
2014.11.27,10:00,39.40,39.64,39.30,39.46,63
2014.11.27,11:00,39.46,39.85,39.43,39.80,51
2014.11.27,12:00,39.80,39.82,39.54,39.64,41
2014.11.27,13:00,39.64,39.65,39.50,39.51,18
2014.11.27,14:00,39.52,39.60,39.45,39.59,24
2014.11.27,15:00,39.61,39.70,39.54,39.60,32
2014.11.27,16:00,39.61,39.76,39.58,39.70,28
2014.11.27,17:00,39.71,39.77,39.58,39.71,39
2014.11.27,18:00,39.72,39.81,39.65,39.69,30
2014.11.28,10:00,39.72,39.83,39.38,39.41,60
2014.11.28,11:00,39.41,39.90,39.38,39.75,71
2014.11.28,12:00,39.74,39.76,39.54,39.55,26
2014.11.28,13:00,39.55,39.80,39.54,39.77,31
2014.11.28,14:00,39.78,39.79,39.55,39.56,27
2014.11.28,15:00,39.55,39.71,39.53,39.67,25
2014.11.28,16:00,39.68,39.72,39.54,39.66,35
2014.11.28,17:00,39.66,39.68,39.49,39.64,37
2014.11.28,18:00,39.64,39.90,39.62,39.86,35
2014.12.01,10:00,39.44,39.64,39.09,39.11,78
2014.12.01,11:00,39.10,39.14,38.63,39.07,100
2014.12.01,12:00,39.07,39.15,38.88,38.93,41
2014.12.01,13:00,38.94,38.96,38.76,38.89,36
2014.12.01,14:00,38.89,39.01,38.77,38.79,39
2014.12.01,15:00,38.79,39.00,38.75,39.00,30
2014.12.01,16:00,39.02,39.22,38.93,39.01,58
2014.12.01,17:00,39.01,39.09,38.92,38.99,33
2014.12.01,18:00,38.97,39.12,38.96,39.04,26
2014.12.02,10:00,39.40,39.43,39.19,39.36,45
2014.12.02,11:00,39.36,39.65,39.23,39.25,74
2014.12.02,12:00,39.23,39.23,38.76,38.84,56
2014.12.02,13:00,38.85,38.97,38.81,38.93,25
2014.12.02,14:00,38.93,39.25,38.89,39.20,46
2014.12.02,15:00,39.21,39.28,39.02,39.11,43
2014.12.02,16:00,39.12,39.19,38.84,38.94,53
2014.12.02,17:00,38.95,39.09,38.86,39.08,34
2014.12.02,18:00,39.07,39.13,38.98,39.00,24
2014.12.03,10:00,38.95,39.33,38.95,39.24,48
2014.12.03,11:00,39.24,39.47,39.20,39.36,43
2014.12.03,12:00,39.37,39.41,39.17,39.25,37
2014.12.03,13:00,39.26,39.28,39.18,39.23,18
2014.12.03,14:00,39.22,39.23,39.08,39.16,25
2014.12.03,15:00,39.15,39.25,39.05,39.24,32
2014.12.03,16:00,39.24,39.46,39.16,39.40,45
2014.12.03,17:00,39.40,39.41,39.18,39.25,32
2014.12.03,18:00,39.25,39.29,39.04,39.16,42
2014.12.04,10:00,39.17,39.28,39.03,39.13,47
2014.12.04,11:00,39.13,39.32,39.12,39.13,41
2014.12.04,12:00,39.15,39.27,39.11,39.16,32
2014.12.04,13:00,39.15,39.22,39.10,39.17,23
2014.12.04,14:00,39.17,39.21,39.10,39.20,20
2014.12.04,15:00,39.21,39.42,37.67,37.90,220
2014.12.04,16:00,37.91,38.81,37.82,38.00,190
2014.12.04,17:00,38.04,38.28,37.87,38.20,67
2014.12.04,18:00,38.19,38.23,37.97,37.97,31
2014.12.05,10:00,38.46,39.00,38.39,38.97,72
2014.12.05,11:00,38.97,39.14,38.86,38.98,56
2014.12.05,12:00,38.98,38.99,38.79,38.85,28
2014.12.05,13:00,38.85,39.09,38.84,39.01,35
2014.12.05,14:00,39.01,39.10,38.97,39.10,18
2014.12.05,15:00,39.10,39.36,38.96,39.27,64
2014.12.05,16:00,39.27,39.29,39.11,39.19,29
2014.12.05,17:00,39.20,39.26,39.06,39.08,29
2014.12.05,18:00,39.08,39.26,39.08,39.26,19
2014.12.08,10:00,38.92,39.14,38.81,38.92,67
2014.12.08,11:00,38.92,38.97,38.67,38.89,58
2014.12.08,12:00,38.87,38.99,38.74,38.98,40
2014.12.08,13:00,38.98,39.00,38.82,38.83,22
2014.12.08,14:00,38.83,38.91,38.76,38.78,26
2014.12.08,15:00,38.78,38.88,38.66,38.84,39
2014.12.08,16:00,38.85,39.00,38.82,38.93,29
2014.12.08,17:00,38.96,39.00,38.75,38.77,32
2014.12.08,18:00,38.76,38.83,38.64,38.65,28
2014.12.09,10:00,38.22,38.22,37.53,37.74,91
2014.12.09,11:00,37.74,38.02,37.64,37.89,62
2014.12.09,12:00,37.90,38.15,37.89,37.98,45
2014.12.09,13:00,37.98,38.01,37.47,37.56,67
2014.12.09,14:00,37.56,37.62,37.33,37.53,56
2014.12.09,15:00,37.54,37.62,37.36,37.45,44
2014.12.09,16:00,37.46,37.46,36.93,37.33,94
2014.12.09,17:00,37.31,37.40,36.97,37.30,86
2014.12.09,18:00,37.30,37.35,37.10,37.23,44
2014.12.10,10:00,37.38,37.45,36.90,37.04,77
2014.12.10,11:00,36.99,37.31,36.85,37.14,78
2014.12.10,12:00,37.14,37.21,36.91,37.17,58
2014.12.10,13:00,37.17,37.18,36.96,37.03,31
2014.12.10,14:00,37.02,37.05,36.72,36.81,46
2014.12.10,15:00,36.81,37.04,36.63,37.01,63
2014.12.10,16:00,37.00,37.19,36.68,36.70,73
2014.12.10,17:00,36.72,36.90,36.53,36.89,58
2014.12.10,18:00,36.88,36.95,36.80,36.83,26
2014.12.11,10:00,36.46,36.97,36.30,36.80,101
2014.12.11,11:00,36.81,36.90,36.47,36.70,76
2014.12.11,12:00,36.69,36.95,36.57,36.65,73
2014.12.11,13:00,36.65,36.71,36.36,36.36,42
2014.12.11,14:00,36.35,36.50,36.18,36.38,62
2014.12.11,15:00,36.38,36.59,36.22,36.56,57
2014.12.11,16:00,36.56,36.80,36.51,36.67,48
2014.12.11,17:00,36.65,36.86,36.57,36.59,53
2014.12.11,18:00,36.56,36.65,36.48,36.53,32
2014.12.12,10:00,36.25,36.46,35.90,35.94,82
2014.12.12,11:00,35.95,36.24,35.83,36.03,75
2014.12.12,12:00,36.02,36.14,35.91,36.02,47
2014.12.12,13:00,36.01,36.01,35.67,35.79,47
2014.12.12,14:00,35.79,35.98,35.73,35.91,39
2014.12.12,15:00,35.93,35.97,35.61,35.64,44
2014.12.12,16:00,35.66,36.11,35.61,36.06,61
2014.12.12,17:00,36.05,36.08,35.55,35.55,57
2014.12.12,18:00,35.56,35.68,35.31,35.31,50
2014.12.15,10:00,35.25,35.73,35.14,35.69,75
2014.12.15,11:00,35.69,35.92,35.59,35.90,46
2014.12.15,12:00,35.91,35.96,35.72,35.85,43
2014.12.15,13:00,35.86,35.91,35.56,35.62,47
2014.12.15,14:00,35.61,35.90,35.59,35.73,51
2014.12.15,15:00,35.74,35.81,35.29,35.40,71
2014.12.15,16:00,35.40,35.56,35.11,35.27,78
2014.12.15,17:00,35.32,35.32,34.41,34.51,102
2014.12.15,18:00,34.52,34.52,34.17,34.31,50
2014.12.16,10:00,34.51,34.61,33.32,33.81,189
2014.12.16,11:00,33.81,34.18,33.44,34.12,118
2014.12.16,12:00,34.13,34.40,33.89,34.18,98
2014.12.16,13:00,34.17,34.17,33.05,33.10,118
2014.12.16,14:00,33.11,33.13,31.83,32.42,192
2014.12.16,15:00,32.43,33.12,32.38,32.75,117
2014.12.16,16:00,32.77,33.29,32.70,33.15,81
2014.12.16,17:00,33.17,33.97,33.12,33.93,95
2014.12.16,18:00,33.93,34.24,33.85,34.17,55
2014.12.17,10:00,33.45,33.92,33.23,33.60,124
2014.12.17,11:00,33.60,33.60,33.22,33.26,43
2014.12.17,12:00,33.26,33.61,33.15,33.32,87
2014.12.17,13:00,33.34,33.45,33.09,33.30,69
2014.12.17,14:00,33.27,33.50,33.23,33.30,52
2014.12.17,15:00,33.28,33.30,33.10,33.14,27
2014.12.17,16:00,33.14,33.61,33.05,33.60,67
2014.12.17,17:00,33.60,34.18,33.43,33.84,127
2014.12.17,18:00,33.84,34.10,33.82,33.93,48
2014.12.18,10:00,34.53,35.23,34.52,34.98,98
2014.12.18,11:00,34.98,35.26,34.82,34.96,87
2014.12.18,12:00,34.96,35.12,34.88,35.05,40
2014.12.18,13:00,35.05,35.17,34.96,35.02,40
2014.12.18,14:00,35.02,35.33,35.02,35.32,33
2014.12.18,15:00,35.31,35.36,35.17,35.36,34
2014.12.18,16:00,35.36,35.56,35.27,35.41,54
2014.12.18,17:00,35.43,35.50,35.27,35.28,32
2014.12.18,18:00,35.27,35.34,35.06,35.27,57
2014.12.19,10:00,35.60,35.72,35.13,35.18,77
2014.12.19,11:00,35.18,35.28,34.84,35.01,72
2014.12.19,12:00,35.04,35.07,34.27,34.38,95
2014.12.19,13:00,34.40,34.78,34.15,34.43,124
2014.12.19,14:00,34.42,34.74,34.33,34.47,78
2014.12.19,15:00,34.46,34.50,34.20,34.29,44
2014.12.19,16:00,34.30,34.52,34.17,34.49,52
2014.12.19,17:00,34.49,34.91,34.42,34.87,61
2014.12.19,18:00,34.86,34.89,34.34,34.35,60
2014.12.22,10:00,34.55,35.07,34.50,35.00,70
2014.12.22,11:00,34.99,35.03,34.76,34.79,35
2014.12.22,12:00,34.78,34.81,34.59,34.71,38
2014.12.22,13:00,34.70,34.76,34.60,34.66,29
2014.12.22,14:00,34.64,34.73,34.52,34.72,35
2014.12.22,15:00,34.73,34.86,34.54,34.84,54
2014.12.22,16:00,34.85,34.86,34.58,34.64,36
2014.12.22,17:00,34.65,34.80,34.53,34.72,48
2014.12.22,18:00,34.71,34.76,34.66,34.73,19
2014.12.23,10:00,34.95,35.02,34.74,34.92,54
2014.12.23,11:00,34.93,35.04,34.75,35.01,51
2014.12.23,12:00,34.98,35.13,34.91,35.10,33
2014.12.23,13:00,35.10,35.29,35.10,35.23,26
2014.12.23,14:00,35.23,35.27,35.16,35.22,22
2014.12.23,15:00,35.23,35.37,35.05,35.33,55
2014.12.23,16:00,35.34,35.58,35.31,35.51,38
2014.12.23,17:00,35.49,35.54,35.34,35.41,33
2014.12.23,18:00,35.41,35.53,35.41,35.52,14
2014.12.24,10:00,35.49,35.54,35.47,35.48,14
2014.12.24,11:00,35.48,35.48,35.37,35.41,16
2014.12.24,12:00,35.41,35.52,35.41,35.46,18
2014.12.24,13:00,35.46,35.48,35.31,35.36,25
2014.12.24,14:00,35.36,35.37,35.36,35.37,2
2014.12.29,10:00,35.60,35.65,35.13,35.14,59
2014.12.29,11:00,35.13,35.24,34.62,34.92,104
2014.12.29,12:00,34.93,35.04,34.35,34.65,111
2014.12.29,13:00,34.66,34.99,34.65,34.73,62
2014.12.29,14:00,34.72,34.85,34.49,34.52,53
2014.12.29,15:00,34.52,34.60,34.33,34.52,55
2014.12.29,16:00,34.52,34.84,34.46,34.79,50
2014.12.29,17:00,34.82,35.15,34.78,35.08,49
2014.12.29,18:00,35.08,35.22,35.00,35.21,32
2014.12.30,10:00,35.01,35.12,34.82,34.91,51
2014.12.30,11:00,34.91,35.27,34.82,35.27,55
2014.12.30,12:00,35.25,35.36,35.21,35.21,27
2014.12.30,13:00,35.19,35.24,35.12,35.17,23
2014.12.30,14:00,35.17,35.30,35.05,35.11,45
2014.12.30,15:00,35.10,35.13,34.97,35.13,30
2014.12.30,16:00,35.14,35.35,35.09,35.18,49
2014.12.30,17:00,35.18,35.18,35.06,35.14,21
2014.12.30,18:00,35.15,35.17,34.84,34.84,36
2014.12.31,10:00,34.88,35.08,34.88,34.97,32
2014.12.31,11:00,34.97,35.13,34.97,35.10,20
2014.12.31,12:00,35.09,35.21,35.03,35.03,31
2014.12.31,13:00,35.04,35.09,34.95,35.01,26
2014.12.31,14:00,35.02,35.06,34.92,34.93,20
2015.01.02,10:00,35.19,35.54,35.11,35.11,79
2015.01.02,11:00,35.10,35.34,34.78,35.30,93
2015.01.02,12:00,35.31,35.59,35.30,35.50,40
2015.01.02,13:00,35.50,35.58,35.37,35.42,35
2015.01.02,14:00,35.42,35.57,35.42,35.52,21
2015.01.02,15:00,35.52,35.72,35.50,35.68,29
2015.01.02,16:00,35.66,36.02,35.63,35.90,55
2015.01.02,17:00,35.90,35.95,35.35,35.38,69
2015.01.02,18:00,35.38,35.42,35.16,35.38,53
2015.01.05,10:00,35.16,35.73,34.90,35.65,118
2015.01.05,11:00,35.64,35.65,35.31,35.39,44
2015.01.05,12:00,35.39,35.44,34.93,34.95,59
2015.01.05,13:00,34.94,35.05,34.80,34.88,45
2015.01.05,14:00,34.89,35.03,34.81,34.86,42
2015.01.05,15:00,34.87,34.96,34.34,34.39,77
2015.01.05,16:00,34.39,34.50,33.71,33.84,104
2015.01.05,17:00,33.83,34.07,33.70,33.86,72
2015.01.05,18:00,33.86,33.87,33.58,33.58,31
2015.01.06,10:00,33.90,33.91,33.17,33.42,101
2015.01.06,11:00,33.43,33.88,33.29,33.58,104
2015.01.06,12:00,33.58,33.72,33.37,33.61,68
2015.01.06,13:00,33.61,33.99,33.56,33.89,59
2015.01.06,14:00,33.88,33.92,33.68,33.83,44
2015.01.06,15:00,33.83,34.04,33.61,33.68,72
2015.01.06,16:00,33.68,33.89,33.62,33.74,49
2015.01.06,17:00,33.70,34.01,33.45,33.45,88
2015.01.06,18:00,33.45,33.46,33.18,33.19,31
2015.01.07,10:00,33.36,33.65,33.19,33.51,78
2015.01.07,11:00,33.53,33.65,32.87,33.04,108
2015.01.07,12:00,33.04,33.62,33.02,33.55,70
2015.01.07,13:00,33.56,33.56,33.15,33.40,67
2015.01.07,14:00,33.40,33.56,33.27,33.48,51
2015.01.07,15:00,33.50,33.55,33.36,33.42,31
2015.01.07,16:00,33.42,33.58,33.23,33.29,58
2015.01.07,17:00,33.31,33.32,32.74,32.84,70
2015.01.07,18:00,32.85,32.92,32.61,32.65,43
2015.01.08,10:00,33.37,33.49,32.97,33.45,97
2015.01.08,11:00,33.45,33.68,33.37,33.41,59
2015.01.08,12:00,33.41,33.50,33.18,33.44,62
2015.01.08,13:00,33.45,33.71,33.44,33.61,39
2015.01.08,14:00,33.61,33.92,33.42,33.47,87
2015.01.08,15:00,33.48,33.49,32.86,33.16,95
2015.01.08,16:00,33.16,33.56,33.13,33.50,53
2015.01.08,17:00,33.51,34.05,33.51,34.05,55
2015.01.08,18:00,34.06,34.13,33.79,33.86,49
2015.01.09,10:00,33.75,34.04,33.55,34.02,72
2015.01.09,11:00,34.04,34.34,33.86,33.96,89
2015.01.09,12:00,33.96,34.18,33.96,34.10,31
2015.01.09,13:00,34.11,34.21,33.86,34.11,71
2015.01.09,14:00,34.11,34.13,33.80,33.85,41
2015.01.09,15:00,33.86,34.20,33.70,34.09,78
2015.01.09,16:00,34.09,34.11,33.51,33.60,72
2015.01.09,17:00,33.56,33.66,33.12,33.33,86
2015.01.09,18:00,33.33,33.33,33.01,33.18,50
2015.01.12,10:00,33.61,33.76,33.30,33.42,74
2015.01.12,11:00,33.43,33.83,33.15,33.79,101
2015.01.12,12:00,33.79,33.93,33.58,33.64,56
2015.01.12,13:00,33.64,33.88,33.64,33.87,26
2015.01.12,14:00,33.84,33.85,33.55,33.57,34
2015.01.12,15:00,33.57,33.75,33.41,33.42,54
2015.01.12,16:00,33.42,33.65,33.00,33.07,96
2015.01.12,17:00,33.06,33.64,32.86,33.64,99
2015.01.12,18:00,33.65,33.85,33.43,33.46,66
2015.01.13,10:00,33.21,33.59,33.18,33.19,81
2015.01.13,11:00,33.20,33.77,33.11,33.52,101
2015.01.13,12:00,33.53,33.69,33.39,33.62,52
2015.01.13,13:00,33.63,33.99,33.59,33.98,46
2015.01.13,14:00,33.98,34.00,33.79,33.90,35
2015.01.13,15:00,33.90,33.94,33.70,33.89,48
2015.01.13,16:00,33.87,34.23,33.87,34.21,39
2015.01.13,17:00,34.22,34.29,33.93,33.95,46
2015.01.13,18:00,33.96,34.06,33.64,33.83,72
2015.01.14,10:00,33.32,33.70,33.12,33.45,104
2015.01.14,11:00,33.45,34.18,33.38,34.18,88
2015.01.14,12:00,34.19,34.35,33.78,34.02,98
2015.01.14,13:00,34.01,34.18,33.86,33.86,50
2015.01.14,14:00,33.85,34.12,33.77,33.85,71
2015.01.14,15:00,33.85,33.95,33.30,33.53,99
2015.01.14,16:00,33.53,33.71,33.37,33.61,61
2015.01.14,17:00,33.60,33.92,33.54,33.66,71
2015.01.14,18:00,33.66,33.67,33.42,33.42,27
2015.01.15,10:00,33.70,34.22,33.70,33.97,78
2015.01.15,11:00,33.97,34.08,32.45,33.39,269
2015.01.15,12:00,33.39,33.92,33.11,33.38,162
2015.01.15,13:00,33.39,33.84,33.12,33.69,115
2015.01.15,14:00,33.69,34.14,33.64,33.87,83
2015.01.15,15:00,33.86,34.18,33.82,34.07,52
2015.01.15,16:00,34.07,34.40,33.94,34.13,87
2015.01.15,17:00,34.06,34.38,33.93,34.04,89
2015.01.15,18:00,34.06,34.19,33.91,33.92,43
2015.01.16,10:00,33.80,34.15,33.80,33.91,60
2015.01.16,11:00,33.88,33.93,33.46,33.65,72
2015.01.16,12:00,33.63,33.81,33.42,33.58,74
2015.01.16,13:00,33.57,33.98,33.53,33.87,61
2015.01.16,14:00,33.86,33.88,33.57,33.61,38
2015.01.16,15:00,33.62,33.73,33.44,33.64,57
2015.01.16,16:00,33.64,34.14,33.62,33.95,74
2015.01.16,17:00,33.93,34.26,33.90,34.20,46
2015.01.16,18:00,34.19,34.26,34.02,34.10,40
2015.01.19,10:00,34.28,34.74,34.11,34.59,96
2015.01.19,11:00,34.58,34.96,34.43,34.52,101
2015.01.19,12:00,34.52,34.78,34.52,34.78,27
2015.01.19,13:00,34.78,34.95,34.73,34.76,43
2015.01.19,14:00,34.77,35.02,34.77,34.98,30
2015.01.19,15:00,34.98,35.30,34.88,35.28,55
2015.01.19,16:00,35.28,35.48,35.25,35.31,44
2015.01.19,17:00,35.31,35.38,34.99,35.00,48
2015.01.19,18:00,35.01,35.08,34.83,34.93,43
2015.01.20,10:00,35.02,35.78,35.00,35.63,96
2015.01.20,11:00,35.62,35.90,35.61,35.87,34
2015.01.20,12:00,35.87,36.10,35.86,36.06,30
2015.01.20,13:00,36.05,36.40,35.97,36.30,62
2015.01.20,14:00,36.29,36.56,36.25,36.49,43
2015.01.20,15:00,36.49,36.57,36.46,36.52,20
2015.01.20,16:00,36.51,36.58,36.32,36.39,41
2015.01.20,17:00,36.39,36.59,36.25,36.43,65
2015.01.20,18:00,36.42,36.43,36.26,36.33,26
2015.01.21,10:00,36.52,36.64,36.02,36.10,83
2015.01.21,11:00,36.11,36.42,36.10,36.32,44
2015.01.21,12:00,36.30,36.51,36.28,36.42,35
2015.01.21,13:00,36.42,36.47,36.23,36.29,36
2015.01.21,14:00,36.29,36.38,36.19,36.27,37
2015.01.21,15:00,36.26,36.37,35.96,35.98,55
2015.01.21,16:00,36.00,36.74,35.72,36.47,158
2015.01.21,17:00,36.52,36.90,36.25,36.76,107
2015.01.21,18:00,36.76,36.87,36.52,36.64,59
2015.01.22,10:00,36.79,36.97,36.71,36.90,42
2015.01.22,11:00,36.91,37.06,36.71,36.92,70
2015.01.22,12:00,36.91,37.10,36.78,37.04,52
2015.01.22,13:00,37.05,37.29,36.95,37.29,45
2015.01.22,14:00,37.29,37.44,36.92,37.36,98
2015.01.22,15:00,37.36,38.19,37.03,37.61,208
2015.01.22,16:00,37.60,38.23,37.34,37.87,152
2015.01.22,17:00,37.87,38.48,37.80,38.45,79
2015.01.22,18:00,38.43,38.48,38.00,38.26,80
2015.01.23,10:00,38.40,39.07,38.40,39.04,71
2015.01.23,11:00,39.04,39.06,38.52,38.66,71
2015.01.23,12:00,38.64,38.72,38.46,38.62,51
2015.01.23,13:00,38.64,38.82,38.57,38.66,49
2015.01.23,14:00,38.66,38.98,38.57,38.70,79
2015.01.23,15:00,38.71,38.71,38.30,38.30,42
2015.01.23,16:00,38.30,38.30,37.54,37.72,95
2015.01.23,17:00,37.71,37.95,37.45,37.88,84
2015.01.23,18:00,37.88,37.90,37.68,37.83,40
2015.01.26,10:00,37.51,37.84,37.29,37.60,102
2015.01.26,11:00,37.60,38.27,37.60,38.11,84
2015.01.26,12:00,38.10,38.28,37.98,38.02,53
2015.01.26,13:00,38.02,38.09,37.84,37.92,41
2015.01.26,14:00,37.92,38.05,37.83,38.04,33
2015.01.26,15:00,38.04,38.18,37.99,38.12,31
2015.01.26,16:00,38.13,38.29,38.01,38.15,55
2015.01.26,17:00,38.16,38.21,37.90,38.14,61
2015.01.26,18:00,38.13,38.26,38.04,38.11,43
2015.01.27,10:00,37.98,38.04,37.47,37.49,66
2015.01.27,11:00,37.51,37.55,37.01,37.06,64
2015.01.27,12:00,37.07,37.22,36.93,37.01,53
2015.01.27,13:00,37.01,37.02,36.57,36.77,67
2015.01.27,14:00,36.79,37.03,36.59,36.94,74
2015.01.27,15:00,36.94,37.13,36.60,36.98,103
2015.01.27,16:00,36.96,37.16,36.72,37.04,81
2015.01.27,17:00,36.98,37.15,36.79,37.01,70
2015.01.27,18:00,37.02,37.19,37.01,37.17,22
2015.01.28,10:00,37.55,37.62,36.71,36.73,101
2015.01.28,11:00,36.73,36.81,36.34,36.59,81
2015.01.28,12:00,36.59,36.59,36.20,36.28,48
2015.01.28,13:00,36.28,36.62,36.22,36.25,78
2015.01.28,14:00,36.23,36.42,36.17,36.34,40
2015.01.28,15:00,36.35,36.39,36.22,36.28,28
2015.01.28,16:00,36.28,36.40,36.16,36.26,47
2015.01.28,17:00,36.27,36.31,35.98,35.99,39
2015.01.28,18:00,35.99,36.06,35.90,35.99,33
2015.01.29,10:00,35.90,36.22,35.72,35.80,91
2015.01.29,11:00,35.81,36.09,35.71,35.93,65
2015.01.29,12:00,35.92,36.44,35.92,36.41,56
2015.01.29,13:00,36.43,36.56,36.14,36.54,74
2015.01.29,14:00,36.56,36.59,36.15,36.16,49
2015.01.29,15:00,36.18,36.18,35.69,35.77,58
2015.01.29,16:00,35.78,36.18,35.69,36.16,61
2015.01.29,17:00,36.16,36.28,35.83,36.04,79
2015.01.29,18:00,36.02,36.28,36.01,36.23,34
2015.01.30,10:00,36.45,36.70,36.16,36.44,108
2015.01.30,11:00,36.45,36.49,36.00,36.27,81
2015.01.30,12:00,36.27,36.31,35.83,35.91,61
2015.01.30,13:00,35.89,36.22,35.89,36.17,39
2015.01.30,14:00,36.19,36.21,36.01,36.10,32
2015.01.30,15:00,36.11,36.13,35.73,35.79,49
2015.01.30,16:00,35.80,36.14,35.77,36.00,55
2015.01.30,17:00,36.00,36.06,35.61,35.76,67
2015.01.30,18:00,35.74,35.83,35.53,35.73,60
2015.02.02,10:00,35.64,35.86,35.45,35.68,79
2015.02.02,11:00,35.68,35.74,35.23,35.42,77
2015.02.02,12:00,35.41,35.46,35.22,35.36,44
2015.02.02,13:00,35.37,35.52,35.30,35.33,41
2015.02.02,14:00,35.35,35.44,35.28,35.34,32
2015.02.02,15:00,35.34,35.37,35.17,35.26,33
2015.02.02,16:00,35.27,35.72,35.25,35.55,67
2015.02.02,17:00,35.53,35.91,35.28,35.88,92
2015.02.02,18:00,35.88,35.97,35.80,35.95,28
2015.02.03,10:00,36.28,37.24,36.28,37.24,97
2015.02.03,11:00,37.25,37.48,37.20,37.36,46
2015.02.03,12:00,37.36,37.39,37.02,37.29,68
2015.02.03,13:00,37.28,37.32,37.15,37.31,32
2015.02.03,14:00,37.31,37.32,37.15,37.31,35
2015.02.03,15:00,37.31,37.32,36.96,37.14,56
2015.02.03,16:00,37.17,37.62,37.09,37.60,64
2015.02.03,17:00,37.63,37.63,37.42,37.51,31
2015.02.03,18:00,37.52,37.67,37.50,37.65,22
2015.02.04,10:00,37.56,37.75,37.11,37.69,116
2015.02.04,11:00,37.70,37.79,37.35,37.49,68
2015.02.04,12:00,37.50,37.57,37.08,37.28,77
2015.02.04,13:00,37.29,37.40,37.22,37.40,26
2015.02.04,14:00,37.41,37.54,37.11,37.26,72
2015.02.04,15:00,37.25,37.27,36.90,37.04,54
2015.02.04,16:00,37.04,37.10,36.88,37.00,41
2015.02.04,17:00,37.01,37.26,36.96,37.03,59
2015.02.04,18:00,37.02,37.06,36.92,37.02,29
2015.02.05,10:00,36.52,36.61,36.07,36.35,92
2015.02.05,11:00,36.36,36.66,36.32,36.59,46
2015.02.05,12:00,36.60,36.69,36.36,36.42,49
2015.02.05,13:00,36.42,36.66,36.35,36.60,45
2015.02.05,14:00,36.60,36.87,36.55,36.62,63
2015.02.05,15:00,36.61,36.84,36.59,36.62,50
2015.02.05,16:00,36.63,36.77,36.52,36.69,45
2015.02.05,17:00,36.70,36.79,36.59,36.66,37
2015.02.05,18:00,36.66,36.92,36.66,36.82,37
2015.02.06,10:00,36.81,37.60,36.70,37.24,138
2015.02.06,11:00,37.25,37.31,37.04,37.08,38
2015.02.06,12:00,37.08,37.22,36.94,36.94,43
2015.02.06,13:00,36.96,37.11,36.94,36.99,32
2015.02.06,14:00,36.99,37.06,36.83,36.83,31
2015.02.06,15:00,36.83,37.35,36.70,37.23,91
2015.02.06,16:00,37.23,37.60,37.17,37.34,76
2015.02.06,17:00,37.35,37.41,37.22,37.25,29
2015.02.06,18:00,37.24,37.29,37.16,37.26,25
2015.02.09,10:00,36.68,36.84,36.23,36.30,85
2015.02.09,11:00,36.29,36.56,36.20,36.31,71
2015.02.09,12:00,36.30,36.62,36.27,36.57,44
2015.02.09,13:00,36.57,36.62,36.11,36.13,59
2015.02.09,14:00,36.12,36.32,36.10,36.13,44
2015.02.09,15:00,36.13,36.22,35.98,36.08,44
2015.02.09,16:00,36.09,36.38,36.01,36.21,63
2015.02.09,17:00,36.20,36.38,36.14,36.15,44
2015.02.09,18:00,36.16,36.44,36.15,36.40,35
2015.02.10,10:00,36.38,36.46,36.05,36.15,60
2015.02.10,11:00,36.14,36.29,36.06,36.27,34
2015.02.10,12:00,36.27,36.32,36.12,36.26,40
2015.02.10,13:00,36.26,36.50,36.26,36.49,26
2015.02.10,14:00,36.50,37.12,36.50,36.83,92
2015.02.10,15:00,36.82,37.01,36.82,36.96,25
2015.02.10,16:00,36.97,37.15,36.65,36.66,70
2015.02.10,17:00,36.66,36.85,36.28,36.36,85
2015.02.10,18:00,36.37,36.57,36.28,36.55,41
2015.02.11,10:00,36.64,36.82,36.32,36.49,86
2015.02.11,11:00,36.49,36.70,36.37,36.51,65
2015.02.11,12:00,36.51,36.79,36.41,36.69,59
2015.02.11,13:00,36.69,36.76,36.52,36.59,39
2015.02.11,14:00,36.58,36.71,36.56,36.63,26
2015.02.11,15:00,36.63,36.65,36.36,36.44,40
2015.02.11,16:00,36.47,36.50,36.25,36.26,30
2015.02.11,17:00,36.28,36.37,36.16,36.20,35
2015.02.11,18:00,36.19,36.35,36.14,36.30,32
2015.02.12,10:00,35.74,35.97,35.26,35.92,125
2015.02.12,11:00,35.92,37.25,35.88,37.17,150
2015.02.12,12:00,37.16,37.20,36.75,37.00,75
2015.02.12,13:00,37.00,37.14,36.84,37.00,61
2015.02.12,14:00,37.01,37.15,36.85,37.11,51
2015.02.12,15:00,37.12,37.12,36.94,37.08,33
2015.02.12,16:00,37.07,37.25,36.93,37.13,59
2015.02.12,17:00,37.13,37.20,37.02,37.03,27
2015.02.12,18:00,37.03,37.04,36.83,36.92,32
2015.02.13,10:00,37.27,38.01,37.18,37.91,103
2015.02.13,11:00,37.92,38.33,37.90,38.30,49
2015.02.13,12:00,38.31,38.61,38.23,38.45,63
2015.02.13,13:00,38.45,38.56,38.32,38.33,37
2015.02.13,14:00,38.33,38.38,38.21,38.25,27
2015.02.13,15:00,38.26,38.54,38.24,38.47,40
2015.02.13,16:00,38.48,38.76,38.27,38.71,76
2015.02.13,17:00,38.67,38.75,38.36,38.36,48
2015.02.13,18:00,38.37,38.54,38.37,38.51,21
2015.02.16,10:00,38.36,38.96,38.35,38.85,74
2015.02.16,11:00,38.85,38.97,38.55,38.66,66
2015.02.16,12:00,38.66,38.92,38.63,38.80,45
2015.02.16,13:00,38.81,38.98,38.79,38.88,32
2015.02.16,14:00,38.88,38.92,38.73,38.78,29
2015.02.16,15:00,38.78,38.82,38.73,38.75,16
2015.02.16,16:00,38.77,38.78,38.55,38.72,42
2015.02.16,17:00,38.74,38.75,38.52,38.66,39
2015.02.16,18:00,38.66,38.67,38.57,38.63,18
2015.02.17,10:00,37.89,38.19,37.60,37.90,118
2015.02.17,11:00,37.89,38.33,37.85,38.23,63
2015.02.17,12:00,38.24,38.56,38.23,38.54,37
2015.02.17,13:00,38.54,38.86,38.54,38.62,57
2015.02.17,14:00,38.65,38.83,38.58,38.81,35
2015.02.17,15:00,38.81,38.83,38.54,38.70,48
2015.02.17,16:00,38.71,38.87,38.19,38.39,105
2015.02.17,17:00,38.39,38.62,38.36,38.42,50
2015.02.17,18:00,38.42,38.51,38.32,38.50,31
2015.02.18,10:00,38.78,39.48,38.77,39.48,73
2015.02.18,11:00,39.48,39.85,39.46,39.72,55
2015.02.18,12:00,39.69,39.81,39.62,39.78,30
2015.02.18,13:00,39.77,39.99,39.77,39.98,24
2015.02.18,14:00,39.99,40.00,39.81,39.91,31
2015.02.18,15:00,39.93,39.96,39.82,39.93,29
2015.02.18,16:00,39.93,39.96,39.82,39.91,27
2015.02.18,17:00,39.91,40.00,39.86,39.99,21
2015.02.18,18:00,40.00,40.19,40.00,40.16,23
2015.02.19,10:00,39.92,40.15,39.31,39.57,134
2015.02.19,11:00,39.58,39.96,39.57,39.96,41
2015.02.19,12:00,39.97,40.04,39.71,39.93,63
2015.02.19,13:00,39.95,40.31,39.91,40.30,46
2015.02.19,14:00,40.30,40.39,39.69,40.06,117
2015.02.19,15:00,40.06,40.32,40.05,40.30,31
2015.02.19,16:00,40.31,40.31,39.86,39.98,58
2015.02.19,17:00,39.95,40.21,39.87,40.15,49
2015.02.19,18:00,40.15,40.25,40.10,40.22,24
2015.02.20,10:00,40.00,40.26,39.94,40.18,47
2015.02.20,11:00,40.18,40.64,40.18,40.56,55
2015.02.20,12:00,40.57,40.72,40.28,40.59,87
2015.02.20,13:00,40.58,40.90,40.58,40.79,44
2015.02.20,14:00,40.79,40.90,40.11,40.16,96
2015.02.20,15:00,40.16,40.24,39.86,40.15,76
2015.02.20,16:00,40.15,40.17,39.86,39.89,37
2015.02.20,17:00,39.89,40.42,39.81,40.34,78
2015.02.20,18:00,40.34,40.49,40.32,40.47,22
2015.02.23,10:00,41.11,41.43,40.90,41.03,99
2015.02.23,11:00,41.04,41.05,40.64,40.65,44
2015.02.23,12:00,40.65,40.72,40.37,40.40,46
2015.02.23,13:00,40.42,40.47,40.08,40.15,52
2015.02.23,14:00,40.16,40.38,40.13,40.23,44
2015.02.23,15:00,40.24,40.32,40.17,40.28,27
2015.02.23,16:00,40.29,40.38,40.21,40.26,32
2015.02.23,17:00,40.25,40.33,40.11,40.21,41
2015.02.23,18:00,40.21,40.45,40.18,40.42,34
2015.02.24,10:00,40.50,40.85,40.15,40.22,113
2015.02.24,11:00,40.22,40.44,40.15,40.33,48
2015.02.24,12:00,40.34,40.49,40.15,40.49,54
2015.02.24,13:00,40.50,40.61,40.45,40.48,31
2015.02.24,14:00,40.48,40.64,40.46,40.64,21
2015.02.24,15:00,40.64,40.72,40.53,40.60,35
2015.02.24,16:00,40.60,40.79,40.38,40.71,72
2015.02.24,17:00,40.71,41.02,40.61,40.99,55
2015.02.24,18:00,41.00,41.12,40.84,40.85,42
2015.02.25,10:00,40.49,40.57,40.16,40.21,55
2015.02.25,11:00,40.19,40.29,40.05,40.12,42
2015.02.25,12:00,40.11,40.16,39.99,40.05,29
2015.02.25,13:00,40.04,40.22,40.02,40.12,33
2015.02.25,14:00,40.13,40.31,40.10,40.29,27
2015.02.25,15:00,40.30,40.41,40.22,40.22,31
2015.02.25,16:00,40.23,40.27,39.99,40.03,37
2015.02.25,17:00,40.05,40.19,40.01,40.12,30
2015.02.25,18:00,40.12,40.27,40.07,40.25,28
2015.02.26,10:00,40.08,40.56,40.02,40.45,72
2015.02.26,11:00,40.43,41.09,40.43,40.87,89
2015.02.26,12:00,40.88,41.05,40.79,41.04,37
2015.02.26,13:00,41.03,41.20,40.99,41.15,31
2015.02.26,14:00,41.17,41.20,40.87,40.89,39
2015.02.26,15:00,40.88,40.98,40.69,40.75,46
2015.02.26,16:00,40.75,41.14,40.70,40.99,65
2015.02.26,17:00,40.99,41.11,40.88,40.97,45
2015.02.26,18:00,40.95,41.04,40.88,40.92,30
2015.02.27,10:00,40.86,41.23,40.77,41.07,72
2015.02.27,11:00,41.07,41.09,40.71,40.71,41
2015.02.27,12:00,40.72,40.90,40.70,40.85,28
2015.02.27,13:00,40.84,41.11,40.82,41.09,34
2015.02.27,14:00,41.09,41.19,41.04,41.15,25
2015.02.27,15:00,41.17,41.17,41.01,41.02,18
2015.02.27,16:00,41.01,41.23,40.87,41.02,72
2015.02.27,17:00,41.03,41.15,40.91,41.12,40
2015.02.27,18:00,41.13,41.29,41.02,41.16,52
2015.03.02,10:00,41.26,41.79,41.26,41.77,56
2015.03.02,11:00,41.78,41.89,41.62,41.79,54
2015.03.02,12:00,41.77,41.79,41.58,41.65,31
2015.03.02,13:00,41.67,41.68,41.44,41.48,30
2015.03.02,14:00,41.50,41.50,41.19,41.31,44
2015.03.02,15:00,41.30,41.42,41.21,41.34,39
2015.03.02,16:00,41.36,41.42,41.16,41.27,44
2015.03.02,17:00,41.23,41.53,41.22,41.51,35
2015.03.02,18:00,41.52,41.55,41.41,41.47,24
2015.03.03,10:00,41.64,41.68,41.17,41.48,87
2015.03.03,11:00,41.49,41.61,41.42,41.44,34
2015.03.03,12:00,41.45,41.50,41.33,41.42,32
2015.03.03,13:00,41.41,41.42,41.26,41.34,26
2015.03.03,14:00,41.34,41.42,41.24,41.26,29
2015.03.03,15:00,41.25,41.32,41.06,41.10,38
2015.03.03,16:00,41.08,41.11,40.74,40.74,41
2015.03.03,17:00,40.73,40.89,40.61,40.64,48
2015.03.03,18:00,40.62,40.73,40.43,40.64,59
2015.03.04,10:00,40.60,40.89,40.44,40.44,75
2015.03.04,11:00,40.43,40.71,40.20,40.65,81
2015.03.04,12:00,40.65,40.73,40.50,40.54,36
2015.03.04,13:00,40.56,40.70,40.53,40.68,23
2015.03.04,14:00,40.67,40.92,40.58,40.89,47
2015.03.04,15:00,40.89,40.99,40.77,40.79,35
2015.03.04,16:00,40.78,40.98,40.65,40.73,62
2015.03.04,17:00,40.72,40.93,40.67,40.91,34
2015.03.04,18:00,40.91,40.98,40.85,40.89,25
2015.03.05,10:00,41.11,41.18,40.81,41.01,65
2015.03.05,11:00,40.90,40.97,40.76,40.88,41
2015.03.05,12:00,40.90,41.03,40.84,40.92,37
2015.03.05,13:00,40.94,41.30,40.94,41.20,47
2015.03.05,14:00,41.19,41.36,41.17,41.21,37
2015.03.05,15:00,41.22,41.40,40.96,41.29,82
2015.03.05,16:00,41.28,41.46,41.04,41.22,79
2015.03.05,17:00,41.22,41.46,41.19,41.35,42
2015.03.05,18:00,41.36,41.38,41.20,41.30,31
2015.03.06,10:00,41.30,41.38,41.12,41.37,46
2015.03.06,11:00,41.35,41.78,41.31,41.71,59
2015.03.06,12:00,41.70,41.74,41.61,41.70,27
2015.03.06,13:00,41.71,41.79,41.69,41.77,15
2015.03.06,14:00,41.77,41.94,41.72,41.94,28
2015.03.06,15:00,41.95,42.01,41.79,42.01,39
2015.03.06,16:00,42.01,42.04,41.75,41.90,48
2015.03.06,17:00,41.91,42.10,41.85,41.88,48
2015.03.06,18:00,41.89,41.89,41.61,41.77,45
2015.03.09,11:00,41.52,41.79,41.23,41.66,99
2015.03.09,12:00,41.66,41.86,41.46,41.69,78
2015.03.09,13:00,41.68,41.86,41.62,41.64,45
2015.03.09,14:00,41.65,41.76,41.50,41.75,43
2015.03.09,15:00,41.75,41.80,41.63,41.68,28
2015.03.09,16:00,41.69,41.69,41.50,41.59,29
2015.03.09,17:00,41.59,41.67,41.36,41.37,41
2015.03.09,18:00,41.37,41.69,41.30,41.63,53
2015.03.09,19:00,41.63,41.68,41.53,41.55,23
2015.03.10,11:00,41.51,41.68,41.23,41.38,78
2015.03.10,12:00,41.38,41.40,41.21,41.28,29
2015.03.10,13:00,41.26,41.33,41.01,41.30,61
2015.03.10,14:00,41.30,41.30,41.01,41.09,38
2015.03.10,15:00,41.08,41.09,40.78,41.00,55
2015.03.10,16:00,40.98,41.08,40.73,40.78,51
2015.03.10,17:00,40.79,41.04,40.70,40.99,49
2015.03.10,18:00,40.98,41.24,40.98,40.99,52
2015.03.10,19:00,41.00,41.08,40.91,40.96,31
2015.03.11,11:00,41.01,41.52,41.01,41.48,56
2015.03.11,12:00,41.48,41.83,41.43,41.82,47
2015.03.11,13:00,41.82,41.99,41.78,41.94,31
2015.03.11,14:00,41.95,41.97,41.79,41.82,24
2015.03.11,15:00,41.82,41.94,41.78,41.88,27
2015.03.11,16:00,41.89,41.96,41.82,41.87,27
2015.03.11,17:00,41.86,41.96,41.71,41.85,50
2015.03.11,18:00,41.85,42.21,41.84,42.21,39
2015.03.11,19:00,42.22,42.30,42.13,42.30,27
2015.03.12,11:00,41.91,42.22,41.87,42.05,57
2015.03.12,12:00,42.07,42.11,41.83,41.98,48
2015.03.12,13:00,41.99,42.28,41.91,41.92,68
2015.03.12,14:00,41.92,42.00,41.79,41.89,40
2015.03.12,15:00,41.90,41.99,41.86,41.96,21
2015.03.12,16:00,41.97,42.22,41.91,42.22,38
2015.03.12,17:00,42.22,42.36,42.14,42.22,45
2015.03.12,18:00,42.21,42.32,41.97,42.00,50
2015.03.12,19:00,42.00,42.16,41.99,42.12,23
2015.03.13,11:00,42.21,42.34,42.01,42.05,51
2015.03.13,12:00,42.05,42.36,42.04,42.30,40
2015.03.13,13:00,42.31,42.31,42.06,42.23,43
2015.03.13,14:00,42.23,42.30,42.00,42.01,39
2015.03.13,15:00,42.01,42.22,41.96,42.18,36
2015.03.13,16:00,42.17,42.40,42.09,42.21,59
2015.03.13,17:00,42.20,42.27,42.10,42.11,26
2015.03.13,18:00,42.11,42.40,42.08,42.36,40
2015.03.13,19:00,42.36,42.39,42.25,42.27,20
2015.03.16,11:00,42.31,42.55,42.30,42.55,27
2015.03.16,12:00,42.54,42.81,42.53,42.80,31
2015.03.16,13:00,42.81,42.88,42.69,42.72,30
2015.03.16,14:00,42.72,42.87,42.66,42.82,33
2015.03.16,15:00,42.81,42.87,42.73,42.73,21
2015.03.16,16:00,42.71,42.75,42.58,42.70,34
2015.03.16,17:00,42.70,42.90,42.69,42.90,23
2015.03.16,18:00,42.89,42.96,42.79,42.94,30
2015.03.16,19:00,42.95,42.99,42.84,42.89,25
2015.03.17,11:00,42.89,43.09,42.61,42.63,71
2015.03.17,12:00,42.61,42.70,42.41,42.45,43
2015.03.17,13:00,42.47,42.47,42.22,42.24,28
2015.03.17,14:00,42.24,42.28,41.91,41.93,44
2015.03.17,15:00,41.91,42.07,41.80,42.01,45
2015.03.17,16:00,42.01,42.19,41.92,42.11,45
2015.03.17,17:00,42.11,42.37,42.04,42.31,47
2015.03.17,18:00,42.31,42.41,42.24,42.40,26
2015.03.17,19:00,42.39,42.41,42.24,42.38,34
2015.03.18,11:00,42.34,42.56,42.21,42.28,65
2015.03.18,12:00,42.29,42.29,42.03,42.09,33
2015.03.18,13:00,42.07,42.09,41.82,41.98,46
2015.03.18,14:00,41.99,42.17,41.92,42.05,45
2015.03.18,15:00,42.00,42.14,41.97,42.07,28
2015.03.18,16:00,42.06,42.13,41.91,41.98,37
2015.03.18,17:00,41.99,42.08,41.81,42.07,47
2015.03.18,18:00,42.08,42.12,41.77,41.82,45
2015.03.18,19:00,41.81,41.96,41.81,41.90,22
2015.03.19,11:00,42.03,42.47,41.98,42.35,67
2015.03.19,12:00,42.35,42.45,42.25,42.43,33
2015.03.19,13:00,42.41,42.82,42.38,42.73,57
2015.03.19,14:00,42.72,42.90,42.71,42.73,38
2015.03.19,15:00,42.74,42.74,42.51,42.53,26
2015.03.19,16:00,42.51,42.68,42.48,42.60,32
2015.03.19,17:00,42.60,42.67,42.21,42.33,66
2015.03.19,18:00,42.33,42.55,42.31,42.52,30
2015.03.19,19:00,42.53,42.63,42.42,42.62,34
2015.03.20,11:00,42.51,42.82,42.38,42.82,58
2015.03.20,12:00,42.84,42.93,42.74,42.84,39
2015.03.20,13:00,42.84,42.98,42.78,42.82,39
2015.03.20,14:00,42.81,42.97,42.73,42.89,41
2015.03.20,15:00,42.88,43.19,42.86,43.13,42
2015.03.20,16:00,43.12,43.25,43.10,43.24,19
2015.03.20,17:00,43.25,43.49,43.19,43.41,45
2015.03.20,18:00,43.41,43.59,43.38,43.57,27
2015.03.20,19:00,43.56,43.68,43.54,43.62,23
2015.03.23,11:00,43.29,43.72,43.08,43.67,91
2015.03.23,12:00,43.67,43.71,43.37,43.51,53
2015.03.23,13:00,43.52,43.64,43.37,43.48,51
2015.03.23,14:00,43.49,43.58,43.29,43.55,53
2015.03.23,15:00,43.54,43.63,43.43,43.47,34
2015.03.23,16:00,43.47,43.50,43.27,43.30,30
2015.03.23,17:00,43.34,43.50,43.27,43.42,39
2015.03.23,18:00,43.43,43.65,43.38,43.62,36
2015.03.23,19:00,43.60,43.63,43.52,43.62,21
2015.03.24,11:00,43.75,44.19,43.59,44.15,81
2015.03.24,12:00,44.16,44.39,43.99,44.37,60
2015.03.24,13:00,44.37,44.54,44.37,44.43,29
2015.03.24,14:00,44.43,44.49,44.32,44.44,34
2015.03.24,15:00,44.45,44.59,44.42,44.58,22
2015.03.24,16:00,44.57,44.67,44.52,44.60,28
2015.03.24,17:00,44.62,44.99,44.59,44.98,45
2015.03.24,18:00,44.98,45.18,44.91,45.13,40
2015.03.24,19:00,45.13,45.13,44.94,44.94,20
2015.03.25,11:00,44.65,45.20,44.65,45.15,61
2015.03.25,12:00,45.15,45.23,45.00,45.02,34
2015.03.25,13:00,45.02,45.08,44.93,45.00,29
2015.03.25,14:00,44.99,44.99,44.55,44.70,60
2015.03.25,15:00,44.70,44.81,44.60,44.78,35
2015.03.25,16:00,44.77,44.86,44.65,44.66,32
2015.03.25,17:00,44.66,44.87,44.62,44.81,36
2015.03.25,18:00,44.82,44.85,44.54,44.67,48
2015.03.25,19:00,44.68,44.88,44.66,44.87,26
2015.03.26,11:00,44.06,44.61,43.97,43.98,121
2015.03.26,12:00,43.97,44.10,43.75,44.06,62
2015.03.26,13:00,44.05,44.46,44.05,44.33,55
2015.03.26,14:00,44.34,44.37,43.87,43.92,59
2015.03.26,15:00,43.89,44.15,43.89,44.08,34
2015.03.26,16:00,44.07,44.14,43.89,43.94,38
2015.03.26,17:00,43.94,44.08,43.79,43.94,59
2015.03.26,18:00,43.93,44.15,43.83,44.14,44
2015.03.26,19:00,44.14,44.24,44.07,44.22,27
2015.03.27,11:00,44.44,44.76,44.26,44.73,72
2015.03.27,12:00,44.72,44.78,44.30,44.41,66
2015.03.27,13:00,44.40,44.64,44.37,44.42,53
2015.03.27,14:00,44.43,44.61,44.41,44.55,29
2015.03.27,15:00,44.55,44.59,44.41,44.51,33
2015.03.27,16:00,44.51,44.62,44.44,44.59,29
2015.03.27,17:00,44.56,44.92,44.56,44.92,37
2015.03.27,18:00,44.91,44.96,44.67,44.76,44
2015.03.27,19:00,44.76,44.76,44.55,44.67,34
2015.03.30,10:00,44.93,45.79,44.88,45.78,98
2015.03.30,11:00,45.79,45.86,45.60,45.65,39
2015.03.30,12:00,45.66,45.77,45.61,45.76,23
2015.03.30,13:00,45.76,45.85,45.74,45.81,18
2015.03.30,14:00,45.80,45.86,45.75,45.82,21
2015.03.30,15:00,45.83,45.87,45.74,45.77,21
2015.03.30,16:00,45.77,45.83,45.62,45.70,36
2015.03.30,17:00,45.71,45.81,45.58,45.74,44
2015.03.30,18:00,45.73,45.77,45.66,45.68,18
2015.03.31,10:00,45.50,45.78,45.45,45.67,50
2015.03.31,11:00,45.70,45.76,45.51,45.53,34
2015.03.31,12:00,45.52,45.52,45.01,45.08,59
2015.03.31,13:00,45.08,45.24,44.82,44.82,59
2015.03.31,14:00,44.82,45.00,44.74,44.82,53
2015.03.31,15:00,44.82,44.95,44.62,44.95,54
2015.03.31,16:00,44.90,44.99,44.76,44.91,46
2015.03.31,17:00,44.92,45.24,44.92,45.02,55
2015.03.31,18:00,45.01,45.20,45.01,45.09,31
2015.04.01,10:00,44.81,45.72,44.81,45.40,124
2015.04.01,11:00,45.42,45.58,45.31,45.57,40
2015.04.01,12:00,45.58,46.14,45.58,46.01,70
2015.04.01,13:00,46.01,46.03,45.89,46.00,28
2015.04.01,14:00,45.99,45.99,45.71,45.82,40
2015.04.01,15:00,45.82,45.95,45.73,45.83,44
2015.04.01,16:00,45.82,45.91,45.25,45.32,83
2015.04.01,17:00,45.28,45.77,45.27,45.66,63
2015.04.01,18:00,45.65,45.74,45.60,45.63,27
2015.04.02,10:00,45.44,45.89,45.44,45.81,54
2015.04.02,11:00,45.82,45.92,45.72,45.77,36
2015.04.02,12:00,45.79,46.00,45.71,45.98,40
2015.04.02,13:00,45.96,45.98,45.87,45.90,17
2015.04.02,14:00,45.91,46.00,45.85,45.98,24
2015.04.02,15:00,46.00,46.00,45.91,45.93,12
2015.04.02,16:00,45.94,46.06,45.88,46.05,26
2015.04.02,17:00,46.07,46.10,45.90,45.94,28
2015.04.02,18:00,45.94,46.00,45.82,45.82,25
2015.04.07,10:00,45.98,46.50,45.87,46.33,92
2015.04.07,11:00,46.33,46.48,46.21,46.27,49
2015.04.07,12:00,46.25,46.40,46.25,46.32,24
2015.04.07,13:00,46.33,46.46,46.31,46.35,29
2015.04.07,14:00,46.34,46.53,46.29,46.50,33
2015.04.07,15:00,46.50,46.65,46.49,46.57,26
2015.04.07,16:00,46.56,46.70,46.52,46.69,24
2015.04.07,17:00,46.71,46.73,46.42,46.58,50
2015.04.07,18:00,46.59,46.62,46.40,46.44,30
2015.04.08,10:00,46.40,46.77,46.34,46.70,57
2015.04.08,11:00,46.71,46.81,46.44,46.49,53
2015.04.08,12:00,46.49,46.72,46.48,46.56,42
2015.04.08,13:00,46.57,46.58,46.45,46.57,27
2015.04.08,14:00,46.57,46.71,46.54,46.71,21
2015.04.08,15:00,46.70,46.75,46.61,46.69,28
2015.04.08,16:00,46.69,46.77,46.44,46.58,56
2015.04.08,17:00,46.58,46.59,46.24,46.33,46
2015.04.08,18:00,46.34,46.38,46.28,46.35,20
2015.04.09,10:00,46.64,46.70,46.32,46.48,61
2015.04.09,11:00,46.47,46.50,46.14,46.25,51
2015.04.09,12:00,46.26,46.42,46.26,46.37,22
2015.04.09,13:00,46.38,46.46,46.28,46.41,34
2015.04.09,14:00,46.41,46.64,46.40,46.59,31
2015.04.09,15:00,46.59,46.59,46.31,46.46,44
2015.04.09,16:00,46.46,46.63,46.44,46.53,32
2015.04.09,17:00,46.56,46.60,46.38,46.46,35
2015.04.09,18:00,46.46,46.57,46.41,46.53,26
2015.04.10,10:00,46.48,46.62,46.38,46.54,43
2015.04.10,11:00,46.54,46.62,46.41,46.44,33
2015.04.10,12:00,46.44,46.55,46.44,46.52,15
2015.04.10,13:00,46.53,46.72,46.53,46.65,27
2015.04.10,14:00,46.65,46.76,46.49,46.58,48
2015.04.10,15:00,46.58,46.66,46.55,46.57,22
2015.04.10,16:00,46.59,46.60,46.08,46.08,54
2015.04.10,17:00,46.09,46.18,45.75,45.86,64
2015.04.10,18:00,45.87,46.14,45.87,46.14,28
2015.04.13,10:00,46.24,46.35,46.16,46.29,34
2015.04.13,11:00,46.30,46.36,46.12,46.32,47
2015.04.13,12:00,46.32,46.48,46.32,46.45,20
2015.04.13,13:00,46.45,46.48,46.36,46.41,21
2015.04.13,14:00,46.41,46.45,46.38,46.44,12
2015.04.13,15:00,46.44,46.60,46.35,46.60,35
2015.04.13,16:00,46.60,46.78,46.58,46.72,29
2015.04.13,17:00,46.71,46.76,46.65,46.70,22
2015.04.13,18:00,46.70,46.76,46.64,46.67,22
2015.04.14,10:00,46.48,46.93,46.48,46.80,59
2015.04.14,11:00,46.80,46.85,46.24,46.26,69
2015.04.14,12:00,46.26,46.28,45.85,45.93,54
2015.04.14,13:00,45.94,46.10,45.75,45.75,52
2015.04.14,14:00,45.75,46.08,45.75,45.99,43
2015.04.14,15:00,45.98,45.99,45.78,45.87,32
2015.04.14,16:00,45.86,45.90,45.70,45.71,26
2015.04.14,17:00,45.71,45.73,45.40,45.45,41
2015.04.14,18:00,45.45,45.66,45.40,45.65,33
2015.04.28,16:30,46.08,46.16,45.94,45.97,548
2015.04.28,17:00,45.96,46.16,45.65,46.12,1411
2015.04.28,18:00,46.13,46.27,46.07,46.09,310
2015.04.29,10:00,46.16,46.33,45.90,46.30,1999
2015.04.29,11:00,46.29,46.48,46.13,46.43,840
2015.04.29,12:00,46.42,46.43,46.12,46.19,669
2015.04.29,13:00,46.20,46.24,46.11,46.19,229
2015.04.29,14:00,46.18,46.20,45.87,45.98,623
2015.04.29,15:00,45.99,46.00,45.40,45.64,1629
2015.04.29,16:00,45.65,45.94,45.61,45.79,1190
2015.04.29,17:00,45.78,45.86,45.00,45.30,2094
2015.04.29,18:00,45.29,45.56,45.18,45.18,577
2015.04.30,10:00,45.16,45.16,44.43,44.62,2424
2015.04.30,11:00,44.61,45.27,44.51,45.21,1869
2015.04.30,12:00,45.20,45.21,44.57,44.62,1038
2015.04.30,13:00,44.63,44.80,44.53,44.64,753
2015.04.30,14:00,44.63,44.69,44.50,44.63,511
2015.04.30,15:00,44.64,44.99,44.61,44.89,754
2015.04.30,16:00,44.90,44.94,44.41,44.42,1175
2015.04.30,17:00,44.43,44.60,44.30,44.52,1177
2015.04.30,18:00,44.51,44.83,44.46,44.79,457
2015.05.04,10:00,45.02,45.13,44.50,44.62,2025
2015.05.04,11:00,44.63,45.53,44.60,45.32,1126
2015.05.04,12:00,45.31,45.55,45.24,45.41,700
2015.05.04,13:00,45.40,45.73,45.34,45.69,530
2015.05.04,14:00,45.68,45.84,45.60,45.76,375
2015.05.04,15:00,45.77,45.85,45.64,45.74,503
2015.05.04,16:00,45.75,45.94,45.57,45.74,710
2015.05.04,17:00,45.73,45.73,45.44,45.47,738
2015.05.04,18:00,45.48,45.55,45.36,45.39,249
2015.05.05,10:00,45.41,45.90,45.40,45.74,2293
2015.05.05,11:00,45.75,46.25,45.57,45.96,1565
2015.05.05,12:00,45.95,45.98,45.69,45.86,791
2015.05.05,13:00,45.87,45.93,45.50,45.54,818
2015.05.05,14:00,45.55,45.91,45.50,45.91,591
2015.05.05,15:00,45.90,45.93,45.15,45.32,1300
2015.05.05,16:00,45.31,45.74,45.20,45.47,1536
2015.05.05,17:00,45.50,45.52,44.90,44.96,1581
2015.05.05,18:00,44.95,45.02,44.60,44.69,649
2015.05.06,10:00,43.52,44.03,42.46,43.98,3290
2015.05.06,11:00,44.01,44.13,43.53,43.70,2798
2015.05.06,12:00,43.70,43.71,43.35,43.40,1366
2015.05.06,13:00,43.41,43.59,43.29,43.29,1353
2015.05.06,14:00,43.28,43.70,43.27,43.67,1353
2015.05.06,15:00,43.68,43.82,43.46,43.47,1353
2015.05.06,16:00,43.47,43.50,43.11,43.21,1678
2015.05.06,17:00,43.21,43.82,43.01,43.71,2408
2015.05.06,18:00,43.71,43.81,43.50,43.68,741
2015.05.07,10:00,42.60,43.28,42.55,43.04,3770
2015.05.07,11:00,43.03,43.20,42.81,42.83,2238
2015.05.07,12:00,42.83,42.90,42.29,42.87,2353
2015.05.07,13:00,42.88,43.09,42.81,42.97,1695
2015.05.07,14:00,42.98,43.31,42.98,43.24,1439
2015.05.07,15:00,43.24,43.47,43.04,43.06,2028
2015.05.07,16:00,43.06,43.27,43.02,43.07,1868
2015.05.07,17:00,42.99,43.22,42.86,43.21,1843
2015.05.07,18:00,43.21,43.47,43.13,43.34,773
2015.05.08,10:00,43.75,43.82,43.40,43.47,2899
2015.05.08,11:00,43.47,43.56,43.22,43.43,1893
2015.05.08,12:00,43.43,43.47,43.13,43.13,831
2015.05.08,13:00,43.14,43.45,43.03,43.34,973
2015.05.08,14:00,43.34,43.61,43.34,43.51,1090
2015.05.08,15:00,43.50,43.93,43.28,43.65,1921
2015.05.08,16:00,43.64,43.95,43.43,43.91,1648
2015.05.08,17:00,43.91,44.08,43.81,44.07,1676
2015.05.08,18:00,44.06,44.15,44.00,44.05,639
2015.05.11,10:00,44.11,44.15,43.84,43.92,2215
2015.05.11,11:00,43.91,43.97,43.65,43.88,1540
2015.05.11,12:00,43.88,44.11,43.84,43.96,1175
2015.05.11,13:00,43.95,44.09,43.83,43.96,931
2015.05.11,14:00,43.95,44.18,43.92,44.12,846
2015.05.11,15:00,44.11,44.21,44.07,44.18,718
2015.05.11,16:00,44.18,44.35,44.02,44.28,918
2015.05.11,17:00,44.28,44.39,44.15,44.20,1440
2015.05.11,18:00,44.20,44.22,44.03,44.05,558
2015.05.12,10:00,43.74,43.93,43.63,43.73,2633
2015.05.12,11:00,43.73,43.74,43.44,43.52,1800
2015.05.12,12:00,43.51,43.74,43.42,43.69,2034
2015.05.12,13:00,43.70,43.78,43.36,43.43,1516
2015.05.12,14:00,43.43,43.76,43.43,43.64,1315
2015.05.12,15:00,43.64,43.85,43.57,43.81,872
2015.05.12,16:00,43.80,43.90,43.61,43.75,1541
2015.05.12,17:00,43.74,43.88,43.38,43.75,2134
2015.05.12,18:00,43.75,43.86,43.65,43.68,750
2015.05.13,10:00,43.89,44.50,43.87,44.50,2431
2015.05.13,11:00,44.51,44.63,44.38,44.41,1631
2015.05.13,12:00,44.50,44.54,44.32,44.41,943
2015.05.13,13:00,44.41,44.49,44.37,44.44,897
2015.05.13,14:00,44.43,44.51,44.28,44.47,840
2015.05.13,15:00,44.48,44.63,44.20,44.34,1657
2015.05.13,16:00,44.33,44.76,44.22,44.60,2134
2015.05.13,17:00,44.60,44.68,44.04,44.05,2191
2015.05.13,18:00,44.05,44.20,44.00,44.08,823
2015.05.14,10:00,44.06,44.07,43.51,43.89,2206
2015.05.14,11:00,43.90,44.38,43.82,44.23,1859
2015.05.14,12:00,44.23,44.33,44.00,44.00,1355
2015.05.14,13:00,44.01,44.13,43.91,44.12,695
2015.05.14,14:00,44.12,44.57,44.07,44.53,1188
2015.05.14,15:00,44.52,44.72,44.46,44.62,1032
2015.05.14,16:00,44.63,44.78,44.59,44.73,1060
2015.05.14,17:00,44.74,45.06,44.65,45.00,1600
2015.05.14,18:00,45.09,45.10,44.89,45.07,656
2015.05.15,10:00,45.04,45.34,45.00,45.32,1807
2015.05.15,11:00,45.32,45.62,45.27,45.43,1534
2015.05.15,12:00,45.43,45.63,45.36,45.50,1285
2015.05.15,13:00,45.51,45.61,45.29,45.29,839
2015.05.15,14:00,45.30,45.30,45.07,45.24,989
2015.05.15,15:00,45.25,45.26,45.06,45.09,825
2015.05.15,16:00,45.09,45.11,44.81,44.90,1507
2015.05.15,17:00,44.89,44.89,44.38,44.60,2726
2015.05.15,18:00,44.60,44.76,44.56,44.63,482
2015.05.18,10:00,44.63,44.72,44.11,44.18,3000
2015.05.18,11:00,44.19,44.38,44.01,44.18,1576
2015.05.18,12:00,44.13,44.14,43.82,43.89,1072
2015.05.18,13:00,43.89,43.89,43.48,43.63,1620
2015.05.18,14:00,43.62,43.65,43.22,43.36,1520
2015.05.18,15:00,43.35,43.56,43.35,43.41,1244
2015.05.18,16:00,43.42,43.67,43.32,43.62,1679
2015.05.18,17:00,43.62,43.90,43.49,43.68,1918
2015.05.18,18:00,43.68,43.93,43.67,43.92,668
2015.05.19,10:00,44.22,44.94,44.13,44.67,3912
2015.05.19,11:00,44.67,44.94,44.65,44.91,1164
2015.05.19,12:00,44.90,44.90,44.61,44.64,924
2015.05.19,13:00,44.64,44.68,44.54,44.58,600
2015.05.19,14:00,44.57,44.63,44.42,44.49,598
2015.05.19,15:00,44.50,44.81,44.50,44.63,1148
2015.05.19,16:00,44.65,44.67,44.35,44.63,1508
2015.05.19,17:00,44.64,44.80,44.52,44.67,1413
2015.05.19,18:00,44.67,44.78,44.59,44.76,628
2015.05.20,10:00,44.55,44.81,44.36,44.46,2342
2015.05.20,11:00,44.47,44.56,44.35,44.39,1183
2015.05.20,12:00,44.39,44.50,44.25,44.26,794
2015.05.20,13:00,44.25,44.53,44.24,44.45,711
2015.05.20,14:00,44.44,44.68,44.42,44.64,704
2015.05.20,15:00,44.63,44.75,44.60,44.72,658
2015.05.20,16:00,44.72,44.87,44.65,44.83,882
2015.05.20,17:00,44.82,45.04,44.80,45.01,1006
2015.05.20,18:00,45.00,45.13,45.00,45.08,500
2015.05.21,10:00,45.02,45.02,44.69,44.78,1357
2015.05.21,11:00,44.78,44.96,44.71,44.72,1013
2015.05.21,12:00,44.73,44.79,44.51,44.67,663
2015.05.21,13:00,44.66,44.70,44.50,44.68,807
2015.05.21,14:00,44.67,44.75,44.60,44.67,415
2015.05.21,15:00,44.66,44.71,44.61,44.71,518
2015.05.21,16:00,44.70,44.86,44.65,44.80,814
2015.05.21,17:00,44.79,44.97,44.70,44.89,942
2015.05.21,18:00,44.88,44.96,44.86,44.93,323
2015.05.22,10:00,44.51,44.68,44.40,44.52,1455
2015.05.22,11:00,44.53,44.68,44.48,44.65,947
2015.05.22,12:00,44.65,44.72,44.53,44.58,966
2015.05.22,13:00,44.58,44.91,44.51,44.91,723
2015.05.22,14:00,44.92,44.96,44.70,44.90,733
2015.05.22,15:00,44.90,44.98,44.82,44.96,820
2015.05.22,16:00,44.97,45.02,44.74,44.79,796
2015.05.22,17:00,44.80,44.87,44.70,44.72,618
2015.05.22,18:00,44.72,44.75,44.58,44.72,420
2015.05.25,10:00,44.81,44.81,44.40,44.54,446
2015.05.25,11:00,44.54,44.59,44.32,44.36,335
2015.05.25,12:00,44.38,44.50,44.36,44.41,191
2015.05.25,13:00,44.40,44.45,44.35,44.36,137
2015.05.25,14:00,44.35,44.35,44.15,44.20,112
2015.05.25,15:00,44.20,44.32,44.18,44.29,117
2015.05.25,16:00,44.29,44.35,44.22,44.32,241
2015.05.25,17:00,44.32,44.40,44.25,44.40,204
2015.05.25,18:00,44.40,44.48,44.40,44.46,169
2015.05.26,10:00,43.50,43.76,42.65,42.90,3015
2015.05.26,11:00,42.89,43.06,42.68,43.05,2056
2015.05.26,12:00,43.05,43.11,42.97,43.06,839
2015.05.26,13:00,43.07,43.67,43.04,43.63,1013
2015.05.26,14:00,43.63,43.70,43.50,43.70,361
2015.05.26,15:00,43.70,43.74,43.40,43.51,1033
2015.05.26,16:00,43.51,43.68,43.22,43.29,1824
2015.05.26,17:00,43.29,43.35,43.04,43.08,1902
2015.05.26,18:00,43.10,43.29,43.01,43.26,914
2015.05.27,10:00,43.36,43.56,43.00,43.10,1632
2015.05.27,11:00,43.11,43.35,43.02,43.29,1068
2015.05.27,12:00,43.30,43.56,43.22,43.46,981
2015.05.27,13:00,43.46,43.53,43.24,43.36,936
2015.05.27,14:00,43.36,43.45,43.30,43.35,603
2015.05.27,15:00,43.36,43.57,43.31,43.37,676
2015.05.27,16:00,43.38,44.00,43.25,43.85,1246
2015.05.27,17:00,43.86,44.40,43.85,44.39,1759
2015.05.27,18:00,44.38,44.42,44.23,44.33,539
2015.05.28,10:00,44.00,44.08,43.81,44.01,1184
2015.05.28,11:00,44.02,44.11,43.93,43.97,601
2015.05.28,12:00,43.96,44.01,43.72,43.80,548
2015.05.28,13:00,43.79,43.93,43.68,43.74,491
2015.05.28,14:00,43.75,43.81,43.57,43.66,419
2015.05.28,15:00,43.65,43.79,43.59,43.68,405
2015.05.28,16:00,43.67,43.76,43.44,43.46,710
2015.05.28,17:00,43.44,43.46,42.95,43.06,1226
2015.05.28,18:00,43.07,43.42,43.04,43.41,445
2015.05.29,10:00,43.27,43.29,43.02,43.24,1265
2015.05.29,11:00,43.24,43.28,42.90,43.26,1419
2015.05.29,12:00,43.25,43.27,43.21,43.22,45
2015.05.29,14:00,43.21,43.28,43.20,43.28,78
2015.05.29,15:00,43.29,43.32,43.03,43.10,1131
2015.05.29,16:00,43.09,43.20,43.00,43.04,964
2015.05.29,17:00,43.06,43.08,42.51,42.81,2069
2015.05.29,18:00,42.80,42.81,42.34,42.35,762
2015.06.01,10:00,42.55,42.92,42.51,42.86,1446
2015.06.01,11:00,42.86,42.90,42.47,42.65,1566
2015.06.01,12:00,42.65,42.71,42.16,42.29,1108
2015.06.01,13:00,42.28,42.44,42.15,42.20,864
2015.06.01,14:00,42.21,42.75,42.13,42.50,1055
2015.06.01,15:00,42.50,42.57,42.39,42.45,730
2015.06.01,16:00,42.44,42.56,42.27,42.39,1199
2015.06.01,17:00,42.40,42.56,42.20,42.42,1680
2015.06.01,18:00,42.43,42.45,42.07,42.12,612
2015.06.02,10:00,42.37,42.49,41.97,42.04,1460
2015.06.02,11:00,42.04,42.11,41.66,41.76,1725
2015.06.02,12:00,41.75,42.26,41.68,42.18,1600
2015.06.02,13:00,42.18,42.78,42.15,42.77,1629
2015.06.02,14:00,42.76,43.00,42.70,42.96,1458
2015.06.02,15:00,42.96,43.32,42.79,43.24,1676
2015.06.02,16:00,43.24,43.24,42.68,42.87,2357
2015.06.02,17:00,42.88,43.06,42.76,42.91,1715
2015.06.02,18:00,42.90,42.93,42.70,42.71,526
2015.06.03,10:00,42.89,43.10,42.75,43.10,2343
2015.06.03,11:00,43.10,43.14,42.73,42.83,1313
2015.06.03,12:00,42.83,43.14,42.79,43.10,971
2015.06.03,13:00,43.11,43.45,43.08,43.36,852
2015.06.03,14:00,43.36,43.73,43.36,43.61,905
2015.06.03,15:00,43.61,43.83,43.46,43.50,1155
2015.06.03,16:00,43.49,43.52,43.04,43.46,1862
2015.06.03,17:00,43.46,43.60,43.28,43.59,1505
2015.06.03,18:00,43.58,43.64,43.33,43.33,652
2015.06.04,10:00,42.95,43.10,42.60,42.61,2411
2015.06.04,11:00,42.62,42.68,42.40,42.68,2757
2015.06.04,12:00,42.70,42.82,42.60,42.74,1602
2015.06.04,13:00,42.74,42.77,42.50,42.63,897
2015.06.04,14:00,42.63,42.91,42.47,42.90,914
2015.06.04,15:00,42.90,43.18,42.76,42.96,939
2015.06.04,16:00,42.95,43.37,42.77,43.34,1612
2015.06.04,17:00,43.35,43.54,43.02,43.03,1600
2015.06.04,18:00,43.02,43.15,42.84,42.94,634
2015.06.05,10:00,42.57,42.90,42.35,42.50,2268
2015.06.05,11:00,42.50,42.72,42.34,42.38,1937
2015.06.05,12:00,42.38,42.58,42.22,42.22,887
2015.06.05,13:00,42.22,42.26,42.01,42.18,1508
2015.06.05,14:00,42.18,42.21,42.04,42.04,741
2015.06.05,15:00,42.04,42.27,41.92,42.18,1732
2015.06.05,16:00,42.18,42.26,41.85,42.05,1861
2015.06.05,17:00,42.04,42.61,42.01,42.32,1692
2015.06.05,18:00,42.31,42.37,42.15,42.24,656
2015.06.08,10:00,41.90,42.72,41.90,42.29,2747
2015.06.08,11:00,42.29,42.73,42.08,42.72,1757
2015.06.08,12:00,42.73,42.73,42.44,42.47,1299
2015.06.08,13:00,42.47,42.47,42.22,42.34,781
2015.06.08,14:00,42.35,42.35,42.15,42.17,820
2015.06.08,15:00,42.16,42.48,42.13,42.39,960
2015.06.08,16:00,42.38,42.40,42.18,42.27,2207
2015.06.08,17:00,42.26,42.44,42.22,42.25,2004
2015.06.08,18:00,42.26,42.28,41.95,41.96,625
2015.06.09,10:00,41.92,42.36,41.90,42.15,1466
2015.06.09,11:00,42.15,42.26,41.84,41.92,1438
2015.06.09,12:00,41.91,41.91,41.29,41.47,1937
2015.06.09,13:00,41.48,42.00,41.42,41.93,1272
2015.06.09,14:00,41.93,42.16,41.77,42.08,1047
2015.06.09,15:00,42.07,42.09,41.85,42.01,915
2015.06.09,16:00,42.00,42.22,41.79,41.79,1635
2015.06.09,17:00,41.78,42.22,41.69,42.18,2064
2015.06.09,18:00,42.18,42.27,42.07,42.20,892
2015.06.10,10:00,41.90,42.43,41.79,42.24,2343
2015.06.10,11:00,42.25,42.43,42.01,42.36,1710
2015.06.10,12:00,42.36,42.66,42.26,42.59,1128
2015.06.10,13:00,42.58,42.71,42.43,42.70,952
2015.06.10,14:00,42.70,42.82,42.61,42.72,758
2015.06.10,15:00,42.73,42.76,42.40,42.43,649
2015.06.10,16:00,42.42,42.76,42.40,42.68,1152
2015.06.10,17:00,42.67,42.79,42.48,42.77,1072
2015.06.10,18:00,42.78,43.35,42.69,43.13,1463
2015.06.11,14:00,43.54,43.57,43.48,43.52,150
2015.06.12,10:00,43.34,43.62,43.09,43.32,2010
2015.06.12,11:00,43.34,43.58,43.09,43.46,1476
2015.06.12,12:00,43.47,43.73,43.33,43.61,1534
2015.06.12,13:00,43.62,43.65,43.29,43.52,992
2015.06.12,14:00,43.51,43.61,42.85,43.11,1418
2015.06.12,15:00,43.11,43.15,42.84,42.86,1208
2015.06.12,16:00,42.87,42.97,42.47,42.56,1936
2015.06.12,17:00,42.59,42.76,42.23,42.43,2450
2015.06.12,18:00,42.42,43.08,42.37,42.88,1571
2015.06.15,10:00,42.27,42.60,42.06,42.10,2947
2015.06.15,11:00,42.09,42.40,42.08,42.25,1479
2015.06.15,12:00,42.24,42.31,42.04,42.05,1177
2015.06.15,13:00,42.04,42.17,41.77,41.93,1336
2015.06.15,14:00,41.92,41.96,41.50,41.65,1260
2015.06.15,15:00,41.64,41.75,41.47,41.63,1204
2015.06.15,16:00,41.64,41.97,41.54,41.77,1911
2015.06.15,17:00,41.76,42.01,41.72,41.84,1787
2015.06.15,18:00,41.85,42.17,41.83,41.83,998
2015.06.16,10:00,41.61,41.65,41.02,41.09,2855
2015.06.16,11:00,41.09,41.60,41.09,41.45,2028
2015.06.16,12:00,41.45,41.50,41.17,41.18,1225
2015.06.16,13:00,41.20,41.34,41.07,41.29,1097
2015.06.16,14:00,41.28,41.74,41.22,41.50,1603
2015.06.16,15:00,41.51,41.72,41.39,41.68,1086
2015.06.16,16:00,41.68,42.04,41.57,41.98,1159
2015.06.16,17:00,41.97,42.07,41.68,41.76,1441
2015.06.16,18:00,41.76,42.19,41.72,41.97,696
2015.06.17,10:00,41.89,42.23,41.68,41.81,1974
2015.06.17,11:00,41.82,42.40,41.77,42.39,1663
2015.06.17,12:00,42.39,42.39,41.95,42.05,1072
2015.06.17,13:00,42.04,42.12,41.77,41.90,792
2015.06.17,14:00,41.89,41.96,41.43,41.57,1343
2015.06.17,15:00,41.56,41.96,41.53,41.86,847
2015.06.17,16:00,41.86,42.08,41.86,41.93,987
2015.06.17,17:00,41.93,42.00,41.75,41.94,1404
2015.06.17,18:00,41.95,41.96,41.52,41.53,767
2015.06.18,10:00,41.71,41.72,41.39,41.56,1901
2015.06.18,11:00,41.56,41.58,41.23,41.32,1654
2015.06.18,12:00,41.31,41.31,40.90,41.15,1861
2015.06.18,13:00,41.16,41.65,41.14,41.43,1982
2015.06.18,14:00,41.44,41.51,41.27,41.44,1119
2015.06.18,15:00,41.45,41.68,41.39,41.57,910
2015.06.18,16:00,41.57,42.08,41.36,41.90,1518
2015.06.18,17:00,41.90,42.24,41.76,41.96,1737
2015.06.18,18:00,41.96,42.09,41.87,42.02,714
2015.06.19,10:00,42.11,42.58,42.03,42.40,1602
2015.06.19,11:00,42.39,42.53,42.31,42.46,1265
2015.06.19,12:00,42.47,42.85,42.44,42.60,1557
2015.06.19,13:00,42.59,42.83,42.59,42.74,1005
2015.06.19,14:00,42.74,42.76,42.34,42.70,1721
2015.06.19,15:00,42.69,42.82,42.50,42.59,1386
2015.06.19,16:00,42.58,42.63,42.27,42.33,2436
2015.06.19,17:00,42.33,42.49,42.30,42.47,2234
2015.06.19,18:00,42.47,42.65,42.42,42.48,876
2015.06.22,10:00,43.03,43.36,42.90,43.34,2623
2015.06.22,11:00,43.35,43.62,43.27,43.29,1896
2015.06.22,12:00,43.31,43.43,43.22,43.31,1363
2015.06.22,13:00,43.31,43.49,42.92,42.99,1528
2015.06.22,14:00,42.99,43.31,42.96,43.10,1349
2015.06.22,15:00,43.09,43.12,42.72,42.85,1733
2015.06.22,16:00,42.86,43.41,42.74,43.33,2494
2015.06.22,17:00,43.35,43.97,43.33,43.88,2300
2015.06.22,18:00,43.86,44.02,43.84,43.92,841
2015.06.23,10:00,44.03,44.42,43.95,44.29,2261
2015.06.23,11:00,44.28,44.33,44.10,44.24,1261
2015.06.23,12:00,44.25,44.40,44.15,44.39,849
2015.06.23,13:00,44.38,44.52,44.31,44.40,753
2015.06.23,14:00,44.39,44.45,44.27,44.39,785
2015.06.23,15:00,44.40,44.61,44.35,44.39,908
2015.06.23,16:00,44.40,44.64,44.38,44.61,902
2015.06.23,17:00,44.60,44.65,44.17,44.36,1340
2015.06.23,18:00,44.36,44.50,44.21,44.28,901
2015.06.24,10:00,44.36,44.56,44.08,44.32,1218
2015.06.24,11:00,44.31,44.49,44.06,44.22,1272
2015.06.24,12:00,44.22,44.34,43.51,43.71,2991
2015.06.24,13:00,43.72,44.18,43.71,44.05,2272
2015.06.24,14:00,44.05,44.16,43.89,43.92,1040
2015.06.24,15:00,43.91,43.95,43.70,43.86,995
2015.06.24,16:00,43.86,44.07,43.84,43.95,1196
2015.06.24,17:00,43.94,44.13,43.88,44.11,1148
2015.06.24,18:00,44.09,44.09,43.88,44.06,547
2015.06.25,10:00,43.65,44.02,43.55,43.86,1687
2015.06.25,11:00,43.86,44.25,43.83,44.15,1352
2015.06.25,12:00,44.14,44.25,43.90,44.20,1607
2015.06.25,13:00,44.21,44.65,44.08,44.49,2136
2015.06.25,14:00,44.50,44.65,44.19,44.31,921
2015.06.25,15:00,44.30,44.41,44.06,44.24,800
2015.06.25,16:00,44.25,44.30,43.60,43.93,2202
2015.06.25,17:00,43.92,44.16,43.79,44.14,1584
2015.06.25,18:00,44.15,44.22,44.13,44.17,568
2015.06.26,10:00,43.77,43.86,43.43,43.65,1303
2015.06.26,11:00,43.65,43.92,43.65,43.75,1009
2015.06.26,12:00,43.74,44.08,43.72,43.78,1023
2015.06.26,13:00,43.78,44.19,43.78,44.19,758
2015.06.26,14:00,44.18,44.42,44.13,44.39,942
2015.06.26,15:00,44.40,44.70,44.31,44.67,876
2015.06.26,16:00,44.67,44.81,44.40,44.78,1563
2015.06.26,17:00,44.78,44.85,44.42,44.55,1443
2015.06.26,18:00,44.54,44.76,44.54,44.62,506
2015.06.29,10:00,41.89,42.32,41.64,42.20,3109
2015.06.29,11:00,42.18,42.93,42.08,42.82,1892
2015.06.29,12:00,42.81,42.82,42.42,42.50,1374
2015.06.29,13:00,42.49,42.50,42.23,42.29,1051
2015.06.29,14:00,42.28,42.36,42.17,42.25,672
2015.06.29,15:00,42.24,42.50,42.10,42.36,750
2015.06.29,16:00,42.37,42.79,42.35,42.63,1603
2015.06.29,17:00,42.62,42.78,42.25,42.27,1732
2015.06.29,18:00,42.26,42.31,41.89,41.99,875
2015.06.30,10:00,41.81,42.07,41.55,41.99,2024
2015.06.30,11:00,42.00,42.01,41.33,41.60,1686
2015.06.30,12:00,41.61,42.57,41.56,42.35,2604
2015.06.30,13:00,42.34,42.88,42.18,42.52,2189
2015.06.30,14:00,42.53,42.71,42.32,42.61,1035
2015.06.30,15:00,42.61,42.81,42.40,42.71,927
2015.06.30,16:00,42.71,42.94,42.21,42.21,2197
2015.06.30,17:00,42.24,42.43,42.02,42.29,2329
2015.06.30,18:00,42.28,42.48,42.04,42.04,1120
2015.07.01,10:00,42.33,42.80,42.20,42.66,1546
2015.07.01,11:00,42.65,43.11,42.30,43.07,1468
2015.07.01,12:00,43.08,43.77,42.92,43.32,3312
2015.07.01,13:00,43.32,43.63,43.04,43.47,1416
2015.07.01,14:00,43.46,43.56,43.35,43.52,853
2015.07.01,15:00,43.53,43.65,43.24,43.29,712
2015.07.01,16:00,43.28,43.29,42.92,43.19,936
2015.07.01,17:00,43.19,43.29,42.61,42.83,2108
2015.07.01,18:00,42.83,43.14,42.77,42.96,720
2015.07.02,10:00,43.06,43.34,42.93,43.18,1211
2015.07.02,11:00,43.18,43.25,42.72,42.90,881
2015.07.02,12:00,42.89,42.90,42.75,42.82,586
2015.07.02,13:00,42.82,42.92,42.79,42.81,416
2015.07.02,14:00,42.81,42.91,42.78,42.85,331
2015.07.02,15:00,42.85,42.90,42.61,42.64,617
2015.07.02,16:00,42.64,42.67,42.27,42.36,1276
2015.07.02,17:00,42.35,42.51,42.29,42.43,1102
2015.07.02,18:00,42.43,42.44,42.26,42.29,465
2015.07.03,10:00,42.21,42.46,42.04,42.23,1567
2015.07.03,11:00,42.23,42.24,41.73,41.90,970
2015.07.03,12:00,41.90,42.18,41.79,42.07,953
2015.07.03,13:00,42.07,42.18,41.97,42.04,610
2015.07.03,14:00,42.04,42.11,42.00,42.05,456
2015.07.03,15:00,42.06,42.11,41.89,42.03,707
2015.07.03,16:00,42.02,42.11,41.70,41.84,936
2015.07.03,17:00,41.84,42.08,41.76,42.04,801
2015.07.03,18:00,42.05,42.18,41.89,41.92,378
2015.07.06,10:00,40.94,41.20,40.75,40.85,2930
2015.07.06,11:00,40.85,40.86,40.57,40.69,1359
2015.07.06,12:00,40.68,41.00,40.63,40.85,1498
2015.07.06,13:00,40.85,40.95,40.59,40.65,1139
2015.07.06,14:00,40.65,40.67,40.30,40.37,653
2015.07.06,15:00,40.36,40.52,40.20,40.24,867
2015.07.06,16:00,40.23,40.29,39.96,40.15,1270
2015.07.06,17:00,40.16,40.72,40.11,40.42,1530
2015.07.06,18:00,40.43,40.66,40.22,40.27,987
2015.07.07,10:00,40.41,40.56,40.18,40.44,1825
2015.07.07,11:00,40.45,40.54,40.15,40.31,1307
2015.07.07,12:00,40.31,40.37,40.02,40.20,861
2015.07.07,13:00,40.21,40.24,39.79,39.80,879
2015.07.07,14:00,39.81,39.89,39.60,39.69,1151
2015.07.07,15:00,39.69,39.98,39.67,39.75,838
2015.07.07,16:00,39.75,39.92,39.55,39.74,1510
2015.07.07,17:00,39.73,39.84,39.26,39.51,2558
2015.07.07,18:00,39.50,39.50,39.13,39.14,1248
2015.07.08,10:00,39.18,39.50,39.02,39.49,3295
2015.07.08,11:00,39.48,39.82,39.23,39.55,2833
2015.07.08,12:00,39.56,39.75,39.40,39.53,1780
2015.07.08,13:00,39.53,39.59,39.32,39.54,1247
2015.07.08,14:00,39.54,39.88,39.52,39.87,1299
2015.07.08,15:00,39.89,40.00,39.68,39.79,1133
2015.07.08,16:00,39.79,39.79,39.48,39.49,1365
2015.07.08,17:00,39.49,39.72,39.35,39.65,1942
2015.07.08,18:00,39.65,39.67,39.50,39.53,685
2015.07.09,10:00,39.68,40.28,39.68,40.24,1797
2015.07.09,11:00,40.25,40.46,40.24,40.45,1031
2015.07.09,12:00,40.45,40.92,40.41,40.79,1325
2015.07.09,13:00,40.80,40.82,40.61,40.79,987
2015.07.09,14:00,40.79,41.25,40.76,41.04,1145
2015.07.09,15:00,41.04,41.17,40.95,41.17,848
2015.07.09,16:00,41.16,41.20,40.97,41.17,1567
2015.07.09,17:00,41.16,41.18,40.74,41.07,1718
2015.07.09,18:00,41.06,41.26,41.02,41.03,947
2015.07.10,10:00,42.21,42.48,42.13,42.46,2050
2015.07.10,11:00,42.47,42.49,42.08,42.40,1440
2015.07.10,12:00,42.40,42.83,42.39,42.68,1132
2015.07.10,13:00,42.68,42.81,42.52,42.65,664
2015.07.10,14:00,42.65,42.90,42.65,42.82,671
2015.07.10,15:00,42.81,42.94,42.68,42.78,818
2015.07.10,16:00,42.79,42.82,42.43,42.47,890
2015.07.10,17:00,42.47,42.54,42.32,42.45,1193
2015.07.10,18:00,42.44,42.65,42.43,42.60,724
2015.07.13,10:00,43.38,43.68,43.10,43.46,3680
2015.07.13,11:00,43.47,43.76,43.38,43.66,1339
2015.07.13,12:00,43.67,43.97,43.67,43.83,942
2015.07.13,13:00,43.82,43.85,43.61,43.74,766
2015.07.13,14:00,43.74,43.79,43.62,43.70,717
2015.07.13,15:00,43.71,43.71,43.47,43.61,852
2015.07.13,16:00,43.61,43.76,43.57,43.70,837
2015.07.13,17:00,43.68,43.79,43.59,43.65,1018
2015.07.13,18:00,43.65,43.73,43.58,43.61,532
2015.07.14,10:00,43.67,43.67,43.41,43.45,1318
2015.07.14,11:00,43.45,43.47,43.20,43.29,863
2015.07.14,12:00,43.29,43.35,43.11,43.13,644
2015.07.14,13:00,43.13,43.33,43.08,43.31,579
2015.07.14,14:00,43.30,43.44,43.29,43.35,420
2015.07.14,15:00,43.36,43.40,43.26,43.29,499
2015.07.14,16:00,43.28,43.56,43.27,43.54,687
2015.07.14,17:00,43.54,43.80,43.54,43.59,899
2015.07.14,18:00,43.60,43.81,43.60,43.78,396
2015.07.15,10:00,43.83,44.02,43.78,43.79,967
2015.07.15,11:00,43.78,44.18,43.72,44.15,477
2015.07.15,12:00,44.14,44.18,43.93,43.95,275
2015.07.15,13:00,43.94,44.11,43.92,44.06,257
2015.07.15,14:00,44.06,44.29,44.05,44.17,214
2015.07.15,15:00,44.17,44.30,44.12,44.21,223
2015.07.15,16:00,44.21,44.31,44.18,44.22,363
2015.07.15,17:00,44.23,44.24,44.06,44.15,381
2015.07.15,18:00,44.16,44.21,44.07,44.21,259
2015.07.16,10:00,44.49,44.97,44.46,44.92,1473
2015.07.16,11:00,44.91,45.07,44.79,45.02,912
2015.07.16,12:00,45.01,45.02,44.79,44.88,666
2015.07.16,13:00,44.87,44.87,44.68,44.75,467
2015.07.16,14:00,44.73,44.93,44.70,44.92,467
2015.07.16,15:00,44.92,45.05,44.83,45.00,712
2015.07.16,16:00,44.99,45.06,44.88,44.96,940
2015.07.16,17:00,44.97,45.11,44.92,45.09,758
2015.07.16,18:00,45.10,45.13,44.88,45.03,360
2015.07.17,10:00,45.01,45.04,44.70,44.85,921
2015.07.17,11:00,44.84,44.94,44.72,44.82,786
2015.07.17,12:00,44.81,44.96,44.73,44.87,823
2015.07.17,13:00,44.86,45.01,44.82,44.94,479
2015.07.17,14:00,44.94,44.94,44.79,44.83,394
2015.07.17,15:00,44.83,44.91,44.83,44.90,280
2015.07.17,16:00,44.89,44.96,44.80,44.94,624
2015.07.17,17:00,44.93,44.96,44.69,44.79,633
2015.07.17,18:00,44.80,44.90,44.75,44.79,267
2015.07.20,10:00,45.02,45.09,44.88,44.97,449
2015.07.20,11:00,44.97,45.49,44.97,45.43,703
2015.07.20,12:00,45.42,45.76,45.41,45.72,708
2015.07.20,13:00,45.73,45.74,45.38,45.50,605
2015.07.20,14:00,45.51,45.51,45.31,45.43,507
2015.07.20,15:00,45.43,45.47,45.35,45.38,462
2015.07.20,16:00,45.38,45.46,45.35,45.35,433
2015.07.20,17:00,45.37,45.42,45.18,45.38,733
2015.07.20,18:00,45.39,45.45,45.24,45.36,344
2015.07.21,10:00,45.51,45.56,45.31,45.38,1149
2015.07.21,11:00,45.36,45.46,45.22,45.22,621
2015.07.21,12:00,45.22,45.45,45.22,45.32,523
2015.07.21,13:00,45.33,45.45,45.29,45.31,341
2015.07.21,14:00,45.31,45.35,45.19,45.21,409
2015.07.21,15:00,45.21,45.30,45.15,45.22,396
2015.07.21,16:00,45.21,45.34,45.00,45.17,714
2015.07.21,17:00,45.18,45.26,44.85,44.97,850
2015.07.21,18:00,44.97,45.07,44.92,45.04,368
2015.07.22,10:00,44.89,45.23,44.82,45.21,1396
2015.07.22,11:00,45.22,45.40,45.11,45.36,849
2015.07.22,12:00,45.36,45.36,45.22,45.35,478
2015.07.22,13:00,45.35,45.56,45.35,45.42,575
2015.07.22,14:00,45.42,45.42,45.21,45.24,541
2015.07.22,15:00,45.22,45.42,45.15,45.20,694
2015.07.22,16:00,45.21,45.53,45.17,45.51,793
2015.07.22,17:00,45.50,45.63,45.43,45.60,805
2015.07.22,18:00,45.60,45.61,45.29,45.34,345
2015.07.23,10:00,45.65,45.83,45.46,45.63,1561
2015.07.23,11:00,45.62,45.63,45.26,45.46,809
2015.07.23,12:00,45.47,45.60,45.43,45.54,622
2015.07.23,13:00,45.54,45.60,45.41,45.52,511
2015.07.23,14:00,45.53,45.60,45.36,45.60,696
2015.07.23,15:00,45.59,45.76,45.58,45.65,461
2015.07.23,16:00,45.65,45.72,45.43,45.47,943
2015.07.23,17:00,45.47,45.82,45.40,45.77,938
2015.07.23,18:00,45.76,45.79,45.60,45.63,397
2015.07.24,10:00,45.46,45.70,45.41,45.47,1136
2015.07.24,11:00,45.47,45.82,45.47,45.65,1157
2015.07.24,12:00,45.67,45.72,45.53,45.64,663
2015.07.24,13:00,45.64,45.71,45.53,45.59,457
2015.07.24,14:00,45.58,45.70,45.56,45.60,398
2015.07.24,15:00,45.61,45.68,45.43,45.46,614
2015.07.24,16:00,45.47,45.50,45.20,45.43,1067
2015.07.24,17:00,45.43,45.43,45.13,45.24,1223
2015.07.24,18:00,45.25,45.42,45.18,45.26,649
2015.07.27,10:00,44.93,45.02,44.15,44.15,1811
2015.07.27,11:00,44.16,44.61,44.15,44.57,1036
2015.07.27,12:00,44.56,44.58,44.22,44.28,808
2015.07.27,13:00,44.28,44.33,44.15,44.16,732
2015.07.27,14:00,44.16,44.18,44.02,44.10,802
2015.07.27,15:00,44.09,44.32,43.93,44.14,764
2015.07.27,16:00,44.15,44.20,43.82,43.95,1048
2015.07.27,17:00,43.94,44.11,43.74,43.85,1246
2015.07.27,18:00,43.86,44.00,43.77,43.86,562
2015.07.28,10:00,44.22,44.22,43.92,44.02,1589
2015.07.28,11:00,44.03,44.47,44.01,44.46,775
2015.07.28,12:00,44.45,44.58,44.36,44.53,590
2015.07.28,13:00,44.53,44.64,44.42,44.46,582
2015.07.28,14:00,44.47,44.61,44.42,44.61,279
2015.07.28,15:00,44.61,44.77,44.61,44.76,565
2015.07.28,16:00,44.76,44.84,44.47,44.56,888
2015.07.28,17:00,44.55,44.55,44.15,44.47,1130
2015.07.28,18:00,44.46,44.52,44.42,44.43,459
2015.07.29,10:00,44.64,44.84,44.54,44.57,993
2015.07.29,11:00,44.56,44.61,44.22,44.44,877
2015.07.29,12:00,44.43,44.52,44.29,44.34,584
2015.07.29,13:00,44.34,44.39,44.13,44.17,582
2015.07.29,14:00,44.18,44.18,43.97,44.02,655
2015.07.29,15:00,44.02,44.18,43.90,43.93,599
2015.07.29,16:00,43.92,44.24,43.88,44.18,917
2015.07.29,17:00,44.19,44.21,44.01,44.13,903
2015.07.29,18:00,44.13,44.24,44.08,44.14,424
2015.07.30,10:00,44.46,44.48,44.04,44.11,1520
2015.07.30,11:00,44.10,44.22,43.95,44.22,700
2015.07.30,12:00,44.23,44.31,44.07,44.25,679
2015.07.30,13:00,44.25,44.60,44.24,44.49,709
2015.07.30,14:00,44.49,44.62,44.45,44.59,470
2015.07.30,15:00,44.58,44.70,44.36,44.63,635
2015.07.30,16:00,44.62,44.71,44.15,44.17,1162
2015.07.30,17:00,44.16,44.56,44.14,44.49,806
2015.07.30,18:00,44.50,44.63,44.46,44.61,389
2015.07.31,10:00,44.84,44.90,44.33,44.35,1331
2015.07.31,11:00,44.36,44.51,44.13,44.36,732
2015.07.31,12:00,44.37,44.39,44.17,44.22,512
2015.07.31,13:00,44.22,44.34,44.13,44.34,504
2015.07.31,14:00,44.34,44.36,44.25,44.34,474
2015.07.31,15:00,44.33,44.54,44.31,44.47,470
2015.07.31,16:00,44.46,44.50,44.17,44.33,790
2015.07.31,17:00,44.34,44.77,44.29,44.71,833
2015.07.31,18:00,44.72,44.86,44.65,44.82,368
2015.08.03,10:00,44.78,45.00,44.57,44.90,1079
2015.08.03,11:00,44.90,44.97,44.63,44.80,1058
2015.08.03,12:00,44.80,44.98,44.78,44.86,493
2015.08.03,13:00,44.86,44.99,44.79,44.87,453
2015.08.03,14:00,44.87,44.99,44.86,44.90,549
2015.08.03,15:00,44.89,44.97,44.86,44.95,539
2015.08.03,16:00,44.94,45.01,44.76,44.99,727
2015.08.03,17:00,44.99,45.01,44.83,44.99,906
2015.08.03,18:00,44.99,45.01,44.87,44.96,411
2015.08.04,10:00,44.76,44.76,43.97,44.22,1165
2015.08.04,11:00,44.22,44.51,44.18,44.29,830
2015.08.04,12:00,44.29,44.36,44.20,44.25,537
2015.08.04,13:00,44.25,44.26,43.97,44.08,596
2015.08.04,14:00,44.08,44.23,44.02,44.18,518
2015.08.04,15:00,44.18,44.19,44.06,44.15,469
2015.08.04,16:00,44.15,44.40,44.12,44.36,691
2015.08.04,17:00,44.38,44.61,44.29,44.47,700
2015.08.04,18:00,44.47,44.58,44.43,44.47,304
2015.08.05,10:00,47.00,48.76,46.88,48.44,3917
2015.08.05,11:00,48.45,48.52,47.95,47.99,1573
2015.08.05,12:00,48.00,48.36,47.99,48.34,777
2015.08.05,13:00,48.35,48.52,48.11,48.28,544
2015.08.05,14:00,48.29,48.46,48.21,48.34,747
2015.08.05,15:00,48.34,48.67,48.34,48.42,846
2015.08.05,16:00,48.42,48.64,48.36,48.50,865
2015.08.05,17:00,48.52,48.65,48.11,48.14,796
2015.08.05,18:00,48.15,48.46,48.14,48.41,540
2015.08.06,10:00,47.87,48.25,47.79,48.11,988
2015.08.06,11:00,48.12,48.49,48.04,48.05,777
2015.08.06,12:00,48.06,48.10,47.92,47.93,623
2015.08.06,13:00,47.93,48.12,47.90,48.09,557
2015.08.06,14:00,48.08,48.31,48.03,48.25,459
2015.08.06,15:00,48.24,48.38,48.14,48.24,611
2015.08.06,16:00,48.25,48.37,47.90,47.96,729
2015.08.06,17:00,47.97,48.29,47.92,48.28,661
2015.08.06,18:00,48.29,48.32,48.11,48.11,295
2015.08.07,10:00,48.09,48.27,47.91,48.02,965
2015.08.07,11:00,48.01,48.28,48.01,48.27,555
2015.08.07,12:00,48.28,48.36,48.17,48.19,533
2015.08.07,13:00,48.18,48.23,48.11,48.17,402
2015.08.07,14:00,48.16,48.24,48.11,48.22,466
2015.08.07,15:00,48.21,48.35,48.10,48.35,1095
2015.08.07,16:00,48.34,48.35,47.95,48.07,1379
2015.08.07,17:00,48.05,48.20,48.00,48.04,1096
2015.08.07,18:00,48.03,48.07,47.82,47.85,342
2015.08.10,10:00,48.14,48.22,47.79,47.86,1215
2015.08.10,11:00,47.86,48.02,47.55,48.00,1144
2015.08.10,12:00,48.01,48.02,47.78,47.79,729
2015.08.10,13:00,47.79,48.14,47.78,48.11,504
2015.08.10,14:00,48.10,48.22,48.09,48.22,542
2015.08.10,15:00,48.23,48.38,48.08,48.13,549
2015.08.10,16:00,48.12,48.26,48.03,48.15,714
2015.08.10,17:00,48.16,48.24,48.14,48.22,735
2015.08.10,18:00,48.22,48.36,48.20,48.31,382
2015.08.11,10:00,48.15,48.36,48.04,48.18,984
2015.08.11,11:00,48.18,48.33,48.00,48.02,733
2015.08.11,12:00,48.01,48.21,47.90,47.92,676
2015.08.11,13:00,47.93,48.22,47.88,48.15,590
2015.08.11,14:00,48.15,48.31,48.10,48.13,618
2015.08.11,15:00,48.12,48.12,47.74,47.77,608
2015.08.11,16:00,47.76,48.00,47.67,47.88,1052
2015.08.11,17:00,47.87,47.99,47.77,47.79,1186
2015.08.11,18:00,47.78,47.90,47.72,47.83,420
2015.08.12,10:00,47.28,47.49,46.59,46.93,2443
2015.08.12,11:00,46.92,47.04,46.47,46.57,1752
2015.08.12,12:00,46.58,46.79,46.51,46.68,1095
2015.08.12,13:00,46.68,47.11,46.65,46.94,922
2015.08.12,14:00,46.95,47.00,46.73,46.78,930
2015.08.12,15:00,46.77,46.89,46.68,46.79,793
2015.08.12,16:00,46.79,46.84,46.31,46.40,1449
2015.08.12,17:00,46.40,46.40,45.97,46.04,2059
2015.08.12,18:00,46.04,46.29,45.93,46.25,682
2015.08.13,10:00,46.94,47.16,46.84,47.00,1287
2015.08.13,11:00,47.01,47.26,46.83,47.24,1077
2015.08.13,12:00,47.25,47.31,47.09,47.25,653
2015.08.13,13:00,47.24,47.39,47.24,47.27,508
2015.08.13,14:00,47.26,47.52,47.26,47.31,371
2015.08.13,15:00,47.30,47.50,47.22,47.25,700
2015.08.13,16:00,47.26,47.31,47.07,47.22,1040
2015.08.13,17:00,47.21,47.28,46.96,47.10,1101
2015.08.13,18:00,47.11,47.13,46.84,46.90,572
2015.08.14,10:00,46.98,47.51,46.96,47.40,1249
2015.08.14,11:00,47.40,47.43,47.10,47.12,885
2015.08.14,12:00,47.13,47.18,46.75,46.88,1170
2015.08.14,13:00,46.89,46.95,46.40,46.53,922
2015.08.14,14:00,46.52,46.61,46.30,46.57,998
2015.08.14,15:00,46.56,46.75,46.50,46.68,743
2015.08.14,16:00,46.66,46.86,46.57,46.71,1449
2015.08.14,17:00,46.70,46.77,46.40,46.70,1289
2015.08.14,18:00,46.69,46.81,46.66,46.75,488
2015.08.17,10:00,47.02,47.49,47.02,47.18,1933
2015.08.17,11:00,47.17,47.29,46.96,47.18,1433
2015.08.17,12:00,47.18,47.34,47.04,47.33,861
2015.08.17,13:00,47.34,47.35,47.16,47.24,734
2015.08.17,14:00,47.24,47.53,47.24,47.39,582
2015.08.17,15:00,47.38,47.40,46.71,47.00,1905
2015.08.17,16:00,46.99,47.10,46.72,47.09,1504
2015.08.17,17:00,47.10,47.32,47.03,47.29,1076
2015.08.17,18:00,47.28,47.45,47.26,47.32,642
2015.08.18,10:00,47.21,47.50,47.01,47.11,1698
2015.08.18,11:00,47.11,47.44,46.97,47.39,1337
2015.08.18,12:00,47.39,47.53,47.17,47.28,995
2015.08.18,13:00,47.29,47.40,47.22,47.34,910
2015.08.18,14:00,47.34,47.36,47.19,47.33,661
2015.08.18,15:00,47.32,47.54,47.08,47.53,874
2015.08.18,16:00,47.54,47.72,47.40,47.43,1084
2015.08.18,17:00,47.43,47.49,47.21,47.46,968
2015.08.18,18:00,47.46,47.49,47.24,47.24,379
2015.08.19,10:00,46.75,47.14,46.74,46.96,2255
2015.08.19,11:00,46.95,46.95,46.56,46.79,1460
2015.08.19,12:00,46.79,47.26,46.70,47.22,977
2015.08.19,13:00,47.22,47.73,47.22,47.71,812
2015.08.19,14:00,47.72,47.74,47.49,47.50,620
2015.08.19,15:00,47.51,47.53,47.25,47.26,770
2015.08.19,16:00,47.25,47.32,46.95,47.05,1148
2015.08.19,17:00,47.04,47.28,46.86,46.90,1172
2015.08.19,18:00,46.90,46.98,46.73,46.84,573
2015.08.20,10:00,46.61,46.90,46.52,46.59,1825
2015.08.20,11:00,46.58,46.79,46.17,46.30,1247
2015.08.20,12:00,46.30,46.44,46.25,46.31,1027
2015.08.20,13:00,46.32,46.36,45.96,45.99,695
2015.08.20,14:00,46.00,46.22,45.88,46.21,692
2015.08.20,15:00,46.20,46.31,45.97,46.18,874
2015.08.20,16:00,46.17,46.18,45.66,45.71,1411
2015.08.20,17:00,45.70,45.85,45.31,45.49,1898
2015.08.20,18:00,45.48,45.54,45.27,45.49,696
2015.08.21,10:00,44.40,45.13,44.40,45.01,2345
2015.08.21,11:00,45.01,45.22,44.90,45.05,1701
2015.08.21,12:00,45.06,45.20,44.64,44.76,1260
2015.08.21,13:00,44.76,44.96,44.29,44.37,2040
2015.08.21,14:00,44.37,44.65,44.23,44.54,1426
2015.08.21,15:00,44.54,44.55,44.25,44.32,934
2015.08.21,16:00,44.31,44.38,44.04,44.35,1576
2015.08.21,17:00,44.34,44.61,43.94,44.10,2494
2015.08.21,18:00,44.09,44.11,43.62,43.63,1258
2015.08.24,10:00,42.11,42.68,42.00,42.52,3325
2015.08.24,11:00,42.52,42.57,42.02,42.33,2317
2015.08.24,12:00,42.32,42.66,42.20,42.31,1718
2015.08.24,13:00,42.29,42.33,42.01,42.09,1952
2015.08.24,14:00,42.10,42.11,40.90,41.21,3675
2015.08.24,15:00,41.21,41.40,40.89,40.91,3475
2015.08.24,16:00,40.90,40.90,39.16,40.39,6508
2015.08.24,17:00,40.39,41.63,40.29,41.13,6668
2015.08.24,18:00,41.14,41.17,40.42,40.45,2812
2015.08.25,10:00,41.46,42.09,41.02,42.08,4434
2015.08.25,11:00,42.09,42.66,41.97,42.03,3208
2015.08.25,12:00,42.02,42.48,41.85,42.39,2517
2015.08.25,13:00,42.39,43.25,42.13,42.84,3675
2015.08.25,14:00,42.84,43.15,42.75,43.03,2189
2015.08.25,15:00,43.03,43.21,42.80,42.93,2168
2015.08.25,16:00,42.93,43.14,42.62,42.76,3095
2015.08.25,17:00,42.76,43.05,42.61,43.03,3865
2015.08.25,18:00,43.04,43.36,43.03,43.03,1150
2015.08.26,10:00,42.37,42.47,41.70,42.05,5237
2015.08.26,11:00,42.05,42.54,42.00,42.05,3075
2015.08.26,12:00,42.06,42.21,41.81,41.93,1759
2015.08.26,13:00,41.94,42.50,41.80,42.40,1720
2015.08.26,14:00,42.39,42.72,42.36,42.56,1639
2015.08.26,15:00,42.55,43.11,42.48,42.95,1777
2015.08.26,16:00,42.96,43.12,42.46,42.77,2814
2015.08.26,17:00,42.76,42.97,42.21,42.41,4238
2015.08.26,18:00,42.41,42.55,42.24,42.43,1469
2015.08.27,10:00,43.69,43.90,43.32,43.68,3451
2015.08.27,11:00,43.68,44.15,43.61,44.08,1879
2015.08.27,12:00,44.09,44.16,43.82,43.83,1135
2015.08.27,13:00,43.82,44.04,43.75,43.78,1154
2015.08.27,14:00,43.79,44.08,43.73,43.87,1270
2015.08.27,15:00,43.86,44.14,43.76,44.09,1492
2015.08.27,16:00,44.10,44.13,43.61,43.75,1830
2015.08.27,17:00,43.75,44.11,43.65,44.03,2498
2015.08.27,18:00,44.02,44.14,43.82,43.86,1034
2015.08.28,10:00,43.86,43.90,43.44,43.53,2648
2015.08.28,11:00,43.52,43.79,43.37,43.61,1529
2015.08.28,12:00,43.61,43.79,43.35,43.68,1664
2015.08.28,13:00,43.68,43.77,43.25,43.27,1153
2015.08.28,14:00,43.27,43.56,43.25,43.36,1133
2015.08.28,15:00,43.36,43.64,43.25,43.33,1124
2015.08.28,16:00,43.33,43.54,43.28,43.44,1554
2015.08.28,17:00,43.44,43.47,43.16,43.29,2136
2015.08.28,18:00,43.30,43.58,43.25,43.51,662
2015.08.31,10:00,43.20,43.53,43.02,43.24,1214
2015.08.31,11:00,43.24,43.24,42.86,43.06,1016
2015.08.31,12:00,43.07,43.26,42.96,43.18,804
2015.08.31,13:00,43.19,43.45,43.14,43.32,835
2015.08.31,14:00,43.32,43.43,43.26,43.42,365
2015.08.31,15:00,43.43,43.47,43.11,43.14,580
2015.08.31,16:00,43.13,43.26,43.02,43.14,1090
2015.08.31,17:00,43.14,43.31,43.01,43.12,1124
2015.08.31,18:00,43.13,43.40,43.05,43.40,587
2015.09.01,10:00,42.54,42.85,41.89,41.90,3291
2015.09.01,11:00,41.90,42.20,41.65,41.76,2631
2015.09.01,12:00,41.77,42.05,41.70,42.02,2112
2015.09.01,13:00,42.03,42.36,41.98,42.25,1579
2015.09.01,14:00,42.26,42.36,41.92,41.97,1277
2015.09.01,15:00,41.98,42.05,41.53,41.53,1263
2015.09.01,16:00,41.54,42.02,41.52,41.68,2008
2015.09.01,17:00,41.68,41.80,41.40,41.58,2395
2015.09.01,18:00,41.57,41.92,41.49,41.83,1106
2015.09.02,10:00,42.19,42.47,42.15,42.26,2369
2015.09.02,11:00,42.27,42.29,41.62,42.00,2535
2015.09.02,12:00,42.01,42.21,41.83,42.21,1199
2015.09.02,13:00,42.21,42.43,42.11,42.18,999
2015.09.02,14:00,42.17,42.45,42.06,42.42,771
2015.09.02,15:00,42.43,42.67,42.22,42.64,1151
2015.09.02,16:00,42.64,42.93,42.57,42.68,1837
2015.09.02,17:00,42.67,42.83,42.15,42.36,2542
2015.09.02,18:00,42.35,42.42,42.00,42.18,1081
2015.09.03,10:00,42.59,42.76,42.36,42.71,1893
2015.09.03,11:00,42.71,42.83,42.54,42.60,1265
2015.09.03,12:00,42.61,42.74,42.43,42.52,1058
2015.09.03,13:00,42.53,42.63,42.46,42.51,847
2015.09.03,14:00,42.50,42.52,42.38,42.43,971
2015.09.03,15:00,42.44,43.14,42.38,43.03,2944
2015.09.03,16:00,43.03,43.31,42.92,43.21,1792
2015.09.03,17:00,43.22,43.72,43.16,43.67,1567
2015.09.03,18:00,43.67,43.70,43.29,43.30,687
2015.09.04,10:00,42.89,43.08,42.51,42.72,2391
2015.09.04,11:00,42.71,42.72,42.27,42.40,1419
2015.09.04,12:00,42.40,42.50,42.22,42.24,904
2015.09.04,13:00,42.24,42.39,42.03,42.10,1140
2015.09.04,14:00,42.11,42.18,42.01,42.10,743
2015.09.04,15:00,42.09,42.31,41.45,41.65,3422
2015.09.04,16:00,41.64,41.90,41.42,41.70,3559
2015.09.04,17:00,41.69,41.96,41.60,41.66,2017
2015.09.04,18:00,41.67,41.80,41.50,41.65,896
2015.09.07,10:00,41.93,42.24,41.84,41.96,2572
2015.09.07,11:00,41.96,42.13,41.84,41.84,1932
2015.09.07,12:00,41.84,41.85,41.60,41.75,1736
2015.09.07,13:00,41.76,41.85,41.57,41.81,1296
2015.09.07,14:00,41.81,41.90,41.72,41.76,897
2015.09.07,15:00,41.75,41.86,41.67,41.85,778
2015.09.07,16:00,41.85,41.90,41.71,41.79,721
2015.09.07,17:00,41.79,41.81,41.61,41.71,536
2015.09.07,18:00,41.72,41.84,41.71,41.79,358
2015.09.08,10:00,42.11,42.88,42.04,42.58,1856
2015.09.08,11:00,42.57,42.81,42.57,42.68,1081
2015.09.08,12:00,42.68,42.97,42.68,42.96,985
2015.09.08,13:00,42.95,43.23,42.93,43.15,845
2015.09.08,14:00,43.14,43.14,42.78,42.85,690
2015.09.08,15:00,42.85,43.00,42.68,42.91,712
2015.09.08,16:00,42.90,43.14,42.84,42.99,1556
2015.09.08,17:00,42.99,43.01,42.68,42.80,1471
2015.09.08,18:00,42.81,42.81,42.67,42.68,557
2015.09.09,10:00,43.88,43.92,43.52,43.57,2056
2015.09.09,11:00,43.58,43.60,43.27,43.43,1543
2015.09.09,12:00,43.44,43.65,43.44,43.60,892
2015.09.09,13:00,43.61,43.74,43.59,43.72,760
2015.09.09,14:00,43.73,43.94,43.65,43.94,744
2015.09.09,15:00,43.95,44.01,43.81,44.01,863
2015.09.09,16:00,44.00,44.07,43.77,43.79,1291
2015.09.09,17:00,43.80,43.84,43.44,43.54,1555
2015.09.09,18:00,43.55,43.56,43.21,43.24,905
2015.09.10,10:00,42.94,43.22,42.79,43.07,2527
2015.09.10,11:00,43.08,43.14,42.77,43.09,2029
2015.09.10,12:00,43.08,43.41,42.98,43.29,1397
2015.09.10,13:00,43.29,43.35,42.86,42.87,1543
2015.09.10,14:00,42.88,42.93,42.46,42.57,1674
2015.09.10,15:00,42.56,42.72,42.36,42.51,1879
2015.09.10,16:00,42.52,42.85,42.50,42.64,2530
2015.09.10,17:00,42.65,43.03,42.45,43.00,3287
2015.09.10,18:00,42.99,43.00,42.61,42.70,1109
2015.09.11,10:00,42.90,42.90,42.41,42.61,2846
2015.09.11,11:00,42.62,42.66,42.11,42.15,1908
2015.09.11,12:00,42.16,42.40,42.07,42.39,1433
2015.09.11,13:00,42.40,42.43,42.24,42.25,789
2015.09.11,14:00,42.26,42.48,42.23,42.46,633
2015.09.11,15:00,42.47,42.55,42.36,42.38,719
2015.09.11,16:00,42.39,42.53,42.33,42.40,1315
2015.09.11,17:00,42.40,42.68,42.34,42.50,1393
2015.09.11,18:00,42.49,42.56,42.27,42.45,767
2015.09.14,10:00,42.48,42.65,42.26,42.29,2095
2015.09.14,11:00,42.29,42.32,41.89,42.04,1199
2015.09.14,12:00,42.04,42.17,41.97,42.04,926
2015.09.14,13:00,42.05,42.19,42.02,42.04,921
2015.09.14,14:00,42.03,42.04,41.58,41.62,514
2015.09.14,15:00,41.61,41.73,41.51,41.60,1018
2015.09.14,16:00,41.61,41.75,41.47,41.70,1522
2015.09.14,17:00,41.70,42.04,41.66,41.97,1401
2015.09.14,18:00,41.97,42.00,41.81,41.85,652
2015.09.15,10:00,41.66,41.89,41.55,41.57,2023
2015.09.15,11:00,41.58,41.61,41.26,41.45,1364
2015.09.15,12:00,41.43,41.48,41.22,41.43,1051
2015.09.15,13:00,41.43,41.93,41.31,41.87,977
2015.09.15,14:00,41.86,41.88,41.63,41.65,621
2015.09.15,15:00,41.64,41.76,41.55,41.71,780
2015.09.15,16:00,41.71,41.88,41.65,41.79,1266
2015.09.15,17:00,41.78,42.40,41.74,42.26,1445
2015.09.15,18:00,42.26,42.32,42.09,42.18,624
2015.09.16,10:00,42.33,42.63,42.27,42.28,1368
2015.09.16,11:00,42.27,42.38,42.16,42.23,970
2015.09.16,12:00,42.23,42.30,42.01,42.07,1105
2015.09.16,13:00,42.07,42.33,42.01,42.33,688
2015.09.16,14:00,42.33,42.45,42.25,42.43,573
2015.09.16,15:00,42.42,42.45,42.08,42.14,635
2015.09.16,16:00,42.15,42.33,42.07,42.12,1125
2015.09.16,17:00,42.13,42.23,42.00,42.12,967
2015.09.16,18:00,42.13,42.29,42.09,42.20,617
2015.09.17,10:00,42.33,42.36,42.10,42.16,1750
2015.09.17,11:00,42.17,42.29,42.03,42.19,827
2015.09.17,12:00,42.18,42.29,42.11,42.15,506
2015.09.17,13:00,42.14,42.30,42.07,42.24,587
2015.09.17,14:00,42.24,42.29,42.15,42.15,486
2015.09.17,15:00,42.15,42.27,42.09,42.18,431
2015.09.17,16:00,42.18,42.39,42.10,42.32,1058
2015.09.17,17:00,42.30,42.47,42.25,42.27,1002
2015.09.17,18:00,42.26,42.31,42.10,42.29,434
2015.09.18,10:00,41.83,41.84,41.28,41.41,2516
2015.09.18,11:00,41.40,41.52,41.08,41.20,1598
2015.09.18,12:00,41.20,41.28,40.63,40.71,1879
2015.09.18,13:00,40.72,40.84,40.46,40.71,1457
2015.09.18,14:00,40.70,40.76,40.54,40.71,1573
2015.09.18,15:00,40.73,40.84,40.53,40.55,1151
2015.09.18,16:00,40.56,40.57,40.10,40.34,2054
2015.09.18,17:00,40.33,40.63,40.24,40.56,2093
2015.09.18,18:00,40.57,40.70,40.44,40.45,793
2015.09.21,10:00,40.46,40.97,40.22,40.65,2701
2015.09.21,11:00,40.66,40.93,40.45,40.91,1648
2015.09.21,12:00,40.92,41.07,40.81,40.83,1148
2015.09.21,13:00,40.84,40.97,40.77,40.90,970
2015.09.21,14:00,40.91,41.19,40.89,41.17,1190
2015.09.21,15:00,41.16,41.23,40.96,40.99,751
2015.09.21,16:00,41.00,41.02,40.78,40.82,1563
2015.09.21,17:00,40.81,41.23,40.76,41.14,1427
2015.09.21,18:00,41.15,41.18,41.02,41.07,470
2015.09.22,10:00,40.84,40.89,40.10,40.21,2614
2015.09.22,11:00,40.20,40.31,39.74,39.82,2815
2015.09.22,12:00,39.82,39.84,39.49,39.51,2324
2015.09.22,13:00,39.50,39.64,39.35,39.63,2020
2015.09.22,14:00,39.62,39.62,39.37,39.47,1119
2015.09.22,15:00,39.47,39.49,39.17,39.29,1028
2015.09.22,16:00,39.29,39.57,39.24,39.49,1579
2015.09.22,17:00,39.50,39.57,39.06,39.24,1691
2015.09.22,18:00,39.23,39.33,39.14,39.24,836
2015.09.23,10:00,39.42,39.46,38.95,39.32,2396
2015.09.23,11:00,39.31,39.71,39.21,39.64,1598
2015.09.23,12:00,39.64,39.69,39.40,39.67,979
2015.09.23,13:00,39.67,39.70,39.38,39.57,979
2015.09.23,14:00,39.57,39.67,39.27,39.39,1309
2015.09.23,15:00,39.38,39.53,39.34,39.37,965
2015.09.23,16:00,39.36,39.44,38.90,38.92,1869
2015.09.23,17:00,38.93,39.10,38.86,38.90,1591
2015.09.23,18:00,38.91,38.97,38.62,38.63,642
2015.09.24,10:00,38.75,39.25,38.49,39.15,2276
2015.09.24,11:00,39.14,39.60,39.14,39.39,2517
2015.09.24,12:00,39.39,39.47,38.94,39.14,1838
2015.09.24,13:00,39.13,39.25,38.45,38.67,2466
2015.09.24,14:00,38.68,38.78,38.48,38.50,1859
2015.09.24,15:00,38.50,38.76,38.35,38.59,1465
2015.09.24,16:00,38.59,38.71,38.34,38.60,1804
2015.09.24,17:00,38.60,38.62,38.15,38.28,2592
2015.09.24,18:00,38.27,38.60,38.16,38.49,1221
2015.09.25,10:00,39.32,39.70,39.24,39.53,2883
2015.09.25,11:00,39.54,39.83,39.46,39.82,2399
2015.09.25,12:00,39.81,40.03,39.65,39.91,1643
2015.09.25,13:00,39.91,39.96,39.75,39.83,1154
2015.09.25,14:00,39.83,40.02,39.63,39.98,1458
2015.09.25,15:00,39.99,40.07,39.78,39.89,1554
2015.09.25,16:00,39.88,39.99,39.63,39.70,2244
2015.09.25,17:00,39.71,40.00,39.65,39.97,2182
2015.09.25,18:00,39.96,39.98,39.77,39.82,675
2015.09.28,10:00,39.49,39.70,39.35,39.39,2594
2015.09.28,11:00,39.39,39.62,39.17,39.28,2200
2015.09.28,12:00,39.27,39.32,38.77,38.86,1812
2015.09.28,13:00,38.85,39.04,38.31,38.31,1165
2015.09.28,14:00,38.31,38.39,38.11,38.24,1308
2015.09.28,15:00,38.23,38.25,38.09,38.17,1143
2015.09.28,16:00,38.18,38.28,38.02,38.07,1630
2015.09.28,17:00,38.06,38.11,37.89,38.06,2355
2015.09.28,18:00,38.05,38.24,38.03,38.03,1008
2015.09.29,10:00,37.51,37.96,37.20,37.93,3134
2015.09.29,11:00,37.92,38.71,37.92,38.49,2163
2015.09.29,12:00,38.49,38.59,38.25,38.44,1552
2015.09.29,13:00,38.44,38.73,38.37,38.71,872
2015.09.29,14:00,38.71,38.72,38.57,38.68,895
2015.09.29,15:00,38.68,38.93,38.65,38.87,932
2015.09.29,16:00,38.88,38.88,38.35,38.59,1867
2015.09.29,17:00,38.60,38.97,38.51,38.85,2886
2015.09.29,18:00,38.86,38.98,38.67,38.72,1320
2015.09.30,10:00,39.63,40.07,39.54,39.60,2747
2015.09.30,11:00,39.59,39.87,39.39,39.78,1989
2015.09.30,12:00,39.77,40.04,39.69,40.02,1268
2015.09.30,13:00,40.03,40.17,39.92,40.10,720
2015.09.30,14:00,40.10,40.19,39.95,39.95,795
2015.09.30,15:00,39.95,40.14,39.86,40.04,966
2015.09.30,16:00,40.03,40.20,39.87,39.88,1768
2015.09.30,17:00,39.88,40.04,39.82,39.94,2316
2015.09.30,18:00,39.95,39.96,39.81,39.89,738
2015.10.01,10:00,40.29,40.46,40.19,40.34,1443
2015.10.01,11:00,40.34,40.39,40.17,40.29,1390
2015.10.01,12:00,40.29,40.38,40.06,40.17,1475
2015.10.01,13:00,40.17,40.19,39.93,40.14,1193
2015.10.01,14:00,40.13,40.18,39.62,39.67,1398
2015.10.01,15:00,39.68,39.78,39.54,39.58,1292
2015.10.01,16:00,39.57,39.90,39.43,39.48,1900
2015.10.01,17:00,39.48,39.81,39.33,39.38,2861
2015.10.01,18:00,39.37,39.59,39.30,39.53,1197
2015.10.02,10:00,40.00,40.30,39.91,39.98,2092
2015.10.02,11:00,39.97,40.42,39.92,40.40,1410
2015.10.02,12:00,40.41,40.68,40.33,40.68,833
2015.10.02,13:00,40.67,40.74,40.57,40.63,556
2015.10.02,14:00,40.64,40.65,40.43,40.52,569
2015.10.02,15:00,40.51,40.54,39.26,39.59,2987
2015.10.02,16:00,39.58,39.64,39.11,39.35,3220
2015.10.02,17:00,39.35,39.68,39.24,39.66,2901
2015.10.02,18:00,39.65,39.79,39.47,39.59,811
2015.10.05,10:00,40.49,40.81,40.20,40.73,2861
2015.10.05,11:00,40.73,40.86,40.59,40.66,1668
2015.10.05,12:00,40.66,40.89,40.60,40.88,1134
2015.10.05,13:00,40.87,40.92,40.79,40.90,789
2015.10.05,14:00,40.91,41.02,40.89,40.98,638
2015.10.05,15:00,40.97,41.11,40.87,40.98,823
2015.10.05,16:00,40.99,41.21,40.95,41.13,1371
2015.10.05,17:00,41.13,41.24,40.99,41.08,1365
2015.10.05,18:00,41.07,41.14,41.01,41.04,605
2015.10.06,10:00,41.04,41.25,40.72,40.72,2315
2015.10.06,11:00,40.71,41.35,40.64,41.20,1665
2015.10.06,12:00,41.19,41.33,41.08,41.10,895
2015.10.06,13:00,41.10,41.31,41.03,41.14,853
2015.10.06,14:00,41.15,41.18,40.87,41.07,783
2015.10.06,15:00,41.08,41.33,41.03,41.33,694
2015.10.06,16:00,41.33,41.56,41.21,41.52,1374
2015.10.06,17:00,41.52,41.54,41.14,41.29,2173
2015.10.06,18:00,41.28,41.48,41.26,41.40,624
2015.10.07,10:00,41.73,41.97,41.36,41.93,2098
2015.10.07,11:00,41.92,42.18,41.85,41.94,1412
2015.10.07,12:00,41.95,42.04,41.79,41.82,1115
2015.10.07,13:00,41.83,41.93,41.67,41.90,881
2015.10.07,14:00,41.89,42.06,41.87,42.00,776
2015.10.07,15:00,42.01,42.19,41.97,42.15,660
2015.10.07,16:00,42.16,42.50,42.15,42.41,1148
2015.10.07,17:00,42.42,42.59,42.10,42.19,1689
2015.10.07,18:00,42.18,42.18,41.70,41.78,1217
2015.10.08,10:00,41.51,41.82,41.11,41.58,2979
2015.10.08,11:00,41.58,41.78,41.22,41.23,1969
2015.10.08,12:00,41.24,41.40,41.16,41.28,1144
2015.10.08,13:00,41.29,41.56,41.28,41.47,1088
2015.10.08,14:00,41.47,41.63,41.42,41.59,946
2015.10.08,15:00,41.60,41.67,41.22,41.24,1030
2015.10.08,16:00,41.23,41.47,41.22,41.42,1430
2015.10.08,17:00,41.42,41.49,41.23,41.28,1603
2015.10.08,18:00,41.27,41.43,41.27,41.39,611
2015.10.09,10:00,41.77,41.86,41.59,41.62,2005
2015.10.09,11:00,41.62,42.11,41.60,42.04,1290
2015.10.09,12:00,42.04,42.16,41.96,42.12,811
2015.10.09,13:00,42.13,42.36,42.09,42.11,879
2015.10.09,14:00,42.11,42.24,42.08,42.15,609
2015.10.09,15:00,42.14,42.22,42.03,42.10,737
2015.10.09,16:00,42.11,42.11,41.85,42.01,1196
2015.10.09,17:00,42.00,42.02,41.74,41.96,2165
2015.10.09,18:00,41.96,42.03,41.77,41.85,734
2015.10.12,10:00,41.92,42.26,41.67,41.93,2974
2015.10.12,11:00,41.94,42.00,41.76,41.90,1472
2015.10.12,12:00,41.90,41.92,41.60,41.83,1083
2015.10.12,13:00,41.84,41.85,41.68,41.74,615
2015.10.12,14:00,41.73,41.83,41.63,41.67,442
2015.10.12,15:00,41.68,41.70,41.50,41.50,557
2015.10.12,16:00,41.51,41.54,41.28,41.45,1240
2015.10.12,17:00,41.44,41.57,41.36,41.38,1161
2015.10.12,18:00,41.39,41.57,41.38,41.54,403
2015.10.13,10:00,41.21,41.21,40.59,40.61,2603
2015.10.13,11:00,40.61,40.85,40.35,40.72,2658
2015.10.13,12:00,40.72,40.72,40.43,40.49,1790
2015.10.13,13:00,40.49,40.89,40.49,40.77,1226
2015.10.13,14:00,40.78,40.88,40.68,40.69,878
2015.10.13,15:00,40.70,40.86,40.62,40.67,1012
2015.10.13,16:00,40.66,40.93,40.61,40.93,1646
2015.10.13,17:00,40.92,41.17,40.89,41.09,1996
2015.10.13,18:00,41.09,41.11,40.86,40.88,744
2015.10.14,10:00,40.74,40.89,40.52,40.82,1915
2015.10.14,11:00,40.82,41.14,40.66,40.71,1801
2015.10.14,12:00,40.70,41.00,40.63,40.89,1200
2015.10.14,13:00,40.88,41.06,40.86,40.95,729
2015.10.14,14:00,40.94,41.22,40.92,41.19,745
2015.10.14,15:00,41.20,41.36,41.04,41.07,1263
2015.10.14,16:00,41.06,41.34,40.85,41.31,1858
2015.10.14,17:00,41.32,41.34,40.76,40.89,2142
2015.10.14,18:00,40.90,41.00,40.79,40.95,923
2015.10.15,10:00,41.15,41.41,41.13,41.26,1816
2015.10.15,11:00,41.27,41.45,41.11,41.42,1206
2015.10.15,12:00,41.43,41.47,41.14,41.31,855
2015.10.15,13:00,41.30,41.42,41.20,41.31,656
2015.10.15,14:00,41.31,41.36,41.12,41.17,769
2015.10.15,15:00,41.16,41.27,41.13,41.18,739
2015.10.15,16:00,41.17,41.32,41.13,41.18,1106
2015.10.15,17:00,41.17,41.39,41.10,41.32,1492
2015.10.15,18:00,41.33,41.39,41.19,41.33,596
