2008.05.21,00:00,0.0990,0.1018,0.0990,0.1004,570
2008.05.22,00:00,0.0999,0.1003,0.0978,0.0980,650
2008.05.23,00:00,0.0984,0.0990,0.0973,0.0984,505
2008.05.26,00:00,0.0978,0.0979,0.0964,0.0970,386
2008.05.27,00:00,0.0974,0.0976,0.0943,0.0952,581
2008.05.28,00:00,0.0951,0.0972,0.0950,0.0969,619
2008.05.29,00:00,0.0972,0.0976,0.0956,0.0969,396
2008.05.30,00:00,0.0974,0.0983,0.0970,0.0973,353
2008.06.02,00:00,0.0971,0.0975,0.0954,0.0958,484
2008.06.03,00:00,0.0942,0.0952,0.0939,0.0948,374
2008.06.04,00:00,0.0940,0.0944,0.0919,0.0928,497
2008.06.05,00:00,0.0923,0.0935,0.0916,0.0921,515
2008.06.06,00:00,0.0930,0.0930,0.0891,0.0891,927
2008.06.07,00:00,0.0873,0.0876,0.0859,0.0860,459
2008.06.09,00:00,0.0862,0.0874,0.0860,0.0870,539
2008.06.10,00:00,0.0857,0.0857,0.0841,0.0846,688
2008.06.11,00:00,0.0852,0.0858,0.0846,0.0847,490
2008.06.16,00:00,0.0856,0.0864,0.0849,0.0853,338
2008.06.17,00:00,0.0858,0.0881,0.0856,0.0873,359
2008.06.18,00:00,0.0868,0.0875,0.0857,0.0858,387
2008.06.19,00:00,0.0847,0.0870,0.0847,0.0863,454
2008.06.20,00:00,0.0864,0.0868,0.0851,0.0851,311
2008.06.23,00:00,0.0847,0.0857,0.0842,0.0850,380
2008.06.24,00:00,0.0851,0.0851,0.0829,0.0832,421
2008.06.25,00:00,0.0838,0.0848,0.0835,0.0843,340
2008.06.26,00:00,0.0848,0.0848,0.0828,0.0829,389
2008.06.27,00:00,0.0812,0.0829,0.0812,0.0824,438
2008.06.30,00:00,0.0824,0.0825,0.0806,0.0813,435
2008.07.01,00:00,0.0811,0.0816,0.0791,0.0792,480
2008.07.02,00:00,0.0801,0.0814,0.0796,0.0810,403
2008.07.03,00:00,0.0799,0.0830,0.0796,0.0823,616
2008.07.04,00:00,0.0824,0.0828,0.0812,0.0815,352
2008.07.07,00:00,0.0818,0.0835,0.0817,0.0834,432
2008.07.08,00:00,0.0812,0.0831,0.0806,0.0830,594
2008.07.09,00:00,0.0838,0.0840,0.0823,0.0833,569
2008.07.10,00:00,0.0820,0.0840,0.0814,0.0831,491
2008.07.11,00:00,0.0830,0.0831,0.0802,0.0807,438
2008.07.14,00:00,0.0813,0.0828,0.0813,0.0821,405
2008.07.15,00:00,0.0807,0.0809,0.0792,0.0796,466
2008.07.16,00:00,0.0800,0.0817,0.0791,0.0815,686
2008.07.17,00:00,0.0831,0.0866,0.0831,0.0864,714
2008.07.18,00:00,0.0851,0.0879,0.0843,0.0856,893
2008.07.21,00:00,0.0867,0.0882,0.0853,0.0869,700
2008.07.22,00:00,0.0862,0.0865,0.0848,0.0857,635
2008.07.23,00:00,0.0875,0.0880,0.0862,0.0864,470
2008.07.24,00:00,0.0866,0.0877,0.0856,0.0872,569
2008.07.25,00:00,0.0841,0.0845,0.0818,0.0833,846
2008.07.28,00:00,0.0840,0.0856,0.0820,0.0822,570
2008.07.29,00:00,0.0803,0.0830,0.0795,0.0808,714
2008.07.30,00:00,0.0831,0.0838,0.0820,0.0838,492
2008.07.31,00:00,0.0837,0.0840,0.0802,0.0804,614
2008.08.01,00:00,0.0798,0.0818,0.0798,0.0801,530
2008.08.04,00:00,0.0800,0.0804,0.0775,0.0787,561
2008.08.05,00:00,0.0781,0.0798,0.0776,0.0777,744
2008.08.06,00:00,0.0799,0.0808,0.0755,0.0798,951
2008.08.07,00:00,0.0801,0.0815,0.0798,0.0804,528
2008.08.08,00:00,0.0798,0.0804,0.0756,0.0756,793
2008.08.11,00:00,0.0755,0.0789,0.0711,0.0789,1707
2008.08.12,00:00,0.0782,0.0816,0.0767,0.0795,1205
2008.08.13,00:00,0.0780,0.0794,0.0773,0.0773,650
2008.08.14,00:00,0.0771,0.0793,0.0771,0.0778,474
2008.08.15,00:00,0.0788,0.0789,0.0776,0.0787,354
2008.08.18,00:00,0.0788,0.0795,0.0783,0.0783,314
2008.08.19,00:00,0.0769,0.0772,0.0735,0.0739,541
2008.08.20,00:00,0.0737,0.0757,0.0737,0.0744,545
2008.08.21,00:00,0.0748,0.0748,0.0712,0.0730,753
2008.08.22,00:00,0.0733,0.0750,0.0719,0.0734,771
2008.08.25,00:00,0.0733,0.0735,0.0676,0.0679,906
2008.08.26,00:00,0.0663,0.0667,0.0608,0.0665,1807
2008.08.27,00:00,0.0675,0.0683,0.0642,0.0659,1208
2008.08.28,00:00,0.0665,0.0693,0.0648,0.0692,956
2008.08.29,00:00,0.0689,0.0695,0.0670,0.0675,671
2008.09.01,00:00,0.0663,0.0700,0.0663,0.0683,870
2008.09.02,00:00,0.0678,0.0712,0.0672,0.0708,852
2008.09.03,00:00,0.0701,0.0721,0.0678,0.0684,1060
2008.09.04,00:00,0.0681,0.0697,0.0636,0.0640,1358
2008.09.05,00:00,0.0606,0.0626,0.0566,0.0596,1575
2008.09.08,00:00,0.0637,0.0650,0.0626,0.0632,826
2008.09.09,00:00,0.0619,0.0633,0.0562,0.0565,1356
2008.09.10,00:00,0.0536,0.0582,0.0514,0.0539,1898
2008.09.11,00:00,0.0537,0.0548,0.0495,0.0495,1309
2008.09.12,00:00,0.0514,0.0542,0.0497,0.0509,1466
2008.09.15,00:00,0.0483,0.0490,0.0454,0.0458,1298
2008.09.16,00:00,0.0433,0.0437,0.0304,0.0318,2004
2008.09.17,00:00,0.0350,0.0366,0.0251,0.0272,1101
2008.09.19,00:00,0.0381,0.0435,0.0381,0.0433,96
2008.09.22,00:00,0.0556,0.0571,0.0478,0.0498,1876
2008.09.23,00:00,0.0480,0.0514,0.0472,0.0504,897
2008.09.24,00:00,0.0515,0.0541,0.0511,0.0534,753
2008.09.25,00:00,0.0532,0.0540,0.0511,0.0534,824
2008.09.26,00:00,0.0530,0.0530,0.0510,0.0528,638
2008.09.29,00:00,0.0519,0.0529,0.0486,0.0494,886
2008.09.30,00:00,0.0470,0.0510,0.0461,0.0505,997
2008.10.01,00:00,0.0519,0.0522,0.0492,0.0496,841
2008.10.02,00:00,0.0496,0.0512,0.0486,0.0492,559
2008.10.03,00:00,0.0467,0.0477,0.0446,0.0455,971
2008.10.06,00:00,0.0416,0.0416,0.0325,0.0345,1478
2008.10.07,00:00,0.0326,0.0388,0.0325,0.0360,1485
2008.10.08,00:00,0.0290,0.0323,0.0290,0.0312,239
2008.10.09,00:00,0.0357,0.0360,0.0312,0.0327,1093
2008.10.13,00:00,0.0345,0.0356,0.0306,0.0321,1147
2008.10.14,00:00,0.0354,0.0387,0.0351,0.0378,794
2008.10.15,00:00,0.0371,0.0386,0.0335,0.0339,1110
2008.10.16,00:00,0.0311,0.0345,0.0305,0.0315,1464
2008.10.17,00:00,0.0338,0.0342,0.0304,0.0308,1028
2008.10.20,00:00,0.0325,0.0328,0.0312,0.0322,479
2008.10.21,00:00,0.0331,0.0335,0.0324,0.0327,478
2008.10.22,00:00,0.0319,0.0330,0.0304,0.0325,581
2008.10.23,00:00,0.0311,0.0333,0.0305,0.0331,508
2008.10.24,00:00,0.0317,0.0327,0.0293,0.0295,501
2008.10.28,00:00,0.0287,0.0330,0.0274,0.0328,837
2008.10.29,00:00,0.0346,0.0371,0.0343,0.0369,775
2008.10.30,00:00,0.0401,0.0446,0.0394,0.0418,1210
2008.10.31,00:00,0.0377,0.0422,0.0377,0.0419,1167
2008.11.01,00:00,0.0424,0.0445,0.0421,0.0430,449
2008.11.05,00:00,0.0473,0.0473,0.0419,0.0420,1026
2008.11.06,00:00,0.0390,0.0413,0.0374,0.0384,1021
2008.11.07,00:00,0.0370,0.0402,0.0370,0.0397,696
2008.11.10,00:00,0.0412,0.0428,0.0393,0.0395,612
2008.11.11,00:00,0.0382,0.0384,0.0351,0.0352,469
2008.11.13,00:00,0.0305,0.0343,0.0297,0.0331,1071
2008.11.14,00:00,0.0356,0.0358,0.0320,0.0320,914
2008.11.17,00:00,0.0318,0.0322,0.0293,0.0310,856
2008.11.18,00:00,0.0302,0.0324,0.0289,0.0320,724
2008.11.19,00:00,0.0317,0.0319,0.0298,0.0316,583
2008.11.20,00:00,0.0290,0.0314,0.0287,0.0310,533
2008.11.21,00:00,0.0313,0.0323,0.0298,0.0298,624
2008.11.24,00:00,0.0311,0.0332,0.0302,0.0331,550
2008.11.25,00:00,0.0351,0.0353,0.0324,0.0328,748
2008.11.26,00:00,0.0324,0.0338,0.0317,0.0318,569
2008.11.27,00:00,0.0328,0.0337,0.0317,0.0323,389
2008.11.28,00:00,0.0325,0.0327,0.0313,0.0317,272
2008.12.01,00:00,0.0315,0.0319,0.0298,0.0299,337
2008.12.02,00:00,0.0291,0.0309,0.0291,0.0309,352
2008.12.03,00:00,0.0313,0.0313,0.0300,0.0303,268
2008.12.04,00:00,0.0304,0.0313,0.0300,0.0304,298
2008.12.05,00:00,0.0300,0.0305,0.0299,0.0299,236
2008.12.08,00:00,0.0313,0.0318,0.0303,0.0313,271
2008.12.09,00:00,0.0307,0.0317,0.0305,0.0315,243
2008.12.10,00:00,0.0316,0.0324,0.0312,0.0319,187
2008.12.11,00:00,0.0321,0.0332,0.0317,0.0329,263
2008.12.12,00:00,0.0319,0.0344,0.0312,0.0339,398
2008.12.15,00:00,0.0345,0.0361,0.0338,0.0338,469
2008.12.16,00:00,0.0336,0.0348,0.0335,0.0338,380
2008.12.17,00:00,0.0346,0.0347,0.0328,0.0330,231
2008.12.18,00:00,0.0328,0.0333,0.0315,0.0315,392
2008.12.19,00:00,0.0308,0.0320,0.0307,0.0320,287
2008.12.22,00:00,0.0316,0.0326,0.0315,0.0326,271
2008.12.23,00:00,0.0320,0.0337,0.0320,0.0335,193
2008.12.24,00:00,0.0333,0.0340,0.0333,0.0337,171
2008.12.25,00:00,0.0339,0.0339,0.0332,0.0335,109
2008.12.26,00:00,0.0337,0.0338,0.0330,0.0335,85
2008.12.29,00:00,0.0336,0.0337,0.0331,0.0336,114
2008.12.30,00:00,0.0337,0.0339,0.0332,0.0337,103
2009.01.11,00:00,0.0335,0.0356,0.0332,0.0340,304
2009.01.12,00:00,0.0341,0.0346,0.0337,0.0338,144
2009.01.13,00:00,0.0335,0.0336,0.0326,0.0330,208
2009.01.14,00:00,0.0333,0.0335,0.0304,0.0306,280
2009.01.15,00:00,0.0305,0.0316,0.0301,0.0307,461
2009.01.16,00:00,0.0314,0.0314,0.0301,0.0304,227
2009.01.19,00:00,0.0308,0.0308,0.0280,0.0284,400
2009.01.20,00:00,0.0282,0.0285,0.0263,0.0264,606
2009.01.21,00:00,0.0256,0.0271,0.0250,0.0266,674
2009.01.22,00:00,0.0272,0.0274,0.0230,0.0233,612
2009.01.23,00:00,0.0230,0.0237,0.0204,0.0221,841
2009.01.26,00:00,0.0215,0.0237,0.0211,0.0237,676
2009.01.27,00:00,0.0235,0.0241,0.0221,0.0228,521
2009.01.28,00:00,0.0232,0.0237,0.0225,0.0234,345
2009.01.29,00:00,0.0237,0.0237,0.0222,0.0226,324
2009.01.30,00:00,0.0222,0.0231,0.0220,0.0220,271
2009.02.02,00:00,0.0216,0.0221,0.0212,0.0221,255
2009.02.03,00:00,0.0224,0.0226,0.0218,0.0219,177
2009.02.04,00:00,0.0222,0.0237,0.0220,0.0231,331
2009.02.05,00:00,0.0225,0.0231,0.0220,0.0223,272
2009.02.06,00:00,0.0226,0.0235,0.0221,0.0233,212
2009.02.09,00:00,0.0234,0.0254,0.0232,0.0248,455
2009.02.10,00:00,0.0254,0.0260,0.0246,0.0255,435
2009.02.11,00:00,0.0243,0.0264,0.0239,0.0253,616
2009.02.12,00:00,0.0255,0.0269,0.0247,0.0247,528
2009.02.13,00:00,0.0253,0.0258,0.0248,0.0253,238
2009.02.16,00:00,0.0253,0.0257,0.0235,0.0237,253
2009.02.17,00:00,0.0232,0.0233,0.0206,0.0209,352
2009.02.18,00:00,0.0210,0.0216,0.0195,0.0203,592
2009.02.19,00:00,0.0205,0.0213,0.0203,0.0206,221
2009.02.20,00:00,0.0201,0.0205,0.0194,0.0199,292
2009.02.24,00:00,0.0194,0.0199,0.0191,0.0197,226
2009.02.25,00:00,0.0203,0.0204,0.0195,0.0195,155
2009.02.26,00:00,0.0199,0.0202,0.0196,0.0200,152
2009.02.27,00:00,0.0199,0.0200,0.0194,0.0196,120
2009.03.02,00:00,0.0192,0.0196,0.0190,0.0194,87
2009.03.03,00:00,0.0192,0.0201,0.0192,0.0199,180
2009.03.04,00:00,0.0202,0.0217,0.0201,0.0212,277
2009.03.05,00:00,0.0215,0.0225,0.0207,0.0214,332
2009.03.06,00:00,0.0210,0.0227,0.0210,0.0220,320
2009.03.10,00:00,0.0227,0.0263,0.0227,0.0257,542
2009.03.11,00:00,0.0265,0.0268,0.0255,0.0261,485
2009.03.12,00:00,0.0258,0.0261,0.0246,0.0256,393
2009.03.13,00:00,0.0267,0.0276,0.0255,0.0256,351
2009.03.16,00:00,0.0257,0.0272,0.0256,0.0271,354
2009.03.17,00:00,0.0276,0.0282,0.0269,0.0273,488
2009.03.18,00:00,0.0280,0.0283,0.0255,0.0256,412
2009.03.19,00:00,0.0265,0.0279,0.0265,0.0273,535
2009.03.20,00:00,0.0271,0.0300,0.0267,0.0295,475
2009.03.23,00:00,0.0307,0.0326,0.0307,0.0324,632
2009.03.24,00:00,0.0337,0.0339,0.0301,0.0304,653
2009.03.25,00:00,0.0302,0.0335,0.0295,0.0331,700
2009.03.26,00:00,0.0339,0.0341,0.0317,0.0321,502
2009.03.27,00:00,0.0320,0.0324,0.0302,0.0303,416
2009.03.30,00:00,0.0291,0.0292,0.0271,0.0272,396
2009.03.31,00:00,0.0275,0.0290,0.0275,0.0279,414
2009.04.01,00:00,0.0278,0.0288,0.0273,0.0287,435
2009.04.02,00:00,0.0297,0.0308,0.0294,0.0307,388
2009.04.03,00:00,0.0307,0.0309,0.0298,0.0299,354
2009.04.06,00:00,0.0307,0.0316,0.0294,0.0295,329
2009.04.07,00:00,0.0296,0.0303,0.0285,0.0300,352
2009.04.08,00:00,0.0293,0.0307,0.0291,0.0306,392
2009.04.09,00:00,0.0314,0.0333,0.0309,0.0322,382
2009.04.10,00:00,0.0328,0.0328,0.0313,0.0318,279
2009.04.13,00:00,0.0315,0.0321,0.0312,0.0315,211
2009.04.14,00:00,0.0318,0.0346,0.0316,0.0333,773
2009.04.15,00:00,0.0325,0.0332,0.0319,0.0324,474
2009.04.16,00:00,0.0332,0.0342,0.0330,0.0338,540
2009.04.17,00:00,0.0344,0.0357,0.0336,0.0348,558
2009.04.20,00:00,0.0346,0.0352,0.0319,0.0322,521
2009.04.21,00:00,0.0316,0.0324,0.0305,0.0311,452
2009.04.22,00:00,0.0317,0.0322,0.0307,0.0320,369
2009.04.23,00:00,0.0330,0.0336,0.0323,0.0327,393
2009.04.24,00:00,0.0327,0.0330,0.0319,0.0321,343
2009.04.27,00:00,0.0319,0.0319,0.0310,0.0315,267
2009.04.28,00:00,0.0313,0.0313,0.0303,0.0308,216
2009.04.29,00:00,0.0314,0.0319,0.0307,0.0318,236
2009.04.30,00:00,0.0322,0.0326,0.0313,0.0314,238
2009.05.04,00:00,0.0321,0.0329,0.0319,0.0328,186
2009.05.05,00:00,0.0343,0.0352,0.0332,0.0336,528
2009.05.06,00:00,0.0331,0.0347,0.0325,0.0340,454
2009.05.07,00:00,0.0347,0.0368,0.0345,0.0361,569
2009.05.08,00:00,0.0365,0.0422,0.0365,0.0418,1056
2009.05.12,00:00,0.0408,0.0472,0.0408,0.0459,1700
2009.05.13,00:00,0.0474,0.0501,0.0409,0.0424,2245
2009.05.14,00:00,0.0403,0.0411,0.0379,0.0395,1171
2009.05.15,00:00,0.0411,0.0414,0.0388,0.0409,755
2009.05.18,00:00,0.0397,0.0436,0.0391,0.0436,778
2009.05.19,00:00,0.0454,0.0461,0.0433,0.0443,952
2009.05.20,00:00,0.0441,0.0472,0.0433,0.0467,1114
2009.05.21,00:00,0.0455,0.0459,0.0426,0.0429,874
2009.05.22,00:00,0.0439,0.0451,0.0433,0.0442,621
2009.05.25,00:00,0.0443,0.0449,0.0432,0.0442,426
2009.05.26,00:00,0.0439,0.0440,0.0413,0.0428,689
2009.05.27,00:00,0.0438,0.0442,0.0428,0.0431,422
2009.05.28,00:00,0.0423,0.0443,0.0421,0.0437,426
2009.05.29,00:00,0.0446,0.0453,0.0443,0.0444,418
2009.06.01,00:00,0.0462,0.0491,0.0458,0.0486,808
2009.06.02,00:00,0.0490,0.0526,0.0462,0.0484,1800
2009.06.03,00:00,0.0489,0.0499,0.0432,0.0435,1494
2009.06.04,00:00,0.0433,0.0455,0.0411,0.0426,1329
2009.06.05,00:00,0.0441,0.0445,0.0420,0.0429,744
2009.06.08,00:00,0.0419,0.0427,0.0412,0.0425,507
2009.06.09,00:00,0.0430,0.0434,0.0419,0.0425,510
2009.06.10,00:00,0.0437,0.0437,0.0418,0.0422,358
2009.06.11,00:00,0.0424,0.0424,0.0412,0.0417,285
2009.06.15,00:00,0.0412,0.0412,0.0390,0.0390,377
2009.06.16,00:00,0.0387,0.0410,0.0387,0.0406,438
2009.06.17,00:00,0.0404,0.0410,0.0381,0.0382,475
2009.06.18,00:00,0.0388,0.0388,0.0360,0.0372,661
2009.06.19,00:00,0.0375,0.0375,0.0360,0.0361,376
2009.06.22,00:00,0.0350,0.0351,0.0323,0.0325,513
2009.06.23,00:00,0.0315,0.0344,0.0292,0.0334,1109
2009.06.24,00:00,0.0343,0.0355,0.0336,0.0351,756
2009.06.25,00:00,0.0350,0.0358,0.0332,0.0353,1000
2009.06.26,00:00,0.0363,0.0366,0.0341,0.0343,520
2009.06.29,00:00,0.0338,0.0356,0.0335,0.0345,538
2009.06.30,00:00,0.0355,0.0355,0.0342,0.0344,376
2009.07.01,00:00,0.0346,0.0369,0.0340,0.0369,514
2009.07.02,00:00,0.0361,0.0371,0.0350,0.0355,426
2009.07.03,00:00,0.0353,0.0365,0.0347,0.0363,395
2009.07.06,00:00,0.0352,0.0355,0.0341,0.0343,307
2009.07.07,00:00,0.0349,0.0357,0.0339,0.0348,481
2009.07.08,00:00,0.0338,0.0345,0.0332,0.0336,434
2009.07.09,00:00,0.0339,0.0342,0.0327,0.0330,373
2009.07.10,00:00,0.0329,0.0331,0.0309,0.0312,377
2009.07.13,00:00,0.0304,0.0320,0.0299,0.0315,571
2009.07.14,00:00,0.0326,0.0334,0.0322,0.0323,455
2009.07.15,00:00,0.0328,0.0339,0.0328,0.0339,287
2009.07.16,00:00,0.0345,0.0349,0.0332,0.0349,434
2009.07.17,00:00,0.0350,0.0367,0.0346,0.0367,511
2009.07.20,00:00,0.0373,0.0378,0.0364,0.0364,447
2009.07.21,00:00,0.0366,0.0377,0.0359,0.0370,435
2009.07.22,00:00,0.0367,0.0373,0.0355,0.0360,406
2009.07.23,00:00,0.0364,0.0384,0.0362,0.0383,412
2009.07.24,00:00,0.0384,0.0385,0.0374,0.0380,361
2009.07.27,00:00,0.0388,0.0398,0.0385,0.0388,410
2009.07.28,00:00,0.0389,0.0398,0.0371,0.0373,470
2009.07.29,00:00,0.0367,0.0374,0.0361,0.0364,341
2009.07.30,00:00,0.0368,0.0388,0.0366,0.0388,366
2009.07.31,00:00,0.0394,0.0427,0.0384,0.0425,1027
2009.08.03,00:00,0.0436,0.0445,0.0432,0.0441,627
2009.08.04,00:00,0.0426,0.0431,0.0417,0.0429,435
2009.08.05,00:00,0.0425,0.0443,0.0413,0.0415,600
2009.08.06,00:00,0.0425,0.0429,0.0405,0.0412,536
2009.08.07,00:00,0.0409,0.0431,0.0403,0.0429,446
2009.08.10,00:00,0.0428,0.0430,0.0414,0.0419,407
2009.08.11,00:00,0.0420,0.0432,0.0412,0.0412,478
2009.08.12,00:00,0.0408,0.0425,0.0405,0.0421,422
2009.08.13,00:00,0.0429,0.0437,0.0419,0.0427,348
2009.08.14,00:00,0.0428,0.0443,0.0419,0.0419,561
2009.08.17,00:00,0.0413,0.0417,0.0406,0.0409,466
2009.08.18,00:00,0.0423,0.0440,0.0420,0.0430,634
2009.08.19,00:00,0.0429,0.0437,0.0425,0.0433,435
2009.08.20,00:00,0.0440,0.0442,0.0423,0.0436,324
2009.08.21,00:00,0.0430,0.0444,0.0429,0.0443,292
2009.08.24,00:00,0.0446,0.0449,0.0438,0.0443,387
2009.08.25,00:00,0.0433,0.0447,0.0431,0.0436,318
2009.08.26,00:00,0.0438,0.0443,0.0426,0.0432,322
2009.08.27,00:00,0.0428,0.0438,0.0422,0.0427,314
2009.08.28,00:00,0.0432,0.0440,0.0430,0.0438,307
2009.08.31,00:00,0.0437,0.0437,0.0429,0.0432,179
2009.09.01,00:00,0.0435,0.0439,0.0427,0.0438,233
2009.09.02,00:00,0.0428,0.0434,0.0422,0.0426,273
2009.09.03,00:00,0.0428,0.0435,0.0425,0.0428,240
2009.09.04,00:00,0.0431,0.0434,0.0411,0.0417,406
2009.09.07,00:00,0.0422,0.0456,0.0418,0.0456,412
2009.09.08,00:00,0.0461,0.0477,0.0456,0.0471,780
2009.09.09,00:00,0.0470,0.0473,0.0455,0.0458,512
2009.09.10,00:00,0.0464,0.0466,0.0444,0.0450,485
2009.09.11,00:00,0.0455,0.0472,0.0448,0.0467,522
2009.09.14,00:00,0.0456,0.0467,0.0454,0.0466,289
2009.09.15,00:00,0.0470,0.0495,0.0466,0.0493,503
2009.09.16,00:00,0.0491,0.0573,0.0491,0.0556,1668
2009.09.17,00:00,0.0554,0.0600,0.0530,0.0540,1927
2009.09.18,00:00,0.0532,0.0580,0.0523,0.0571,1673
2009.09.21,00:00,0.0569,0.0587,0.0548,0.0550,1214
2009.09.22,00:00,0.0563,0.0582,0.0561,0.0578,777
2009.09.23,00:00,0.0579,0.0594,0.0565,0.0567,776
2009.09.24,00:00,0.0560,0.0580,0.0543,0.0543,935
2009.09.25,00:00,0.0549,0.0558,0.0534,0.0542,842
2009.09.28,00:00,0.0535,0.0570,0.0533,0.0564,789
2009.09.29,00:00,0.0571,0.0583,0.0560,0.0571,869
2009.09.30,00:00,0.0571,0.0584,0.0551,0.0553,795
2009.10.01,00:00,0.0562,0.0571,0.0554,0.0561,543
2009.10.02,00:00,0.0551,0.0571,0.0531,0.0567,744
2009.10.05,00:00,0.0568,0.0574,0.0557,0.0566,650
2009.10.06,00:00,0.0577,0.0612,0.0574,0.0611,899
2009.10.07,00:00,0.0616,0.0642,0.0610,0.0611,1219
2009.10.08,00:00,0.0626,0.0658,0.0626,0.0656,990
2009.10.09,00:00,0.0659,0.0705,0.0639,0.0695,1364
2009.10.12,00:00,0.0701,0.0722,0.0696,0.0722,1207
2009.10.13,00:00,0.0718,0.0721,0.0675,0.0687,1127
2009.10.14,00:00,0.0703,0.0713,0.0681,0.0690,925
2009.10.15,00:00,0.0703,0.0704,0.0663,0.0664,1213
2009.10.16,00:00,0.0674,0.0678,0.0627,0.0629,1089
2009.10.19,00:00,0.0639,0.0663,0.0623,0.0662,877
2009.10.20,00:00,0.0669,0.0675,0.0648,0.0654,923
2009.10.21,00:00,0.0646,0.0657,0.0626,0.0649,979
2009.10.22,00:00,0.0632,0.0645,0.0626,0.0638,845
2009.10.23,00:00,0.0650,0.0654,0.0632,0.0634,663
2009.10.26,00:00,0.0631,0.0653,0.0629,0.0637,500
2009.10.27,00:00,0.0632,0.0635,0.0620,0.0633,703
2009.10.28,00:00,0.0629,0.0633,0.0588,0.0594,994
2009.10.29,00:00,0.0581,0.0618,0.0566,0.0616,1319
2009.10.30,00:00,0.0621,0.0622,0.0575,0.0580,1136
2009.11.02,00:00,0.0574,0.0597,0.0569,0.0592,942
2009.11.03,00:00,0.0586,0.0586,0.0552,0.0557,839
2009.11.05,00:00,0.0562,0.0577,0.0540,0.0575,1134
2009.11.06,00:00,0.0580,0.0592,0.0562,0.0579,917
2009.11.09,00:00,0.0589,0.0625,0.0588,0.0624,748
2009.11.10,00:00,0.0625,0.0664,0.0618,0.0650,1465
2009.11.11,00:00,0.0651,0.0663,0.0631,0.0631,997
2009.11.12,00:00,0.0627,0.0637,0.0619,0.0630,978
2009.11.13,00:00,0.0623,0.0636,0.0615,0.0635,473
2009.11.16,00:00,0.0645,0.0668,0.0645,0.0664,570
2009.11.17,00:00,0.0660,0.0666,0.0649,0.0656,693
2009.11.18,00:00,0.0662,0.0673,0.0650,0.0656,581
2009.11.19,00:00,0.0652,0.0655,0.0637,0.0642,478
2009.11.20,00:00,0.0638,0.0641,0.0621,0.0633,524
2009.11.23,00:00,0.0645,0.0650,0.0636,0.0644,552
2009.11.24,00:00,0.0627,0.0646,0.0624,0.0644,604
2009.11.25,00:00,0.0649,0.0650,0.0631,0.0637,552
2009.11.26,00:00,0.0630,0.0632,0.0600,0.0607,511
2009.11.27,00:00,0.0587,0.0632,0.0573,0.0624,1019
2009.11.30,00:00,0.0636,0.0636,0.0610,0.0618,914
2009.12.01,00:00,0.0623,0.0656,0.0622,0.0650,664
2009.12.02,00:00,0.0648,0.0663,0.0637,0.0652,750
2009.12.03,00:00,0.0658,0.0661,0.0640,0.0640,493
2009.12.04,00:00,0.0639,0.0668,0.0635,0.0663,541
2009.12.07,00:00,0.0655,0.0660,0.0644,0.0654,544
2009.12.08,00:00,0.0647,0.0658,0.0639,0.0643,610
2009.12.09,00:00,0.0640,0.0651,0.0637,0.0645,515
2009.12.10,00:00,0.0639,0.0653,0.0635,0.0648,529
2009.12.11,00:00,0.0653,0.0660,0.0646,0.0648,412
2009.12.14,00:00,0.0657,0.0657,0.0644,0.0649,283
2009.12.15,00:00,0.0651,0.0659,0.0645,0.0657,369
2009.12.16,00:00,0.0657,0.0699,0.0656,0.0694,869
2009.12.17,00:00,0.0685,0.0704,0.0671,0.0674,1126
2009.12.18,00:00,0.0678,0.0707,0.0677,0.0702,735
2009.12.21,00:00,0.0712,0.0721,0.0701,0.0713,817
2009.12.22,00:00,0.0712,0.0713,0.0697,0.0698,610
2009.12.23,00:00,0.0707,0.0707,0.0688,0.0700,532
2009.12.24,00:00,0.0706,0.0706,0.0686,0.0694,398
2009.12.25,00:00,0.0695,0.0703,0.0689,0.0703,448
2009.12.28,00:00,0.0702,0.0707,0.0693,0.0694,356
2009.12.29,00:00,0.0693,0.0704,0.0691,0.0704,294
2009.12.30,00:00,0.0701,0.0703,0.0691,0.0696,189
2010.01.11,00:00,0.0725,0.0761,0.0721,0.0726,1047
2010.01.12,00:00,0.0725,0.0736,0.0716,0.0727,645
2010.01.13,00:00,0.0722,0.0750,0.0718,0.0743,665
2010.01.14,00:00,0.0755,0.0760,0.0739,0.0742,539
2010.01.15,00:00,0.0741,0.0751,0.0739,0.0746,489
2010.01.18,00:00,0.0744,0.0752,0.0743,0.0749,286
2010.01.19,00:00,0.0750,0.0759,0.0737,0.0758,554
2010.01.20,00:00,0.0757,0.0771,0.0744,0.0746,775
2010.01.21,00:00,0.0751,0.0755,0.0738,0.0741,753
2010.01.22,00:00,0.0731,0.0736,0.0705,0.0710,834
2010.01.25,00:00,0.0700,0.0725,0.0697,0.0721,908
2010.01.26,00:00,0.0709,0.0716,0.0697,0.0709,792
2010.01.27,00:00,0.0705,0.0724,0.0702,0.0720,771
2010.01.28,00:00,0.0730,0.0748,0.0730,0.0742,614
2010.01.29,00:00,0.0734,0.0754,0.0733,0.0753,661
2010.02.01,00:00,0.0744,0.0755,0.0742,0.0748,544
2010.02.02,00:00,0.0754,0.0760,0.0748,0.0758,408
2010.02.03,00:00,0.0765,0.0769,0.0756,0.0756,499
2010.02.04,00:00,0.0755,0.0775,0.0748,0.0754,775
2010.02.05,00:00,0.0741,0.0745,0.0718,0.0720,1110
2010.02.08,00:00,0.0723,0.0734,0.0698,0.0702,1052
2010.02.09,00:00,0.0712,0.0721,0.0701,0.0718,1027
2010.02.10,00:00,0.0723,0.0735,0.0705,0.0707,805
2010.02.11,00:00,0.0718,0.0725,0.0708,0.0715,698
2010.02.12,00:00,0.0722,0.0722,0.0696,0.0706,644
2010.02.15,00:00,0.0705,0.0714,0.0702,0.0711,301
2010.02.16,00:00,0.0718,0.0744,0.0715,0.0742,462
2010.02.17,00:00,0.0745,0.0746,0.0736,0.0740,414
2010.02.18,00:00,0.0738,0.0740,0.0718,0.0729,529
2010.02.19,00:00,0.0716,0.0742,0.0712,0.0740,752
2010.02.24,00:00,0.0738,0.0749,0.0734,0.0743,754
2010.02.25,00:00,0.0738,0.0745,0.0709,0.0715,708
2010.02.26,00:00,0.0722,0.0725,0.0713,0.0720,421
2010.03.01,00:00,0.0742,0.0757,0.0740,0.0756,701
2010.03.02,00:00,0.0753,0.0764,0.0751,0.0761,477
2010.03.03,00:00,0.0758,0.0778,0.0754,0.0768,639
2010.03.04,00:00,0.0765,0.0777,0.0758,0.0770,581
2010.03.05,00:00,0.0773,0.0783,0.0772,0.0777,489
2010.03.09,00:00,0.0782,0.0795,0.0775,0.0788,596
2010.03.10,00:00,0.0784,0.0789,0.0777,0.0782,447
2010.03.11,00:00,0.0779,0.0790,0.0763,0.0771,522
2010.03.12,00:00,0.0778,0.0796,0.0772,0.0791,583
2010.03.15,00:00,0.0788,0.0794,0.0782,0.0783,425
2010.03.16,00:00,0.0787,0.0804,0.0787,0.0804,469
2010.03.17,00:00,0.0812,0.0821,0.0807,0.0812,473
2010.03.18,00:00,0.0811,0.0818,0.0805,0.0806,415
2010.03.19,00:00,0.0809,0.0813,0.0784,0.0789,651
2010.03.22,00:00,0.0784,0.0796,0.0773,0.0781,703
2010.03.23,00:00,0.0789,0.0799,0.0782,0.0794,601
2010.03.24,00:00,0.0796,0.0798,0.0781,0.0784,579
2010.03.25,00:00,0.0786,0.0791,0.0780,0.0790,359
2010.03.26,00:00,0.0791,0.0794,0.0785,0.0787,282
2010.03.29,00:00,0.0787,0.0811,0.0784,0.0806,392
2010.03.30,00:00,0.0807,0.0810,0.0788,0.0792,344
2010.03.31,00:00,0.0790,0.0810,0.0788,0.0807,534
2010.04.01,00:00,0.0811,0.0814,0.0788,0.0812,401
2010.04.02,00:00,0.0813,0.0814,0.0806,0.0809,205
2010.04.05,00:00,0.0810,0.0816,0.0808,0.0814,203
2010.04.06,00:00,0.0813,0.0833,0.0804,0.0828,499
2010.04.07,00:00,0.0829,0.0832,0.0816,0.0819,383
2010.04.08,00:00,0.0815,0.0825,0.0809,0.0823,329
2010.04.09,00:00,0.0828,0.0841,0.0828,0.0836,392
2010.04.12,00:00,0.0844,0.0846,0.0833,0.0839,260
2010.04.13,00:00,0.0834,0.0845,0.0831,0.0840,303
2010.04.14,00:00,0.0843,0.0857,0.0842,0.0855,344
2010.04.15,00:00,0.0859,0.0862,0.0847,0.0849,415
2010.04.16,00:00,0.0840,0.0851,0.0835,0.0837,662
2010.04.19,00:00,0.0820,0.0822,0.0779,0.0790,1090
2010.04.20,00:00,0.0800,0.0805,0.0788,0.0796,633
2010.04.21,00:00,0.0800,0.0802,0.0781,0.0790,510
2010.04.22,00:00,0.0781,0.0796,0.0765,0.0772,800
2010.04.23,00:00,0.0778,0.0790,0.0771,0.0785,679
2010.04.26,00:00,0.0793,0.0803,0.0787,0.0801,413
2010.04.27,00:00,0.0795,0.0796,0.0781,0.0788,553
2010.04.28,00:00,0.0768,0.0780,0.0755,0.0767,797
2010.04.29,00:00,0.0773,0.0792,0.0766,0.0789,629
2010.04.30,00:00,0.0793,0.0799,0.0778,0.0787,723
2010.05.04,00:00,0.0788,0.0794,0.0755,0.0759,681
2010.05.05,00:00,0.0754,0.0767,0.0749,0.0759,565
2010.05.06,00:00,0.0739,0.0759,0.0720,0.0720,913
2010.05.07,00:00,0.0699,0.0706,0.0668,0.0669,1173
2010.05.11,00:00,0.0712,0.0728,0.0706,0.0726,938
2010.05.12,00:00,0.0720,0.0755,0.0718,0.0755,875
2010.05.13,00:00,0.0762,0.0790,0.0739,0.0751,1350
2010.05.14,00:00,0.0741,0.0749,0.0725,0.0727,887
2010.05.17,00:00,0.0708,0.0743,0.0707,0.0737,1044
2010.05.18,00:00,0.0741,0.0752,0.0730,0.0743,876
2010.05.19,00:00,0.0725,0.0733,0.0712,0.0717,851
2010.05.20,00:00,0.0719,0.0734,0.0687,0.0691,1144
2010.05.21,00:00,0.0696,0.0704,0.0671,0.0694,1618
2010.05.24,00:00,0.0705,0.0710,0.0688,0.0701,887
2010.05.25,00:00,0.0673,0.0691,0.0657,0.0659,1038
2010.05.26,00:00,0.0678,0.0693,0.0669,0.0691,920
2010.05.27,00:00,0.0695,0.0734,0.0689,0.0726,1084
2010.05.28,00:00,0.0729,0.0735,0.0713,0.0721,1000
2010.05.31,00:00,0.0721,0.0742,0.0720,0.0741,453
2010.06.01,00:00,0.0734,0.0752,0.0720,0.0750,897
2010.06.02,00:00,0.0740,0.0757,0.0733,0.0753,1163
2010.06.03,00:00,0.0767,0.0773,0.0758,0.0769,727
2010.06.04,00:00,0.0770,0.0779,0.0741,0.0743,866
2010.06.07,00:00,0.0723,0.0739,0.0712,0.0732,877
2010.06.08,00:00,0.0735,0.0741,0.0703,0.0703,1062
2010.06.09,00:00,0.0715,0.0723,0.0706,0.0715,758
2010.06.10,00:00,0.0721,0.0730,0.0704,0.0730,732
2010.06.11,00:00,0.0733,0.0740,0.0722,0.0734,618
2010.06.14,00:00,0.0733,0.0733,0.0733,0.0733,1
2010.06.15,00:00,0.0736,0.0766,0.0732,0.0765,571
2010.06.16,00:00,0.0769,0.0776,0.0757,0.0774,755
2010.06.17,00:00,0.0770,0.0793,0.0765,0.0772,900
2010.06.18,00:00,0.0776,0.0787,0.0766,0.0785,702
2010.06.21,00:00,0.0799,0.0806,0.0792,0.0802,760
2010.06.22,00:00,0.0793,0.0799,0.0782,0.0789,617
2010.06.23,00:00,0.0782,0.0793,0.0774,0.0779,474
2010.06.24,00:00,0.0786,0.0793,0.0775,0.0786,612
2010.06.25,00:00,0.0783,0.0790,0.0763,0.0769,743
2010.06.28,00:00,0.0773,0.0796,0.0772,0.0793,598
2010.06.29,00:00,0.0782,0.0783,0.0762,0.0768,529
2010.06.30,00:00,0.0765,0.0775,0.0751,0.0753,839
2010.07.01,00:00,0.0743,0.0747,0.0704,0.0707,857
2010.07.02,00:00,0.0718,0.0734,0.0711,0.0733,833
2010.07.05,00:00,0.0731,0.0752,0.0727,0.0748,509
2010.07.06,00:00,0.0753,0.0775,0.0753,0.0775,635
2010.07.07,00:00,0.0764,0.0776,0.0746,0.0773,758
2010.07.08,00:00,0.0784,0.0785,0.0766,0.0767,602
2010.07.09,00:00,0.0774,0.0778,0.0760,0.0769,504
2010.07.12,00:00,0.0769,0.0788,0.0764,0.0783,573
2010.07.13,00:00,0.0779,0.0801,0.0777,0.0797,699
2010.07.14,00:00,0.0803,0.0810,0.0790,0.0795,570
2010.07.15,00:00,0.0795,0.0808,0.0784,0.0785,623
2010.07.16,00:00,0.0785,0.0794,0.0760,0.0763,667
2010.07.19,00:00,0.0760,0.0775,0.0756,0.0773,600
2010.07.20,00:00,0.0778,0.0783,0.0765,0.0773,742
2010.07.21,00:00,0.0781,0.0798,0.0778,0.0792,633
2010.07.22,00:00,0.0785,0.0810,0.0784,0.0810,597
2010.07.23,00:00,0.0810,0.0810,0.0794,0.0796,393
2010.07.26,00:00,0.0806,0.0810,0.0798,0.0807,350
2010.07.27,00:00,0.0808,0.0828,0.0804,0.0825,543
2010.07.28,00:00,0.0826,0.0836,0.0816,0.0824,536
2010.07.29,00:00,0.0827,0.0841,0.0825,0.0836,408
2010.07.30,00:00,0.0829,0.0832,0.0803,0.0814,553
2010.08.02,00:00,0.0821,0.0836,0.0819,0.0835,445
2010.08.03,00:00,0.0836,0.0836,0.0826,0.0830,510
2010.08.04,00:00,0.0828,0.0855,0.0824,0.0838,663
2010.08.05,00:00,0.0844,0.0853,0.0832,0.0835,613
2010.08.06,00:00,0.0840,0.0843,0.0822,0.0826,428
2010.08.09,00:00,0.0833,0.0841,0.0830,0.0840,362
2010.08.10,00:00,0.0836,0.0836,0.0819,0.0829,390
2010.08.11,00:00,0.0822,0.0822,0.0802,0.0807,675
2010.08.12,00:00,0.0804,0.0816,0.0793,0.0804,600
2010.08.13,00:00,0.0810,0.0816,0.0798,0.0804,569
2010.08.16,00:00,0.0807,0.0811,0.0794,0.0804,543
2010.08.17,00:00,0.0808,0.0819,0.0803,0.0818,497
2010.08.18,00:00,0.0816,0.0818,0.0803,0.0811,385
2010.08.19,00:00,0.0816,0.0817,0.0804,0.0806,341
2010.08.20,00:00,0.0803,0.0808,0.0794,0.0800,488
2010.08.23,00:00,0.0802,0.0810,0.0796,0.0801,357
2010.08.24,00:00,0.0795,0.0795,0.0782,0.0786,449
2010.08.25,00:00,0.0783,0.0790,0.0759,0.0764,489
2010.08.26,00:00,0.0773,0.0789,0.0767,0.0787,440
2010.08.27,00:00,0.0782,0.0795,0.0777,0.0794,381
2010.08.30,00:00,0.0792,0.0805,0.0792,0.0796,271
2010.08.31,00:00,0.0786,0.0799,0.0780,0.0792,429
2010.09.01,00:00,0.0797,0.0826,0.0790,0.0825,613
2010.09.02,00:00,0.0826,0.0832,0.0824,0.0828,421
2010.09.03,00:00,0.0828,0.0852,0.0821,0.0843,445
2010.09.06,00:00,0.0848,0.0851,0.0843,0.0848,239
2010.09.07,00:00,0.0845,0.0847,0.0833,0.0836,385
2010.09.08,00:00,0.0833,0.0855,0.0833,0.0855,496
2010.09.09,00:00,0.0856,0.0885,0.0852,0.0883,647
2010.09.10,00:00,0.0878,0.0888,0.0875,0.0885,501
2010.09.13,00:00,0.0895,0.0912,0.0895,0.0899,617
2010.09.14,00:00,0.0897,0.0907,0.0892,0.0899,634
2010.09.15,00:00,0.0897,0.0899,0.0886,0.0896,459
2010.09.16,00:00,0.0892,0.0904,0.0887,0.0891,410
2010.09.17,00:00,0.0898,0.0902,0.0869,0.0871,480
2010.09.20,00:00,0.0875,0.0887,0.0868,0.0882,461
2010.09.21,00:00,0.0887,0.0894,0.0880,0.0889,348
2010.09.22,00:00,0.0892,0.0893,0.0876,0.0886,483
2010.09.23,00:00,0.0886,0.0898,0.0872,0.0881,734
2010.09.24,00:00,0.0878,0.0880,0.0870,0.0876,588
2010.09.27,00:00,0.0883,0.0883,0.0856,0.0856,520
2010.09.28,00:00,0.0854,0.0857,0.0837,0.0840,460
2010.09.29,00:00,0.0845,0.0856,0.0840,0.0851,397
2010.09.30,00:00,0.0848,0.0878,0.0848,0.0878,531
2010.10.01,00:00,0.0876,0.0898,0.0871,0.0889,589
2010.10.04,00:00,0.0892,0.0896,0.0886,0.0893,400
2010.10.05,00:00,0.0892,0.0920,0.0886,0.0917,494
2010.10.06,00:00,0.0924,0.0926,0.0906,0.0909,530
2010.10.07,00:00,0.0912,0.0912,0.0900,0.0905,448
2010.10.08,00:00,0.0902,0.0911,0.0896,0.0909,488
2010.10.11,00:00,0.0914,0.0917,0.0911,0.0913,166
2010.10.12,00:00,0.0904,0.0916,0.0901,0.0907,409
2010.10.13,00:00,0.0913,0.0922,0.0910,0.0921,373
2010.10.14,00:00,0.0924,0.0925,0.0907,0.0912,341
2010.10.15,00:00,0.0909,0.0921,0.0901,0.0915,406
2010.10.18,00:00,0.0909,0.0923,0.0907,0.0920,372
2010.10.19,00:00,0.0921,0.0953,0.0921,0.0926,769
2010.10.20,00:00,0.0923,0.0938,0.0922,0.0937,607
2010.10.21,00:00,0.0940,0.0995,0.0934,0.0993,965
2010.10.22,00:00,0.0991,0.1027,0.0978,0.1013,1190
2010.10.25,00:00,0.1024,0.1055,0.1017,0.1041,955
2010.10.26,00:00,0.1037,0.1051,0.1019,0.1022,1036
2010.10.27,00:00,0.1019,0.1021,0.1001,0.1001,565
2010.10.28,00:00,0.1008,0.1016,0.0995,0.0999,513
2010.10.29,00:00,0.0995,0.1013,0.0991,0.1013,652
2010.11.01,00:00,0.1022,0.1044,0.1012,0.1036,748
2010.11.02,00:00,0.1037,0.1043,0.1030,0.1036,449
2010.11.03,00:00,0.1039,0.1042,0.1028,0.1034,422
2010.11.08,00:00,0.1063,0.1075,0.1057,0.1062,774
2010.11.09,00:00,0.1063,0.1085,0.1061,0.1075,673
2010.11.10,00:00,0.1069,0.1076,0.1055,0.1061,680
2010.11.11,00:00,0.1069,0.1078,0.1048,0.1048,790
2010.11.12,00:00,0.1038,0.1057,0.1033,0.1053,718
2010.11.13,00:00,0.1046,0.1057,0.1045,0.1056,97
2010.11.15,00:00,0.1059,0.1064,0.1046,0.1052,645
2010.11.16,00:00,0.1046,0.1048,0.1020,0.1021,630
2010.11.17,00:00,0.1019,0.1035,0.1017,0.1032,945
2010.11.18,00:00,0.1038,0.1050,0.1035,0.1047,717
2010.11.19,00:00,0.1049,0.1050,0.1007,0.1036,797
2010.11.20,00:00,0.1033,0.1033,0.1033,0.1033,1
2010.11.22,00:00,0.1043,0.1055,0.1032,0.1033,576
2010.11.23,00:00,0.1025,0.1027,0.1004,0.1011,863
2010.11.24,00:00,0.1014,0.1028,0.0998,0.1027,815
2010.11.25,00:00,0.1028,0.1033,0.1017,0.1024,463
2010.11.26,00:00,0.1020,0.1028,0.1009,0.1013,638
2010.11.29,00:00,0.1019,0.1023,0.1006,0.1011,498
2010.11.30,00:00,0.1013,0.1015,0.0994,0.1000,690
2010.12.01,00:00,0.1005,0.1021,0.1005,0.1020,386
2010.12.02,00:00,0.1030,0.1037,0.1016,0.1023,512
2010.12.03,00:00,0.1027,0.1030,0.1005,0.1014,651
2010.12.04,00:00,0.1013,0.1013,0.1013,0.1013,1
2010.12.06,00:00,0.1015,0.1028,0.1006,0.1025,560
2010.12.07,00:00,0.1030,0.1053,0.1027,0.1039,770
2010.12.08,00:00,0.1032,0.1048,0.1017,0.1018,740
2010.12.09,00:00,0.1028,0.1031,0.1008,0.1012,486
2010.12.10,00:00,0.1011,0.1017,0.1004,0.1014,399
2010.12.13,00:00,0.1019,0.1031,0.1016,0.1024,405
2010.12.14,00:00,0.1023,0.1030,0.1018,0.1030,390
2010.12.15,00:00,0.1024,0.1031,0.1015,0.1025,340
2010.12.16,00:00,0.1020,0.1027,0.1018,0.1027,200
2010.12.17,00:00,0.1029,0.1036,0.1023,0.1032,582
2010.12.20,00:00,0.1031,0.1037,0.1026,0.1028,554
2010.12.21,00:00,0.1034,0.1043,0.1029,0.1042,376
2010.12.22,00:00,0.1045,0.1049,0.1033,0.1034,514
2010.12.23,00:00,0.1036,0.1037,0.1026,0.1030,464
2010.12.27,00:00,0.1024,0.1025,0.1015,0.1016,350
2010.12.28,00:00,0.1016,0.1020,0.1009,0.1010,230
2010.12.29,00:00,0.1014,0.1014,0.1002,0.1005,440
2010.12.30,00:00,0.1004,0.1010,0.1000,0.1007,458
2011.01.11,00:00,0.1016,0.1043,0.1016,0.1040,629
2011.01.12,00:00,0.1042,0.1093,0.1038,0.1092,1022
2011.01.13,00:00,0.1093,0.1100,0.1074,0.1080,1150
2011.01.14,00:00,0.1081,0.1091,0.1066,0.1091,994
2011.01.17,00:00,0.1093,0.1094,0.1081,0.1091,610
2011.01.18,00:00,0.1092,0.1104,0.1087,0.1090,906
2011.01.19,00:00,0.1095,0.1101,0.1088,0.1091,658
2011.01.20,00:00,0.1082,0.1085,0.1073,0.1078,736
2011.01.21,00:00,0.1079,0.1113,0.1074,0.1109,924
2011.01.24,00:00,0.1110,0.1110,0.1075,0.1092,1052
2011.01.25,00:00,0.1095,0.1099,0.1080,0.1088,982
2011.01.26,00:00,0.1096,0.1107,0.1095,0.1107,854
2011.01.27,00:00,0.1112,0.1112,0.1095,0.1105,736
2011.01.28,00:00,0.1100,0.1102,0.1086,0.1089,754
2011.01.31,00:00,0.1079,0.1081,0.1065,0.1069,1464
2011.02.01,00:00,0.1071,0.1089,0.1043,0.1062,1486
2011.02.02,00:00,0.1071,0.1071,0.1025,0.1027,1584
2011.02.03,00:00,0.1028,0.1041,0.1017,0.1022,1324
2011.02.04,00:00,0.1025,0.1029,0.1003,0.1020,1294
2011.02.07,00:00,0.1024,0.1026,0.1004,0.1011,1158
2011.02.08,00:00,0.1009,0.1009,0.0961,0.0964,1774
2011.02.09,00:00,0.0965,0.0983,0.0948,0.0969,1930
2011.02.10,00:00,0.0963,0.0966,0.0931,0.0933,1722
2011.02.11,00:00,0.0937,0.0960,0.0932,0.0946,2242
2011.02.14,00:00,0.0963,0.0977,0.0947,0.0950,1802
2011.02.15,00:00,0.0951,0.0959,0.0943,0.0952,1278
2011.02.16,00:00,0.0957,0.0992,0.0951,0.0989,1346
2011.02.17,00:00,0.0993,0.0996,0.0971,0.0973,1132
2011.02.18,00:00,0.0976,0.0988,0.0956,0.0959,1466
2011.02.21,00:00,0.0961,0.0971,0.0952,0.0955,998
2011.02.22,00:00,0.0945,0.0952,0.0925,0.0952,1700
2011.02.24,00:00,0.0942,0.0953,0.0926,0.0949,1938
2011.02.25,00:00,0.0961,0.0988,0.0955,0.0985,1668
2011.02.28,00:00,0.0990,0.1017,0.0984,0.1012,2008
2011.03.01,00:00,0.1013,0.1016,0.0978,0.0979,570
2011.03.02,00:00,0.0964,0.0976,0.0953,0.0973,628
2011.03.03,00:00,0.0978,0.0985,0.0969,0.0977,694
2011.03.04,00:00,0.0981,0.0981,0.0960,0.0965,296
2011.03.09,00:00,0.0980,0.0990,0.0971,0.0975,200
2011.03.10,00:00,0.0966,0.0970,0.0940,0.0941,284
2011.03.11,00:00,0.0932,0.0953,0.0916,0.0942,546
2011.03.14,00:00,0.0932,0.0952,0.0925,0.0927,398
2011.03.15,00:00,0.0905,0.0918,0.0896,0.0915,442
2011.03.16,00:00,0.0926,0.0928,0.0907,0.0907,550
2011.03.17,00:00,0.0908,0.0929,0.0907,0.0924,392
2011.03.18,00:00,0.0934,0.0936,0.0917,0.0932,476
2011.03.21,00:00,0.0936,0.0950,0.0930,0.0944,360
2011.03.22,00:00,0.0943,0.0947,0.0928,0.0939,394
2011.03.23,00:00,0.0935,0.0951,0.0929,0.0949,388
2011.03.24,00:00,0.0952,0.0972,0.0952,0.0972,442
2011.03.25,00:00,0.0970,0.0983,0.0968,0.0981,322
2011.03.28,00:00,0.0977,0.0997,0.0972,0.0996,224
2011.03.29,00:00,0.0993,0.0996,0.0975,0.0979,494
2011.03.30,00:00,0.0988,0.0994,0.0987,0.0992,204
2011.03.31,00:00,0.0993,0.0994,0.0982,0.0986,192
2011.04.01,00:00,0.0984,0.1004,0.0983,0.1000,242
2011.04.04,00:00,0.1004,0.1007,0.0997,0.1003,286
2011.04.05,00:00,0.1001,0.1002,0.0980,0.0987,260
2011.04.06,00:00,0.0986,0.0997,0.0981,0.0993,224
2011.04.07,00:00,0.0982,0.0987,0.0973,0.0973,264
2011.04.08,00:00,0.0982,0.0991,0.0980,0.0984,216
2011.04.11,00:00,0.0986,0.0995,0.0981,0.0988,256
2011.04.12,00:00,0.0975,0.0979,0.0953,0.0960,322
2011.04.13,00:00,0.0964,0.0972,0.0952,0.0962,444
2011.04.14,00:00,0.0961,0.0963,0.0940,0.0954,636
2011.04.15,00:00,0.0953,0.0964,0.0951,0.0951,362
2011.04.18,00:00,0.0948,0.0951,0.0911,0.0920,706
2011.04.19,00:00,0.0919,0.0929,0.0914,0.0929,498
2011.04.20,00:00,0.0937,0.0944,0.0931,0.0939,320
2011.04.21,00:00,0.0947,0.0950,0.0925,0.0928,414
2011.04.22,00:00,0.0929,0.0950,0.0920,0.0950,506
2011.04.25,00:00,0.0956,0.0960,0.0928,0.0929,1236
2011.04.26,00:00,0.0924,0.0936,0.0911,0.0933,1756
2011.04.27,00:00,0.0937,0.0939,0.0905,0.0910,2040
2011.04.28,00:00,0.0921,0.0926,0.0884,0.0893,1598
2011.04.29,00:00,0.0889,0.0894,0.0870,0.0885,1652
2011.05.03,00:00,0.0882,0.0890,0.0857,0.0858,778
2011.05.04,00:00,0.0856,0.0868,0.0825,0.0828,1108
2011.05.05,00:00,0.0834,0.0851,0.0814,0.0848,1082
2011.05.06,00:00,0.0836,0.0870,0.0831,0.0869,1113
2011.05.10,00:00,0.0862,0.0870,0.0851,0.0855,823
2011.05.11,00:00,0.0859,0.0870,0.0838,0.0846,846
2011.05.12,00:00,0.0837,0.0840,0.0821,0.0826,1142
2011.05.13,00:00,0.0832,0.0853,0.0830,0.0841,889
2011.05.16,00:00,0.0829,0.0841,0.0818,0.0825,884
2011.05.17,00:00,0.0826,0.0837,0.0815,0.0832,818
2011.05.18,00:00,0.0844,0.0844,0.0830,0.0839,695
2011.05.19,00:00,0.0842,0.0849,0.0832,0.0835,714
2011.05.20,00:00,0.0836,0.0844,0.0826,0.0827,767
2011.05.23,00:00,0.0817,0.0821,0.0806,0.0808,788
2011.05.24,00:00,0.0810,0.0837,0.0808,0.0833,712
2011.05.25,00:00,0.0827,0.0883,0.0821,0.0857,910
2011.05.26,00:00,0.0860,0.0863,0.0840,0.0850,817
2011.05.27,00:00,0.0856,0.0868,0.0853,0.0868,775
2011.05.30,00:00,0.0864,0.0873,0.0856,0.0858,438
2011.05.31,00:00,0.0865,0.0869,0.0859,0.0867,492
2011.06.01,00:00,0.0866,0.0872,0.0852,0.0859,704
2011.06.02,00:00,0.0849,0.0868,0.0845,0.0868,689
2011.06.03,00:00,0.0865,0.0870,0.0836,0.0843,825
2011.06.06,00:00,0.0842,0.0849,0.0828,0.0843,878
2011.06.07,00:00,0.0839,0.0853,0.0836,0.0853,834
2011.06.08,00:00,0.0849,0.0852,0.0838,0.0851,796
2011.06.09,00:00,0.0853,0.0872,0.0844,0.0871,866
2011.06.10,00:00,0.0868,0.0889,0.0865,0.0888,1018
2011.06.14,00:00,0.0889,0.0894,0.0878,0.0882,657
2011.06.15,00:00,0.0881,0.0893,0.0873,0.0881,793
2011.06.16,00:00,0.0870,0.0883,0.0866,0.0882,847
2011.06.17,00:00,0.0879,0.0900,0.0865,0.0865,985
2011.06.20,00:00,0.0858,0.0864,0.0841,0.0843,712
2011.06.21,00:00,0.0849,0.0856,0.0843,0.0852,563
2011.06.22,00:00,0.0856,0.0856,0.0836,0.0840,565
2011.06.23,00:00,0.0833,0.0841,0.0815,0.0815,664
2011.06.24,00:00,0.0823,0.0833,0.0818,0.0821,724
2011.06.27,00:00,0.0816,0.0835,0.0815,0.0830,619
2011.06.28,00:00,0.0834,0.0836,0.0819,0.0823,632
2011.06.29,00:00,0.0827,0.0858,0.0826,0.0857,683
2011.06.30,00:00,0.0861,0.0863,0.0851,0.0859,559
2011.07.01,00:00,0.0856,0.0878,0.0851,0.0877,630
2011.07.04,00:00,0.0872,0.0873,0.0861,0.0868,356
2011.07.05,00:00,0.0861,0.0867,0.0848,0.0849,426
2011.07.06,00:00,0.0853,0.0853,0.0827,0.0827,619
2011.07.07,00:00,0.0833,0.0842,0.0829,0.0839,504
2011.07.08,00:00,0.0840,0.0847,0.0821,0.0825,574
2011.07.11,00:00,0.0821,0.0832,0.0818,0.0829,562
2011.07.12,00:00,0.0822,0.0833,0.0818,0.0826,756
2011.07.13,00:00,0.0830,0.0837,0.0812,0.0828,651
2011.07.14,00:00,0.0821,0.0833,0.0819,0.0831,619
2011.07.15,00:00,0.0825,0.0851,0.0822,0.0845,602
2011.07.18,00:00,0.0848,0.0856,0.0831,0.0832,678
2011.07.19,00:00,0.0836,0.0854,0.0836,0.0853,558
2011.07.20,00:00,0.0859,0.0867,0.0854,0.0855,509
2011.07.21,00:00,0.0859,0.0880,0.0847,0.0879,695
2011.07.22,00:00,0.0881,0.0886,0.0859,0.0861,780
2011.07.25,00:00,0.0854,0.0857,0.0844,0.0852,645
2011.07.26,00:00,0.0853,0.0857,0.0843,0.0848,411
2011.07.27,00:00,0.0849,0.0860,0.0846,0.0853,408
2011.07.28,00:00,0.0849,0.0857,0.0848,0.0849,454
2011.07.29,00:00,0.0847,0.0848,0.0828,0.0831,552
2011.08.01,00:00,0.0845,0.0853,0.0841,0.0845,362
2011.08.02,00:00,0.0841,0.0844,0.0831,0.0836,481
2011.08.03,00:00,0.0825,0.0827,0.0804,0.0807,589
2011.08.04,00:00,0.0814,0.0814,0.0797,0.0800,732
2011.08.05,00:00,0.0769,0.0815,0.0751,0.0801,1897
2011.08.08,00:00,0.0771,0.0797,0.0760,0.0770,1525
2011.08.09,00:00,0.0744,0.0775,0.0686,0.0766,3273
2011.08.10,00:00,0.0778,0.0779,0.0692,0.0695,2438
2011.08.11,00:00,0.0711,0.0725,0.0638,0.0690,3554
2011.08.12,00:00,0.0699,0.0727,0.0675,0.0718,3016
2011.08.15,00:00,0.0730,0.0735,0.0713,0.0734,1313
2011.08.16,00:00,0.0723,0.0726,0.0704,0.0715,1056
2011.08.17,00:00,0.0719,0.0726,0.0706,0.0723,1035
2011.08.18,00:00,0.0713,0.0717,0.0680,0.0681,835
2011.08.19,00:00,0.0667,0.0690,0.0637,0.0678,2118
2011.08.22,00:00,0.0665,0.0693,0.0654,0.0691,1491
2011.08.23,00:00,0.0697,0.0701,0.0671,0.0687,1262
2011.08.24,00:00,0.0690,0.0720,0.0673,0.0716,1096
2011.08.25,00:00,0.0718,0.0738,0.0708,0.0713,868
2011.08.26,00:00,0.0715,0.0731,0.0705,0.0728,1624
2011.08.29,00:00,0.0741,0.0760,0.0734,0.0759,945
2011.08.30,00:00,0.0760,0.0766,0.0740,0.0758,1202
2011.08.31,00:00,0.0761,0.0763,0.0743,0.0748,945
2011.09.01,00:00,0.0738,0.0761,0.0726,0.0761,983
2011.09.02,00:00,0.0745,0.0760,0.0736,0.0739,1108
2011.09.05,00:00,0.0731,0.0735,0.0720,0.0723,787
2011.09.06,00:00,0.0722,0.0742,0.0717,0.0739,811
2011.09.07,00:00,0.0752,0.0756,0.0743,0.0752,743
2011.09.08,00:00,0.0751,0.0756,0.0740,0.0752,1018
2011.09.09,00:00,0.0747,0.0760,0.0742,0.0744,864
2011.09.12,00:00,0.0732,0.0738,0.0715,0.0730,1074
2011.09.13,00:00,0.0741,0.0752,0.0721,0.0740,1206
2011.09.14,00:00,0.0735,0.0763,0.0734,0.0761,938
2011.09.15,00:00,0.0767,0.0784,0.0760,0.0766,1239
2011.09.16,00:00,0.0769,0.0777,0.0756,0.0762,1222
2011.09.19,00:00,0.0752,0.0781,0.0747,0.0768,1138
2011.09.20,00:00,0.0769,0.0779,0.0766,0.0778,824
2011.09.21,00:00,0.0775,0.0782,0.0764,0.0764,793
2011.09.22,00:00,0.0748,0.0749,0.0705,0.0714,1897
2011.09.23,00:00,0.0704,0.0707,0.0640,0.0658,3466
2011.09.26,00:00,0.0649,0.0683,0.0621,0.0665,2686
2011.09.27,00:00,0.0684,0.0691,0.0674,0.0686,1407
2011.09.28,00:00,0.0677,0.0680,0.0663,0.0668,1297
2011.09.29,00:00,0.0662,0.0696,0.0659,0.0688,1279
2011.09.30,00:00,0.0686,0.0690,0.0658,0.0667,1339
2011.10.03,00:00,0.0649,0.0669,0.0639,0.0656,1382
2011.10.04,00:00,0.0643,0.0657,0.0606,0.0609,1963
2011.10.05,00:00,0.0628,0.0628,0.0588,0.0600,1926
2011.10.06,00:00,0.0612,0.0638,0.0608,0.0635,1103
2011.10.07,00:00,0.0646,0.0664,0.0644,0.0662,1117
2011.10.10,00:00,0.0667,0.0679,0.0642,0.0679,945
2011.10.11,00:00,0.0678,0.0678,0.0651,0.0655,500
2011.10.12,00:00,0.0652,0.0677,0.0647,0.0664,549
2011.10.13,00:00,0.0660,0.0675,0.0646,0.0650,1541
2011.10.14,00:00,0.0656,0.0675,0.0648,0.0669,1210
2011.10.17,00:00,0.0678,0.0694,0.0653,0.0654,1342
2011.10.18,00:00,0.0648,0.0658,0.0636,0.0658,1462
2011.10.19,00:00,0.0661,0.0670,0.0650,0.0658,1265
2011.10.20,00:00,0.0645,0.0664,0.0638,0.0649,1371
2011.10.21,00:00,0.0652,0.0678,0.0649,0.0676,820
2011.10.24,00:00,0.0682,0.0713,0.0682,0.0712,898
2011.10.25,00:00,0.0709,0.0713,0.0690,0.0697,966
2011.10.26,00:00,0.0695,0.0716,0.0693,0.0707,1111
2011.10.27,00:00,0.0731,0.0740,0.0721,0.0722,1077
2011.10.28,00:00,0.0731,0.0745,0.0718,0.0739,1455
2011.10.31,00:00,0.0729,0.0751,0.0726,0.0732,2202
2011.11.01,00:00,0.0725,0.0727,0.0699,0.0706,2128
2011.11.02,00:00,0.0713,0.0724,0.0689,0.0717,2026
2011.11.03,00:00,0.0700,0.0735,0.0691,0.0731,2806
2011.11.07,00:00,0.0736,0.0745,0.0719,0.0740,2266
2011.11.08,00:00,0.0739,0.0756,0.0734,0.0746,1638
2011.11.09,00:00,0.0749,0.0755,0.0708,0.0716,3068
2011.11.10,00:00,0.0702,0.0730,0.0696,0.0727,3268
2011.11.11,00:00,0.0728,0.0730,0.0710,0.0719,2624
2011.11.14,00:00,0.0726,0.0739,0.0716,0.0717,1916
2011.11.15,00:00,0.0712,0.0724,0.0693,0.0712,2366
2011.11.16,00:00,0.0702,0.0712,0.0697,0.0702,2368
2011.11.17,00:00,0.0700,0.0707,0.0678,0.0689,2404
2011.11.18,00:00,0.0679,0.0686,0.0676,0.0678,1936
2011.11.21,00:00,0.0671,0.0672,0.0631,0.0631,2138
2011.11.22,00:00,0.0635,0.0646,0.0626,0.0635,1874
2011.11.23,00:00,0.0624,0.0642,0.0621,0.0625,2546
2011.11.24,00:00,0.0624,0.0631,0.0611,0.0612,1590
2011.11.25,00:00,0.0610,0.0620,0.0595,0.0618,2194
2011.11.28,00:00,0.0631,0.0644,0.0630,0.0643,1474
2011.11.29,00:00,0.0646,0.0647,0.0634,0.0639,1172
2011.11.30,00:00,0.0634,0.0678,0.0630,0.0677,1890
2011.12.01,00:00,0.0680,0.0694,0.0675,0.0684,2274
2011.12.02,00:00,0.0689,0.0709,0.0678,0.0701,2032
2011.12.05,00:00,0.0702,0.0719,0.0700,0.0714,1698
2011.12.06,00:00,0.0703,0.0705,0.0671,0.0671,2148
2011.12.07,00:00,0.0679,0.0684,0.0660,0.0667,2358
2011.12.08,00:00,0.0670,0.0685,0.0659,0.0665,1948
2011.12.09,00:00,0.0649,0.0650,0.0624,0.0628,2690
2011.12.12,00:00,0.0636,0.0643,0.0606,0.0607,2340
2011.12.13,00:00,0.0607,0.0620,0.0589,0.0618,3316
2011.12.14,00:00,0.0608,0.0627,0.0602,0.0609,2506
2011.12.15,00:00,0.0599,0.0625,0.0598,0.0621,2350
2011.12.16,00:00,0.0623,0.0637,0.0616,0.0626,1818
2011.12.19,00:00,0.0620,0.0630,0.0607,0.0620,1692
2011.12.20,00:00,0.0619,0.0632,0.0613,0.0631,1422
2011.12.21,00:00,0.0637,0.0640,0.0608,0.0609,1758
2011.12.22,00:00,0.0610,0.0611,0.0599,0.0605,1384
2011.12.23,00:00,0.0606,0.0607,0.0593,0.0593,1140
2011.12.26,00:00,0.0600,0.0603,0.0598,0.0602,254
2011.12.27,00:00,0.0600,0.0602,0.0596,0.0598,386
2011.12.28,00:00,0.0596,0.0600,0.0589,0.0591,462
2011.12.29,00:00,0.0586,0.0589,0.0572,0.0578,886
2011.12.30,00:00,0.0580,0.0589,0.0574,0.0586,838
2012.01.03,00:00,0.0592,0.0615,0.0591,0.0615,494
2012.01.04,00:00,0.0613,0.0619,0.0609,0.0611,788
2012.01.05,00:00,0.0612,0.0617,0.0600,0.0600,762
2012.01.06,00:00,0.0601,0.0609,0.0596,0.0601,711
2012.01.09,00:00,0.0600,0.0606,0.0599,0.0605,512
2012.01.10,00:00,0.0611,0.0624,0.0611,0.0622,549
2012.01.11,00:00,0.0620,0.0637,0.0619,0.0621,1138
2012.01.12,00:00,0.0624,0.0635,0.0619,0.0629,1448
2012.01.13,00:00,0.0630,0.0650,0.0630,0.0642,909
2012.01.16,00:00,0.0637,0.0652,0.0636,0.0643,676
2012.01.17,00:00,0.0652,0.0660,0.0650,0.0659,759
2012.01.18,00:00,0.0658,0.0665,0.0653,0.0662,964
2012.01.19,00:00,0.0668,0.0669,0.0659,0.0661,774
2012.01.20,00:00,0.0660,0.0663,0.0647,0.0648,598
2012.01.23,00:00,0.0647,0.0657,0.0641,0.0656,458
2012.01.24,00:00,0.0653,0.0655,0.0651,0.0653,858
2012.01.25,00:00,0.0659,0.0674,0.0658,0.0674,498
2012.01.26,00:00,0.0682,0.0721,0.0680,0.0712,1015
2012.01.27,00:00,0.0705,0.0733,0.0701,0.0705,1390
2012.01.30,00:00,0.0696,0.0712,0.0695,0.0698,1198
2012.01.31,00:00,0.0706,0.0710,0.0701,0.0703,455
2012.02.01,00:00,0.0701,0.0721,0.0696,0.0716,785
2012.02.02,00:00,0.0722,0.0748,0.0715,0.0724,1456
2012.02.03,00:00,0.0727,0.0734,0.0716,0.0729,991
2012.02.06,00:00,0.0732,0.0733,0.0721,0.0724,925
2012.02.07,00:00,0.0724,0.0725,0.0704,0.0709,1058
2012.02.08,00:00,0.0716,0.0717,0.0694,0.0698,686
2012.02.09,00:00,0.0699,0.0705,0.0685,0.0688,1425
2012.02.10,00:00,0.0682,0.0685,0.0670,0.0675,625
2012.02.13,00:00,0.0685,0.0708,0.0682,0.0706,620
2012.02.14,00:00,0.0703,0.0718,0.0699,0.0708,739
2012.02.15,00:00,0.0723,0.0723,0.0712,0.0718,750
2012.02.16,00:00,0.0707,0.0709,0.0701,0.0708,685
2012.02.17,00:00,0.0715,0.0716,0.0704,0.0708,530
2012.02.20,00:00,0.0716,0.0719,0.0708,0.0713,433
2012.02.21,00:00,0.0712,0.0712,0.0698,0.0702,894
2012.02.22,00:00,0.0704,0.0707,0.0691,0.0691,646
2012.02.24,00:00,0.0697,0.0721,0.0693,0.0720,804
2012.02.27,00:00,0.0721,0.0732,0.0721,0.0728,1366
2012.02.28,00:00,0.0737,0.0737,0.0711,0.0712,1018
2012.02.29,00:00,0.0717,0.0726,0.0714,0.0723,1096
2012.03.01,00:00,0.0716,0.0729,0.0713,0.0727,695
2012.03.02,00:00,0.0732,0.0734,0.0720,0.0726,1268
2012.03.05,00:00,0.0729,0.0744,0.0727,0.0738,1015
2012.03.06,00:00,0.0728,0.0733,0.0701,0.0702,601
2012.03.07,00:00,0.0697,0.0710,0.0696,0.0707,880
2012.03.12,00:00,0.0713,0.0721,0.0710,0.0712,687
2012.03.13,00:00,0.0717,0.0718,0.0712,0.0716,405
2012.03.14,00:00,0.0727,0.0737,0.0719,0.0731,835
2012.03.15,00:00,0.0728,0.0739,0.0726,0.0729,976
2012.03.16,00:00,0.0725,0.0734,0.0717,0.0734,1272
2012.03.19,00:00,0.0735,0.0738,0.0715,0.0722,853
2012.03.20,00:00,0.0722,0.0723,0.0691,0.0691,821
2012.03.21,00:00,0.0694,0.0701,0.0680,0.0687,963
2012.03.22,00:00,0.0685,0.0692,0.0671,0.0674,734
2012.03.23,00:00,0.0677,0.0683,0.0671,0.0682,970
2012.03.26,00:00,0.0687,0.0706,0.0684,0.0705,843
2012.03.27,00:00,0.0706,0.0709,0.0689,0.0692,986
2012.03.28,00:00,0.0688,0.0692,0.0669,0.0673,1428
2012.03.29,00:00,0.0672,0.0676,0.0652,0.0654,1248
2012.03.30,00:00,0.0662,0.0678,0.0661,0.0668,179
2012.04.02,00:00,0.0674,0.0687,0.0671,0.0682,1084
2012.04.03,00:00,0.0687,0.0699,0.0685,0.0696,548
2012.04.04,00:00,0.0688,0.0700,0.0670,0.0674,807
2012.04.05,00:00,0.0678,0.0684,0.0666,0.0681,1104
2012.04.06,00:00,0.0682,0.0683,0.0668,0.0670,491
2012.04.09,00:00,0.0667,0.0678,0.0660,0.0676,930
2012.04.10,00:00,0.0674,0.0682,0.0666,0.0666,1346
2012.04.11,00:00,0.0663,0.0672,0.0663,0.0668,852
2012.04.12,00:00,0.0671,0.0673,0.0654,0.0663,1574
2012.04.13,00:00,0.0664,0.0669,0.0655,0.0657,850
2012.04.16,00:00,0.0655,0.0656,0.0639,0.0640,836
2012.04.17,00:00,0.0642,0.0643,0.0632,0.0638,1004
2012.04.18,00:00,0.0645,0.0647,0.0635,0.0638,708
2012.04.19,00:00,0.0640,0.0652,0.0639,0.0648,986
2012.04.20,00:00,0.0646,0.0659,0.0643,0.0656,757
2012.04.23,00:00,0.0654,0.0654,0.0629,0.0632,461
2012.04.24,00:00,0.0633,0.0640,0.0623,0.0634,513
2012.04.25,00:00,0.0637,0.0652,0.0632,0.0651,726
2012.04.26,00:00,0.0654,0.0654,0.0630,0.0631,843
2012.04.27,00:00,0.0627,0.0632,0.0621,0.0632,1190
2012.05.02,00:00,0.0631,0.0640,0.0619,0.0619,703
2012.05.03,00:00,0.0622,0.0629,0.0615,0.0619,1074
2012.05.04,00:00,0.0616,0.0617,0.0588,0.0594,963
2012.05.07,00:00,0.0575,0.0585,0.0565,0.0578,1090
2012.05.08,00:00,0.0582,0.0585,0.0567,0.0570,818
2012.05.10,00:00,0.0572,0.0594,0.0572,0.0587,675
2012.05.11,00:00,0.0579,0.0587,0.0573,0.0583,1506
2012.05.14,00:00,0.0586,0.0587,0.0560,0.0564,652
2012.05.15,00:00,0.0566,0.0570,0.0559,0.0567,1472
2012.05.16,00:00,0.0557,0.0572,0.0549,0.0569,1515
2012.05.17,00:00,0.0571,0.0576,0.0540,0.0544,2207
2012.05.18,00:00,0.0527,0.0560,0.0512,0.0542,1761
2012.05.21,00:00,0.0547,0.0560,0.0539,0.0559,1603
2012.05.22,00:00,0.0562,0.0567,0.0554,0.0565,1169
2012.05.23,00:00,0.0556,0.0558,0.0533,0.0533,1852
2012.05.24,00:00,0.0538,0.0547,0.0521,0.0543,1816
2012.05.25,00:00,0.0540,0.0553,0.0536,0.0540,900
2012.05.28,00:00,0.0548,0.0552,0.0537,0.0539,744
2012.05.29,00:00,0.0544,0.0557,0.0540,0.0555,871
2012.05.30,00:00,0.0549,0.0551,0.0533,0.0534,1094
2012.05.31,00:00,0.0535,0.0542,0.0520,0.0528,1046
2012.06.01,00:00,0.0529,0.0533,0.0511,0.0515,1354
2012.06.04,00:00,0.0507,0.0523,0.0506,0.0521,1064
2012.06.05,00:00,0.0526,0.0528,0.0518,0.0523,756
2012.06.06,00:00,0.0527,0.0534,0.0524,0.0533,1284
2012.06.07,00:00,0.0537,0.0553,0.0528,0.0551,657
2012.06.08,00:00,0.0544,0.0548,0.0539,0.0548,896
2012.06.13,00:00,0.0550,0.0560,0.0549,0.0555,740
2012.06.14,00:00,0.0556,0.0556,0.0551,0.0555,239
2012.06.15,00:00,0.0560,0.0564,0.0557,0.0564,742
2012.06.18,00:00,0.0572,0.0580,0.0570,0.0575,862
2012.06.19,00:00,0.0571,0.0584,0.0569,0.0583,436
2012.06.20,00:00,0.0582,0.0583,0.0567,0.0568,335
2012.06.21,00:00,0.0561,0.0579,0.0560,0.0568,448
2012.06.22,00:00,0.0558,0.0560,0.0551,0.0557,373
2012.06.25,00:00,0.0556,0.0556,0.0540,0.0547,406
2012.06.26,00:00,0.0548,0.0556,0.0546,0.0550,307
2012.06.27,00:00,0.0552,0.0561,0.0547,0.0559,265
2012.06.28,00:00,0.0561,0.0562,0.0536,0.0536,569
2012.06.29,00:00,0.0548,0.0573,0.0547,0.0570,353
2012.07.02,00:00,0.0569,0.0592,0.0566,0.0587,528
2012.07.03,00:00,0.0592,0.0610,0.0588,0.0607,441
2012.07.04,00:00,0.0605,0.0608,0.0599,0.0602,300
2012.07.05,00:00,0.0599,0.0599,0.0577,0.0585,745
2012.07.06,00:00,0.0580,0.0586,0.0557,0.0561,636
2012.07.09,00:00,0.0560,0.0566,0.0560,0.0564,401
2012.07.10,00:00,0.0562,0.0580,0.0559,0.0571,439
2012.07.11,00:00,0.0566,0.0567,0.0550,0.0554,469
2012.07.12,00:00,0.0553,0.0553,0.0537,0.0541,572
2012.07.13,00:00,0.0548,0.0558,0.0543,0.0555,356
2012.07.16,00:00,0.0556,0.0562,0.0550,0.0555,284
2012.07.17,00:00,0.0559,0.0563,0.0551,0.0552,282
2012.07.18,00:00,0.0553,0.0557,0.0545,0.0551,217
2012.07.19,00:00,0.0555,0.0559,0.0550,0.0550,282
2012.07.20,00:00,0.0548,0.0550,0.0537,0.0539,286
2012.07.23,00:00,0.0531,0.0531,0.0510,0.0513,556
2012.07.24,00:00,0.0518,0.0518,0.0505,0.0511,560
2012.07.25,00:00,0.0506,0.0520,0.0506,0.0510,561
2012.07.26,00:00,0.0512,0.0520,0.0508,0.0517,588
2012.07.27,00:00,0.0521,0.0524,0.0518,0.0523,421
2012.07.30,00:00,0.0528,0.0539,0.0525,0.0535,436
2012.07.31,00:00,0.0537,0.0537,0.0528,0.0529,353
2012.08.01,00:00,0.0527,0.0539,0.0526,0.0537,385
2012.08.02,00:00,0.0536,0.0549,0.0522,0.0534,687
2012.08.03,00:00,0.0533,0.0549,0.0532,0.0548,496
2012.08.06,00:00,0.0550,0.0574,0.0549,0.0570,463
2012.08.07,00:00,0.0568,0.0581,0.0559,0.0580,677
2012.08.08,00:00,0.0576,0.0578,0.0569,0.0573,452
2012.08.09,00:00,0.0577,0.0580,0.0564,0.0573,462
2012.08.10,00:00,0.0569,0.0570,0.0559,0.0565,427
2012.08.13,00:00,0.0567,0.0578,0.0564,0.0569,395
2012.08.14,00:00,0.0571,0.0576,0.0567,0.0569,320
2012.08.15,00:00,0.0565,0.0567,0.0555,0.0561,299
2012.08.16,00:00,0.0566,0.0567,0.0556,0.0561,270
2012.08.17,00:00,0.0564,0.0565,0.0558,0.0558,225
2012.08.20,00:00,0.0559,0.0560,0.0548,0.0549,275
2012.08.21,00:00,0.0553,0.0561,0.0552,0.0561,313
2012.08.22,00:00,0.0553,0.0558,0.0552,0.0555,243
2012.08.23,00:00,0.0562,0.0569,0.0555,0.0556,471
2012.08.24,00:00,0.0550,0.0558,0.0550,0.0557,292
2012.08.27,00:00,0.0560,0.0560,0.0553,0.0555,222
2012.08.28,00:00,0.0554,0.0562,0.0554,0.0556,321
2012.08.29,00:00,0.0557,0.0560,0.0542,0.0543,293
2012.08.30,00:00,0.0542,0.0546,0.0530,0.0531,370
2012.08.31,00:00,0.0533,0.0535,0.0525,0.0533,399
2012.09.03,00:00,0.0534,0.0540,0.0533,0.0537,218
2012.09.04,00:00,0.0536,0.0538,0.0531,0.0531,322
2012.09.05,00:00,0.0532,0.0533,0.0525,0.0525,350
2012.09.06,00:00,0.0527,0.0545,0.0527,0.0544,347
2012.09.07,00:00,0.0547,0.0568,0.0546,0.0566,472
2012.09.10,00:00,0.0567,0.0570,0.0562,0.0566,266
2012.09.11,00:00,0.0561,0.0575,0.0560,0.0573,214
2012.09.12,00:00,0.0575,0.0580,0.0570,0.0570,302
2012.09.13,00:00,0.0572,0.0573,0.0563,0.0565,222
2012.09.14,00:00,0.0586,0.0600,0.0585,0.0600,463
2012.09.17,00:00,0.0598,0.0598,0.0587,0.0591,330
2012.09.18,00:00,0.0586,0.0590,0.0575,0.0576,343
2012.09.19,00:00,0.0581,0.0584,0.0551,0.0559,842
2012.09.20,00:00,0.0552,0.0558,0.0545,0.0555,538
2012.09.21,00:00,0.0559,0.0573,0.0556,0.0563,509
2012.09.24,00:00,0.0557,0.0559,0.0552,0.0558,294
2012.09.25,00:00,0.0560,0.0562,0.0553,0.0554,271
2012.09.26,00:00,0.0548,0.0548,0.0530,0.0533,386
2012.09.27,00:00,0.0540,0.0541,0.0528,0.0538,396
2012.09.28,00:00,0.0543,0.0545,0.0524,0.0529,367
2012.10.01,00:00,0.0525,0.0537,0.0525,0.0537,356
2012.10.02,00:00,0.0535,0.0544,0.0531,0.0544,324
2012.10.03,00:00,0.0542,0.0548,0.0538,0.0544,329
2012.10.04,00:00,0.0546,0.0549,0.0537,0.0540,373
2012.10.05,00:00,0.0545,0.0552,0.0542,0.0548,334
2012.10.08,00:00,0.0543,0.0546,0.0541,0.0544,242
2012.10.09,00:00,0.0546,0.0548,0.0540,0.0541,208
2012.10.10,00:00,0.0539,0.0542,0.0536,0.0539,189
2012.10.11,00:00,0.0536,0.0546,0.0535,0.0544,389
2012.10.12,00:00,0.0543,0.0544,0.0535,0.0538,244
2012.10.15,00:00,0.0537,0.0542,0.0535,0.0537,727
2012.10.16,00:00,0.0540,0.0541,0.0536,0.0540,570
2012.10.17,00:00,0.0541,0.0554,0.0539,0.0551,964
2012.10.18,00:00,0.0552,0.0559,0.0548,0.0549,1817
2012.10.19,00:00,0.0548,0.0549,0.0539,0.0540,923
2012.10.22,00:00,0.0537,0.0545,0.0536,0.0544,1585
2012.10.23,00:00,0.0542,0.0547,0.0536,0.0538,1165
2012.10.24,00:00,0.0541,0.0542,0.0530,0.0539,1080
2012.10.25,00:00,0.0540,0.0549,0.0539,0.0546,1426
2012.10.26,00:00,0.0542,0.0561,0.0539,0.0556,1791
2012.10.29,00:00,0.0554,0.0562,0.0552,0.0555,1365
2012.10.30,00:00,0.0553,0.0561,0.0549,0.0549,1113
2012.10.31,00:00,0.0550,0.0554,0.0543,0.0544,1120
2012.11.01,00:00,0.0543,0.0547,0.0536,0.0545,1380
2012.11.02,00:00,0.0544,0.0547,0.0539,0.0541,1197
2012.11.06,00:00,0.0538,0.0549,0.0538,0.0549,771
2012.11.07,00:00,0.0548,0.0556,0.0540,0.0540,1189
2012.11.08,00:00,0.0536,0.0543,0.0528,0.0534,1545
2012.11.09,00:00,0.0531,0.0534,0.0520,0.0526,1436
2012.11.12,00:00,0.0528,0.0529,0.0522,0.0525,1305
2012.11.13,00:00,0.0521,0.0523,0.0509,0.0511,1465
2012.11.14,00:00,0.0514,0.0518,0.0501,0.0507,1927
2012.11.15,00:00,0.0502,0.0510,0.0502,0.0509,547
2012.11.16,00:00,0.0507,0.0520,0.0506,0.0516,340
2012.11.19,00:00,0.0520,0.0524,0.0518,0.0519,284
2012.11.20,00:00,0.0521,0.0521,0.0515,0.0518,248
2012.11.21,00:00,0.0516,0.0522,0.0514,0.0519,166
2012.11.22,00:00,0.0520,0.0524,0.0519,0.0521,130
2012.11.23,00:00,0.0523,0.0529,0.0519,0.0527,167
2012.11.26,00:00,0.0528,0.0531,0.0522,0.0523,208
2012.11.27,00:00,0.0526,0.0527,0.0513,0.0517,304
2012.11.28,00:00,0.0515,0.0517,0.0510,0.0511,269
2012.11.29,00:00,0.0518,0.0519,0.0513,0.0515,217
2012.11.30,00:00,0.0516,0.0522,0.0512,0.0519,222
2012.12.03,00:00,0.0521,0.0527,0.0519,0.0525,227
2012.12.04,00:00,0.0522,0.0526,0.0518,0.0520,221
2012.12.05,00:00,0.0522,0.0529,0.0521,0.0522,154
2012.12.06,00:00,0.0523,0.0530,0.0521,0.0525,237
2012.12.07,00:00,0.0524,0.0526,0.0519,0.0525,212
2012.12.10,00:00,0.0526,0.0528,0.0522,0.0522,195
2012.12.11,00:00,0.0521,0.0528,0.0521,0.0527,127
2012.12.12,00:00,0.0528,0.0536,0.0528,0.0535,136
2012.12.13,00:00,0.0537,0.0539,0.0531,0.0538,264
2012.12.14,00:00,0.0539,0.0541,0.0535,0.0538,154
2012.12.17,00:00,0.0539,0.0541,0.0536,0.0539,179
2012.12.18,00:00,0.0543,0.0549,0.0543,0.0548,144
2012.12.19,00:00,0.0552,0.0553,0.0547,0.0548,187
2012.12.20,00:00,0.0541,0.0552,0.0541,0.0542,243
2012.12.21,00:00,0.0538,0.0544,0.0538,0.0542,196
2012.12.24,00:00,0.0541,0.0543,0.0539,0.0539,111
2012.12.26,00:00,0.0540,0.0542,0.0540,0.0541,46
2012.12.27,00:00,0.0542,0.0547,0.0541,0.0541,102
2012.12.28,00:00,0.0537,0.0541,0.0535,0.0535,141
2013.01.08,00:00,0.0549,0.0553,0.0547,0.0548,162
2013.01.09,00:00,0.0549,0.0550,0.0544,0.0547,145
2013.01.10,00:00,0.0548,0.0551,0.0547,0.0551,104
2013.01.11,00:00,0.0554,0.0579,0.0554,0.0575,301
2013.01.14,00:00,0.0577,0.0585,0.0573,0.0576,284
2013.01.15,00:00,0.0575,0.0582,0.0572,0.0573,239
2013.01.16,00:00,0.0574,0.0577,0.0570,0.0576,247
2013.01.17,00:00,0.0575,0.0580,0.0574,0.0576,112
2013.01.18,00:00,0.0579,0.0583,0.0578,0.0582,166
2013.01.21,00:00,0.0583,0.0584,0.0578,0.0583,125
2013.01.22,00:00,0.0584,0.0594,0.0573,0.0593,327
2013.01.23,00:00,0.0595,0.0602,0.0591,0.0594,335
2013.01.24,00:00,0.0592,0.0592,0.0585,0.0589,280
2013.01.25,00:00,0.0588,0.0593,0.0586,0.0590,135
2013.01.28,00:00,0.0592,0.0594,0.0590,0.0592,193
2013.01.29,00:00,0.0591,0.0593,0.0578,0.0579,279
2013.01.30,00:00,0.0581,0.0584,0.0559,0.0560,526
2013.01.31,00:00,0.0556,0.0559,0.0550,0.0558,377
2013.02.01,00:00,0.0559,0.0567,0.0557,0.0561,297
2013.02.04,00:00,0.0565,0.0565,0.0548,0.0550,268
2013.02.05,00:00,0.0546,0.0552,0.0545,0.0552,169
2013.02.06,00:00,0.0554,0.0557,0.0539,0.0540,233
2013.02.07,00:00,0.0541,0.0544,0.0536,0.0541,391
2013.02.08,00:00,0.0542,0.0542,0.0533,0.0535,380
2013.02.11,00:00,0.0537,0.0537,0.0529,0.0530,300
2013.02.12,00:00,0.0528,0.0533,0.0523,0.0527,269
2013.02.13,00:00,0.0529,0.0556,0.0529,0.0555,599
2013.02.14,00:00,0.0557,0.0583,0.0556,0.0564,1031
2013.02.15,00:00,0.0566,0.0568,0.0550,0.0559,502
2013.02.18,00:00,0.0560,0.0565,0.0554,0.0559,361
2013.02.19,00:00,0.0560,0.0565,0.0556,0.0564,293
2013.02.20,00:00,0.0566,0.0577,0.0558,0.0568,527
2013.02.21,00:00,0.0561,0.0561,0.0542,0.0545,540
2013.02.22,00:00,0.0547,0.0550,0.0541,0.0543,262
2013.02.25,00:00,0.0544,0.0548,0.0537,0.0548,287
2013.02.26,00:00,0.0537,0.0558,0.0536,0.0547,560
2013.02.27,00:00,0.0548,0.0552,0.0542,0.0550,395
2013.02.28,00:00,0.0560,0.0566,0.0555,0.0557,391
2013.03.01,00:00,0.0554,0.0564,0.0551,0.0556,315
2013.03.04,00:00,0.0554,0.0560,0.0551,0.0555,253
2013.03.05,00:00,0.0558,0.0563,0.0555,0.0562,213
2013.03.06,00:00,0.0563,0.0565,0.0557,0.0557,178
2013.03.07,00:00,0.0559,0.0559,0.0555,0.0557,119
2013.03.11,00:00,0.0560,0.0564,0.0557,0.0558,187
2013.03.12,00:00,0.0559,0.0559,0.0555,0.0557,107
2013.03.13,00:00,0.0555,0.0563,0.0555,0.0557,229
2013.03.14,00:00,0.0555,0.0557,0.0550,0.0553,211
2013.03.15,00:00,0.0556,0.0558,0.0552,0.0552,205
2013.03.18,00:00,0.0541,0.0542,0.0520,0.0523,435
2013.03.19,00:00,0.0524,0.0528,0.0511,0.0514,333
2013.03.20,00:00,0.0516,0.0528,0.0515,0.0523,300
2013.03.21,00:00,0.0525,0.0525,0.0515,0.0516,262
2013.03.22,00:00,0.0515,0.0518,0.0511,0.0511,167
2013.03.25,00:00,0.0517,0.0519,0.0501,0.0502,202
2013.03.26,00:00,0.0503,0.0506,0.0483,0.0489,488
2013.03.27,00:00,0.0493,0.0494,0.0475,0.0481,425
2013.03.28,00:00,0.0479,0.0498,0.0476,0.0497,442
2013.03.29,00:00,0.0499,0.0501,0.0494,0.0496,118
2013.04.01,00:00,0.0495,0.0498,0.0490,0.0497,154
2013.04.02,00:00,0.0494,0.0498,0.0488,0.0491,181
2013.04.03,00:00,0.0490,0.0492,0.0482,0.0486,297
2013.04.04,00:00,0.0478,0.0487,0.0475,0.0482,261
2013.04.05,00:00,0.0473,0.0477,0.0459,0.0461,382
2013.04.08,00:00,0.0470,0.0483,0.0465,0.0482,296
2013.04.09,00:00,0.0483,0.0493,0.0476,0.0490,306
2013.04.10,00:00,0.0491,0.0497,0.0478,0.0478,247
2013.04.11,00:00,0.0482,0.0483,0.0473,0.0477,369
2013.04.12,00:00,0.0476,0.0478,0.0465,0.0469,283
2013.04.15,00:00,0.0467,0.0469,0.0453,0.0456,240
2013.04.16,00:00,0.0454,0.0463,0.0451,0.0461,296
2013.04.17,00:00,0.0457,0.0458,0.0438,0.0438,331
2013.04.18,00:00,0.0437,0.0447,0.0436,0.0443,252
2013.04.19,00:00,0.0437,0.0440,0.0430,0.0436,294
2013.04.22,00:00,0.0438,0.0451,0.0438,0.0443,364
2013.04.23,00:00,0.0445,0.0455,0.0442,0.0451,251
2013.04.24,00:00,0.0455,0.0472,0.0452,0.0456,295
2013.04.25,00:00,0.0459,0.0463,0.0446,0.0449,295
2013.04.26,00:00,0.0455,0.0458,0.0445,0.0450,357
2013.04.29,00:00,0.0440,0.0473,0.0438,0.0467,522
2013.04.30,00:00,0.0475,0.0495,0.0469,0.0492,611
2013.05.06,00:00,0.0489,0.0494,0.0483,0.0491,273
2013.05.07,00:00,0.0493,0.0500,0.0488,0.0499,332
2013.05.08,00:00,0.0503,0.0514,0.0503,0.0504,245
2013.05.13,00:00,0.0494,0.0496,0.0479,0.0481,263
2013.05.14,00:00,0.0469,0.0472,0.0459,0.0459,141
2013.05.15,00:00,0.0463,0.0463,0.0444,0.0452,328
2013.05.16,00:00,0.0454,0.0455,0.0444,0.0445,235
2013.05.17,00:00,0.0441,0.0451,0.0435,0.0449,347
2013.05.20,00:00,0.0451,0.0469,0.0450,0.0463,316
2013.05.21,00:00,0.0464,0.0478,0.0458,0.0478,270
2013.05.22,00:00,0.0480,0.0495,0.0477,0.0494,423
2013.05.23,00:00,0.0485,0.0485,0.0476,0.0478,306
2013.05.24,00:00,0.0479,0.0481,0.0464,0.0466,394
2013.05.27,00:00,0.0471,0.0474,0.0463,0.0465,171
2013.05.28,00:00,0.0468,0.0478,0.0467,0.0477,218
2013.05.29,00:00,0.0467,0.0471,0.0456,0.0459,313
2013.05.30,00:00,0.0457,0.0459,0.0445,0.0450,394
2013.05.31,00:00,0.0455,0.0461,0.0446,0.0460,430
2013.06.03,00:00,0.0451,0.0475,0.0451,0.0469,707
2013.06.04,00:00,0.0470,0.0481,0.0469,0.0477,303
2013.06.05,00:00,0.0474,0.0479,0.0468,0.0472,459
2013.06.06,00:00,0.0469,0.0479,0.0464,0.0465,452
2013.06.07,00:00,0.0469,0.0477,0.0465,0.0475,397
2013.06.10,00:00,0.0479,0.0486,0.0470,0.0475,546
2013.06.11,00:00,0.0473,0.0478,0.0465,0.0471,354
2013.06.13,00:00,0.0467,0.0468,0.0459,0.0463,421
2013.06.14,00:00,0.0469,0.0474,0.0463,0.0473,447
2013.06.17,00:00,0.0477,0.0485,0.0476,0.0483,269
2013.06.18,00:00,0.0479,0.0492,0.0475,0.0488,258
2013.06.19,00:00,0.0490,0.0493,0.0485,0.0489,291
2013.06.20,00:00,0.0478,0.0480,0.0471,0.0472,394
2013.06.21,00:00,0.0466,0.0480,0.0464,0.0473,380
2013.06.24,00:00,0.0477,0.0482,0.0470,0.0471,395
2013.06.25,00:00,0.0472,0.0483,0.0471,0.0479,310
2013.06.26,00:00,0.0481,0.0492,0.0478,0.0490,312
2013.06.27,00:00,0.0494,0.0494,0.0470,0.0474,317
2013.06.28,00:00,0.0475,0.0479,0.0462,0.0466,354
2013.07.01,00:00,0.0468,0.0476,0.0465,0.0472,283
2013.07.02,00:00,0.0473,0.0476,0.0464,0.0474,252
2013.07.03,00:00,0.0470,0.0472,0.0465,0.0469,235
2013.07.04,00:00,0.0471,0.0475,0.0465,0.0472,206
2013.07.05,00:00,0.0474,0.0482,0.0472,0.0475,288
2013.07.08,00:00,0.0473,0.0476,0.0468,0.0472,202
2013.07.09,00:00,0.0474,0.0476,0.0467,0.0467,179
2013.07.10,00:00,0.0468,0.0469,0.0455,0.0457,220
2013.07.11,00:00,0.0461,0.0466,0.0461,0.0465,217
2013.07.12,00:00,0.0469,0.0473,0.0465,0.0469,285
2013.07.15,00:00,0.0471,0.0475,0.0464,0.0466,219
2013.07.16,00:00,0.0467,0.0473,0.0465,0.0473,249
2013.07.17,00:00,0.0471,0.0478,0.0468,0.0477,238
2013.07.18,00:00,0.0478,0.0481,0.0462,0.0467,310
2013.07.19,00:00,0.0466,0.0474,0.0463,0.0470,289
2013.07.22,00:00,0.0472,0.0472,0.0464,0.0469,212
2013.07.23,00:00,0.0472,0.0474,0.0468,0.0468,207
2013.07.24,00:00,0.0466,0.0467,0.0458,0.0463,206
2013.07.25,00:00,0.0466,0.0466,0.0461,0.0462,175
2013.07.26,00:00,0.0466,0.0473,0.0464,0.0471,170
2013.07.29,00:00,0.0470,0.0471,0.0466,0.0469,109
2013.07.30,00:00,0.0471,0.0472,0.0464,0.0467,169
2013.07.31,00:00,0.0464,0.0470,0.0460,0.0466,169
2013.08.01,00:00,0.0468,0.0472,0.0466,0.0469,106
2013.08.02,00:00,0.0471,0.0475,0.0463,0.0467,159
2013.08.05,00:00,0.0466,0.0468,0.0460,0.0463,130
2013.08.06,00:00,0.0462,0.0465,0.0460,0.0462,141
2013.08.07,00:00,0.0461,0.0464,0.0457,0.0460,166
2013.08.08,00:00,0.0462,0.0464,0.0446,0.0452,199
2013.08.09,00:00,0.0455,0.0459,0.0450,0.0457,133
2013.08.12,00:00,0.0458,0.0463,0.0455,0.0463,159
2013.08.13,00:00,0.0464,0.0475,0.0464,0.0472,191
2013.08.14,00:00,0.0473,0.0480,0.0471,0.0477,163
2013.08.15,00:00,0.0474,0.0477,0.0469,0.0470,175
2013.08.16,00:00,0.0471,0.0472,0.0465,0.0468,148
2013.08.19,00:00,0.0469,0.0472,0.0466,0.0470,92
2013.08.20,00:00,0.0468,0.0468,0.0463,0.0465,126
2013.08.21,00:00,0.0466,0.0470,0.0456,0.0459,216
2013.08.22,00:00,0.0455,0.0461,0.0454,0.0461,177
2013.08.23,00:00,0.0460,0.0462,0.0455,0.0456,141
2013.08.26,00:00,0.0458,0.0460,0.0454,0.0456,107
2013.08.27,00:00,0.0454,0.0455,0.0450,0.0451,132
2013.08.28,00:00,0.0450,0.0453,0.0445,0.0453,220
2013.08.29,00:00,0.0452,0.0456,0.0449,0.0451,122
2013.08.30,00:00,0.0452,0.0452,0.0443,0.0445,154
2013.09.03,00:00,0.0447,0.0449,0.0443,0.0446,158
2013.09.04,00:00,0.0445,0.0450,0.0444,0.0446,196
2013.09.05,00:00,0.0448,0.0456,0.0446,0.0455,111
2013.09.06,00:00,0.0454,0.0457,0.0436,0.0443,287
2013.09.09,00:00,0.0445,0.0447,0.0441,0.0442,154
2013.09.10,00:00,0.0446,0.0448,0.0443,0.0444,131
2013.09.11,00:00,0.0445,0.0447,0.0443,0.0445,101
2013.09.12,00:00,0.0446,0.0448,0.0439,0.0441,216
2013.09.13,00:00,0.0439,0.0441,0.0435,0.0436,144
2013.09.16,00:00,0.0440,0.0441,0.0436,0.0437,91
2013.09.17,00:00,0.0435,0.0440,0.0434,0.0438,68
2013.09.18,00:00,0.0439,0.0444,0.0435,0.0436,113
2013.09.19,00:00,0.0445,0.0448,0.0437,0.0438,198
2013.09.20,00:00,0.0435,0.0440,0.0434,0.0436,104
2013.09.23,00:00,0.0437,0.0438,0.0432,0.0434,110
2013.09.24,00:00,0.0435,0.0437,0.0432,0.0434,106
2013.09.25,00:00,0.0435,0.0436,0.0431,0.0434,84
2013.09.26,00:00,0.0435,0.0437,0.0432,0.0433,87
2013.09.27,00:00,0.0432,0.0434,0.0429,0.0430,135
2013.09.30,00:00,0.0428,0.0430,0.0424,0.0425,90
2013.10.01,00:00,0.0426,0.0431,0.0425,0.0430,141
2013.10.02,00:00,0.0432,0.0432,0.0425,0.0425,118
2013.10.03,00:00,0.0428,0.0428,0.0418,0.0419,128
2013.10.04,00:00,0.0418,0.0422,0.0411,0.0422,159
2013.10.07,00:00,0.0421,0.0424,0.0415,0.0419,115
2013.10.08,00:00,0.0421,0.0424,0.0419,0.0423,111
2013.10.09,00:00,0.0420,0.0424,0.0419,0.0422,155
2013.10.10,00:00,0.0423,0.0430,0.0421,0.0427,211
2013.10.11,00:00,0.0429,0.0431,0.0427,0.0429,89
2013.10.14,00:00,0.0427,0.0436,0.0424,0.0435,109
2013.10.15,00:00,0.0438,0.0440,0.0436,0.0437,110
2013.10.16,00:00,0.0434,0.0440,0.0434,0.0437,109
2013.10.17,00:00,0.0438,0.0438,0.0428,0.0432,169
2013.10.18,00:00,0.0434,0.0437,0.0432,0.0434,85
2013.10.21,00:00,0.0435,0.0435,0.0430,0.0434,152
2013.10.22,00:00,0.0435,0.0438,0.0432,0.0432,118
2013.10.23,00:00,0.0430,0.0430,0.0425,0.0426,61
2013.10.24,00:00,0.0429,0.0429,0.0425,0.0425,65
2013.10.25,00:00,0.0424,0.0426,0.0423,0.0425,70
2013.10.28,00:00,0.0427,0.0433,0.0426,0.0432,58
2013.10.29,00:00,0.0433,0.0437,0.0432,0.0433,99
2013.10.30,00:00,0.0435,0.0446,0.0434,0.0440,153
2013.10.31,00:00,0.0438,0.0443,0.0436,0.0443,124
2013.11.01,00:00,0.0444,0.0448,0.0443,0.0446,117
2013.11.05,00:00,0.0447,0.0448,0.0442,0.0443,103
2013.11.06,00:00,0.0444,0.0446,0.0438,0.0444,105
2013.11.07,00:00,0.0445,0.0451,0.0443,0.0448,117
2013.11.08,00:00,0.0446,0.0454,0.0444,0.0454,125
2013.11.11,00:00,0.0456,0.0457,0.0452,0.0453,66
2013.11.12,00:00,0.0451,0.0456,0.0451,0.0455,94
2013.11.13,00:00,0.0454,0.0454,0.0430,0.0431,179
2013.11.14,00:00,0.0440,0.0445,0.0438,0.0443,163
2013.11.15,00:00,0.0444,0.0450,0.0444,0.0449,64
2013.11.18,00:00,0.0451,0.0454,0.0449,0.0453,109
2013.11.19,00:00,0.0454,0.0461,0.0454,0.0461,78
2013.11.20,00:00,0.0458,0.0468,0.0457,0.0468,155
2013.11.21,00:00,0.0466,0.0467,0.0458,0.0459,135
2013.11.22,00:00,0.0462,0.0465,0.0460,0.0465,86
2013.11.25,00:00,0.0466,0.0470,0.0464,0.0467,68
2013.11.26,00:00,0.0466,0.0469,0.0462,0.0465,143
2013.11.27,00:00,0.0469,0.0470,0.0464,0.0466,150
2013.11.29,00:00,0.0465,0.0465,0.0461,0.0462,104
2013.12.02,00:00,0.0463,0.0464,0.0460,0.0462,74
2013.12.03,00:00,0.0461,0.0461,0.0451,0.0455,111
2013.12.04,00:00,0.0456,0.0460,0.0454,0.0455,118
2013.12.05,00:00,0.0456,0.0460,0.0451,0.0454,172
2013.12.06,00:00,0.0453,0.0459,0.0452,0.0458,114
2013.12.09,00:00,0.0461,0.0465,0.0455,0.0464,124
2013.12.10,00:00,0.0465,0.0467,0.0462,0.0464,119
2013.12.11,00:00,0.0463,0.0466,0.0461,0.0464,84
2013.12.12,00:00,0.0460,0.0464,0.0458,0.0460,117
2013.12.13,00:00,0.0461,0.0463,0.0460,0.0462,148
2013.12.16,00:00,0.0461,0.0466,0.0461,0.0466,84
2013.12.17,00:00,0.0467,0.0471,0.0463,0.0468,110
2013.12.18,00:00,0.0467,0.0471,0.0467,0.0471,55
2013.12.19,00:00,0.0474,0.0478,0.0473,0.0477,130
2013.12.20,00:00,0.0476,0.0485,0.0475,0.0485,86
2013.12.23,00:00,0.0486,0.0493,0.0485,0.0488,117
2013.12.24,00:00,0.0489,0.0490,0.0487,0.0488,73
2013.12.26,00:00,0.0492,0.0495,0.0492,0.0494,29
2013.12.27,00:00,0.0495,0.0497,0.0490,0.0490,118
2013.12.30,00:00,0.0489,0.0498,0.0488,0.0496,78
2014.01.06,00:00,0.0492,0.0494,0.0483,0.0483,97
2014.01.08,00:00,0.0485,0.0485,0.0479,0.0479,65
2014.01.09,00:00,0.0478,0.0482,0.0477,0.0480,98
2014.01.10,00:00,0.0479,0.0485,0.0477,0.0483,89
2014.01.13,00:00,0.0484,0.0492,0.0482,0.0488,75
2014.01.14,00:00,0.0485,0.0492,0.0483,0.0492,132
2014.01.15,00:00,0.0493,0.0495,0.0486,0.0488,110
2014.01.16,00:00,0.0490,0.0492,0.0485,0.0486,117
2014.01.17,00:00,0.0485,0.0488,0.0483,0.0483,85
2014.01.20,00:00,0.0482,0.0485,0.0480,0.0483,99
2014.01.21,00:00,0.0484,0.0486,0.0482,0.0483,64
2014.01.22,00:00,0.0482,0.0482,0.0473,0.0476,97
2014.01.23,00:00,0.0474,0.0482,0.0474,0.0477,95
2014.01.24,00:00,0.0474,0.0477,0.0466,0.0469,188
2014.01.27,00:00,0.0464,0.0467,0.0459,0.0462,171
2014.01.28,00:00,0.0463,0.0466,0.0459,0.0462,96
2014.01.29,00:00,0.0465,0.0470,0.0461,0.0462,158
2014.01.30,00:00,0.0463,0.0465,0.0454,0.0456,212
2014.01.31,00:00,0.0457,0.0461,0.0451,0.0451,265
2014.02.03,00:00,0.0456,0.0458,0.0452,0.0452,143
2014.02.04,00:00,0.0448,0.0454,0.0445,0.0453,142
2014.02.05,00:00,0.0454,0.0462,0.0452,0.0461,126
2014.02.06,00:00,0.0462,0.0464,0.0460,0.0460,133
2014.02.07,00:00,0.0462,0.0462,0.0457,0.0459,84
2014.02.10,00:00,0.0460,0.0461,0.0455,0.0455,46
2014.02.11,00:00,0.0454,0.0458,0.0453,0.0454,99
2014.02.12,00:00,0.0457,0.0465,0.0456,0.0464,104
2014.02.13,00:00,0.0462,0.0463,0.0456,0.0456,47
2014.02.14,00:00,0.0458,0.0462,0.0458,0.0458,137
2014.02.17,00:00,0.0461,0.0464,0.0459,0.0461,87
2014.02.18,00:00,0.0462,0.0464,0.0458,0.0459,50
2014.02.19,00:00,0.0458,0.0460,0.0448,0.0450,201
2014.02.20,00:00,0.0446,0.0452,0.0444,0.0450,223
2014.02.21,00:00,0.0452,0.0455,0.0451,0.0452,67
2014.02.24,00:00,0.0451,0.0454,0.0449,0.0450,82
2014.02.25,00:00,0.0452,0.0452,0.0445,0.0445,110
2014.02.26,00:00,0.0446,0.0447,0.0439,0.0440,93
2014.02.27,00:00,0.0439,0.0440,0.0419,0.0422,252
2014.02.28,00:00,0.0421,0.0423,0.0415,0.0418,266
2014.03.03,00:00,0.0399,0.0399,0.0335,0.0345,1324
2014.03.04,00:00,0.0346,0.0376,0.0346,0.0373,645
2014.03.05,00:00,0.0371,0.0371,0.0355,0.0362,469
2014.03.06,00:00,0.0364,0.0369,0.0342,0.0352,549
2014.03.07,00:00,0.0349,0.0360,0.0349,0.0351,367
2014.03.11,00:00,0.0342,0.0343,0.0330,0.0334,409
2014.03.12,00:00,0.0330,0.0330,0.0317,0.0318,339
2014.03.13,00:00,0.0320,0.0327,0.0318,0.0319,250
2014.03.14,00:00,0.0308,0.0316,0.0297,0.0312,784
2014.03.17,00:00,0.0324,0.0337,0.0315,0.0331,670
2014.03.18,00:00,0.0336,0.0344,0.0330,0.0344,526
2014.03.19,00:00,0.0343,0.0347,0.0337,0.0340,411
2014.03.20,00:00,0.0336,0.0350,0.0335,0.0348,375
2014.03.21,00:00,0.0337,0.0340,0.0330,0.0338,350
2014.03.24,00:00,0.0340,0.0347,0.0339,0.0342,270
2014.03.25,00:00,0.0341,0.0354,0.0337,0.0351,306
2014.03.26,00:00,0.0353,0.0367,0.0353,0.0365,315
2014.03.27,00:00,0.0361,0.0373,0.0360,0.0365,375
2014.03.28,00:00,0.0366,0.0388,0.0366,0.0379,364
2014.03.31,00:00,0.0383,0.0394,0.0381,0.0390,316
2014.04.01,00:00,0.0398,0.0404,0.0391,0.0393,346
2014.04.02,00:00,0.0394,0.0394,0.0383,0.0385,218
2014.04.03,00:00,0.0391,0.0395,0.0376,0.0380,321
2014.04.04,00:00,0.0395,0.0395,0.0383,0.0388,259
2014.04.07,00:00,0.0384,0.0385,0.0368,0.0371,280
2014.04.08,00:00,0.0376,0.0383,0.0370,0.0380,271
2014.04.09,00:00,0.0382,0.0387,0.0376,0.0383,246
2014.04.10,00:00,0.0385,0.0394,0.0383,0.0390,272
2014.04.11,00:00,0.0385,0.0399,0.0385,0.0396,422
2014.04.14,00:00,0.0391,0.0395,0.0387,0.0394,210
2014.04.15,00:00,0.0393,0.0394,0.0382,0.0385,275
2014.04.16,00:00,0.0386,0.0387,0.0378,0.0384,257
2014.04.17,00:00,0.0385,0.0386,0.0380,0.0380,196
2014.04.18,00:00,0.0389,0.0392,0.0387,0.0388,94
2014.04.21,00:00,0.0389,0.0389,0.0385,0.0386,65
2014.04.22,00:00,0.0384,0.0387,0.0380,0.0382,195
2014.04.23,00:00,0.0383,0.0384,0.0378,0.0381,137
2014.04.24,00:00,0.0383,0.0385,0.0373,0.0375,171
2014.04.25,00:00,0.0377,0.0380,0.0366,0.0375,297
2014.04.28,00:00,0.0371,0.0382,0.0366,0.0380,404
2014.04.29,00:00,0.0387,0.0391,0.0383,0.0383,261
2014.04.30,00:00,0.0384,0.0390,0.0383,0.0385,148
2014.05.02,00:00,0.0384,0.0386,0.0382,0.0384,169
2014.05.05,00:00,0.0383,0.0397,0.0383,0.0385,167
2014.05.06,00:00,0.0388,0.0397,0.0387,0.0395,199
2014.05.07,00:00,0.0397,0.0417,0.0397,0.0412,321
2014.05.08,00:00,0.0420,0.0430,0.0417,0.0420,402
2014.05.12,00:00,0.0424,0.0439,0.0419,0.0433,489
2014.05.13,00:00,0.0441,0.0454,0.0439,0.0450,444
2014.05.14,00:00,0.0449,0.0451,0.0442,0.0445,301
2014.05.15,00:00,0.0446,0.0453,0.0443,0.0444,199
2014.05.16,00:00,0.0442,0.0445,0.0437,0.0443,199
2014.05.19,00:00,0.0449,0.0457,0.0449,0.0454,220
2014.05.20,00:00,0.0462,0.0467,0.0453,0.0460,316
2014.05.21,00:00,0.0464,0.0468,0.0460,0.0466,402
2014.05.22,00:00,0.0474,0.0475,0.0465,0.0468,206
2014.05.23,00:00,0.0469,0.0474,0.0465,0.0472,188
2014.05.26,00:00,0.0473,0.0481,0.0471,0.0479,225
2014.05.27,00:00,0.0478,0.0478,0.0455,0.0463,385
2014.05.28,00:00,0.0470,0.0471,0.0463,0.0470,210
2014.05.29,00:00,0.0473,0.0477,0.0469,0.0475,276
2014.05.30,00:00,0.0479,0.0482,0.0475,0.0478,114
2014.06.02,00:00,0.0477,0.0499,0.0477,0.0496,258
2014.06.03,00:00,0.0493,0.0509,0.0491,0.0507,359
2014.06.04,00:00,0.0509,0.0516,0.0501,0.0511,465
2014.06.05,00:00,0.0510,0.0514,0.0488,0.0488,371
2014.06.06,00:00,0.0486,0.0489,0.0464,0.0471,449
2014.06.09,00:00,0.0470,0.0477,0.0466,0.0476,181
2014.06.10,00:00,0.0472,0.0473,0.0460,0.0466,281
2014.06.11,00:00,0.0469,0.0470,0.0462,0.0465,189
2014.06.16,00:00,0.0466,0.0469,0.0459,0.0465,282
2014.06.17,00:00,0.0464,0.0470,0.0461,0.0463,198
2014.06.18,00:00,0.0467,0.0469,0.0457,0.0460,183
2014.06.19,00:00,0.0463,0.0464,0.0456,0.0458,134
2014.06.20,00:00,0.0457,0.0458,0.0448,0.0449,151
2014.06.23,00:00,0.0448,0.0451,0.0439,0.0439,197
2014.06.24,00:00,0.0448,0.0456,0.0442,0.0442,230
2014.06.25,00:00,0.0436,0.0438,0.0429,0.0430,161
2014.06.26,00:00,0.0432,0.0435,0.0419,0.0429,259
2014.06.27,00:00,0.0428,0.0430,0.0419,0.0423,236
2014.06.30,00:00,0.0415,0.0416,0.0406,0.0409,141
2014.07.01,00:00,0.0410,0.0413,0.0407,0.0410,137
2014.07.02,00:00,0.0409,0.0413,0.0409,0.0413,123
2014.07.03,00:00,0.0419,0.0425,0.0418,0.0421,135
2014.07.04,00:00,0.0422,0.0423,0.0413,0.0414,117
2014.07.07,00:00,0.0410,0.0423,0.0407,0.0422,195
2014.07.08,00:00,0.0426,0.0433,0.0426,0.0428,195
2014.07.09,00:00,0.0426,0.0430,0.0421,0.0427,348
2014.07.10,00:00,0.0428,0.0429,0.0411,0.0413,326
2014.07.11,00:00,0.0417,0.0418,0.0409,0.0412,278
2014.07.14,00:00,0.0417,0.0419,0.0410,0.0413,251
2014.07.15,00:00,0.0412,0.0413,0.0408,0.0410,143
2014.07.16,00:00,0.0409,0.0416,0.0408,0.0410,206
2014.07.17,00:00,0.0408,0.0408,0.0386,0.0401,427
2014.07.18,00:00,0.0396,0.0404,0.0396,0.0402,223
2014.07.21,00:00,0.0404,0.0408,0.0400,0.0406,247
2014.07.22,00:00,0.0407,0.0417,0.0407,0.0411,191
2014.07.23,00:00,0.0410,0.0413,0.0396,0.0400,241
2014.07.24,00:00,0.0397,0.0401,0.0388,0.0397,232
2014.07.25,00:00,0.0398,0.0402,0.0396,0.0400,255
2014.07.28,00:00,0.0397,0.0403,0.0392,0.0397,215
2014.07.29,00:00,0.0394,0.0404,0.0391,0.0400,203
2014.07.30,00:00,0.0387,0.0400,0.0387,0.0393,303
2014.07.31,00:00,0.0394,0.0399,0.0394,0.0397,150
2014.08.01,00:00,0.0395,0.0395,0.0380,0.0386,273
2014.08.04,00:00,0.0399,0.0408,0.0398,0.0404,199
2014.08.05,00:00,0.0414,0.0414,0.0405,0.0407,260
2014.08.06,00:00,0.0408,0.0410,0.0393,0.0394,321
2014.08.07,00:00,0.0388,0.0391,0.0370,0.0383,599
2014.08.08,00:00,0.0381,0.0385,0.0375,0.0379,260
2014.08.11,00:00,0.0387,0.0394,0.0387,0.0388,159
2014.08.12,00:00,0.0389,0.0391,0.0381,0.0383,187
2014.08.13,00:00,0.0382,0.0388,0.0381,0.0387,172
2014.08.14,00:00,0.0389,0.0395,0.0388,0.0393,129
2014.08.15,00:00,0.0392,0.0395,0.0389,0.0393,132
2014.08.18,00:00,0.0392,0.0396,0.0390,0.0390,107
2014.08.19,00:00,0.0393,0.0396,0.0391,0.0393,86
2014.08.20,00:00,0.0394,0.0395,0.0390,0.0392,83
2014.08.21,00:00,0.0395,0.0404,0.0394,0.0402,164
2014.08.22,00:00,0.0399,0.0402,0.0391,0.0392,162
2014.08.25,00:00,0.0394,0.0400,0.0393,0.0399,88
2014.08.26,00:00,0.0402,0.0404,0.0399,0.0400,119
2014.08.27,00:00,0.0401,0.0401,0.0397,0.0400,82
2014.08.28,00:00,0.0397,0.0397,0.0379,0.0383,279
2014.08.29,00:00,0.0382,0.0384,0.0377,0.0379,189
2014.09.01,00:00,0.0385,0.0389,0.0380,0.0384,258
2014.09.02,00:00,0.0382,0.0384,0.0381,0.0381,166
2014.09.03,00:00,0.0383,0.0398,0.0383,0.0397,281
2014.09.04,00:00,0.0399,0.0407,0.0393,0.0407,187
2014.09.05,00:00,0.0405,0.0413,0.0405,0.0412,242
2014.09.08,00:00,0.0411,0.0413,0.0406,0.0406,194
2014.09.09,00:00,0.0407,0.0411,0.0404,0.0408,104
2014.09.10,00:00,0.0405,0.0408,0.0402,0.0405,125
2014.09.11,00:00,0.0406,0.0408,0.0397,0.0397,146
2014.09.12,00:00,0.0396,0.0401,0.0394,0.0399,178
2014.09.15,00:00,0.0396,0.0399,0.0390,0.0392,173
2014.09.16,00:00,0.0393,0.0401,0.0392,0.0400,148
2014.09.17,00:00,0.0401,0.0404,0.0397,0.0400,205
2014.09.18,00:00,0.0401,0.0405,0.0400,0.0401,111
2014.09.19,00:00,0.0399,0.0400,0.0392,0.0399,141
2014.09.22,00:00,0.0398,0.0400,0.0395,0.0398,132
2014.09.23,00:00,0.0396,0.0403,0.0396,0.0400,136
2014.09.24,00:00,0.0404,0.0410,0.0404,0.0407,132
2014.09.25,00:00,0.0410,0.0411,0.0406,0.0408,135
2014.09.26,00:00,0.0398,0.0403,0.0397,0.0400,133
2014.09.29,00:00,0.0402,0.0403,0.0394,0.0394,131
2014.09.30,00:00,0.0392,0.0395,0.0389,0.0391,164
2014.10.01,00:00,0.0382,0.0390,0.0382,0.0387,130
2014.10.02,00:00,0.0382,0.0385,0.0377,0.0382,161
2014.10.03,00:00,0.0383,0.0387,0.0381,0.0385,103
2014.10.06,00:00,0.0389,0.0398,0.0389,0.0398,134
2014.10.07,00:00,0.0399,0.0400,0.0389,0.0390,144
2014.10.08,00:00,0.0388,0.0389,0.0384,0.0386,115
2014.10.09,00:00,0.0388,0.0389,0.0384,0.0386,115
2014.10.10,00:00,0.0380,0.0387,0.0379,0.0386,195
2014.10.13,00:00,0.0382,0.0393,0.0382,0.0391,190
2014.10.14,00:00,0.0389,0.0397,0.0389,0.0395,148
2014.10.15,00:00,0.0392,0.0395,0.0387,0.0389,137
2014.10.16,00:00,0.0390,0.0395,0.0385,0.0386,223
2014.10.17,00:00,0.0388,0.0396,0.0388,0.0395,154
2014.10.20,00:00,0.0396,0.0399,0.0391,0.0393,178
2014.10.21,00:00,0.0390,0.0394,0.0389,0.0393,116
2014.10.22,00:00,0.0391,0.0392,0.0381,0.0384,138
2014.10.23,00:00,0.0381,0.0381,0.0376,0.0379,167
2014.10.24,00:00,0.0376,0.0380,0.0373,0.0379,147
2014.10.27,00:00,0.0386,0.0390,0.0381,0.0384,112
2014.10.28,00:00,0.0385,0.0390,0.0382,0.0388,156
2014.10.29,00:00,0.0389,0.0397,0.0387,0.0394,170
2014.10.30,00:00,0.0392,0.0398,0.0391,0.0395,176
2014.10.31,00:00,0.0396,0.0400,0.0388,0.0396,222
2014.11.03,00:00,0.0395,0.0400,0.0394,0.0399,85
2014.11.05,00:00,0.0395,0.0401,0.0393,0.0400,66
2014.11.06,00:00,0.0398,0.0405,0.0398,0.0403,79
2014.11.07,00:00,0.0401,0.0408,0.0400,0.0404,277
2014.11.10,00:00,0.0405,0.0410,0.0404,0.0409,110
2014.11.11,00:00,0.0423,0.0443,0.0423,0.0435,259
2014.11.12,00:00,0.0422,0.0439,0.0420,0.0437,267
2014.11.13,00:00,0.0436,0.0455,0.0436,0.0455,361
2014.11.14,00:00,0.0445,0.0450,0.0430,0.0435,303
2014.11.17,00:00,0.0434,0.0440,0.0430,0.0436,174
2014.11.18,00:00,0.0438,0.0445,0.0435,0.0439,157
2014.11.19,00:00,0.0441,0.0441,0.0436,0.0438,146
2014.11.20,00:00,0.0439,0.0442,0.0435,0.0439,79
2014.11.21,00:00,0.0440,0.0453,0.0438,0.0452,161
2014.11.24,00:00,0.0453,0.0464,0.0448,0.0456,301
2014.11.25,00:00,0.0459,0.0467,0.0458,0.0463,356
2014.11.26,00:00,0.0461,0.0468,0.0451,0.0467,171
2014.11.27,00:00,0.0472,0.0472,0.0458,0.0467,218
2014.11.28,00:00,0.0464,0.0468,0.0459,0.0460,285
2014.12.01,00:00,0.0462,0.0473,0.0460,0.0464,636
2014.12.02,00:00,0.0467,0.0470,0.0462,0.0469,189
2014.12.03,00:00,0.0470,0.0503,0.0470,0.0490,873
2014.12.04,00:00,0.0501,0.0550,0.0501,0.0527,1267
2014.12.05,00:00,0.0520,0.0529,0.0501,0.0514,756
2014.12.08,00:00,0.0513,0.0520,0.0496,0.0500,480
2014.12.09,00:00,0.0505,0.0532,0.0504,0.0525,591
2014.12.10,00:00,0.0524,0.0546,0.0524,0.0535,529
2014.12.11,00:00,0.0545,0.0552,0.0532,0.0549,664
2014.12.12,00:00,0.0547,0.0566,0.0545,0.0564,563
2014.12.15,00:00,0.0573,0.0575,0.0560,0.0567,429
2014.12.16,00:00,0.0565,0.0600,0.0521,0.0549,1497
2014.12.17,00:00,0.0566,0.0566,0.0525,0.0535,1238
2014.12.18,00:00,0.0562,0.0562,0.0531,0.0546,957
2014.12.19,00:00,0.0549,0.0550,0.0536,0.0545,411
2014.12.22,00:00,0.0556,0.0609,0.0551,0.0582,694
2014.12.23,00:00,0.0624,0.0643,0.0598,0.0598,1023
2014.12.24,00:00,0.0599,0.0653,0.0597,0.0650,875
2014.12.26,00:00,0.0699,0.0707,0.0670,0.0684,696
2014.12.29,00:00,0.0687,0.0699,0.0649,0.0657,948
2014.12.30,00:00,0.0651,0.0678,0.0647,0.0663,628
2015.01.05,00:00,0.0666,0.0691,0.0655,0.0667,523
2015.01.06,00:00,0.0680,0.0687,0.0661,0.0665,449
2015.01.07,00:00,0.0666,0.0666,0.0666,0.0666,1
2015.01.08,00:00,0.0671,0.0692,0.0666,0.0688,483
2015.01.09,00:00,0.0677,0.0679,0.0640,0.0649,548
2015.01.12,00:00,0.0650,0.0671,0.0640,0.0643,483
2015.01.13,00:00,0.0632,0.0632,0.0612,0.0625,608
2015.01.14,00:00,0.0609,0.0614,0.0590,0.0603,493
2015.01.15,00:00,0.0606,0.0643,0.0602,0.0635,915
2015.01.16,00:00,0.0631,0.0655,0.0629,0.0650,501
2015.01.19,00:00,0.0649,0.0674,0.0645,0.0648,559
2015.01.20,00:00,0.0632,0.0643,0.0619,0.0620,551
2015.01.21,00:00,0.0624,0.0631,0.0612,0.0630,468
2015.01.22,00:00,0.0635,0.0650,0.0630,0.0632,535
2015.01.23,00:00,0.0644,0.0648,0.0631,0.0633,440
2015.01.26,00:00,0.0627,0.0630,0.0608,0.0621,516
2015.01.27,00:00,0.0611,0.0629,0.0610,0.0626,444
2015.01.28,00:00,0.0644,0.0679,0.0644,0.0665,741
2015.01.29,00:00,0.0670,0.0700,0.0667,0.0672,786
2015.01.30,00:00,0.0675,0.0683,0.0658,0.0681,555
2015.02.02,00:00,0.0684,0.0688,0.0670,0.0671,506
2015.02.03,00:00,0.0670,0.0679,0.0664,0.0672,320
2015.02.04,00:00,0.0680,0.0682,0.0667,0.0669,235
2015.02.05,00:00,0.0664,0.0688,0.0660,0.0681,496
2015.02.06,00:00,0.0689,0.0692,0.0680,0.0684,336
2015.02.09,00:00,0.0681,0.0699,0.0675,0.0681,652
2015.02.10,00:00,0.0678,0.0691,0.0677,0.0686,374
2015.02.11,00:00,0.0691,0.0696,0.0686,0.0693,330
2015.02.12,00:00,0.0700,0.0700,0.0665,0.0688,1032
2015.02.13,00:00,0.0696,0.0696,0.0686,0.0691,330
2015.02.16,00:00,0.0693,0.0694,0.0671,0.0676,362
2015.02.17,00:00,0.0670,0.0694,0.0662,0.0671,619
2015.02.18,00:00,0.0676,0.0682,0.0668,0.0677,433
2015.02.19,00:00,0.0665,0.0665,0.0647,0.0655,322
2015.02.20,00:00,0.0674,0.0676,0.0657,0.0661,331
2015.02.24,00:00,0.0652,0.0653,0.0638,0.0645,264
2015.02.25,00:00,0.0640,0.0653,0.0633,0.0648,375
2015.02.26,00:00,0.0672,0.0693,0.0669,0.0693,383
2015.02.27,00:00,0.0701,0.0705,0.0675,0.0680,542
2015.03.02,00:00,0.0681,0.0685,0.0673,0.0673,257
2015.03.03,00:00,0.0680,0.0693,0.0675,0.0678,1099
2015.03.04,00:00,0.0690,0.0697,0.0679,0.0680,736
2015.03.05,00:00,0.0679,0.0682,0.0676,0.0678,93
2015.03.06,00:00,0.0653,0.0654,0.0649,0.0650,19
2015.03.10,00:00,0.0640,0.0648,0.0625,0.0633,1223
2015.03.11,00:00,0.0630,0.0638,0.0615,0.0629,1632
2015.03.12,00:00,0.0630,0.0631,0.0609,0.0623,967
2015.03.13,00:00,0.0647,0.0649,0.0628,0.0635,1201
2015.03.16,00:00,0.0625,0.0634,0.0607,0.0618,1662
2015.03.17,00:00,0.0624,0.0625,0.0611,0.0613,772
2015.03.18,00:00,0.0610,0.0615,0.0602,0.0606,1447
2015.03.19,00:00,0.0630,0.0631,0.0614,0.0616,780
2015.03.20,00:00,0.0615,0.0621,0.0609,0.0620,462
2015.03.23,00:00,0.0634,0.0635,0.0617,0.0619,221
2015.03.24,00:00,0.0615,0.0624,0.0611,0.0623,245
2015.03.25,00:00,0.0630,0.0631,0.0615,0.0626,283
2015.03.26,00:00,0.0628,0.0637,0.0603,0.0607,393
2015.03.27,00:00,0.0604,0.0608,0.0590,0.0602,457
2015.03.30,00:00,0.0596,0.0606,0.0595,0.0600,242
2015.03.31,00:00,0.0599,0.0605,0.0583,0.0599,274
2015.04.01,00:00,0.0597,0.0608,0.0595,0.0601,202
2015.04.02,00:00,0.0604,0.0604,0.0597,0.0600,178
2015.04.03,00:00,0.0617,0.0624,0.0612,0.0614,162
2015.04.06,00:00,0.0615,0.0623,0.0614,0.0622,146
2015.04.07,00:00,0.0625,0.0625,0.0599,0.0600,351
2015.04.08,00:00,0.0603,0.0603,0.0589,0.0600,209
2015.04.09,00:00,0.0599,0.0618,0.0591,0.0601,409
2015.04.10,00:00,0.0586,0.0588,0.0566,0.0584,527
2015.04.13,00:00,0.0589,0.0598,0.0583,0.0596,302
2015.04.14,00:00,0.0586,0.0587,0.0575,0.0577,231
2015.04.15,00:00,0.0576,0.0583,0.0575,0.0581,153
2015.04.16,00:00,0.0583,0.0588,0.0577,0.0581,262
2015.04.17,00:00,0.0588,0.0590,0.0579,0.0579,102
2015.04.20,00:00,0.0580,0.0583,0.0577,0.0579,151
2015.04.21,00:00,0.0578,0.0586,0.0578,0.0584,184
2015.04.22,00:00,0.0585,0.0586,0.0579,0.0580,153
2015.04.23,00:00,0.0578,0.0582,0.0563,0.0575,383
2015.04.24,00:00,0.0570,0.0588,0.0557,0.0585,315
2015.04.27,00:00,0.0598,0.0602,0.0592,0.0599,190
2015.04.28,00:00,0.0597,0.0628,0.0597,0.0628,291
2015.04.29,00:00,0.0622,0.0633,0.0617,0.0629,290
2015.04.30,00:00,0.0630,0.0650,0.0629,0.0648,276
2015.05.05,00:00,0.0654,0.0688,0.0652,0.0683,379
2015.05.06,00:00,0.0686,0.0693,0.0679,0.0691,204
2015.05.07,00:00,0.0679,0.0682,0.0674,0.0677,241
2015.05.08,00:00,0.0675,0.0681,0.0669,0.0673,293
2015.05.12,00:00,0.0671,0.0675,0.0665,0.0665,175
2015.05.13,00:00,0.0664,0.0664,0.0654,0.0659,155
2015.05.14,00:00,0.0660,0.0662,0.0655,0.0657,82
2015.05.15,00:00,0.0654,0.0680,0.0652,0.0672,276
2015.05.18,00:00,0.0685,0.0708,0.0679,0.0704,206
2015.05.19,00:00,0.0707,0.0727,0.0696,0.0709,395
2015.05.20,00:00,0.0723,0.0725,0.0706,0.0715,405
2015.05.21,00:00,0.0718,0.0748,0.0717,0.0746,525
2015.05.22,00:00,0.0752,0.0777,0.0751,0.0766,472
2015.05.25,00:00,0.0783,0.0798,0.0780,0.0789,477
2015.05.26,00:00,0.0797,0.0818,0.0794,0.0811,340
2015.05.27,00:00,0.0817,0.0830,0.0814,0.0821,488
2015.05.28,00:00,0.0826,0.0828,0.0802,0.0807,620
2015.05.29,00:00,0.0801,0.0814,0.0795,0.0807,379
2015.06.01,00:00,0.0804,0.0813,0.0795,0.0799,295
2015.06.02,00:00,0.0802,0.0818,0.0802,0.0804,346
2015.06.03,00:00,0.0801,0.0808,0.0801,0.0804,114
2015.06.04,00:00,0.0809,0.0813,0.0809,0.0810,116
2015.06.05,00:00,0.0809,0.0816,0.0804,0.0810,135
2015.06.08,00:00,0.0812,0.0823,0.0804,0.0819,235
2015.06.09,00:00,0.0820,0.0827,0.0804,0.0814,240
2015.06.10,00:00,0.0817,0.0817,0.0804,0.0805,164
2015.06.11,00:00,0.0803,0.0806,0.0798,0.0804,63
2015.06.15,00:00,0.0801,0.0807,0.0799,0.0804,152
2015.06.16,00:00,0.0801,0.0804,0.0799,0.0800,73
2015.06.17,00:00,0.0799,0.0801,0.0790,0.0799,84
2015.06.18,00:00,0.0798,0.0800,0.0798,0.0799,8
2015.06.19,00:00,0.0798,0.0800,0.0798,0.0799,6
2015.06.22,00:00,0.0800,0.0807,0.0785,0.0794,268
2015.06.23,00:00,0.0793,0.0796,0.0770,0.0779,312
2015.06.24,00:00,0.0781,0.0783,0.0764,0.0766,244
2015.06.25,00:00,0.0773,0.0789,0.0770,0.0776,351
2015.06.26,00:00,0.0777,0.0782,0.0769,0.0779,260
2015.06.29,00:00,0.0768,0.0782,0.0768,0.0779,146
2015.06.30,00:00,0.0780,0.0781,0.0772,0.0774,147
2015.07.01,00:00,0.0787,0.0793,0.0773,0.0774,340
2015.07.02,00:00,0.0772,0.0775,0.0767,0.0772,161
2015.07.03,00:00,0.0767,0.0767,0.0759,0.0762,210
2015.07.06,00:00,0.0751,0.0761,0.0740,0.0742,144
2015.07.07,00:00,0.0741,0.0746,0.0739,0.0744,193
2015.07.08,00:00,0.0746,0.0751,0.0732,0.0740,337
2015.07.09,00:00,0.0737,0.0740,0.0730,0.0738,202
2015.07.10,00:00,0.0733,0.0741,0.0725,0.0741,274
2015.07.13,00:00,0.0750,0.0755,0.0742,0.0745,265
2015.07.14,00:00,0.0744,0.0753,0.0740,0.0753,187
2015.07.15,00:00,0.0749,0.0756,0.0745,0.0749,251
2015.07.16,00:00,0.0743,0.0749,0.0743,0.0743,173
2015.07.17,00:00,0.0742,0.0746,0.0739,0.0743,138
2015.07.20,00:00,0.0740,0.0742,0.0727,0.0729,81
2015.07.21,00:00,0.0732,0.0734,0.0727,0.0731,117
2015.07.22,00:00,0.0729,0.0729,0.0725,0.0727,113
2015.07.23,00:00,0.0731,0.0736,0.0726,0.0730,92
2015.07.24,00:00,0.0727,0.0734,0.0720,0.0728,218
2015.07.27,00:00,0.0719,0.0722,0.0710,0.0713,295
2015.07.28,00:00,0.0720,0.0726,0.0718,0.0723,149
2015.07.29,00:00,0.0721,0.0729,0.0718,0.0720,127
2015.07.30,00:00,0.0721,0.0724,0.0718,0.0720,73
2015.07.31,00:00,0.0717,0.0725,0.0716,0.0720,96
2015.08.03,00:00,0.0717,0.0723,0.0714,0.0719,129
2015.08.04,00:00,0.0718,0.0722,0.0708,0.0709,109
2015.08.05,00:00,0.0708,0.0714,0.0707,0.0709,74
2015.08.06,00:00,0.0710,0.0711,0.0701,0.0708,244
2015.08.07,00:00,0.0710,0.0714,0.0705,0.0709,106
2015.08.10,00:00,0.0707,0.0710,0.0701,0.0707,82
2015.08.11,00:00,0.0706,0.0706,0.0702,0.0704,75
2015.08.12,00:00,0.0703,0.0714,0.0700,0.0702,141
2015.08.13,00:00,0.0704,0.0706,0.0702,0.0703,75
2015.08.14,00:00,0.0704,0.0707,0.0703,0.0704,66
2015.08.17,00:00,0.0703,0.0704,0.0696,0.0699,87
2015.08.18,00:00,0.0701,0.0701,0.0696,0.0699,71
2015.08.19,00:00,0.0695,0.0700,0.0695,0.0697,82
2015.08.20,00:00,0.0692,0.0697,0.0688,0.0690,155
2015.08.21,00:00,0.0688,0.0692,0.0685,0.0685,111
2015.08.24,00:00,0.0677,0.0679,0.0652,0.0673,391
2015.08.25,00:00,0.0667,0.0696,0.0666,0.0692,343
2015.08.26,00:00,0.0698,0.0709,0.0693,0.0697,174
2015.08.27,00:00,0.0701,0.0708,0.0696,0.0699,177
2015.08.28,00:00,0.0700,0.0701,0.0695,0.0701,100
2015.08.31,00:00,0.0696,0.0700,0.0686,0.0687,110
2015.09.01,00:00,0.0688,0.0689,0.0667,0.0669,397
2015.09.02,00:00,0.0668,0.0676,0.0665,0.0674,159
2015.09.03,00:00,0.0671,0.0672,0.0665,0.0669,141
2015.09.04,00:00,0.0674,0.0686,0.0670,0.0681,192
2015.09.07,00:00,0.0672,0.0686,0.0671,0.0682,154
2015.09.08,00:00,0.0683,0.0708,0.0683,0.0698,230
2015.09.09,00:00,0.0702,0.0705,0.0695,0.0698,102
2015.09.10,00:00,0.0686,0.0690,0.0683,0.0685,93
2015.09.11,00:00,0.0691,0.0699,0.0689,0.0693,153
2015.09.14,00:00,0.0695,0.0699,0.0694,0.0698,66
2015.09.15,00:00,0.0697,0.0699,0.0691,0.0693,129
2015.09.16,00:00,0.0697,0.0698,0.0695,0.0696,54
2015.09.17,00:00,0.0684,0.0694,0.0682,0.0694,77
2015.09.18,00:00,0.0697,0.0702,0.0679,0.0681,177
2015.09.21,00:00,0.0687,0.0688,0.0680,0.0684,134
2015.09.22,00:00,0.0683,0.0683,0.0667,0.0671,152
2015.09.23,00:00,0.0670,0.0675,0.0662,0.0664,207
2015.09.24,00:00,0.0668,0.0684,0.0657,0.0674,240
2015.09.25,00:00,0.0677,0.0690,0.0668,0.0673,306
2015.09.28,00:00,0.0672,0.0673,0.0662,0.0666,142
2015.09.29,00:00,0.0665,0.0670,0.0662,0.0664,193
2015.09.30,00:00,0.0669,0.0683,0.0668,0.0678,130
2015.10.01,00:00,0.0680,0.0681,0.0673,0.0674,82
2015.10.02,00:00,0.0675,0.0678,0.0667,0.0669,111
2015.10.05,00:00,0.0673,0.0680,0.0669,0.0676,196
2015.10.06,00:00,0.0682,0.0689,0.0680,0.0688,139
2015.10.07,00:00,0.0693,0.0697,0.0682,0.0696,174
2015.10.08,00:00,0.0712,0.0731,0.0704,0.0729,412
2015.10.09,00:00,0.0747,0.0750,0.0734,0.0748,543
2015.10.12,00:00,0.0761,0.0787,0.0755,0.0773,540
2015.10.13,00:00,0.0778,0.0778,0.0759,0.0762,337
2015.10.14,00:00,0.0768,0.0774,0.0761,0.0767,307
2015.10.15,00:00,0.0771,0.0789,0.0771,0.0783,218
